
\* TLAPM version 80172c6
\* launched at 2026-07-08 14:14:35 with command line:
\* /Users/eric/GitHub/prove-TLA/tools/tlapm/bin/tlapm --toolbox 0 0 --printallobs -I /Users/eric/GitHub/prove-TLA/tools/tlapm/lib/tlapm/stdlib -I /Users/eric/GitHub/prove-TLA/tools/community-modules -I /Users/eric/GitHub/prove-TLA/tools/extra-modules FiniteSetTheorems_proofs.tla

@!!BEGIN
@!!type:obligation
@!!id:2
@!!loc:52:9:52:11
@!!status:to be proved
@!!obl:ASSUME NEW CONSTANT S,
       <1>1 ,
       <1>2 
PROVE  IsFiniteSet(S) <=> (\E n \in Nat : ExistsSurjection(1..n, S))

@!!END

@!!BEGIN
@!!type:obligation
@!!id:3
@!!loc:52:12:52:16
@!!status:to be proved
@!!obl:ASSUME NEW CONSTANT S
PROVE  <1>1

@!!END

@!!BEGIN
@!!type:obligation
@!!id:4
@!!loc:52:18:52:22
@!!status:to be proved
@!!obl:ASSUME NEW CONSTANT S,
       <1>1 
PROVE  <1>2

@!!END

@!!BEGIN
@!!type:obligation
@!!id:5
@!!loc:45:11:45:13
@!!status:to be proved
@!!obl:ASSUME ExistsSurjection(S, T) == Surjection(S, T) # {},
       NEW CONSTANT S,
       NEW CONSTANT Q \in Seq(S),
       <2>2 
PROVE  \E n \in Nat : ExistsSurjection(1..n, S)

@!!END

@!!BEGIN
@!!type:obligation
@!!id:6
@!!loc:45:14:45:18
@!!status:to be proved
@!!obl:ASSUME ExistsSurjection(S, T) == Surjection(S, T) # {},
       NEW CONSTANT S,
       NEW CONSTANT Q \in Seq(S)
PROVE  <2>2

@!!END

@!!BEGIN
@!!type:obligation
@!!id:7
@!!loc:41:5:41:7
@!!status:to be proved
@!!obl:ASSUME IsFiniteSet(S) ==
         \E seq \in Seq(S) : \A s \in S : \E n \in 1..Len(seq) : seq[n] = s,
       NEW CONSTANT S,
       <1>1 
PROVE  \E Q \in Seq(S) : \A s \in S : \E i \in 1..Len(Q) : Q[i] = s

@!!END

@!!BEGIN
@!!type:obligation
@!!id:8
@!!loc:41:8:41:12
@!!status:to be proved
@!!obl:ASSUME IsFiniteSet(S) ==
         \E seq \in Seq(S) : \A s \in S : \E n \in 1..Len(seq) : seq[n] = s,
       NEW CONSTANT S
PROVE  <1>1

@!!END

@!!BEGIN
@!!type:obligation
@!!id:10
@!!loc:44:5:44:7
@!!status:to be proved
@!!obl:ASSUME Surjection(S, T) ==
         {M \in [S -> T] : \A t \in T : \E s \in S : M[s] = t},
       NEW CONSTANT S,
       NEW CONSTANT Q \in Seq(S),
       <2>1 
PROVE  /\ Len(Q) \in Nat
       /\ Q \in Surjection(1..Len(Q), S)

@!!END

@!!BEGIN
@!!type:obligation
@!!id:11
@!!loc:44:8:44:12
@!!status:to be proved
@!!obl:ASSUME Surjection(S, T) ==
         {M \in [S -> T] : \A t \in T : \E s \in S : M[s] = t},
       NEW CONSTANT S,
       NEW CONSTANT Q \in Seq(S)
PROVE  <2>1

@!!END

@!!BEGIN
@!!type:obligation
@!!id:12
@!!loc:50:13:50:15
@!!status:to be proved
@!!obl:ASSUME IsFiniteSet(S) ==
         \E seq \in Seq(S) : \A s \in S : \E n \in 1..Len(seq) : seq[n] = s,
       NEW CONSTANT S,
       NEW CONSTANT n \in Nat,
       NEW CONSTANT M \in [1..n -> S],
       <2>1 ,
       M \in Seq(S) 
PROVE  IsFiniteSet(S)

@!!END

@!!BEGIN
@!!type:obligation
@!!id:13
@!!loc:50:16:50:20
@!!status:to be proved
@!!obl:ASSUME IsFiniteSet(S) ==
         \E seq \in Seq(S) : \A s \in S : \E n \in 1..Len(seq) : seq[n] = s,
       NEW CONSTANT S,
       NEW CONSTANT n \in Nat,
       NEW CONSTANT M \in [1..n -> S]
PROVE  <2>1

@!!END

@!!BEGIN
@!!type:obligation
@!!id:14
@!!loc:50:22:50:34
@!!status:to be proved
@!!obl:ASSUME IsFiniteSet(S) ==
         \E seq \in Seq(S) : \A s \in S : \E n \in 1..Len(seq) : seq[n] = s,
       NEW CONSTANT S,
       NEW CONSTANT n \in Nat,
       NEW CONSTANT M \in [1..n -> S],
       <2>1 
PROVE  M \in Seq(S)

@!!END

@!!BEGIN
@!!type:obligation
@!!id:15
@!!loc:49:5:49:7
@!!status:to be proved
@!!obl:ASSUME Surjection(S, T) ==
         {M \in [S -> T] : \A t \in T : \E s \in S : M[s] = t},
       ExistsSurjection(S, T) == Surjection(S, T) # {},
       NEW CONSTANT S,
       NEW CONSTANT n \in Nat,
       <1>2 
PROVE  \E M \in [1..n -> S] : \A t \in S : \E s \in 1..n : M[s] = t

@!!END

@!!BEGIN
@!!type:obligation
@!!id:16
@!!loc:49:8:49:12
@!!status:to be proved
@!!obl:ASSUME Surjection(S, T) ==
         {M \in [S -> T] : \A t \in T : \E s \in S : M[s] = t},
       ExistsSurjection(S, T) == Surjection(S, T) # {},
       NEW CONSTANT S,
       NEW CONSTANT n \in Nat
PROVE  <1>2

@!!END

@!!BEGIN
@!!type:obligation
@!!id:18
@!!loc:58:1:58:3
@!!status:to be proved
@!!obl:ASSUME NEW CONSTANT S,
       FS_NatSurjection ,
       Fun_NatSurjEquivNatBij ,
       Zenon 
PROVE  IsFiniteSet(S) <=> (\E n \in Nat : ExistsBijection(1..n, S))

@!!END

@!!BEGIN
@!!type:obligation
@!!id:19
@!!loc:58:4:58:20
@!!status:to be proved
@!!obl:ASSUME NEW CONSTANT S
PROVE  FS_NatSurjection

@!!END

@!!BEGIN
@!!type:obligation
@!!id:20
@!!loc:58:22:58:44
@!!status:to be proved
@!!obl:ASSUME NEW CONSTANT S,
       FS_NatSurjection 
PROVE  Fun_NatSurjEquivNatBij

@!!END

@!!BEGIN
@!!type:obligation
@!!id:21
@!!loc:58:46:58:51
@!!status:to be proved
@!!obl:ASSUME NEW CONSTANT S,
       FS_NatSurjection ,
       Fun_NatSurjEquivNatBij 
PROVE  Zenon

@!!END

@!!BEGIN
@!!type:obligation
@!!id:22
@!!loc:221:11:221:13
@!!status:to be proved
@!!obl:ASSUME NEW CONSTANT S,
       NEW CONSTANT n \in Nat,
       ExistsBijection(1..n, S) ,
       Size(T) == CHOOSE i \in Nat : ExistsBijection(1..i, T),
       IsCS(CS) == CS = [T \in SUBSET S |-> fn(CS, T)],
       <1>4 ,
       <1>5 ,
       <1>7 ,
       <1>8 
PROVE  Cardinality(S) = n

@!!END

@!!BEGIN
@!!type:obligation
@!!id:23
@!!loc:221:14:221:18
@!!status:to be proved
@!!obl:ASSUME NEW CONSTANT S,
       NEW CONSTANT n \in Nat,
       ExistsBijection(1..n, S) ,
       Size(T) == CHOOSE i \in Nat : ExistsBijection(1..i, T),
       IsCS(CS) == CS = [T \in SUBSET S |-> fn(CS, T)]
PROVE  <1>4

@!!END

@!!BEGIN
@!!type:obligation
@!!id:24
@!!loc:221:20:221:24
@!!status:to be proved
@!!obl:ASSUME NEW CONSTANT S,
       NEW CONSTANT n \in Nat,
       ExistsBijection(1..n, S) ,
       Size(T) == CHOOSE i \in Nat : ExistsBijection(1..i, T),
       IsCS(CS) == CS = [T \in SUBSET S |-> fn(CS, T)],
       <1>4 
PROVE  <1>5

@!!END

@!!BEGIN
@!!type:obligation
@!!id:25
@!!loc:221:26:221:30
@!!status:to be proved
@!!obl:ASSUME NEW CONSTANT S,
       NEW CONSTANT n \in Nat,
       ExistsBijection(1..n, S) ,
       Size(T) == CHOOSE i \in Nat : ExistsBijection(1..i, T),
       IsCS(CS) == CS = [T \in SUBSET S |-> fn(CS, T)],
       <1>4 ,
       <1>5 
PROVE  <1>7

@!!END

@!!BEGIN
@!!type:obligation
@!!id:26
@!!loc:221:32:221:36
@!!status:to be proved
@!!obl:ASSUME NEW CONSTANT S,
       NEW CONSTANT n \in Nat,
       ExistsBijection(1..n, S) ,
       Size(T) == CHOOSE i \in Nat : ExistsBijection(1..i, T),
       IsCS(CS) == CS = [T \in SUBSET S |-> fn(CS, T)],
       <1>4 ,
       <1>5 ,
       <1>7 
PROVE  <1>8

@!!END

@!!BEGIN
@!!type:obligation
@!!id:27
@!!loc:155:13:155:15
@!!status:to be proved
@!!obl:ASSUME NEW CONSTANT S,
       NEW CONSTANT n \in Nat,
       ExistsBijection(1..n, S) ,
       Size(T) == CHOOSE i \in Nat : ExistsBijection(1..i, T),
       IsCS(CS) == CS = [T \in SUBSET S |-> fn(CS, T)],
       Prop(i) ==
         \A T \in SUBSET S : ExistsBijection(1..i, T) => SZ[T] = fn(SZ, T),
       NEW CONSTANT T \in SUBSET S,
       NEW CONSTANT i \in Nat,
       <2>1 ,
       <2>2 
PROVE  SZ[T] = fn(SZ, T)

@!!END

@!!BEGIN
@!!type:obligation
@!!id:28
@!!loc:155:16:155:20
@!!status:to be proved
@!!obl:ASSUME NEW CONSTANT S,
       NEW CONSTANT n \in Nat,
       ExistsBijection(1..n, S) ,
       Size(T) == CHOOSE i \in Nat : ExistsBijection(1..i, T),
       IsCS(CS) == CS = [T \in SUBSET S |-> fn(CS, T)],
       Prop(i) ==
         \A T \in SUBSET S : ExistsBijection(1..i, T) => SZ[T] = fn(SZ, T),
       NEW CONSTANT T \in SUBSET S,
       NEW CONSTANT i \in Nat
PROVE  <2>1

@!!END

@!!BEGIN
@!!type:obligation
@!!id:29
@!!loc:155:22:155:26
@!!status:to be proved
@!!obl:ASSUME NEW CONSTANT S,
       NEW CONSTANT n \in Nat,
       ExistsBijection(1..n, S) ,
       Size(T) == CHOOSE i \in Nat : ExistsBijection(1..i, T),
       IsCS(CS) == CS = [T \in SUBSET S |-> fn(CS, T)],
       Prop(i) ==
         \A T \in SUBSET S : ExistsBijection(1..i, T) => SZ[T] = fn(SZ, T),
       NEW CONSTANT T \in SUBSET S,
       NEW CONSTANT i \in Nat,
       <2>1 
PROVE  <2>2

@!!END

@!!BEGIN
@!!type:obligation
@!!id:30
@!!loc:151:15:151:17
@!!status:to be proved
@!!obl:ASSUME NEW CONSTANT S,
       NEW CONSTANT n \in Nat,
       ExistsBijection(1..n, S) ,
       Size(T) == CHOOSE i \in Nat : ExistsBijection(1..i, T),
       IsCS(CS) == CS = [T \in SUBSET S |-> fn(CS, T)],
       Isa ,
       <3>1 ,
       <3>2 ,
       NatInduction 
PROVE  \A i \in Nat : Prop(i)

@!!END

@!!BEGIN
@!!type:obligation
@!!id:31
@!!loc:151:18:151:21
@!!status:to be proved
@!!obl:ASSUME NEW CONSTANT S,
       NEW CONSTANT n \in Nat,
       ExistsBijection(1..n, S) ,
       Size(T) == CHOOSE i \in Nat : ExistsBijection(1..i, T),
       IsCS(CS) == CS = [T \in SUBSET S |-> fn(CS, T)]
PROVE  Isa

@!!END

@!!BEGIN
@!!type:obligation
@!!id:32
@!!loc:151:23:151:27
@!!status:to be proved
@!!obl:ASSUME NEW CONSTANT S,
       NEW CONSTANT n \in Nat,
       ExistsBijection(1..n, S) ,
       Size(T) == CHOOSE i \in Nat : ExistsBijection(1..i, T),
       IsCS(CS) == CS = [T \in SUBSET S |-> fn(CS, T)],
       Isa 
PROVE  <3>1

@!!END

@!!BEGIN
@!!type:obligation
@!!id:33
@!!loc:151:29:151:33
@!!status:to be proved
@!!obl:ASSUME NEW CONSTANT S,
       NEW CONSTANT n \in Nat,
       ExistsBijection(1..n, S) ,
       Size(T) == CHOOSE i \in Nat : ExistsBijection(1..i, T),
       IsCS(CS) == CS = [T \in SUBSET S |-> fn(CS, T)],
       Isa ,
       <3>1 
PROVE  <3>2

@!!END

@!!BEGIN
@!!type:obligation
@!!id:34
@!!loc:151:35:151:47
@!!status:to be proved
@!!obl:ASSUME NEW CONSTANT S,
       NEW CONSTANT n \in Nat,
       ExistsBijection(1..n, S) ,
       Size(T) == CHOOSE i \in Nat : ExistsBijection(1..i, T),
       IsCS(CS) == CS = [T \in SUBSET S |-> fn(CS, T)],
       Isa ,
       <3>1 ,
       <3>2 
PROVE  NatInduction

@!!END

@!!BEGIN
@!!type:obligation
@!!id:35
@!!loc:129:17:129:19
@!!status:to be proved
@!!obl:ASSUME NEW CONSTANT S,
       NEW CONSTANT n \in Nat,
       ExistsBijection(1..n, S) ,
       Size(T) == CHOOSE i \in Nat : ExistsBijection(1..i, T),
       IsCS(CS) == CS = [T \in SUBSET S |-> fn(CS, T)],
       Prop(i) ==
         \A T \in SUBSET S : ExistsBijection(1..i, T) => SZ[T] = fn(SZ, T),
       NEW CONSTANT T \in SUBSET S,
       <4>4 ,
       <4>5 
PROVE  SZ[T] = fn(SZ, T)

@!!END

@!!BEGIN
@!!type:obligation
@!!id:36
@!!loc:129:20:129:24
@!!status:to be proved
@!!obl:ASSUME NEW CONSTANT S,
       NEW CONSTANT n \in Nat,
       ExistsBijection(1..n, S) ,
       Size(T) == CHOOSE i \in Nat : ExistsBijection(1..i, T),
       IsCS(CS) == CS = [T \in SUBSET S |-> fn(CS, T)],
       Prop(i) ==
         \A T \in SUBSET S : ExistsBijection(1..i, T) => SZ[T] = fn(SZ, T),
       NEW CONSTANT T \in SUBSET S
PROVE  <4>4

@!!END

@!!BEGIN
@!!type:obligation
@!!id:37
@!!loc:129:26:129:30
@!!status:to be proved
@!!obl:ASSUME NEW CONSTANT S,
       NEW CONSTANT n \in Nat,
       ExistsBijection(1..n, S) ,
       Size(T) == CHOOSE i \in Nat : ExistsBijection(1..i, T),
       IsCS(CS) == CS = [T \in SUBSET S |-> fn(CS, T)],
       Prop(i) ==
         \A T \in SUBSET S : ExistsBijection(1..i, T) => SZ[T] = fn(SZ, T),
       NEW CONSTANT T \in SUBSET S,
       <4>4 
PROVE  <4>5

@!!END

@!!BEGIN
@!!type:obligation
@!!id:38
@!!loc:124:15:124:22
@!!status:to be proved
@!!obl:ASSUME NEW CONSTANT S,
       NEW CONSTANT n \in Nat,
       ExistsBijection(1..n, S) ,
       Size(T) == CHOOSE i \in Nat : ExistsBijection(1..i, T),
       IsCS(CS) == CS = [T \in SUBSET S |-> fn(CS, T)],
       Prop(i) ==
         \A T \in SUBSET S : ExistsBijection(1..i, T) => SZ[T] = fn(SZ, T),
       <4>1 
PROVE  Prop(0)

@!!END

@!!BEGIN
@!!type:obligation
@!!id:39
@!!loc:125:28:125:30
@!!status:to be proved
@!!obl:ASSUME NEW CONSTANT S,
       NEW CONSTANT n \in Nat,
       ExistsBijection(1..n, S) ,
       Size(T) == CHOOSE i \in Nat : ExistsBijection(1..i, T),
       IsCS(CS) == CS = [T \in SUBSET S |-> fn(CS, T)],
       Prop(i) ==
         \A T \in SUBSET S : ExistsBijection(1..i, T) => SZ[T] = fn(SZ, T),
       NEW CONSTANT T \in SUBSET S,
       <4>1 ,
       Fun_NatBijSame 
PROVE  Size(T) = 0

@!!END

@!!BEGIN
@!!type:obligation
@!!id:40
@!!loc:125:31:125:35
@!!status:to be proved
@!!obl:ASSUME NEW CONSTANT S,
       NEW CONSTANT n \in Nat,
       ExistsBijection(1..n, S) ,
       Size(T) == CHOOSE i \in Nat : ExistsBijection(1..i, T),
       IsCS(CS) == CS = [T \in SUBSET S |-> fn(CS, T)],
       Prop(i) ==
         \A T \in SUBSET S : ExistsBijection(1..i, T) => SZ[T] = fn(SZ, T),
       NEW CONSTANT T \in SUBSET S
PROVE  <4>1

@!!END

@!!BEGIN
@!!type:obligation
@!!id:41
@!!loc:125:37:125:51
@!!status:to be proved
@!!obl:ASSUME NEW CONSTANT S,
       NEW CONSTANT n \in Nat,
       ExistsBijection(1..n, S) ,
       Size(T) == CHOOSE i \in Nat : ExistsBijection(1..i, T),
       IsCS(CS) == CS = [T \in SUBSET S |-> fn(CS, T)],
       Prop(i) ==
         \A T \in SUBSET S : ExistsBijection(1..i, T) => SZ[T] = fn(SZ, T),
       NEW CONSTANT T \in SUBSET S,
       <4>1 
PROVE  Fun_NatBijSame

@!!END

@!!BEGIN
@!!type:obligation
@!!id:42
@!!loc:126:23:126:25
@!!status:to be proved
@!!obl:ASSUME NEW CONSTANT S,
       NEW CONSTANT n \in Nat,
       ExistsBijection(1..n, S) ,
       Size(T) == CHOOSE i \in Nat : ExistsBijection(1..i, T),
       IsCS(CS) == CS = [T \in SUBSET S |-> fn(CS, T)],
       Prop(i) ==
         \A T \in SUBSET S : ExistsBijection(1..i, T) => SZ[T] = fn(SZ, T),
       NEW CONSTANT T \in SUBSET S,
       <4>1 ,
       Fun_NatBijEmpty 
PROVE  T = {}

@!!END

@!!BEGIN
@!!type:obligation
@!!id:43
@!!loc:126:26:126:30
@!!status:to be proved
@!!obl:ASSUME NEW CONSTANT S,
       NEW CONSTANT n \in Nat,
       ExistsBijection(1..n, S) ,
       Size(T) == CHOOSE i \in Nat : ExistsBijection(1..i, T),
       IsCS(CS) == CS = [T \in SUBSET S |-> fn(CS, T)],
       Prop(i) ==
         \A T \in SUBSET S : ExistsBijection(1..i, T) => SZ[T] = fn(SZ, T),
       NEW CONSTANT T \in SUBSET S
PROVE  <4>1

@!!END

@!!BEGIN
@!!type:obligation
@!!id:44
@!!loc:126:32:126:47
@!!status:to be proved
@!!obl:ASSUME NEW CONSTANT S,
       NEW CONSTANT n \in Nat,
       ExistsBijection(1..n, S) ,
       Size(T) == CHOOSE i \in Nat : ExistsBijection(1..i, T),
       IsCS(CS) == CS = [T \in SUBSET S |-> fn(CS, T)],
       Prop(i) ==
         \A T \in SUBSET S : ExistsBijection(1..i, T) => SZ[T] = fn(SZ, T),
       NEW CONSTANT T \in SUBSET S,
       <4>1 
PROVE  Fun_NatBijEmpty

@!!END

@!!BEGIN
@!!type:obligation
@!!id:45
@!!loc:127:26:127:28
@!!status:to be proved
@!!obl:ASSUME NEW CONSTANT S,
       NEW CONSTANT n \in Nat,
       ExistsBijection(1..n, S) ,
       Size(T) == CHOOSE i \in Nat : ExistsBijection(1..i, T),
       SZ == [T \in SUBSET S |-> Size(T)],
       IsCS(CS) == CS = [T \in SUBSET S |-> fn(CS, T)],
       Prop(i) ==
         \A T \in SUBSET S : ExistsBijection(1..i, T) => SZ[T] = fn(SZ, T),
       NEW CONSTANT T \in SUBSET S,
       <4>2 ,
       Zenon 
PROVE  SZ[T] = 0

@!!END

@!!BEGIN
@!!type:obligation
@!!id:46
@!!loc:127:29:127:33
@!!status:to be proved
@!!obl:ASSUME NEW CONSTANT S,
       NEW CONSTANT n \in Nat,
       ExistsBijection(1..n, S) ,
       Size(T) == CHOOSE i \in Nat : ExistsBijection(1..i, T),
       SZ == [T \in SUBSET S |-> Size(T)],
       IsCS(CS) == CS = [T \in SUBSET S |-> fn(CS, T)],
       Prop(i) ==
         \A T \in SUBSET S : ExistsBijection(1..i, T) => SZ[T] = fn(SZ, T),
       NEW CONSTANT T \in SUBSET S
PROVE  <4>2

@!!END

@!!BEGIN
@!!type:obligation
@!!id:47
@!!loc:127:35:127:40
@!!status:to be proved
@!!obl:ASSUME NEW CONSTANT S,
       NEW CONSTANT n \in Nat,
       ExistsBijection(1..n, S) ,
       Size(T) == CHOOSE i \in Nat : ExistsBijection(1..i, T),
       SZ == [T \in SUBSET S |-> Size(T)],
       IsCS(CS) == CS = [T \in SUBSET S |-> fn(CS, T)],
       Prop(i) ==
         \A T \in SUBSET S : ExistsBijection(1..i, T) => SZ[T] = fn(SZ, T),
       NEW CONSTANT T \in SUBSET S,
       <4>2 
PROVE  Zenon

@!!END

@!!BEGIN
@!!type:obligation
@!!id:48
@!!loc:128:29:128:31
@!!status:to be proved
@!!obl:ASSUME NEW CONSTANT S,
       NEW CONSTANT n \in Nat,
       ExistsBijection(1..n, S) ,
       Size(T) == CHOOSE i \in Nat : ExistsBijection(1..i, T),
       fn(CS, T) == IF T = {} THEN 0 ELSE 1 + CS[T \ {CHOOSE x : x \in T}],
       IsCS(CS) == CS = [T \in SUBSET S |-> fn(CS, T)],
       Prop(i) ==
         \A T \in SUBSET S : ExistsBijection(1..i, T) => SZ[T] = fn(SZ, T),
       NEW CONSTANT T \in SUBSET S,
       <4>3 
PROVE  fn(SZ, T) = 0

@!!END

@!!BEGIN
@!!type:obligation
@!!id:49
@!!loc:128:32:128:36
@!!status:to be proved
@!!obl:ASSUME NEW CONSTANT S,
       NEW CONSTANT n \in Nat,
       ExistsBijection(1..n, S) ,
       Size(T) == CHOOSE i \in Nat : ExistsBijection(1..i, T),
       fn(CS, T) == IF T = {} THEN 0 ELSE 1 + CS[T \ {CHOOSE x : x \in T}],
       IsCS(CS) == CS = [T \in SUBSET S |-> fn(CS, T)],
       Prop(i) ==
         \A T \in SUBSET S : ExistsBijection(1..i, T) => SZ[T] = fn(SZ, T),
       NEW CONSTANT T \in SUBSET S
PROVE  <4>3

@!!END

@!!BEGIN
@!!type:obligation
@!!id:50
@!!loc:149:19:149:21
@!!status:to be proved
@!!obl:ASSUME NEW CONSTANT S,
       NEW CONSTANT n \in Nat,
       ExistsBijection(1..n, S) ,
       Size(T) == CHOOSE i \in Nat : ExistsBijection(1..i, T),
       IsCS(CS) == CS = [T \in SUBSET S |-> fn(CS, T)],
       Prop(i) ==
         \A T \in SUBSET S : ExistsBijection(1..i, T) => SZ[T] = fn(SZ, T),
       NEW CONSTANT i \in Nat,
       NEW CONSTANT T \in SUBSET S,
       ExistsBijection(1..i + 1, T) ,
       NEW CONSTANT t \in T,
       U == T \ {t},
       <4>9 ,
       <4>10 
PROVE  SZ[T] = fn(SZ, T)

@!!END

@!!BEGIN
@!!type:obligation
@!!id:51
@!!loc:149:22:149:26
@!!status:to be proved
@!!obl:ASSUME NEW CONSTANT S,
       NEW CONSTANT n \in Nat,
       ExistsBijection(1..n, S) ,
       Size(T) == CHOOSE i \in Nat : ExistsBijection(1..i, T),
       IsCS(CS) == CS = [T \in SUBSET S |-> fn(CS, T)],
       Prop(i) ==
         \A T \in SUBSET S : ExistsBijection(1..i, T) => SZ[T] = fn(SZ, T),
       NEW CONSTANT i \in Nat,
       NEW CONSTANT T \in SUBSET S,
       ExistsBijection(1..i + 1, T) ,
       NEW CONSTANT t \in T,
       U == T \ {t}
PROVE  <4>9

@!!END

@!!BEGIN
@!!type:obligation
@!!id:52
@!!loc:149:28:149:33
@!!status:to be proved
@!!obl:ASSUME NEW CONSTANT S,
       NEW CONSTANT n \in Nat,
       ExistsBijection(1..n, S) ,
       Size(T) == CHOOSE i \in Nat : ExistsBijection(1..i, T),
       IsCS(CS) == CS = [T \in SUBSET S |-> fn(CS, T)],
       Prop(i) ==
         \A T \in SUBSET S : ExistsBijection(1..i, T) => SZ[T] = fn(SZ, T),
       NEW CONSTANT i \in Nat,
       NEW CONSTANT T \in SUBSET S,
       ExistsBijection(1..i + 1, T) ,
       NEW CONSTANT t \in T,
       U == T \ {t},
       <4>9 
PROVE  <4>10

@!!END

@!!BEGIN
@!!type:obligation
@!!id:53
@!!loc:137:11:137:18
@!!status:to be proved
@!!obl:ASSUME NEW CONSTANT S,
       NEW CONSTANT n \in Nat,
       ExistsBijection(1..n, S) ,
       Size(T) == CHOOSE i \in Nat : ExistsBijection(1..i, T),
       IsCS(CS) == CS = [T \in SUBSET S |-> fn(CS, T)],
       Prop(i) ==
         \A T \in SUBSET S : ExistsBijection(1..i, T) => SZ[T] = fn(SZ, T),
       NEW CONSTANT i \in Nat,
       <4>_a128 
PROVE  Prop(i + 1)

@!!END

@!!BEGIN
@!!type:obligation
@!!id:54
@!!loc:138:41:138:43
@!!status:to be proved
@!!obl:ASSUME NEW CONSTANT S,
       NEW CONSTANT n \in Nat,
       ExistsBijection(1..n, S) ,
       Size(T) == CHOOSE i \in Nat : ExistsBijection(1..i, T),
       IsCS(CS) == CS = [T \in SUBSET S |-> fn(CS, T)],
       Prop(i) ==
         \A T \in SUBSET S : ExistsBijection(1..i, T) => SZ[T] = fn(SZ, T),
       NEW CONSTANT i \in Nat,
       NEW CONSTANT T \in SUBSET S,
       ExistsBijection(1..i + 1, T) ,
       Fun_NatBijSame ,
       Z3 
PROVE  ~ExistsBijection(1..0, T)

@!!END

@!!BEGIN
@!!type:obligation
@!!id:55
@!!loc:138:44:138:58
@!!status:to be proved
@!!obl:ASSUME NEW CONSTANT S,
       NEW CONSTANT n \in Nat,
       ExistsBijection(1..n, S) ,
       Size(T) == CHOOSE i \in Nat : ExistsBijection(1..i, T),
       IsCS(CS) == CS = [T \in SUBSET S |-> fn(CS, T)],
       Prop(i) ==
         \A T \in SUBSET S : ExistsBijection(1..i, T) => SZ[T] = fn(SZ, T),
       NEW CONSTANT i \in Nat,
       NEW CONSTANT T \in SUBSET S,
       ExistsBijection(1..i + 1, T) 
PROVE  Fun_NatBijSame

@!!END

@!!BEGIN
@!!type:obligation
@!!id:56
@!!loc:138:60:138:62
@!!status:to be proved
@!!obl:ASSUME NEW CONSTANT S,
       NEW CONSTANT n \in Nat,
       ExistsBijection(1..n, S) ,
       Size(T) == CHOOSE i \in Nat : ExistsBijection(1..i, T),
       IsCS(CS) == CS = [T \in SUBSET S |-> fn(CS, T)],
       Prop(i) ==
         \A T \in SUBSET S : ExistsBijection(1..i, T) => SZ[T] = fn(SZ, T),
       NEW CONSTANT i \in Nat,
       NEW CONSTANT T \in SUBSET S,
       ExistsBijection(1..i + 1, T) ,
       Fun_NatBijSame 
PROVE  Z3

@!!END

@!!BEGIN
@!!type:obligation
@!!id:57
@!!loc:139:23:139:25
@!!status:to be proved
@!!obl:ASSUME NEW CONSTANT S,
       NEW CONSTANT n \in Nat,
       ExistsBijection(1..n, S) ,
       Size(T) == CHOOSE i \in Nat : ExistsBijection(1..i, T),
       IsCS(CS) == CS = [T \in SUBSET S |-> fn(CS, T)],
       Prop(i) ==
         \A T \in SUBSET S : ExistsBijection(1..i, T) => SZ[T] = fn(SZ, T),
       NEW CONSTANT i \in Nat,
       NEW CONSTANT T \in SUBSET S,
       ExistsBijection(1..i + 1, T) ,
       <4>1 ,
       Fun_NatBijEmpty 
PROVE  T # {}

@!!END

@!!BEGIN
@!!type:obligation
@!!id:58
@!!loc:139:26:139:30
@!!status:to be proved
@!!obl:ASSUME NEW CONSTANT S,
       NEW CONSTANT n \in Nat,
       ExistsBijection(1..n, S) ,
       Size(T) == CHOOSE i \in Nat : ExistsBijection(1..i, T),
       IsCS(CS) == CS = [T \in SUBSET S |-> fn(CS, T)],
       Prop(i) ==
         \A T \in SUBSET S : ExistsBijection(1..i, T) => SZ[T] = fn(SZ, T),
       NEW CONSTANT i \in Nat,
       NEW CONSTANT T \in SUBSET S,
       ExistsBijection(1..i + 1, T) 
PROVE  <4>1

@!!END

@!!BEGIN
@!!type:obligation
@!!id:59
@!!loc:139:32:139:47
@!!status:to be proved
@!!obl:ASSUME NEW CONSTANT S,
       NEW CONSTANT n \in Nat,
       ExistsBijection(1..n, S) ,
       Size(T) == CHOOSE i \in Nat : ExistsBijection(1..i, T),
       IsCS(CS) == CS = [T \in SUBSET S |-> fn(CS, T)],
       Prop(i) ==
         \A T \in SUBSET S : ExistsBijection(1..i, T) => SZ[T] = fn(SZ, T),
       NEW CONSTANT i \in Nat,
       NEW CONSTANT T \in SUBSET S,
       ExistsBijection(1..i + 1, T) ,
       <4>1 
PROVE  Fun_NatBijEmpty

@!!END

@!!BEGIN
@!!type:obligation
@!!id:60
@!!loc:140:30:140:32
@!!status:to be proved
@!!obl:ASSUME NEW CONSTANT S,
       NEW CONSTANT n \in Nat,
       ExistsBijection(1..n, S) ,
       Size(T) == CHOOSE i \in Nat : ExistsBijection(1..i, T),
       IsCS(CS) == CS = [T \in SUBSET S |-> fn(CS, T)],
       Prop(i) ==
         \A T \in SUBSET S : ExistsBijection(1..i, T) => SZ[T] = fn(SZ, T),
       NEW CONSTANT i \in Nat,
       NEW CONSTANT T \in SUBSET S,
       ExistsBijection(1..i + 1, T) ,
       Fun_NatBijSame 
PROVE  Size(T) = i + 1

@!!END

@!!BEGIN
@!!type:obligation
@!!id:61
@!!loc:140:33:140:47
@!!status:to be proved
@!!obl:ASSUME NEW CONSTANT S,
       NEW CONSTANT n \in Nat,
       ExistsBijection(1..n, S) ,
       Size(T) == CHOOSE i \in Nat : ExistsBijection(1..i, T),
       IsCS(CS) == CS = [T \in SUBSET S |-> fn(CS, T)],
       Prop(i) ==
         \A T \in SUBSET S : ExistsBijection(1..i, T) => SZ[T] = fn(SZ, T),
       NEW CONSTANT i \in Nat,
       NEW CONSTANT T \in SUBSET S,
       ExistsBijection(1..i + 1, T) 
PROVE  Fun_NatBijSame

@!!END

@!!BEGIN
@!!type:obligation
@!!id:62
@!!loc:141:54:141:56
@!!status:to be proved
@!!obl:ASSUME NEW CONSTANT S,
       NEW CONSTANT n \in Nat,
       ExistsBijection(1..n, S) ,
       Size(T) == CHOOSE i \in Nat : ExistsBijection(1..i, T),
       IsCS(CS) == CS = [T \in SUBSET S |-> fn(CS, T)],
       Prop(i) ==
         \A T \in SUBSET S : ExistsBijection(1..i, T) => SZ[T] = fn(SZ, T),
       NEW CONSTANT i \in Nat,
       NEW CONSTANT T \in SUBSET S,
       ExistsBijection(1..i + 1, T) ,
       <4>2 
PROVE  \E t \in T : t = (CHOOSE x : x \in T)

@!!END

@!!BEGIN
@!!type:obligation
@!!id:63
@!!loc:141:57:141:61
@!!status:to be proved
@!!obl:ASSUME NEW CONSTANT S,
       NEW CONSTANT n \in Nat,
       ExistsBijection(1..n, S) ,
       Size(T) == CHOOSE i \in Nat : ExistsBijection(1..i, T),
       IsCS(CS) == CS = [T \in SUBSET S |-> fn(CS, T)],
       Prop(i) ==
         \A T \in SUBSET S : ExistsBijection(1..i, T) => SZ[T] = fn(SZ, T),
       NEW CONSTANT i \in Nat,
       NEW CONSTANT T \in SUBSET S,
       ExistsBijection(1..i + 1, T) 
PROVE  <4>2

@!!END

@!!BEGIN
@!!type:obligation
@!!id:65
@!!loc:143:40:143:42
@!!status:to be proved
@!!obl:ASSUME NEW CONSTANT S,
       NEW CONSTANT n \in Nat,
       ExistsBijection(1..n, S) ,
       Size(T) == CHOOSE i \in Nat : ExistsBijection(1..i, T),
       IsCS(CS) == CS = [T \in SUBSET S |-> fn(CS, T)],
       Prop(i) ==
         \A T \in SUBSET S : ExistsBijection(1..i, T) => SZ[T] = fn(SZ, T),
       NEW CONSTANT i \in Nat,
       NEW CONSTANT T \in SUBSET S,
       ExistsBijection(1..i + 1, T) ,
       NEW CONSTANT t \in T,
       U == T \ {t},
       Fun_NatBijSubElem ,
       Z3 
PROVE  ExistsBijection(1..i, U)

@!!END

@!!BEGIN
@!!type:obligation
@!!id:66
@!!loc:143:43:143:60
@!!status:to be proved
@!!obl:ASSUME NEW CONSTANT S,
       NEW CONSTANT n \in Nat,
       ExistsBijection(1..n, S) ,
       Size(T) == CHOOSE i \in Nat : ExistsBijection(1..i, T),
       IsCS(CS) == CS = [T \in SUBSET S |-> fn(CS, T)],
       Prop(i) ==
         \A T \in SUBSET S : ExistsBijection(1..i, T) => SZ[T] = fn(SZ, T),
       NEW CONSTANT i \in Nat,
       NEW CONSTANT T \in SUBSET S,
       ExistsBijection(1..i + 1, T) ,
       NEW CONSTANT t \in T,
       U == T \ {t}
PROVE  Fun_NatBijSubElem

@!!END

@!!BEGIN
@!!type:obligation
@!!id:67
@!!loc:143:62:143:64
@!!status:to be proved
@!!obl:ASSUME NEW CONSTANT S,
       NEW CONSTANT n \in Nat,
       ExistsBijection(1..n, S) ,
       Size(T) == CHOOSE i \in Nat : ExistsBijection(1..i, T),
       IsCS(CS) == CS = [T \in SUBSET S |-> fn(CS, T)],
       Prop(i) ==
         \A T \in SUBSET S : ExistsBijection(1..i, T) => SZ[T] = fn(SZ, T),
       NEW CONSTANT i \in Nat,
       NEW CONSTANT T \in SUBSET S,
       ExistsBijection(1..i + 1, T) ,
       NEW CONSTANT t \in T,
       U == T \ {t},
       Fun_NatBijSubElem 
PROVE  Z3

@!!END

@!!BEGIN
@!!type:obligation
@!!id:68
@!!loc:144:33:144:35
@!!status:to be proved
@!!obl:ASSUME NEW CONSTANT S,
       NEW CONSTANT n \in Nat,
       ExistsBijection(1..n, S) ,
       Size(T) == CHOOSE i \in Nat : ExistsBijection(1..i, T),
       IsCS(CS) == CS = [T \in SUBSET S |-> fn(CS, T)],
       Prop(i) ==
         \A T \in SUBSET S : ExistsBijection(1..i, T) => SZ[T] = fn(SZ, T),
       NEW CONSTANT i \in Nat,
       NEW CONSTANT T \in SUBSET S,
       ExistsBijection(1..i + 1, T) ,
       NEW CONSTANT t \in T,
       U == T \ {t},
       <4>5 ,
       <3>2 
PROVE  SZ[U] = fn(SZ, U)

@!!END

@!!BEGIN
@!!type:obligation
@!!id:69
@!!loc:144:36:144:40
@!!status:to be proved
@!!obl:ASSUME NEW CONSTANT S,
       NEW CONSTANT n \in Nat,
       ExistsBijection(1..n, S) ,
       Size(T) == CHOOSE i \in Nat : ExistsBijection(1..i, T),
       IsCS(CS) == CS = [T \in SUBSET S |-> fn(CS, T)],
       Prop(i) ==
         \A T \in SUBSET S : ExistsBijection(1..i, T) => SZ[T] = fn(SZ, T),
       NEW CONSTANT i \in Nat,
       NEW CONSTANT T \in SUBSET S,
       ExistsBijection(1..i + 1, T) ,
       NEW CONSTANT t \in T,
       U == T \ {t}
PROVE  <4>5

@!!END

@!!BEGIN
@!!type:obligation
@!!id:70
@!!loc:144:42:144:46
@!!status:to be proved
@!!obl:ASSUME NEW CONSTANT S,
       NEW CONSTANT n \in Nat,
       ExistsBijection(1..n, S) ,
       Size(T) == CHOOSE i \in Nat : ExistsBijection(1..i, T),
       IsCS(CS) == CS = [T \in SUBSET S |-> fn(CS, T)],
       Prop(i) ==
         \A T \in SUBSET S : ExistsBijection(1..i, T) => SZ[T] = fn(SZ, T),
       NEW CONSTANT i \in Nat,
       NEW CONSTANT T \in SUBSET S,
       ExistsBijection(1..i + 1, T) ,
       NEW CONSTANT t \in T,
       U == T \ {t},
       <4>5 
PROVE  <3>2

@!!END

@!!BEGIN
@!!type:obligation
@!!id:71
@!!loc:145:26:145:28
@!!status:to be proved
@!!obl:ASSUME NEW CONSTANT S,
       NEW CONSTANT n \in Nat,
       ExistsBijection(1..n, S) ,
       Size(T) == CHOOSE i \in Nat : ExistsBijection(1..i, T),
       SZ == [T \in SUBSET S |-> Size(T)],
       IsCS(CS) == CS = [T \in SUBSET S |-> fn(CS, T)],
       Prop(i) ==
         \A T \in SUBSET S : ExistsBijection(1..i, T) => SZ[T] = fn(SZ, T),
       NEW CONSTANT i \in Nat,
       NEW CONSTANT T \in SUBSET S,
       ExistsBijection(1..i + 1, T) ,
       NEW CONSTANT t \in T,
       U == T \ {t},
       <4>5 ,
       Fun_NatBijSame 
PROVE  SZ[U] = i

@!!END

@!!BEGIN
@!!type:obligation
@!!id:72
@!!loc:145:29:145:33
@!!status:to be proved
@!!obl:ASSUME NEW CONSTANT S,
       NEW CONSTANT n \in Nat,
       ExistsBijection(1..n, S) ,
       Size(T) == CHOOSE i \in Nat : ExistsBijection(1..i, T),
       SZ == [T \in SUBSET S |-> Size(T)],
       IsCS(CS) == CS = [T \in SUBSET S |-> fn(CS, T)],
       Prop(i) ==
         \A T \in SUBSET S : ExistsBijection(1..i, T) => SZ[T] = fn(SZ, T),
       NEW CONSTANT i \in Nat,
       NEW CONSTANT T \in SUBSET S,
       ExistsBijection(1..i + 1, T) ,
       NEW CONSTANT t \in T,
       U == T \ {t}
PROVE  <4>5

@!!END

@!!BEGIN
@!!type:obligation
@!!id:73
@!!loc:145:35:145:49
@!!status:to be proved
@!!obl:ASSUME NEW CONSTANT S,
       NEW CONSTANT n \in Nat,
       ExistsBijection(1..n, S) ,
       Size(T) == CHOOSE i \in Nat : ExistsBijection(1..i, T),
       SZ == [T \in SUBSET S |-> Size(T)],
       IsCS(CS) == CS = [T \in SUBSET S |-> fn(CS, T)],
       Prop(i) ==
         \A T \in SUBSET S : ExistsBijection(1..i, T) => SZ[T] = fn(SZ, T),
       NEW CONSTANT i \in Nat,
       NEW CONSTANT T \in SUBSET S,
       ExistsBijection(1..i + 1, T) ,
       NEW CONSTANT t \in T,
       U == T \ {t},
       <4>5 
PROVE  Fun_NatBijSame

@!!END

@!!BEGIN
@!!type:obligation
@!!id:74
@!!loc:146:37:146:39
@!!status:to be proved
@!!obl:ASSUME NEW CONSTANT S,
       NEW CONSTANT n \in Nat,
       ExistsBijection(1..n, S) ,
       Size(T) == CHOOSE i \in Nat : ExistsBijection(1..i, T),
       fn(CS, T) == IF T = {} THEN 0 ELSE 1 + CS[T \ {CHOOSE x : x \in T}],
       IsCS(CS) == CS = [T \in SUBSET S |-> fn(CS, T)],
       Prop(i) ==
         \A T \in SUBSET S : ExistsBijection(1..i, T) => SZ[T] = fn(SZ, T),
       NEW CONSTANT i \in Nat,
       NEW CONSTANT T \in SUBSET S,
       ExistsBijection(1..i + 1, T) ,
       NEW CONSTANT t \in T,
       U == T \ {t},
       <4>2 ,
       <4>4 
PROVE  fn(SZ, T) = 1 + SZ[U]

@!!END

@!!BEGIN
@!!type:obligation
@!!id:75
@!!loc:146:40:146:44
@!!status:to be proved
@!!obl:ASSUME NEW CONSTANT S,
       NEW CONSTANT n \in Nat,
       ExistsBijection(1..n, S) ,
       Size(T) == CHOOSE i \in Nat : ExistsBijection(1..i, T),
       fn(CS, T) == IF T = {} THEN 0 ELSE 1 + CS[T \ {CHOOSE x : x \in T}],
       IsCS(CS) == CS = [T \in SUBSET S |-> fn(CS, T)],
       Prop(i) ==
         \A T \in SUBSET S : ExistsBijection(1..i, T) => SZ[T] = fn(SZ, T),
       NEW CONSTANT i \in Nat,
       NEW CONSTANT T \in SUBSET S,
       ExistsBijection(1..i + 1, T) ,
       NEW CONSTANT t \in T,
       U == T \ {t}
PROVE  <4>2

@!!END

@!!BEGIN
@!!type:obligation
@!!id:76
@!!loc:146:46:146:50
@!!status:to be proved
@!!obl:ASSUME NEW CONSTANT S,
       NEW CONSTANT n \in Nat,
       ExistsBijection(1..n, S) ,
       Size(T) == CHOOSE i \in Nat : ExistsBijection(1..i, T),
       fn(CS, T) == IF T = {} THEN 0 ELSE 1 + CS[T \ {CHOOSE x : x \in T}],
       IsCS(CS) == CS = [T \in SUBSET S |-> fn(CS, T)],
       Prop(i) ==
         \A T \in SUBSET S : ExistsBijection(1..i, T) => SZ[T] = fn(SZ, T),
       NEW CONSTANT i \in Nat,
       NEW CONSTANT T \in SUBSET S,
       ExistsBijection(1..i + 1, T) ,
       NEW CONSTANT t \in T,
       U == T \ {t},
       <4>2 
PROVE  <4>4

@!!END

@!!BEGIN
@!!type:obligation
@!!id:77
@!!loc:147:31:147:33
@!!status:to be proved
@!!obl:ASSUME NEW CONSTANT S,
       NEW CONSTANT n \in Nat,
       ExistsBijection(1..n, S) ,
       Size(T) == CHOOSE i \in Nat : ExistsBijection(1..i, T),
       IsCS(CS) == CS = [T \in SUBSET S |-> fn(CS, T)],
       Prop(i) ==
         \A T \in SUBSET S : ExistsBijection(1..i, T) => SZ[T] = fn(SZ, T),
       NEW CONSTANT i \in Nat,
       NEW CONSTANT T \in SUBSET S,
       ExistsBijection(1..i + 1, T) ,
       NEW CONSTANT t \in T,
       U == T \ {t},
       <4>7 ,
       <4>8 
PROVE  fn(SZ, T) = i + 1

@!!END

@!!BEGIN
@!!type:obligation
@!!id:78
@!!loc:147:34:147:38
@!!status:to be proved
@!!obl:ASSUME NEW CONSTANT S,
       NEW CONSTANT n \in Nat,
       ExistsBijection(1..n, S) ,
       Size(T) == CHOOSE i \in Nat : ExistsBijection(1..i, T),
       IsCS(CS) == CS = [T \in SUBSET S |-> fn(CS, T)],
       Prop(i) ==
         \A T \in SUBSET S : ExistsBijection(1..i, T) => SZ[T] = fn(SZ, T),
       NEW CONSTANT i \in Nat,
       NEW CONSTANT T \in SUBSET S,
       ExistsBijection(1..i + 1, T) ,
       NEW CONSTANT t \in T,
       U == T \ {t}
PROVE  <4>7

@!!END

@!!BEGIN
@!!type:obligation
@!!id:79
@!!loc:147:40:147:44
@!!status:to be proved
@!!obl:ASSUME NEW CONSTANT S,
       NEW CONSTANT n \in Nat,
       ExistsBijection(1..n, S) ,
       Size(T) == CHOOSE i \in Nat : ExistsBijection(1..i, T),
       IsCS(CS) == CS = [T \in SUBSET S |-> fn(CS, T)],
       Prop(i) ==
         \A T \in SUBSET S : ExistsBijection(1..i, T) => SZ[T] = fn(SZ, T),
       NEW CONSTANT i \in Nat,
       NEW CONSTANT T \in SUBSET S,
       ExistsBijection(1..i + 1, T) ,
       NEW CONSTANT t \in T,
       U == T \ {t},
       <4>7 
PROVE  <4>8

@!!END

@!!BEGIN
@!!type:obligation
@!!id:80
@!!loc:148:29:148:31
@!!status:to be proved
@!!obl:ASSUME NEW CONSTANT S,
       NEW CONSTANT n \in Nat,
       ExistsBijection(1..n, S) ,
       Size(T) == CHOOSE i \in Nat : ExistsBijection(1..i, T),
       SZ == [T \in SUBSET S |-> Size(T)],
       IsCS(CS) == CS = [T \in SUBSET S |-> fn(CS, T)],
       Prop(i) ==
         \A T \in SUBSET S : ExistsBijection(1..i, T) => SZ[T] = fn(SZ, T),
       NEW CONSTANT i \in Nat,
       NEW CONSTANT T \in SUBSET S,
       ExistsBijection(1..i + 1, T) ,
       NEW CONSTANT t \in T,
       U == T \ {t},
       <4>3 ,
       Zenon 
PROVE  SZ[T] = i + 1

@!!END

@!!BEGIN
@!!type:obligation
@!!id:81
@!!loc:148:32:148:36
@!!status:to be proved
@!!obl:ASSUME NEW CONSTANT S,
       NEW CONSTANT n \in Nat,
       ExistsBijection(1..n, S) ,
       Size(T) == CHOOSE i \in Nat : ExistsBijection(1..i, T),
       SZ == [T \in SUBSET S |-> Size(T)],
       IsCS(CS) == CS = [T \in SUBSET S |-> fn(CS, T)],
       Prop(i) ==
         \A T \in SUBSET S : ExistsBijection(1..i, T) => SZ[T] = fn(SZ, T),
       NEW CONSTANT i \in Nat,
       NEW CONSTANT T \in SUBSET S,
       ExistsBijection(1..i + 1, T) ,
       NEW CONSTANT t \in T,
       U == T \ {t}
PROVE  <4>3

@!!END

@!!BEGIN
@!!type:obligation
@!!id:82
@!!loc:148:38:148:43
@!!status:to be proved
@!!obl:ASSUME NEW CONSTANT S,
       NEW CONSTANT n \in Nat,
       ExistsBijection(1..n, S) ,
       Size(T) == CHOOSE i \in Nat : ExistsBijection(1..i, T),
       SZ == [T \in SUBSET S |-> Size(T)],
       IsCS(CS) == CS = [T \in SUBSET S |-> fn(CS, T)],
       Prop(i) ==
         \A T \in SUBSET S : ExistsBijection(1..i, T) => SZ[T] = fn(SZ, T),
       NEW CONSTANT i \in Nat,
       NEW CONSTANT T \in SUBSET S,
       ExistsBijection(1..i + 1, T) ,
       NEW CONSTANT t \in T,
       U == T \ {t},
       <4>3 
PROVE  Zenon

@!!END

@!!BEGIN
@!!type:obligation
@!!id:83
@!!loc:153:69:153:71
@!!status:to be proved
@!!obl:ASSUME NEW CONSTANT S,
       NEW CONSTANT n \in Nat,
       ExistsBijection(1..n, S) ,
       Size(T) == CHOOSE i \in Nat : ExistsBijection(1..i, T),
       SZ == [T \in SUBSET S |-> Size(T)],
       IsCS(CS) == CS = [T \in SUBSET S |-> fn(CS, T)],
       Prop(i) ==
         \A T \in SUBSET S : ExistsBijection(1..i, T) => SZ[T] = fn(SZ, T),
       <2>_a129 ,
       Zenon 
PROVE  IsCS(SZ)

@!!END

@!!BEGIN
@!!type:obligation
@!!id:84
@!!loc:153:72:153:77
@!!status:to be proved
@!!obl:ASSUME NEW CONSTANT S,
       NEW CONSTANT n \in Nat,
       ExistsBijection(1..n, S) ,
       Size(T) == CHOOSE i \in Nat : ExistsBijection(1..i, T),
       SZ == [T \in SUBSET S |-> Size(T)],
       IsCS(CS) == CS = [T \in SUBSET S |-> fn(CS, T)],
       Prop(i) ==
         \A T \in SUBSET S : ExistsBijection(1..i, T) => SZ[T] = fn(SZ, T),
       <2>_a129 
PROVE  Zenon

@!!END

@!!BEGIN
@!!type:obligation
@!!id:85
@!!loc:154:52:154:54
@!!status:to be proved
@!!obl:ASSUME NEW CONSTANT S,
       NEW CONSTANT n \in Nat,
       ExistsBijection(1..n, S) ,
       Size(T) == CHOOSE i \in Nat : ExistsBijection(1..i, T),
       IsCS(CS) == CS = [T \in SUBSET S |-> fn(CS, T)],
       Prop(i) ==
         \A T \in SUBSET S : ExistsBijection(1..i, T) => SZ[T] = fn(SZ, T),
       NEW CONSTANT T \in SUBSET S,
       Fun_NatBijSubset 
PROVE  \E i \in Nat : ExistsBijection(1..i, T)

@!!END

@!!BEGIN
@!!type:obligation
@!!id:86
@!!loc:154:55:154:71
@!!status:to be proved
@!!obl:ASSUME NEW CONSTANT S,
       NEW CONSTANT n \in Nat,
       ExistsBijection(1..n, S) ,
       Size(T) == CHOOSE i \in Nat : ExistsBijection(1..i, T),
       IsCS(CS) == CS = [T \in SUBSET S |-> fn(CS, T)],
       Prop(i) ==
         \A T \in SUBSET S : ExistsBijection(1..i, T) => SZ[T] = fn(SZ, T),
       NEW CONSTANT T \in SUBSET S
PROVE  Fun_NatBijSubset

@!!END

@!!BEGIN
@!!type:obligation
@!!id:88
@!!loc:207:13:207:15
@!!status:to be proved
@!!obl:ASSUME NEW CONSTANT S,
       NEW CONSTANT n \in Nat,
       ExistsBijection(1..n, S) ,
       Size(T) == CHOOSE i \in Nat : ExistsBijection(1..i, T),
       IsCS(CS) == CS = [T \in SUBSET S |-> fn(CS, T)],
       NEW CONSTANT CS1,
       NEW CONSTANT CS2,
       Prop(i) ==
         \A T \in SUBSET S : ExistsBijection(1..i, T) => CS1[T] = CS2[T],
       NEW CONSTANT T \in SUBSET S,
       NEW CONSTANT i \in Nat,
       <2>1 ,
       <2>2 
PROVE  CS1[T] = CS2[T]

@!!END

@!!BEGIN
@!!type:obligation
@!!id:89
@!!loc:207:16:207:20
@!!status:to be proved
@!!obl:ASSUME NEW CONSTANT S,
       NEW CONSTANT n \in Nat,
       ExistsBijection(1..n, S) ,
       Size(T) == CHOOSE i \in Nat : ExistsBijection(1..i, T),
       IsCS(CS) == CS = [T \in SUBSET S |-> fn(CS, T)],
       NEW CONSTANT CS1,
       NEW CONSTANT CS2,
       Prop(i) ==
         \A T \in SUBSET S : ExistsBijection(1..i, T) => CS1[T] = CS2[T],
       NEW CONSTANT T \in SUBSET S,
       NEW CONSTANT i \in Nat
PROVE  <2>1

@!!END

@!!BEGIN
@!!type:obligation
@!!id:90
@!!loc:207:22:207:26
@!!status:to be proved
@!!obl:ASSUME NEW CONSTANT S,
       NEW CONSTANT n \in Nat,
       ExistsBijection(1..n, S) ,
       Size(T) == CHOOSE i \in Nat : ExistsBijection(1..i, T),
       IsCS(CS) == CS = [T \in SUBSET S |-> fn(CS, T)],
       NEW CONSTANT CS1,
       NEW CONSTANT CS2,
       Prop(i) ==
         \A T \in SUBSET S : ExistsBijection(1..i, T) => CS1[T] = CS2[T],
       NEW CONSTANT T \in SUBSET S,
       NEW CONSTANT i \in Nat,
       <2>1 
PROVE  <2>2

@!!END

@!!BEGIN
@!!type:obligation
@!!id:91
@!!loc:203:15:203:17
@!!status:to be proved
@!!obl:ASSUME NEW CONSTANT S,
       NEW CONSTANT n \in Nat,
       ExistsBijection(1..n, S) ,
       Size(T) == CHOOSE i \in Nat : ExistsBijection(1..i, T),
       IsCS(CS) == CS = [T \in SUBSET S |-> fn(CS, T)],
       NEW CONSTANT CS1,
       NEW CONSTANT CS2,
       Isa ,
       <3>1 ,
       <3>2 ,
       NatInduction 
PROVE  \A i \in Nat : Prop(i)

@!!END

@!!BEGIN
@!!type:obligation
@!!id:92
@!!loc:203:18:203:21
@!!status:to be proved
@!!obl:ASSUME NEW CONSTANT S,
       NEW CONSTANT n \in Nat,
       ExistsBijection(1..n, S) ,
       Size(T) == CHOOSE i \in Nat : ExistsBijection(1..i, T),
       IsCS(CS) == CS = [T \in SUBSET S |-> fn(CS, T)],
       NEW CONSTANT CS1,
       NEW CONSTANT CS2
PROVE  Isa

@!!END

@!!BEGIN
@!!type:obligation
@!!id:93
@!!loc:203:23:203:27
@!!status:to be proved
@!!obl:ASSUME NEW CONSTANT S,
       NEW CONSTANT n \in Nat,
       ExistsBijection(1..n, S) ,
       Size(T) == CHOOSE i \in Nat : ExistsBijection(1..i, T),
       IsCS(CS) == CS = [T \in SUBSET S |-> fn(CS, T)],
       NEW CONSTANT CS1,
       NEW CONSTANT CS2,
       Isa 
PROVE  <3>1

@!!END

@!!BEGIN
@!!type:obligation
@!!id:94
@!!loc:203:29:203:33
@!!status:to be proved
@!!obl:ASSUME NEW CONSTANT S,
       NEW CONSTANT n \in Nat,
       ExistsBijection(1..n, S) ,
       Size(T) == CHOOSE i \in Nat : ExistsBijection(1..i, T),
       IsCS(CS) == CS = [T \in SUBSET S |-> fn(CS, T)],
       NEW CONSTANT CS1,
       NEW CONSTANT CS2,
       Isa ,
       <3>1 
PROVE  <3>2

@!!END

@!!BEGIN
@!!type:obligation
@!!id:95
@!!loc:203:35:203:47
@!!status:to be proved
@!!obl:ASSUME NEW CONSTANT S,
       NEW CONSTANT n \in Nat,
       ExistsBijection(1..n, S) ,
       Size(T) == CHOOSE i \in Nat : ExistsBijection(1..i, T),
       IsCS(CS) == CS = [T \in SUBSET S |-> fn(CS, T)],
       NEW CONSTANT CS1,
       NEW CONSTANT CS2,
       Isa ,
       <3>1 ,
       <3>2 
PROVE  NatInduction

@!!END

@!!BEGIN
@!!type:obligation
@!!id:96
@!!loc:183:17:183:19
@!!status:to be proved
@!!obl:ASSUME NEW CONSTANT S,
       NEW CONSTANT n \in Nat,
       ExistsBijection(1..n, S) ,
       Size(T) == CHOOSE i \in Nat : ExistsBijection(1..i, T),
       IsCS(CS) == CS = [T \in SUBSET S |-> fn(CS, T)],
       NEW CONSTANT CS1,
       NEW CONSTANT CS2,
       Prop(i) ==
         \A T \in SUBSET S : ExistsBijection(1..i, T) => CS1[T] = CS2[T],
       NEW CONSTANT T \in SUBSET S,
       <4>3 ,
       <4>4 ,
       <1>2 
PROVE  CS1[T] = CS2[T]

@!!END

@!!BEGIN
@!!type:obligation
@!!id:97
@!!loc:183:20:183:24
@!!status:to be proved
@!!obl:ASSUME NEW CONSTANT S,
       NEW CONSTANT n \in Nat,
       ExistsBijection(1..n, S) ,
       Size(T) == CHOOSE i \in Nat : ExistsBijection(1..i, T),
       IsCS(CS) == CS = [T \in SUBSET S |-> fn(CS, T)],
       NEW CONSTANT CS1,
       NEW CONSTANT CS2,
       Prop(i) ==
         \A T \in SUBSET S : ExistsBijection(1..i, T) => CS1[T] = CS2[T],
       NEW CONSTANT T \in SUBSET S
PROVE  <4>3

@!!END

@!!BEGIN
@!!type:obligation
@!!id:98
@!!loc:183:26:183:30
@!!status:to be proved
@!!obl:ASSUME NEW CONSTANT S,
       NEW CONSTANT n \in Nat,
       ExistsBijection(1..n, S) ,
       Size(T) == CHOOSE i \in Nat : ExistsBijection(1..i, T),
       IsCS(CS) == CS = [T \in SUBSET S |-> fn(CS, T)],
       NEW CONSTANT CS1,
       NEW CONSTANT CS2,
       Prop(i) ==
         \A T \in SUBSET S : ExistsBijection(1..i, T) => CS1[T] = CS2[T],
       NEW CONSTANT T \in SUBSET S,
       <4>3 
PROVE  <4>4

@!!END

@!!BEGIN
@!!type:obligation
@!!id:99
@!!loc:183:32:183:36
@!!status:to be proved
@!!obl:ASSUME NEW CONSTANT S,
       NEW CONSTANT n \in Nat,
       ExistsBijection(1..n, S) ,
       Size(T) == CHOOSE i \in Nat : ExistsBijection(1..i, T),
       IsCS(CS) == CS = [T \in SUBSET S |-> fn(CS, T)],
       NEW CONSTANT CS1,
       NEW CONSTANT CS2,
       Prop(i) ==
         \A T \in SUBSET S : ExistsBijection(1..i, T) => CS1[T] = CS2[T],
       NEW CONSTANT T \in SUBSET S,
       <4>3 ,
       <4>4 
PROVE  <1>2

@!!END

@!!BEGIN
@!!type:obligation
@!!id:100
@!!loc:179:15:179:22
@!!status:to be proved
@!!obl:ASSUME NEW CONSTANT S,
       NEW CONSTANT n \in Nat,
       ExistsBijection(1..n, S) ,
       Size(T) == CHOOSE i \in Nat : ExistsBijection(1..i, T),
       IsCS(CS) == CS = [T \in SUBSET S |-> fn(CS, T)],
       NEW CONSTANT CS1,
       NEW CONSTANT CS2,
       Prop(i) ==
         \A T \in SUBSET S : ExistsBijection(1..i, T) => CS1[T] = CS2[T],
       <4>1 
PROVE  Prop(0)

@!!END

@!!BEGIN
@!!type:obligation
@!!id:101
@!!loc:180:23:180:25
@!!status:to be proved
@!!obl:ASSUME NEW CONSTANT S,
       NEW CONSTANT n \in Nat,
       ExistsBijection(1..n, S) ,
       Size(T) == CHOOSE i \in Nat : ExistsBijection(1..i, T),
       IsCS(CS) == CS = [T \in SUBSET S |-> fn(CS, T)],
       NEW CONSTANT CS1,
       NEW CONSTANT CS2,
       Prop(i) ==
         \A T \in SUBSET S : ExistsBijection(1..i, T) => CS1[T] = CS2[T],
       NEW CONSTANT T \in SUBSET S,
       <4>1 ,
       Fun_NatBijEmpty 
PROVE  T = {}

@!!END

@!!BEGIN
@!!type:obligation
@!!id:102
@!!loc:180:26:180:30
@!!status:to be proved
@!!obl:ASSUME NEW CONSTANT S,
       NEW CONSTANT n \in Nat,
       ExistsBijection(1..n, S) ,
       Size(T) == CHOOSE i \in Nat : ExistsBijection(1..i, T),
       IsCS(CS) == CS = [T \in SUBSET S |-> fn(CS, T)],
       NEW CONSTANT CS1,
       NEW CONSTANT CS2,
       Prop(i) ==
         \A T \in SUBSET S : ExistsBijection(1..i, T) => CS1[T] = CS2[T],
       NEW CONSTANT T \in SUBSET S
PROVE  <4>1

@!!END

@!!BEGIN
@!!type:obligation
@!!id:103
@!!loc:180:32:180:47
@!!status:to be proved
@!!obl:ASSUME NEW CONSTANT S,
       NEW CONSTANT n \in Nat,
       ExistsBijection(1..n, S) ,
       Size(T) == CHOOSE i \in Nat : ExistsBijection(1..i, T),
       IsCS(CS) == CS = [T \in SUBSET S |-> fn(CS, T)],
       NEW CONSTANT CS1,
       NEW CONSTANT CS2,
       Prop(i) ==
         \A T \in SUBSET S : ExistsBijection(1..i, T) => CS1[T] = CS2[T],
       NEW CONSTANT T \in SUBSET S,
       <4>1 
PROVE  Fun_NatBijEmpty

@!!END

@!!BEGIN
@!!type:obligation
@!!id:104
@!!loc:181:30:181:32
@!!status:to be proved
@!!obl:ASSUME NEW CONSTANT S,
       NEW CONSTANT n \in Nat,
       ExistsBijection(1..n, S) ,
       Size(T) == CHOOSE i \in Nat : ExistsBijection(1..i, T),
       fn(CS, T) == IF T = {} THEN 0 ELSE 1 + CS[T \ {CHOOSE x : x \in T}],
       IsCS(CS) == CS = [T \in SUBSET S |-> fn(CS, T)],
       NEW CONSTANT CS1,
       NEW CONSTANT CS2,
       Prop(i) ==
         \A T \in SUBSET S : ExistsBijection(1..i, T) => CS1[T] = CS2[T],
       NEW CONSTANT T \in SUBSET S,
       <4>2 
PROVE  fn(CS1, T) = 0

@!!END

@!!BEGIN
@!!type:obligation
@!!id:105
@!!loc:181:33:181:37
@!!status:to be proved
@!!obl:ASSUME NEW CONSTANT S,
       NEW CONSTANT n \in Nat,
       ExistsBijection(1..n, S) ,
       Size(T) == CHOOSE i \in Nat : ExistsBijection(1..i, T),
       fn(CS, T) == IF T = {} THEN 0 ELSE 1 + CS[T \ {CHOOSE x : x \in T}],
       IsCS(CS) == CS = [T \in SUBSET S |-> fn(CS, T)],
       NEW CONSTANT CS1,
       NEW CONSTANT CS2,
       Prop(i) ==
         \A T \in SUBSET S : ExistsBijection(1..i, T) => CS1[T] = CS2[T],
       NEW CONSTANT T \in SUBSET S
PROVE  <4>2

@!!END

@!!BEGIN
@!!type:obligation
@!!id:106
@!!loc:182:30:182:32
@!!status:to be proved
@!!obl:ASSUME NEW CONSTANT S,
       NEW CONSTANT n \in Nat,
       ExistsBijection(1..n, S) ,
       Size(T) == CHOOSE i \in Nat : ExistsBijection(1..i, T),
       fn(CS, T) == IF T = {} THEN 0 ELSE 1 + CS[T \ {CHOOSE x : x \in T}],
       IsCS(CS) == CS = [T \in SUBSET S |-> fn(CS, T)],
       NEW CONSTANT CS1,
       NEW CONSTANT CS2,
       Prop(i) ==
         \A T \in SUBSET S : ExistsBijection(1..i, T) => CS1[T] = CS2[T],
       NEW CONSTANT T \in SUBSET S,
       <4>2 
PROVE  fn(CS2, T) = 0

@!!END

@!!BEGIN
@!!type:obligation
@!!id:107
@!!loc:182:33:182:37
@!!status:to be proved
@!!obl:ASSUME NEW CONSTANT S,
       NEW CONSTANT n \in Nat,
       ExistsBijection(1..n, S) ,
       Size(T) == CHOOSE i \in Nat : ExistsBijection(1..i, T),
       fn(CS, T) == IF T = {} THEN 0 ELSE 1 + CS[T \ {CHOOSE x : x \in T}],
       IsCS(CS) == CS = [T \in SUBSET S |-> fn(CS, T)],
       NEW CONSTANT CS1,
       NEW CONSTANT CS2,
       Prop(i) ==
         \A T \in SUBSET S : ExistsBijection(1..i, T) => CS1[T] = CS2[T],
       NEW CONSTANT T \in SUBSET S
PROVE  <4>2

@!!END

@!!BEGIN
@!!type:obligation
@!!id:108
@!!loc:200:17:200:19
@!!status:to be proved
@!!obl:ASSUME NEW CONSTANT S,
       NEW CONSTANT n \in Nat,
       ExistsBijection(1..n, S) ,
       Size(T) == CHOOSE i \in Nat : ExistsBijection(1..i, T),
       IsCS(CS) == CS = [T \in SUBSET S |-> fn(CS, T)],
       NEW CONSTANT CS1,
       NEW CONSTANT CS2,
       Prop(i) ==
         \A T \in SUBSET S : ExistsBijection(1..i, T) => CS1[T] = CS2[T],
       NEW CONSTANT i \in Nat,
       NEW CONSTANT T \in SUBSET S,
       ExistsBijection(1..i + 1, T) ,
       NEW CONSTANT t \in T,
       U == T \ {t},
       <4>10 ,
       <4>11 ,
       <4>12 
PROVE  CS1[T] = CS2[T]

@!!END

@!!BEGIN
@!!type:obligation
@!!id:109
@!!loc:200:20:200:25
@!!status:to be proved
@!!obl:ASSUME NEW CONSTANT S,
       NEW CONSTANT n \in Nat,
       ExistsBijection(1..n, S) ,
       Size(T) == CHOOSE i \in Nat : ExistsBijection(1..i, T),
       IsCS(CS) == CS = [T \in SUBSET S |-> fn(CS, T)],
       NEW CONSTANT CS1,
       NEW CONSTANT CS2,
       Prop(i) ==
         \A T \in SUBSET S : ExistsBijection(1..i, T) => CS1[T] = CS2[T],
       NEW CONSTANT i \in Nat,
       NEW CONSTANT T \in SUBSET S,
       ExistsBijection(1..i + 1, T) ,
       NEW CONSTANT t \in T,
       U == T \ {t}
PROVE  <4>10

@!!END

@!!BEGIN
@!!type:obligation
@!!id:110
@!!loc:200:27:200:32
@!!status:to be proved
@!!obl:ASSUME NEW CONSTANT S,
       NEW CONSTANT n \in Nat,
       ExistsBijection(1..n, S) ,
       Size(T) == CHOOSE i \in Nat : ExistsBijection(1..i, T),
       IsCS(CS) == CS = [T \in SUBSET S |-> fn(CS, T)],
       NEW CONSTANT CS1,
       NEW CONSTANT CS2,
       Prop(i) ==
         \A T \in SUBSET S : ExistsBijection(1..i, T) => CS1[T] = CS2[T],
       NEW CONSTANT i \in Nat,
       NEW CONSTANT T \in SUBSET S,
       ExistsBijection(1..i + 1, T) ,
       NEW CONSTANT t \in T,
       U == T \ {t},
       <4>10 
PROVE  <4>11

@!!END

@!!BEGIN
@!!type:obligation
@!!id:111
@!!loc:200:34:200:39
@!!status:to be proved
@!!obl:ASSUME NEW CONSTANT S,
       NEW CONSTANT n \in Nat,
       ExistsBijection(1..n, S) ,
       Size(T) == CHOOSE i \in Nat : ExistsBijection(1..i, T),
       IsCS(CS) == CS = [T \in SUBSET S |-> fn(CS, T)],
       NEW CONSTANT CS1,
       NEW CONSTANT CS2,
       Prop(i) ==
         \A T \in SUBSET S : ExistsBijection(1..i, T) => CS1[T] = CS2[T],
       NEW CONSTANT i \in Nat,
       NEW CONSTANT T \in SUBSET S,
       ExistsBijection(1..i + 1, T) ,
       NEW CONSTANT t \in T,
       U == T \ {t},
       <4>10 ,
       <4>11 
PROVE  <4>12

@!!END

@!!BEGIN
@!!type:obligation
@!!id:112
@!!loc:191:15:191:22
@!!status:to be proved
@!!obl:ASSUME NEW CONSTANT S,
       NEW CONSTANT n \in Nat,
       ExistsBijection(1..n, S) ,
       Size(T) == CHOOSE i \in Nat : ExistsBijection(1..i, T),
       IsCS(CS) == CS = [T \in SUBSET S |-> fn(CS, T)],
       NEW CONSTANT CS1,
       NEW CONSTANT CS2,
       Prop(i) ==
         \A T \in SUBSET S : ExistsBijection(1..i, T) => CS1[T] = CS2[T],
       NEW CONSTANT i \in Nat,
       <4>_a130 
PROVE  Prop(i + 1)

@!!END

@!!BEGIN
@!!type:obligation
@!!id:113
@!!loc:192:41:192:43
@!!status:to be proved
@!!obl:ASSUME NEW CONSTANT S,
       NEW CONSTANT n \in Nat,
       ExistsBijection(1..n, S) ,
       Size(T) == CHOOSE i \in Nat : ExistsBijection(1..i, T),
       IsCS(CS) == CS = [T \in SUBSET S |-> fn(CS, T)],
       NEW CONSTANT CS1,
       NEW CONSTANT CS2,
       Prop(i) ==
         \A T \in SUBSET S : ExistsBijection(1..i, T) => CS1[T] = CS2[T],
       NEW CONSTANT i \in Nat,
       NEW CONSTANT T \in SUBSET S,
       ExistsBijection(1..i + 1, T) ,
       Fun_NatBijSame ,
       Z3 
PROVE  ~ExistsBijection(1..0, T)

@!!END

@!!BEGIN
@!!type:obligation
@!!id:114
@!!loc:192:44:192:58
@!!status:to be proved
@!!obl:ASSUME NEW CONSTANT S,
       NEW CONSTANT n \in Nat,
       ExistsBijection(1..n, S) ,
       Size(T) == CHOOSE i \in Nat : ExistsBijection(1..i, T),
       IsCS(CS) == CS = [T \in SUBSET S |-> fn(CS, T)],
       NEW CONSTANT CS1,
       NEW CONSTANT CS2,
       Prop(i) ==
         \A T \in SUBSET S : ExistsBijection(1..i, T) => CS1[T] = CS2[T],
       NEW CONSTANT i \in Nat,
       NEW CONSTANT T \in SUBSET S,
       ExistsBijection(1..i + 1, T) 
PROVE  Fun_NatBijSame

@!!END

@!!BEGIN
@!!type:obligation
@!!id:115
@!!loc:192:60:192:62
@!!status:to be proved
@!!obl:ASSUME NEW CONSTANT S,
       NEW CONSTANT n \in Nat,
       ExistsBijection(1..n, S) ,
       Size(T) == CHOOSE i \in Nat : ExistsBijection(1..i, T),
       IsCS(CS) == CS = [T \in SUBSET S |-> fn(CS, T)],
       NEW CONSTANT CS1,
       NEW CONSTANT CS2,
       Prop(i) ==
         \A T \in SUBSET S : ExistsBijection(1..i, T) => CS1[T] = CS2[T],
       NEW CONSTANT i \in Nat,
       NEW CONSTANT T \in SUBSET S,
       ExistsBijection(1..i + 1, T) ,
       Fun_NatBijSame 
PROVE  Z3

@!!END

@!!BEGIN
@!!type:obligation
@!!id:116
@!!loc:193:23:193:25
@!!status:to be proved
@!!obl:ASSUME NEW CONSTANT S,
       NEW CONSTANT n \in Nat,
       ExistsBijection(1..n, S) ,
       Size(T) == CHOOSE i \in Nat : ExistsBijection(1..i, T),
       IsCS(CS) == CS = [T \in SUBSET S |-> fn(CS, T)],
       NEW CONSTANT CS1,
       NEW CONSTANT CS2,
       Prop(i) ==
         \A T \in SUBSET S : ExistsBijection(1..i, T) => CS1[T] = CS2[T],
       NEW CONSTANT i \in Nat,
       NEW CONSTANT T \in SUBSET S,
       ExistsBijection(1..i + 1, T) ,
       <4>5 ,
       Fun_NatBijEmpty 
PROVE  T # {}

@!!END

@!!BEGIN
@!!type:obligation
@!!id:117
@!!loc:193:26:193:30
@!!status:to be proved
@!!obl:ASSUME NEW CONSTANT S,
       NEW CONSTANT n \in Nat,
       ExistsBijection(1..n, S) ,
       Size(T) == CHOOSE i \in Nat : ExistsBijection(1..i, T),
       IsCS(CS) == CS = [T \in SUBSET S |-> fn(CS, T)],
       NEW CONSTANT CS1,
       NEW CONSTANT CS2,
       Prop(i) ==
         \A T \in SUBSET S : ExistsBijection(1..i, T) => CS1[T] = CS2[T],
       NEW CONSTANT i \in Nat,
       NEW CONSTANT T \in SUBSET S,
       ExistsBijection(1..i + 1, T) 
PROVE  <4>5

@!!END

@!!BEGIN
@!!type:obligation
@!!id:118
@!!loc:193:32:193:47
@!!status:to be proved
@!!obl:ASSUME NEW CONSTANT S,
       NEW CONSTANT n \in Nat,
       ExistsBijection(1..n, S) ,
       Size(T) == CHOOSE i \in Nat : ExistsBijection(1..i, T),
       IsCS(CS) == CS = [T \in SUBSET S |-> fn(CS, T)],
       NEW CONSTANT CS1,
       NEW CONSTANT CS2,
       Prop(i) ==
         \A T \in SUBSET S : ExistsBijection(1..i, T) => CS1[T] = CS2[T],
       NEW CONSTANT i \in Nat,
       NEW CONSTANT T \in SUBSET S,
       ExistsBijection(1..i + 1, T) ,
       <4>5 
PROVE  Fun_NatBijEmpty

@!!END

@!!BEGIN
@!!type:obligation
@!!id:119
@!!loc:194:54:194:56
@!!status:to be proved
@!!obl:ASSUME NEW CONSTANT S,
       NEW CONSTANT n \in Nat,
       ExistsBijection(1..n, S) ,
       Size(T) == CHOOSE i \in Nat : ExistsBijection(1..i, T),
       IsCS(CS) == CS = [T \in SUBSET S |-> fn(CS, T)],
       NEW CONSTANT CS1,
       NEW CONSTANT CS2,
       Prop(i) ==
         \A T \in SUBSET S : ExistsBijection(1..i, T) => CS1[T] = CS2[T],
       NEW CONSTANT i \in Nat,
       NEW CONSTANT T \in SUBSET S,
       ExistsBijection(1..i + 1, T) ,
       <4>6 
PROVE  \E t \in T : t = (CHOOSE x : x \in T)

@!!END

@!!BEGIN
@!!type:obligation
@!!id:120
@!!loc:194:57:194:61
@!!status:to be proved
@!!obl:ASSUME NEW CONSTANT S,
       NEW CONSTANT n \in Nat,
       ExistsBijection(1..n, S) ,
       Size(T) == CHOOSE i \in Nat : ExistsBijection(1..i, T),
       IsCS(CS) == CS = [T \in SUBSET S |-> fn(CS, T)],
       NEW CONSTANT CS1,
       NEW CONSTANT CS2,
       Prop(i) ==
         \A T \in SUBSET S : ExistsBijection(1..i, T) => CS1[T] = CS2[T],
       NEW CONSTANT i \in Nat,
       NEW CONSTANT T \in SUBSET S,
       ExistsBijection(1..i + 1, T) 
PROVE  <4>6

@!!END

@!!BEGIN
@!!type:obligation
@!!id:122
@!!loc:196:40:196:42
@!!status:to be proved
@!!obl:ASSUME NEW CONSTANT S,
       NEW CONSTANT n \in Nat,
       ExistsBijection(1..n, S) ,
       Size(T) == CHOOSE i \in Nat : ExistsBijection(1..i, T),
       IsCS(CS) == CS = [T \in SUBSET S |-> fn(CS, T)],
       NEW CONSTANT CS1,
       NEW CONSTANT CS2,
       Prop(i) ==
         \A T \in SUBSET S : ExistsBijection(1..i, T) => CS1[T] = CS2[T],
       NEW CONSTANT i \in Nat,
       NEW CONSTANT T \in SUBSET S,
       ExistsBijection(1..i + 1, T) ,
       NEW CONSTANT t \in T,
       U == T \ {t},
       Fun_NatBijSubElem ,
       Z3 
PROVE  ExistsBijection(1..i, U)

@!!END

@!!BEGIN
@!!type:obligation
@!!id:123
@!!loc:196:43:196:60
@!!status:to be proved
@!!obl:ASSUME NEW CONSTANT S,
       NEW CONSTANT n \in Nat,
       ExistsBijection(1..n, S) ,
       Size(T) == CHOOSE i \in Nat : ExistsBijection(1..i, T),
       IsCS(CS) == CS = [T \in SUBSET S |-> fn(CS, T)],
       NEW CONSTANT CS1,
       NEW CONSTANT CS2,
       Prop(i) ==
         \A T \in SUBSET S : ExistsBijection(1..i, T) => CS1[T] = CS2[T],
       NEW CONSTANT i \in Nat,
       NEW CONSTANT T \in SUBSET S,
       ExistsBijection(1..i + 1, T) ,
       NEW CONSTANT t \in T,
       U == T \ {t}
PROVE  Fun_NatBijSubElem

@!!END

@!!BEGIN
@!!type:obligation
@!!id:124
@!!loc:196:62:196:64
@!!status:to be proved
@!!obl:ASSUME NEW CONSTANT S,
       NEW CONSTANT n \in Nat,
       ExistsBijection(1..n, S) ,
       Size(T) == CHOOSE i \in Nat : ExistsBijection(1..i, T),
       IsCS(CS) == CS = [T \in SUBSET S |-> fn(CS, T)],
       NEW CONSTANT CS1,
       NEW CONSTANT CS2,
       Prop(i) ==
         \A T \in SUBSET S : ExistsBijection(1..i, T) => CS1[T] = CS2[T],
       NEW CONSTANT i \in Nat,
       NEW CONSTANT T \in SUBSET S,
       ExistsBijection(1..i + 1, T) ,
       NEW CONSTANT t \in T,
       U == T \ {t},
       Fun_NatBijSubElem 
PROVE  Z3

@!!END

@!!BEGIN
@!!type:obligation
@!!id:125
@!!loc:197:33:197:35
@!!status:to be proved
@!!obl:ASSUME NEW CONSTANT S,
       NEW CONSTANT n \in Nat,
       ExistsBijection(1..n, S) ,
       Size(T) == CHOOSE i \in Nat : ExistsBijection(1..i, T),
       IsCS(CS) == CS = [T \in SUBSET S |-> fn(CS, T)],
       NEW CONSTANT CS1,
       NEW CONSTANT CS2,
       Prop(i) ==
         \A T \in SUBSET S : ExistsBijection(1..i, T) => CS1[T] = CS2[T],
       NEW CONSTANT i \in Nat,
       NEW CONSTANT T \in SUBSET S,
       ExistsBijection(1..i + 1, T) ,
       NEW CONSTANT t \in T,
       U == T \ {t},
       <4>9 ,
       <3>2 
PROVE  CS1[U] = CS2[U]

@!!END

@!!BEGIN
@!!type:obligation
@!!id:126
@!!loc:197:36:197:40
@!!status:to be proved
@!!obl:ASSUME NEW CONSTANT S,
       NEW CONSTANT n \in Nat,
       ExistsBijection(1..n, S) ,
       Size(T) == CHOOSE i \in Nat : ExistsBijection(1..i, T),
       IsCS(CS) == CS = [T \in SUBSET S |-> fn(CS, T)],
       NEW CONSTANT CS1,
       NEW CONSTANT CS2,
       Prop(i) ==
         \A T \in SUBSET S : ExistsBijection(1..i, T) => CS1[T] = CS2[T],
       NEW CONSTANT i \in Nat,
       NEW CONSTANT T \in SUBSET S,
       ExistsBijection(1..i + 1, T) ,
       NEW CONSTANT t \in T,
       U == T \ {t}
PROVE  <4>9

@!!END

@!!BEGIN
@!!type:obligation
@!!id:127
@!!loc:197:42:197:46
@!!status:to be proved
@!!obl:ASSUME NEW CONSTANT S,
       NEW CONSTANT n \in Nat,
       ExistsBijection(1..n, S) ,
       Size(T) == CHOOSE i \in Nat : ExistsBijection(1..i, T),
       IsCS(CS) == CS = [T \in SUBSET S |-> fn(CS, T)],
       NEW CONSTANT CS1,
       NEW CONSTANT CS2,
       Prop(i) ==
         \A T \in SUBSET S : ExistsBijection(1..i, T) => CS1[T] = CS2[T],
       NEW CONSTANT i \in Nat,
       NEW CONSTANT T \in SUBSET S,
       ExistsBijection(1..i + 1, T) ,
       NEW CONSTANT t \in T,
       U == T \ {t},
       <4>9 
PROVE  <3>2

@!!END

@!!BEGIN
@!!type:obligation
@!!id:128
@!!loc:198:37:198:39
@!!status:to be proved
@!!obl:ASSUME NEW CONSTANT S,
       NEW CONSTANT n \in Nat,
       ExistsBijection(1..n, S) ,
       Size(T) == CHOOSE i \in Nat : ExistsBijection(1..i, T),
       fn(CS, T) == IF T = {} THEN 0 ELSE 1 + CS[T \ {CHOOSE x : x \in T}],
       IsCS(CS) == CS = [T \in SUBSET S |-> fn(CS, T)],
       NEW CONSTANT CS1,
       NEW CONSTANT CS2,
       Prop(i) ==
         \A T \in SUBSET S : ExistsBijection(1..i, T) => CS1[T] = CS2[T],
       NEW CONSTANT i \in Nat,
       NEW CONSTANT T \in SUBSET S,
       ExistsBijection(1..i + 1, T) ,
       NEW CONSTANT t \in T,
       U == T \ {t},
       <4>6 ,
       <4>7 ,
       <1>2 ,
       Zenon 
PROVE  CS1[T] = 1 + CS1[U]

@!!END

@!!BEGIN
@!!type:obligation
@!!id:129
@!!loc:198:40:198:44
@!!status:to be proved
@!!obl:ASSUME NEW CONSTANT S,
       NEW CONSTANT n \in Nat,
       ExistsBijection(1..n, S) ,
       Size(T) == CHOOSE i \in Nat : ExistsBijection(1..i, T),
       fn(CS, T) == IF T = {} THEN 0 ELSE 1 + CS[T \ {CHOOSE x : x \in T}],
       IsCS(CS) == CS = [T \in SUBSET S |-> fn(CS, T)],
       NEW CONSTANT CS1,
       NEW CONSTANT CS2,
       Prop(i) ==
         \A T \in SUBSET S : ExistsBijection(1..i, T) => CS1[T] = CS2[T],
       NEW CONSTANT i \in Nat,
       NEW CONSTANT T \in SUBSET S,
       ExistsBijection(1..i + 1, T) ,
       NEW CONSTANT t \in T,
       U == T \ {t}
PROVE  <4>6

@!!END

@!!BEGIN
@!!type:obligation
@!!id:130
@!!loc:198:46:198:50
@!!status:to be proved
@!!obl:ASSUME NEW CONSTANT S,
       NEW CONSTANT n \in Nat,
       ExistsBijection(1..n, S) ,
       Size(T) == CHOOSE i \in Nat : ExistsBijection(1..i, T),
       fn(CS, T) == IF T = {} THEN 0 ELSE 1 + CS[T \ {CHOOSE x : x \in T}],
       IsCS(CS) == CS = [T \in SUBSET S |-> fn(CS, T)],
       NEW CONSTANT CS1,
       NEW CONSTANT CS2,
       Prop(i) ==
         \A T \in SUBSET S : ExistsBijection(1..i, T) => CS1[T] = CS2[T],
       NEW CONSTANT i \in Nat,
       NEW CONSTANT T \in SUBSET S,
       ExistsBijection(1..i + 1, T) ,
       NEW CONSTANT t \in T,
       U == T \ {t},
       <4>6 
PROVE  <4>7

@!!END

@!!BEGIN
@!!type:obligation
@!!id:131
@!!loc:198:52:198:56
@!!status:to be proved
@!!obl:ASSUME NEW CONSTANT S,
       NEW CONSTANT n \in Nat,
       ExistsBijection(1..n, S) ,
       Size(T) == CHOOSE i \in Nat : ExistsBijection(1..i, T),
       fn(CS, T) == IF T = {} THEN 0 ELSE 1 + CS[T \ {CHOOSE x : x \in T}],
       IsCS(CS) == CS = [T \in SUBSET S |-> fn(CS, T)],
       NEW CONSTANT CS1,
       NEW CONSTANT CS2,
       Prop(i) ==
         \A T \in SUBSET S : ExistsBijection(1..i, T) => CS1[T] = CS2[T],
       NEW CONSTANT i \in Nat,
       NEW CONSTANT T \in SUBSET S,
       ExistsBijection(1..i + 1, T) ,
       NEW CONSTANT t \in T,
       U == T \ {t},
       <4>6 ,
       <4>7 
PROVE  <1>2

@!!END

@!!BEGIN
@!!type:obligation
@!!id:132
@!!loc:198:58:198:63
@!!status:to be proved
@!!obl:ASSUME NEW CONSTANT S,
       NEW CONSTANT n \in Nat,
       ExistsBijection(1..n, S) ,
       Size(T) == CHOOSE i \in Nat : ExistsBijection(1..i, T),
       fn(CS, T) == IF T = {} THEN 0 ELSE 1 + CS[T \ {CHOOSE x : x \in T}],
       IsCS(CS) == CS = [T \in SUBSET S |-> fn(CS, T)],
       NEW CONSTANT CS1,
       NEW CONSTANT CS2,
       Prop(i) ==
         \A T \in SUBSET S : ExistsBijection(1..i, T) => CS1[T] = CS2[T],
       NEW CONSTANT i \in Nat,
       NEW CONSTANT T \in SUBSET S,
       ExistsBijection(1..i + 1, T) ,
       NEW CONSTANT t \in T,
       U == T \ {t},
       <4>6 ,
       <4>7 ,
       <1>2 
PROVE  Zenon

@!!END

@!!BEGIN
@!!type:obligation
@!!id:133
@!!loc:199:37:199:39
@!!status:to be proved
@!!obl:ASSUME NEW CONSTANT S,
       NEW CONSTANT n \in Nat,
       ExistsBijection(1..n, S) ,
       Size(T) == CHOOSE i \in Nat : ExistsBijection(1..i, T),
       fn(CS, T) == IF T = {} THEN 0 ELSE 1 + CS[T \ {CHOOSE x : x \in T}],
       IsCS(CS) == CS = [T \in SUBSET S |-> fn(CS, T)],
       NEW CONSTANT CS1,
       NEW CONSTANT CS2,
       Prop(i) ==
         \A T \in SUBSET S : ExistsBijection(1..i, T) => CS1[T] = CS2[T],
       NEW CONSTANT i \in Nat,
       NEW CONSTANT T \in SUBSET S,
       ExistsBijection(1..i + 1, T) ,
       NEW CONSTANT t \in T,
       U == T \ {t},
       <4>6 ,
       <4>7 ,
       <1>2 ,
       Zenon 
PROVE  CS2[T] = 1 + CS2[U]

@!!END

@!!BEGIN
@!!type:obligation
@!!id:134
@!!loc:199:40:199:44
@!!status:to be proved
@!!obl:ASSUME NEW CONSTANT S,
       NEW CONSTANT n \in Nat,
       ExistsBijection(1..n, S) ,
       Size(T) == CHOOSE i \in Nat : ExistsBijection(1..i, T),
       fn(CS, T) == IF T = {} THEN 0 ELSE 1 + CS[T \ {CHOOSE x : x \in T}],
       IsCS(CS) == CS = [T \in SUBSET S |-> fn(CS, T)],
       NEW CONSTANT CS1,
       NEW CONSTANT CS2,
       Prop(i) ==
         \A T \in SUBSET S : ExistsBijection(1..i, T) => CS1[T] = CS2[T],
       NEW CONSTANT i \in Nat,
       NEW CONSTANT T \in SUBSET S,
       ExistsBijection(1..i + 1, T) ,
       NEW CONSTANT t \in T,
       U == T \ {t}
PROVE  <4>6

@!!END

@!!BEGIN
@!!type:obligation
@!!id:135
@!!loc:199:46:199:50
@!!status:to be proved
@!!obl:ASSUME NEW CONSTANT S,
       NEW CONSTANT n \in Nat,
       ExistsBijection(1..n, S) ,
       Size(T) == CHOOSE i \in Nat : ExistsBijection(1..i, T),
       fn(CS, T) == IF T = {} THEN 0 ELSE 1 + CS[T \ {CHOOSE x : x \in T}],
       IsCS(CS) == CS = [T \in SUBSET S |-> fn(CS, T)],
       NEW CONSTANT CS1,
       NEW CONSTANT CS2,
       Prop(i) ==
         \A T \in SUBSET S : ExistsBijection(1..i, T) => CS1[T] = CS2[T],
       NEW CONSTANT i \in Nat,
       NEW CONSTANT T \in SUBSET S,
       ExistsBijection(1..i + 1, T) ,
       NEW CONSTANT t \in T,
       U == T \ {t},
       <4>6 
PROVE  <4>7

@!!END

@!!BEGIN
@!!type:obligation
@!!id:136
@!!loc:199:52:199:56
@!!status:to be proved
@!!obl:ASSUME NEW CONSTANT S,
       NEW CONSTANT n \in Nat,
       ExistsBijection(1..n, S) ,
       Size(T) == CHOOSE i \in Nat : ExistsBijection(1..i, T),
       fn(CS, T) == IF T = {} THEN 0 ELSE 1 + CS[T \ {CHOOSE x : x \in T}],
       IsCS(CS) == CS = [T \in SUBSET S |-> fn(CS, T)],
       NEW CONSTANT CS1,
       NEW CONSTANT CS2,
       Prop(i) ==
         \A T \in SUBSET S : ExistsBijection(1..i, T) => CS1[T] = CS2[T],
       NEW CONSTANT i \in Nat,
       NEW CONSTANT T \in SUBSET S,
       ExistsBijection(1..i + 1, T) ,
       NEW CONSTANT t \in T,
       U == T \ {t},
       <4>6 ,
       <4>7 
PROVE  <1>2

@!!END

@!!BEGIN
@!!type:obligation
@!!id:137
@!!loc:199:58:199:63
@!!status:to be proved
@!!obl:ASSUME NEW CONSTANT S,
       NEW CONSTANT n \in Nat,
       ExistsBijection(1..n, S) ,
       Size(T) == CHOOSE i \in Nat : ExistsBijection(1..i, T),
       fn(CS, T) == IF T = {} THEN 0 ELSE 1 + CS[T \ {CHOOSE x : x \in T}],
       IsCS(CS) == CS = [T \in SUBSET S |-> fn(CS, T)],
       NEW CONSTANT CS1,
       NEW CONSTANT CS2,
       Prop(i) ==
         \A T \in SUBSET S : ExistsBijection(1..i, T) => CS1[T] = CS2[T],
       NEW CONSTANT i \in Nat,
       NEW CONSTANT T \in SUBSET S,
       ExistsBijection(1..i + 1, T) ,
       NEW CONSTANT t \in T,
       U == T \ {t},
       <4>6 ,
       <4>7 ,
       <1>2 
PROVE  Zenon

@!!END

@!!BEGIN
@!!type:obligation
@!!id:138
@!!loc:205:68:205:70
@!!status:to be proved
@!!obl:ASSUME NEW CONSTANT S,
       NEW CONSTANT n \in Nat,
       ExistsBijection(1..n, S) ,
       Size(T) == CHOOSE i \in Nat : ExistsBijection(1..i, T),
       IsCS(CS) == CS = [T \in SUBSET S |-> fn(CS, T)],
       NEW CONSTANT CS1,
       NEW CONSTANT CS2,
       Prop(i) ==
         \A T \in SUBSET S : ExistsBijection(1..i, T) => CS1[T] = CS2[T],
       <2>_a131 ,
       <1>2 ,
       Zenon 
PROVE  CS1 = CS2

@!!END

@!!BEGIN
@!!type:obligation
@!!id:139
@!!loc:205:71:205:75
@!!status:to be proved
@!!obl:ASSUME NEW CONSTANT S,
       NEW CONSTANT n \in Nat,
       ExistsBijection(1..n, S) ,
       Size(T) == CHOOSE i \in Nat : ExistsBijection(1..i, T),
       IsCS(CS) == CS = [T \in SUBSET S |-> fn(CS, T)],
       NEW CONSTANT CS1,
       NEW CONSTANT CS2,
       Prop(i) ==
         \A T \in SUBSET S : ExistsBijection(1..i, T) => CS1[T] = CS2[T],
       <2>_a131 
PROVE  <1>2

@!!END

@!!BEGIN
@!!type:obligation
@!!id:140
@!!loc:205:77:205:82
@!!status:to be proved
@!!obl:ASSUME NEW CONSTANT S,
       NEW CONSTANT n \in Nat,
       ExistsBijection(1..n, S) ,
       Size(T) == CHOOSE i \in Nat : ExistsBijection(1..i, T),
       IsCS(CS) == CS = [T \in SUBSET S |-> fn(CS, T)],
       NEW CONSTANT CS1,
       NEW CONSTANT CS2,
       Prop(i) ==
         \A T \in SUBSET S : ExistsBijection(1..i, T) => CS1[T] = CS2[T],
       <2>_a131 ,
       <1>2 
PROVE  Zenon

@!!END

@!!BEGIN
@!!type:obligation
@!!id:141
@!!loc:206:53:206:55
@!!status:to be proved
@!!obl:ASSUME NEW CONSTANT S,
       NEW CONSTANT n \in Nat,
       ExistsBijection(1..n, S) ,
       Size(T) == CHOOSE i \in Nat : ExistsBijection(1..i, T),
       IsCS(CS) == CS = [T \in SUBSET S |-> fn(CS, T)],
       NEW CONSTANT CS1,
       NEW CONSTANT CS2,
       Prop(i) ==
         \A T \in SUBSET S : ExistsBijection(1..i, T) => CS1[T] = CS2[T],
       NEW CONSTANT T \in SUBSET S,
       Fun_NatBijSubset ,
       Zenon 
PROVE  \E i \in Nat : ExistsBijection(1..i, T)

@!!END

@!!BEGIN
@!!type:obligation
@!!id:142
@!!loc:206:56:206:72
@!!status:to be proved
@!!obl:ASSUME NEW CONSTANT S,
       NEW CONSTANT n \in Nat,
       ExistsBijection(1..n, S) ,
       Size(T) == CHOOSE i \in Nat : ExistsBijection(1..i, T),
       IsCS(CS) == CS = [T \in SUBSET S |-> fn(CS, T)],
       NEW CONSTANT CS1,
       NEW CONSTANT CS2,
       Prop(i) ==
         \A T \in SUBSET S : ExistsBijection(1..i, T) => CS1[T] = CS2[T],
       NEW CONSTANT T \in SUBSET S
PROVE  Fun_NatBijSubset

@!!END

@!!BEGIN
@!!type:obligation
@!!id:143
@!!loc:206:74:206:79
@!!status:to be proved
@!!obl:ASSUME NEW CONSTANT S,
       NEW CONSTANT n \in Nat,
       ExistsBijection(1..n, S) ,
       Size(T) == CHOOSE i \in Nat : ExistsBijection(1..i, T),
       IsCS(CS) == CS = [T \in SUBSET S |-> fn(CS, T)],
       NEW CONSTANT CS1,
       NEW CONSTANT CS2,
       Prop(i) ==
         \A T \in SUBSET S : ExistsBijection(1..i, T) => CS1[T] = CS2[T],
       NEW CONSTANT T \in SUBSET S,
       Fun_NatBijSubset 
PROVE  Zenon

@!!END

@!!BEGIN
@!!type:obligation
@!!id:145
@!!loc:214:19:214:21
@!!status:to be proved
@!!obl:ASSUME NEW CONSTANT S,
       NEW CONSTANT n \in Nat,
       ExistsBijection(1..n, S) ,
       Size(T) == CHOOSE i \in Nat : ExistsBijection(1..i, T),
       IsCS(CS) == CS = [T \in SUBSET S |-> fn(CS, T)],
       CS == CHOOSE CS : IsCS(CS),
       <1>1 
PROVE  IsCS(CS)

@!!END

@!!BEGIN
@!!type:obligation
@!!id:146
@!!loc:214:22:214:26
@!!status:to be proved
@!!obl:ASSUME NEW CONSTANT S,
       NEW CONSTANT n \in Nat,
       ExistsBijection(1..n, S) ,
       Size(T) == CHOOSE i \in Nat : ExistsBijection(1..i, T),
       IsCS(CS) == CS = [T \in SUBSET S |-> fn(CS, T)],
       CS == CHOOSE CS : IsCS(CS)
PROVE  <1>1

@!!END

@!!BEGIN
@!!type:obligation
@!!id:147
@!!loc:215:18:215:20
@!!status:to be proved
@!!obl:ASSUME NEW CONSTANT S,
       NEW CONSTANT n \in Nat,
       ExistsBijection(1..n, S) ,
       Size(T) == CHOOSE i \in Nat : ExistsBijection(1..i, T),
       IsCS(CS) == CS = [T \in SUBSET S |-> fn(CS, T)],
       <1>1 ,
       <1>2 ,
       <1>3 ,
       Zenon 
PROVE  CS = SZ

@!!END

@!!BEGIN
@!!type:obligation
@!!id:148
@!!loc:215:21:215:25
@!!status:to be proved
@!!obl:ASSUME NEW CONSTANT S,
       NEW CONSTANT n \in Nat,
       ExistsBijection(1..n, S) ,
       Size(T) == CHOOSE i \in Nat : ExistsBijection(1..i, T),
       IsCS(CS) == CS = [T \in SUBSET S |-> fn(CS, T)]
PROVE  <1>1

@!!END

@!!BEGIN
@!!type:obligation
@!!id:149
@!!loc:215:27:215:31
@!!status:to be proved
@!!obl:ASSUME NEW CONSTANT S,
       NEW CONSTANT n \in Nat,
       ExistsBijection(1..n, S) ,
       Size(T) == CHOOSE i \in Nat : ExistsBijection(1..i, T),
       IsCS(CS) == CS = [T \in SUBSET S |-> fn(CS, T)],
       <1>1 
PROVE  <1>2

@!!END

@!!BEGIN
@!!type:obligation
@!!id:150
@!!loc:215:33:215:37
@!!status:to be proved
@!!obl:ASSUME NEW CONSTANT S,
       NEW CONSTANT n \in Nat,
       ExistsBijection(1..n, S) ,
       Size(T) == CHOOSE i \in Nat : ExistsBijection(1..i, T),
       IsCS(CS) == CS = [T \in SUBSET S |-> fn(CS, T)],
       <1>1 ,
       <1>2 
PROVE  <1>3

@!!END

@!!BEGIN
@!!type:obligation
@!!id:151
@!!loc:215:39:215:44
@!!status:to be proved
@!!obl:ASSUME NEW CONSTANT S,
       NEW CONSTANT n \in Nat,
       ExistsBijection(1..n, S) ,
       Size(T) == CHOOSE i \in Nat : ExistsBijection(1..i, T),
       IsCS(CS) == CS = [T \in SUBSET S |-> fn(CS, T)],
       <1>1 ,
       <1>2 ,
       <1>3 
PROVE  Zenon

@!!END

@!!BEGIN
@!!type:obligation
@!!id:152
@!!loc:218:33:218:35
@!!status:to be proved
@!!obl:ASSUME Cardinality(S) ==
         LET CS ==
               CHOOSE CS :
                 CS
                 = [T \in SUBSET S |->
                      IF T = {} THEN 0 ELSE 1 + CS[T \ {CHOOSE x : x \in T}]]
         IN  CS[S],
       NEW CONSTANT S,
       NEW CONSTANT n \in Nat,
       ExistsBijection(1..n, S) ,
       Size(T) == CHOOSE i \in Nat : ExistsBijection(1..i, T),
       fn(CS, T) == IF T = {} THEN 0 ELSE 1 + CS[T \ {CHOOSE x : x \in T}],
       IsCS(CS) == CS = [T \in SUBSET S |-> fn(CS, T)],
       CS == CHOOSE CS : IsCS(CS),
       Zenon 
PROVE  Cardinality(S) = CS[S]

@!!END

@!!BEGIN
@!!type:obligation
@!!id:153
@!!loc:218:36:218:41
@!!status:to be proved
@!!obl:ASSUME Cardinality(S) ==
         LET CS ==
               CHOOSE CS :
                 CS
                 = [T \in SUBSET S |->
                      IF T = {} THEN 0 ELSE 1 + CS[T \ {CHOOSE x : x \in T}]]
         IN  CS[S],
       NEW CONSTANT S,
       NEW CONSTANT n \in Nat,
       ExistsBijection(1..n, S) ,
       Size(T) == CHOOSE i \in Nat : ExistsBijection(1..i, T),
       fn(CS, T) == IF T = {} THEN 0 ELSE 1 + CS[T \ {CHOOSE x : x \in T}],
       IsCS(CS) == CS = [T \in SUBSET S |-> fn(CS, T)],
       CS == CHOOSE CS : IsCS(CS)
PROVE  Zenon

@!!END

@!!BEGIN
@!!type:obligation
@!!id:154
@!!loc:219:26:219:28
@!!status:to be proved
@!!obl:ASSUME NEW CONSTANT S,
       NEW CONSTANT n \in Nat,
       ExistsBijection(1..n, S) ,
       Size(T) == CHOOSE i \in Nat : ExistsBijection(1..i, T),
       SZ == [T \in SUBSET S |-> Size(T)],
       IsCS(CS) == CS = [T \in SUBSET S |-> fn(CS, T)],
       Zenon 
PROVE  SZ[S] = Size(S)

@!!END

@!!BEGIN
@!!type:obligation
@!!id:155
@!!loc:219:29:219:34
@!!status:to be proved
@!!obl:ASSUME NEW CONSTANT S,
       NEW CONSTANT n \in Nat,
       ExistsBijection(1..n, S) ,
       Size(T) == CHOOSE i \in Nat : ExistsBijection(1..i, T),
       SZ == [T \in SUBSET S |-> Size(T)],
       IsCS(CS) == CS = [T \in SUBSET S |-> fn(CS, T)]
PROVE  Zenon

@!!END

@!!BEGIN
@!!type:obligation
@!!id:156
@!!loc:220:22:220:24
@!!status:to be proved
@!!obl:ASSUME NEW CONSTANT S,
       NEW CONSTANT n \in Nat,
       ExistsBijection(1..n, S) ,
       Size(T) == CHOOSE i \in Nat : ExistsBijection(1..i, T),
       IsCS(CS) == CS = [T \in SUBSET S |-> fn(CS, T)],
       Fun_NatBijSame 
PROVE  Size(S) = n

@!!END

@!!BEGIN
@!!type:obligation
@!!id:157
@!!loc:220:25:220:39
@!!status:to be proved
@!!obl:ASSUME NEW CONSTANT S,
       NEW CONSTANT n \in Nat,
       ExistsBijection(1..n, S) ,
       Size(T) == CHOOSE i \in Nat : ExistsBijection(1..i, T),
       IsCS(CS) == CS = [T \in SUBSET S |-> fn(CS, T)]
PROVE  Fun_NatBijSame

@!!END

@!!BEGIN
@!!type:obligation
@!!id:158
@!!loc:230:1:230:3
@!!status:to be proved
@!!obl:ASSUME NEW CONSTANT S,
       NEW CONSTANT n \in Nat,
       ExistsSurjection(1..n, S) ,
       Fun_NatSurjImpliesNatBij ,
       FS_CountingElements 
PROVE  Cardinality(S) =< n

@!!END

@!!BEGIN
@!!type:obligation
@!!id:159
@!!loc:230:4:230:28
@!!status:to be proved
@!!obl:ASSUME NEW CONSTANT S,
       NEW CONSTANT n \in Nat,
       ExistsSurjection(1..n, S) 
PROVE  Fun_NatSurjImpliesNatBij

@!!END

@!!BEGIN
@!!type:obligation
@!!id:160
@!!loc:230:30:230:49
@!!status:to be proved
@!!obl:ASSUME NEW CONSTANT S,
       NEW CONSTANT n \in Nat,
       ExistsSurjection(1..n, S) ,
       Fun_NatSurjImpliesNatBij 
PROVE  FS_CountingElements

@!!END

@!!BEGIN
@!!type:obligation
@!!id:161
@!!loc:245:1:245:3
@!!status:to be proved
@!!obl:ASSUME NEW CONSTANT S,
       IsFiniteSet(S) ,
       FS_NatBijection ,
       FS_CountingElements 
PROVE  /\ Cardinality(S) \in Nat
       /\ ExistsBijection(1..Cardinality(S), S)

@!!END

@!!BEGIN
@!!type:obligation
@!!id:162
@!!loc:245:4:245:19
@!!status:to be proved
@!!obl:ASSUME NEW CONSTANT S,
       IsFiniteSet(S) 
PROVE  FS_NatBijection

@!!END

@!!BEGIN
@!!type:obligation
@!!id:163
@!!loc:245:21:245:40
@!!status:to be proved
@!!obl:ASSUME NEW CONSTANT S,
       IsFiniteSet(S) ,
       FS_NatBijection 
PROVE  FS_CountingElements

@!!END

@!!BEGIN
@!!type:obligation
@!!id:164
@!!loc:260:1:260:3
@!!status:to be proved
@!!obl:ASSUME NEW CONSTANT S,
       NEW CONSTANT T,
       IsFiniteSet(S) ,
       ExistsBijection(S, T) ,
       FS_CardinalityType ,
       Fun_ExistsBijTransitive ,
       FS_CountingElements ,
       FS_NatBijection 
PROVE  /\ IsFiniteSet(T)
       /\ Cardinality(T) = Cardinality(S)

@!!END

@!!BEGIN
@!!type:obligation
@!!id:165
@!!loc:260:4:260:22
@!!status:to be proved
@!!obl:ASSUME NEW CONSTANT S,
       NEW CONSTANT T,
       IsFiniteSet(S) ,
       ExistsBijection(S, T) 
PROVE  FS_CardinalityType

@!!END

@!!BEGIN
@!!type:obligation
@!!id:166
@!!loc:260:24:260:47
@!!status:to be proved
@!!obl:ASSUME NEW CONSTANT S,
       NEW CONSTANT T,
       IsFiniteSet(S) ,
       ExistsBijection(S, T) ,
       FS_CardinalityType 
PROVE  Fun_ExistsBijTransitive

@!!END

@!!BEGIN
@!!type:obligation
@!!id:167
@!!loc:260:49:260:68
@!!status:to be proved
@!!obl:ASSUME NEW CONSTANT S,
       NEW CONSTANT T,
       IsFiniteSet(S) ,
       ExistsBijection(S, T) ,
       FS_CardinalityType ,
       Fun_ExistsBijTransitive 
PROVE  FS_CountingElements

@!!END

@!!BEGIN
@!!type:obligation
@!!id:168
@!!loc:261:4:261:19
@!!status:to be proved
@!!obl:ASSUME NEW CONSTANT S,
       NEW CONSTANT T,
       IsFiniteSet(S) ,
       ExistsBijection(S, T) ,
       FS_CardinalityType ,
       Fun_ExistsBijTransitive ,
       FS_CountingElements 
PROVE  FS_NatBijection

@!!END

@!!BEGIN
@!!type:obligation
@!!id:169
@!!loc:268:1:268:3
@!!status:to be proved
@!!obl:ASSUME NEW CONSTANT S,
       NEW CONSTANT T,
       IsFiniteSet(S) ,
       IsFiniteSet(T) ,
       Cardinality(S) = Cardinality(T) ,
       FS_CardinalityType ,
       Fun_ExistsBijSymmetric ,
       Fun_ExistsBijTransitive 
PROVE  ExistsBijection(S, T)

@!!END

@!!BEGIN
@!!type:obligation
@!!id:170
@!!loc:268:4:268:22
@!!status:to be proved
@!!obl:ASSUME NEW CONSTANT S,
       NEW CONSTANT T,
       IsFiniteSet(S) ,
       IsFiniteSet(T) ,
       Cardinality(S) = Cardinality(T) 
PROVE  FS_CardinalityType

@!!END

@!!BEGIN
@!!type:obligation
@!!id:171
@!!loc:268:24:268:46
@!!status:to be proved
@!!obl:ASSUME NEW CONSTANT S,
       NEW CONSTANT T,
       IsFiniteSet(S) ,
       IsFiniteSet(T) ,
       Cardinality(S) = Cardinality(T) ,
       FS_CardinalityType 
PROVE  Fun_ExistsBijSymmetric

@!!END

@!!BEGIN
@!!type:obligation
@!!id:172
@!!loc:268:48:268:71
@!!status:to be proved
@!!obl:ASSUME NEW CONSTANT S,
       NEW CONSTANT T,
       IsFiniteSet(S) ,
       IsFiniteSet(T) ,
       Cardinality(S) = Cardinality(T) ,
       FS_CardinalityType ,
       Fun_ExistsBijSymmetric 
PROVE  Fun_ExistsBijTransitive

@!!END

@!!BEGIN
@!!type:obligation
@!!id:173
@!!loc:323:11:323:13
@!!status:to be proved
@!!obl:ASSUME NEW CONSTANT S,
       NEW CONSTANT T,
       IsFiniteSet(S) ,
       Cardinality(S) = Cardinality(T) ,
       NEW CONSTANT f \in Surjection(S, T),
       NEW CONSTANT a \in S,
       NEW CONSTANT b \in S,
       n == Cardinality(S),
       <1>_a292 ,
       NEW CONSTANT g \in Bijection(1..n, S),
       TRUE ,
       NEW CONSTANT i \in 1..n,
       NEW CONSTANT j \in 1..n,
       <1>_a294 ,
       h == [k \in 1..n - 1 |-> IF k = j THEN f[g[n]] ELSE f[g[k]]],
       <1>4 
PROVE  FALSE

@!!END

@!!BEGIN
@!!type:obligation
@!!id:174
@!!loc:323:14:323:18
@!!status:to be proved
@!!obl:ASSUME NEW CONSTANT S,
       NEW CONSTANT T,
       IsFiniteSet(S) ,
       Cardinality(S) = Cardinality(T) ,
       NEW CONSTANT f \in Surjection(S, T),
       NEW CONSTANT a \in S,
       NEW CONSTANT b \in S,
       n == Cardinality(S),
       <1>_a292 ,
       NEW CONSTANT g \in Bijection(1..n, S),
       TRUE ,
       NEW CONSTANT i \in 1..n,
       NEW CONSTANT j \in 1..n,
       <1>_a294 ,
       h == [k \in 1..n - 1 |-> IF k = j THEN f[g[n]] ELSE f[g[k]]]
PROVE  <1>4

@!!END

@!!BEGIN
@!!type:obligation
@!!id:175
@!!loc:285:3:285:5
@!!status:to be proved
@!!obl:ASSUME IsInjective(f) == \A a, b \in DOMAIN f : f[a] = f[b] => a = b,
       Injection(S, T) == {M \in [S -> T] : IsInjective(M)},
       Surjection(S, T) ==
         {M \in [S -> T] : \A t \in T : \E s \in S : M[s] = t},
       NEW CONSTANT S,
       NEW CONSTANT T,
       IsFiniteSet(S) ,
       Cardinality(S) = Cardinality(T) ,
       NEW CONSTANT f \in Surjection(S, T),
       <1>1 
PROVE  f \in Injection(S, T)

@!!END

@!!BEGIN
@!!type:obligation
@!!id:176
@!!loc:287:17:287:19
@!!status:to be proved
@!!obl:ASSUME NEW CONSTANT S,
       NEW CONSTANT T,
       IsFiniteSet(S) ,
       Cardinality(S) = Cardinality(T) ,
       NEW CONSTANT f \in Surjection(S, T),
       NEW CONSTANT a \in S,
       NEW CONSTANT b \in S,
       n == Cardinality(S),
       FS_CardinalityType 
PROVE  n \in Nat

@!!END

@!!BEGIN
@!!type:obligation
@!!id:177
@!!loc:287:20:287:38
@!!status:to be proved
@!!obl:ASSUME NEW CONSTANT S,
       NEW CONSTANT T,
       IsFiniteSet(S) ,
       Cardinality(S) = Cardinality(T) ,
       NEW CONSTANT f \in Surjection(S, T),
       NEW CONSTANT a \in S,
       NEW CONSTANT b \in S,
       n == Cardinality(S)
PROVE  FS_CardinalityType

@!!END

@!!BEGIN
@!!type:obligation
@!!id:178
@!!loc:289:3:289:5
@!!status:to be proved
@!!obl:ASSUME ExistsBijection(S, T) == Bijection(S, T) # {},
       NEW CONSTANT S,
       NEW CONSTANT T,
       IsFiniteSet(S) ,
       Cardinality(S) = Cardinality(T) ,
       NEW CONSTANT f \in Surjection(S, T),
       NEW CONSTANT a \in S,
       NEW CONSTANT b \in S,
       n == Cardinality(S),
       <1>_a292 ,
       FS_CardinalityType ,
       Zenon 
PROVE  \E g \in Bijection(1..n, S) : TRUE

@!!END

@!!BEGIN
@!!type:obligation
@!!id:179
@!!loc:289:6:289:24
@!!status:to be proved
@!!obl:ASSUME ExistsBijection(S, T) == Bijection(S, T) # {},
       NEW CONSTANT S,
       NEW CONSTANT T,
       IsFiniteSet(S) ,
       Cardinality(S) = Cardinality(T) ,
       NEW CONSTANT f \in Surjection(S, T),
       NEW CONSTANT a \in S,
       NEW CONSTANT b \in S,
       n == Cardinality(S),
       <1>_a292 
PROVE  FS_CardinalityType

@!!END

@!!BEGIN
@!!type:obligation
@!!id:180
@!!loc:289:26:289:31
@!!status:to be proved
@!!obl:ASSUME ExistsBijection(S, T) == Bijection(S, T) # {},
       NEW CONSTANT S,
       NEW CONSTANT T,
       IsFiniteSet(S) ,
       Cardinality(S) = Cardinality(T) ,
       NEW CONSTANT f \in Surjection(S, T),
       NEW CONSTANT a \in S,
       NEW CONSTANT b \in S,
       n == Cardinality(S),
       <1>_a292 ,
       FS_CardinalityType 
PROVE  Zenon

@!!END

@!!BEGIN
@!!type:obligation
@!!id:182
@!!loc:298:13:298:15
@!!status:to be proved
@!!obl:ASSUME NEW CONSTANT S,
       NEW CONSTANT T,
       IsFiniteSet(S) ,
       Cardinality(S) = Cardinality(T) ,
       NEW CONSTANT f \in Surjection(S, T),
       NEW CONSTANT a \in S,
       NEW CONSTANT b \in S,
       n == Cardinality(S),
       <1>_a292 ,
       NEW CONSTANT g \in Bijection(1..n, S),
       TRUE ,
       NEW CONSTANT i \in 1..n,
       NEW CONSTANT j \in 1..n,
       <2>1 ,
       <2>2 ,
       <2>3 
PROVE  \E i_1, j_1 \in 1..n :
          /\ i_1 < j_1
          /\ \/ g[i_1] = a /\ g[j_1] = b
             \/ g[i_1] = b /\ g[j_1] = a

@!!END

@!!BEGIN
@!!type:obligation
@!!id:183
@!!loc:298:16:298:20
@!!status:to be proved
@!!obl:ASSUME NEW CONSTANT S,
       NEW CONSTANT T,
       IsFiniteSet(S) ,
       Cardinality(S) = Cardinality(T) ,
       NEW CONSTANT f \in Surjection(S, T),
       NEW CONSTANT a \in S,
       NEW CONSTANT b \in S,
       n == Cardinality(S),
       <1>_a292 ,
       NEW CONSTANT g \in Bijection(1..n, S),
       TRUE ,
       NEW CONSTANT i \in 1..n,
       NEW CONSTANT j \in 1..n
PROVE  <2>1

@!!END

@!!BEGIN
@!!type:obligation
@!!id:184
@!!loc:298:22:298:26
@!!status:to be proved
@!!obl:ASSUME NEW CONSTANT S,
       NEW CONSTANT T,
       IsFiniteSet(S) ,
       Cardinality(S) = Cardinality(T) ,
       NEW CONSTANT f \in Surjection(S, T),
       NEW CONSTANT a \in S,
       NEW CONSTANT b \in S,
       n == Cardinality(S),
       <1>_a292 ,
       NEW CONSTANT g \in Bijection(1..n, S),
       TRUE ,
       NEW CONSTANT i \in 1..n,
       NEW CONSTANT j \in 1..n,
       <2>1 
PROVE  <2>2

@!!END

@!!BEGIN
@!!type:obligation
@!!id:185
@!!loc:298:28:298:32
@!!status:to be proved
@!!obl:ASSUME NEW CONSTANT S,
       NEW CONSTANT T,
       IsFiniteSet(S) ,
       Cardinality(S) = Cardinality(T) ,
       NEW CONSTANT f \in Surjection(S, T),
       NEW CONSTANT a \in S,
       NEW CONSTANT b \in S,
       n == Cardinality(S),
       <1>_a292 ,
       NEW CONSTANT g \in Bijection(1..n, S),
       TRUE ,
       NEW CONSTANT i \in 1..n,
       NEW CONSTANT j \in 1..n,
       <2>1 ,
       <2>2 
PROVE  <2>3

@!!END

@!!BEGIN
@!!type:obligation
@!!id:186
@!!loc:295:5:295:7
@!!status:to be proved
@!!obl:ASSUME Surjection(S, T) ==
         {M \in [S -> T] : \A t \in T : \E s \in S : M[s] = t},
       Bijection(S, T) == Injection(S, T) \cap Surjection(S, T),
       NEW CONSTANT S,
       NEW CONSTANT T,
       IsFiniteSet(S) ,
       Cardinality(S) = Cardinality(T) ,
       NEW CONSTANT f \in Surjection(S, T),
       NEW CONSTANT a \in S,
       NEW CONSTANT b \in S,
       n == Cardinality(S),
       <1>_a292 ,
       NEW CONSTANT g \in Bijection(1..n, S),
       TRUE ,
       <1>1 
PROVE  \E i, j \in 1..n : i # j /\ g[i] = a /\ g[j] = b

@!!END

@!!BEGIN
@!!type:obligation
@!!id:187
@!!loc:295:8:295:12
@!!status:to be proved
@!!obl:ASSUME Surjection(S, T) ==
         {M \in [S -> T] : \A t \in T : \E s \in S : M[s] = t},
       Bijection(S, T) == Injection(S, T) \cap Surjection(S, T),
       NEW CONSTANT S,
       NEW CONSTANT T,
       IsFiniteSet(S) ,
       Cardinality(S) = Cardinality(T) ,
       NEW CONSTANT f \in Surjection(S, T),
       NEW CONSTANT a \in S,
       NEW CONSTANT b \in S,
       n == Cardinality(S),
       <1>_a292 ,
       NEW CONSTANT g \in Bijection(1..n, S),
       TRUE 
PROVE  <1>1

@!!END

@!!BEGIN
@!!type:obligation
@!!id:189
@!!loc:296:21:296:23
@!!status:to be proved
@!!obl:ASSUME NEW CONSTANT S,
       NEW CONSTANT T,
       IsFiniteSet(S) ,
       Cardinality(S) = Cardinality(T) ,
       NEW CONSTANT f \in Surjection(S, T),
       NEW CONSTANT a \in S,
       NEW CONSTANT b \in S,
       n == Cardinality(S),
       <1>_a292 ,
       NEW CONSTANT g \in Bijection(1..n, S),
       TRUE ,
       NEW CONSTANT i \in 1..n,
       NEW CONSTANT j \in 1..n,
       <2>1 ,
       <2>2 
PROVE  \E i_1, j_1 \in 1..n :
          /\ i_1 < j_1
          /\ \/ g[i_1] = a /\ g[j_1] = b
             \/ g[i_1] = b /\ g[j_1] = a

@!!END

@!!BEGIN
@!!type:obligation
@!!id:190
@!!loc:296:24:296:28
@!!status:to be proved
@!!obl:ASSUME NEW CONSTANT S,
       NEW CONSTANT T,
       IsFiniteSet(S) ,
       Cardinality(S) = Cardinality(T) ,
       NEW CONSTANT f \in Surjection(S, T),
       NEW CONSTANT a \in S,
       NEW CONSTANT b \in S,
       n == Cardinality(S),
       <1>_a292 ,
       NEW CONSTANT g \in Bijection(1..n, S),
       TRUE ,
       NEW CONSTANT i \in 1..n,
       NEW CONSTANT j \in 1..n
PROVE  <2>1

@!!END

@!!BEGIN
@!!type:obligation
@!!id:191
@!!loc:296:30:296:34
@!!status:to be proved
@!!obl:ASSUME NEW CONSTANT S,
       NEW CONSTANT T,
       IsFiniteSet(S) ,
       Cardinality(S) = Cardinality(T) ,
       NEW CONSTANT f \in Surjection(S, T),
       NEW CONSTANT a \in S,
       NEW CONSTANT b \in S,
       n == Cardinality(S),
       <1>_a292 ,
       NEW CONSTANT g \in Bijection(1..n, S),
       TRUE ,
       NEW CONSTANT i \in 1..n,
       NEW CONSTANT j \in 1..n,
       <2>1 
PROVE  <2>2

@!!END

@!!BEGIN
@!!type:obligation
@!!id:192
@!!loc:297:21:297:23
@!!status:to be proved
@!!obl:ASSUME NEW CONSTANT S,
       NEW CONSTANT T,
       IsFiniteSet(S) ,
       Cardinality(S) = Cardinality(T) ,
       NEW CONSTANT f \in Surjection(S, T),
       NEW CONSTANT a \in S,
       NEW CONSTANT b \in S,
       n == Cardinality(S),
       <1>_a292 ,
       NEW CONSTANT g \in Bijection(1..n, S),
       TRUE ,
       NEW CONSTANT i \in 1..n,
       NEW CONSTANT j \in 1..n,
       <2>1 ,
       <2>3 
PROVE  \E i_1, j_1 \in 1..n :
          /\ i_1 < j_1
          /\ \/ g[i_1] = a /\ g[j_1] = b
             \/ g[i_1] = b /\ g[j_1] = a

@!!END

@!!BEGIN
@!!type:obligation
@!!id:193
@!!loc:297:24:297:28
@!!status:to be proved
@!!obl:ASSUME NEW CONSTANT S,
       NEW CONSTANT T,
       IsFiniteSet(S) ,
       Cardinality(S) = Cardinality(T) ,
       NEW CONSTANT f \in Surjection(S, T),
       NEW CONSTANT a \in S,
       NEW CONSTANT b \in S,
       n == Cardinality(S),
       <1>_a292 ,
       NEW CONSTANT g \in Bijection(1..n, S),
       TRUE ,
       NEW CONSTANT i \in 1..n,
       NEW CONSTANT j \in 1..n
PROVE  <2>1

@!!END

@!!BEGIN
@!!type:obligation
@!!id:194
@!!loc:297:30:297:34
@!!status:to be proved
@!!obl:ASSUME NEW CONSTANT S,
       NEW CONSTANT T,
       IsFiniteSet(S) ,
       Cardinality(S) = Cardinality(T) ,
       NEW CONSTANT f \in Surjection(S, T),
       NEW CONSTANT a \in S,
       NEW CONSTANT b \in S,
       n == Cardinality(S),
       <1>_a292 ,
       NEW CONSTANT g \in Bijection(1..n, S),
       TRUE ,
       NEW CONSTANT i \in 1..n,
       NEW CONSTANT j \in 1..n,
       <2>1 
PROVE  <2>3

@!!END

@!!BEGIN
@!!type:obligation
@!!id:196
@!!loc:299:19:299:21
@!!status:to be proved
@!!obl:ASSUME NEW CONSTANT S,
       NEW CONSTANT T,
       IsFiniteSet(S) ,
       Cardinality(S) = Cardinality(T) ,
       NEW CONSTANT f \in Surjection(S, T),
       NEW CONSTANT a \in S,
       NEW CONSTANT b \in S,
       n == Cardinality(S),
       <1>_a292 ,
       NEW CONSTANT g \in Bijection(1..n, S),
       TRUE ,
       NEW CONSTANT i \in 1..n,
       NEW CONSTANT j \in 1..n,
       <1>2 
PROVE  n - 1 \in Nat

@!!END

@!!BEGIN
@!!type:obligation
@!!id:197
@!!loc:299:22:299:26
@!!status:to be proved
@!!obl:ASSUME NEW CONSTANT S,
       NEW CONSTANT T,
       IsFiniteSet(S) ,
       Cardinality(S) = Cardinality(T) ,
       NEW CONSTANT f \in Surjection(S, T),
       NEW CONSTANT a \in S,
       NEW CONSTANT b \in S,
       n == Cardinality(S),
       <1>_a292 ,
       NEW CONSTANT g \in Bijection(1..n, S),
       TRUE ,
       NEW CONSTANT i \in 1..n,
       NEW CONSTANT j \in 1..n
PROVE  <1>2

@!!END

@!!BEGIN
@!!type:obligation
@!!id:198
@!!loc:321:13:321:15
@!!status:to be proved
@!!obl:ASSUME Surjection(S, T) ==
         {M \in [S -> T] : \A t \in T : \E s \in S : M[s] = t},
       NEW CONSTANT S,
       NEW CONSTANT T,
       IsFiniteSet(S) ,
       Cardinality(S) = Cardinality(T) ,
       NEW CONSTANT f \in Surjection(S, T),
       NEW CONSTANT a \in S,
       NEW CONSTANT b \in S,
       n == Cardinality(S),
       <1>_a292 ,
       NEW CONSTANT g \in Bijection(1..n, S),
       TRUE ,
       NEW CONSTANT i \in 1..n,
       NEW CONSTANT j \in 1..n,
       <1>_a294 ,
       h == [k \in 1..n - 1 |-> IF k = j THEN f[g[n]] ELSE f[g[k]]],
       <2>1 ,
       <2>2 
PROVE  h \in Surjection(1..n - 1, T)

@!!END

@!!BEGIN
@!!type:obligation
@!!id:199
@!!loc:321:16:321:20
@!!status:to be proved
@!!obl:ASSUME Surjection(S, T) ==
         {M \in [S -> T] : \A t \in T : \E s \in S : M[s] = t},
       NEW CONSTANT S,
       NEW CONSTANT T,
       IsFiniteSet(S) ,
       Cardinality(S) = Cardinality(T) ,
       NEW CONSTANT f \in Surjection(S, T),
       NEW CONSTANT a \in S,
       NEW CONSTANT b \in S,
       n == Cardinality(S),
       <1>_a292 ,
       NEW CONSTANT g \in Bijection(1..n, S),
       TRUE ,
       NEW CONSTANT i \in 1..n,
       NEW CONSTANT j \in 1..n,
       <1>_a294 ,
       h == [k \in 1..n - 1 |-> IF k = j THEN f[g[n]] ELSE f[g[k]]]
PROVE  <2>1

@!!END

@!!BEGIN
@!!type:obligation
@!!id:200
@!!loc:321:22:321:26
@!!status:to be proved
@!!obl:ASSUME Surjection(S, T) ==
         {M \in [S -> T] : \A t \in T : \E s \in S : M[s] = t},
       NEW CONSTANT S,
       NEW CONSTANT T,
       IsFiniteSet(S) ,
       Cardinality(S) = Cardinality(T) ,
       NEW CONSTANT f \in Surjection(S, T),
       NEW CONSTANT a \in S,
       NEW CONSTANT b \in S,
       n == Cardinality(S),
       <1>_a292 ,
       NEW CONSTANT g \in Bijection(1..n, S),
       TRUE ,
       NEW CONSTANT i \in 1..n,
       NEW CONSTANT j \in 1..n,
       <1>_a294 ,
       h == [k \in 1..n - 1 |-> IF k = j THEN f[g[n]] ELSE f[g[k]]],
       <2>1 
PROVE  <2>2

@!!END

@!!BEGIN
@!!type:obligation
@!!id:201
@!!loc:302:30:302:32
@!!status:to be proved
@!!obl:ASSUME Surjection(S, T) ==
         {M \in [S -> T] : \A t \in T : \E s \in S : M[s] = t},
       Bijection(S, T) == Injection(S, T) \cap Surjection(S, T),
       NEW CONSTANT S,
       NEW CONSTANT T,
       IsFiniteSet(S) ,
       Cardinality(S) = Cardinality(T) ,
       NEW CONSTANT f \in Surjection(S, T),
       NEW CONSTANT a \in S,
       NEW CONSTANT b \in S,
       n == Cardinality(S),
       <1>_a292 ,
       NEW CONSTANT g \in Bijection(1..n, S),
       TRUE ,
       NEW CONSTANT i \in 1..n,
       NEW CONSTANT j \in 1..n,
       <1>_a294 ,
       h == [k \in 1..n - 1 |-> IF k = j THEN f[g[n]] ELSE f[g[k]]]
PROVE  h \in [1..n - 1 -> T]

@!!END

@!!BEGIN
@!!type:obligation
@!!id:202
@!!loc:320:15:320:17
@!!status:to be proved
@!!obl:ASSUME NEW CONSTANT S,
       NEW CONSTANT T,
       IsFiniteSet(S) ,
       Cardinality(S) = Cardinality(T) ,
       NEW CONSTANT f \in Surjection(S, T),
       NEW CONSTANT a \in S,
       NEW CONSTANT b \in S,
       <1>_a292 ,
       NEW CONSTANT g \in Bijection(1..n, S),
       TRUE ,
       NEW CONSTANT i \in 1..n,
       NEW CONSTANT j \in 1..n,
       <1>_a294 ,
       h == [k \in 1..n - 1 |-> IF k = j THEN f[g[n]] ELSE f[g[k]]],
       NEW CONSTANT t \in T,
       NEW CONSTANT s \in S,
       NEW CONSTANT l \in 1..n,
       <3>3 ,
       <3>4 ,
       <3>5 
PROVE  \E k \in 1..n - 1 : h[k] = t

@!!END

@!!BEGIN
@!!type:obligation
@!!id:203
@!!loc:320:18:320:22
@!!status:to be proved
@!!obl:ASSUME NEW CONSTANT S,
       NEW CONSTANT T,
       IsFiniteSet(S) ,
       Cardinality(S) = Cardinality(T) ,
       NEW CONSTANT f \in Surjection(S, T),
       NEW CONSTANT a \in S,
       NEW CONSTANT b \in S,
       <1>_a292 ,
       NEW CONSTANT g \in Bijection(1..n, S),
       TRUE ,
       NEW CONSTANT i \in 1..n,
       NEW CONSTANT j \in 1..n,
       <1>_a294 ,
       h == [k \in 1..n - 1 |-> IF k = j THEN f[g[n]] ELSE f[g[k]]],
       NEW CONSTANT t \in T,
       NEW CONSTANT s \in S,
       NEW CONSTANT l \in 1..n
PROVE  <3>3

@!!END

@!!BEGIN
@!!type:obligation
@!!id:204
@!!loc:320:24:320:28
@!!status:to be proved
@!!obl:ASSUME NEW CONSTANT S,
       NEW CONSTANT T,
       IsFiniteSet(S) ,
       Cardinality(S) = Cardinality(T) ,
       NEW CONSTANT f \in Surjection(S, T),
       NEW CONSTANT a \in S,
       NEW CONSTANT b \in S,
       <1>_a292 ,
       NEW CONSTANT g \in Bijection(1..n, S),
       TRUE ,
       NEW CONSTANT i \in 1..n,
       NEW CONSTANT j \in 1..n,
       <1>_a294 ,
       h == [k \in 1..n - 1 |-> IF k = j THEN f[g[n]] ELSE f[g[k]]],
       NEW CONSTANT t \in T,
       NEW CONSTANT s \in S,
       NEW CONSTANT l \in 1..n,
       <3>3 
PROVE  <3>4

@!!END

@!!BEGIN
@!!type:obligation
@!!id:205
@!!loc:320:30:320:34
@!!status:to be proved
@!!obl:ASSUME NEW CONSTANT S,
       NEW CONSTANT T,
       IsFiniteSet(S) ,
       Cardinality(S) = Cardinality(T) ,
       NEW CONSTANT f \in Surjection(S, T),
       NEW CONSTANT a \in S,
       NEW CONSTANT b \in S,
       <1>_a292 ,
       NEW CONSTANT g \in Bijection(1..n, S),
       TRUE ,
       NEW CONSTANT i \in 1..n,
       NEW CONSTANT j \in 1..n,
       <1>_a294 ,
       h == [k \in 1..n - 1 |-> IF k = j THEN f[g[n]] ELSE f[g[k]]],
       NEW CONSTANT t \in T,
       NEW CONSTANT s \in S,
       NEW CONSTANT l \in 1..n,
       <3>3 ,
       <3>4 
PROVE  <3>5

@!!END

@!!BEGIN
@!!type:obligation
@!!id:206
@!!loc:304:36:304:38
@!!status:to be proved
@!!obl:ASSUME Surjection(S, T) ==
         {M \in [S -> T] : \A t \in T : \E s \in S : M[s] = t},
       NEW CONSTANT S,
       NEW CONSTANT T,
       IsFiniteSet(S) ,
       Cardinality(S) = Cardinality(T) ,
       NEW CONSTANT f \in Surjection(S, T),
       NEW CONSTANT a \in S,
       NEW CONSTANT b \in S,
       n == Cardinality(S),
       <1>_a292 ,
       NEW CONSTANT g \in Bijection(1..n, S),
       TRUE ,
       NEW CONSTANT i \in 1..n,
       NEW CONSTANT j \in 1..n,
       <1>_a294 ,
       h == [k \in 1..n - 1 |-> IF k = j THEN f[g[n]] ELSE f[g[k]]],
       NEW CONSTANT t \in T
PROVE  \E s \in S : f[s] = t

@!!END

@!!BEGIN
@!!type:obligation
@!!id:208
@!!loc:305:39:305:41
@!!status:to be proved
@!!obl:ASSUME Surjection(S, T) ==
         {M \in [S -> T] : \A t \in T : \E s \in S : M[s] = t},
       Bijection(S, T) == Injection(S, T) \cap Surjection(S, T),
       NEW CONSTANT S,
       NEW CONSTANT T,
       IsFiniteSet(S) ,
       Cardinality(S) = Cardinality(T) ,
       NEW CONSTANT f \in Surjection(S, T),
       NEW CONSTANT a \in S,
       NEW CONSTANT b \in S,
       n == Cardinality(S),
       <1>_a292 ,
       NEW CONSTANT g \in Bijection(1..n, S),
       TRUE ,
       NEW CONSTANT i \in 1..n,
       NEW CONSTANT j \in 1..n,
       <1>_a294 ,
       h == [k \in 1..n - 1 |-> IF k = j THEN f[g[n]] ELSE f[g[k]]],
       NEW CONSTANT t \in T,
       NEW CONSTANT s \in S
PROVE  \E l \in 1..n : g[l] = s

@!!END

@!!BEGIN
@!!type:obligation
@!!id:210
@!!loc:312:17:312:24
@!!status:to be proved
@!!obl:ASSUME NEW CONSTANT S,
       NEW CONSTANT T,
       IsFiniteSet(S) ,
       Cardinality(S) = Cardinality(T) ,
       NEW CONSTANT f \in Surjection(S, T),
       NEW CONSTANT a \in S,
       NEW CONSTANT b \in S,
       <1>_a292 ,
       NEW CONSTANT g \in Bijection(1..n, S),
       TRUE ,
       NEW CONSTANT i \in 1..n,
       NEW CONSTANT j \in 1..n,
       <1>_a294 ,
       h == [k \in 1..n - 1 |-> IF k = j THEN f[g[n]] ELSE f[g[k]]],
       NEW CONSTANT t \in T,
       NEW CONSTANT s \in S,
       NEW CONSTANT l \in 1..n,
       <4>_a295 
PROVE  \E k \in 1..n - 1 : h[k] = t

@!!END

@!!BEGIN
@!!type:obligation
@!!id:211
@!!loc:311:9:311:11
@!!status:to be proved
@!!obl:ASSUME NEW CONSTANT S,
       NEW CONSTANT T,
       IsFiniteSet(S) ,
       Cardinality(S) = Cardinality(T) ,
       NEW CONSTANT f \in Surjection(S, T),
       NEW CONSTANT a \in S,
       NEW CONSTANT b \in S,
       <1>_a292 ,
       NEW CONSTANT g \in Bijection(1..n, S),
       TRUE ,
       NEW CONSTANT i \in 1..n,
       NEW CONSTANT j \in 1..n,
       <1>_a294 ,
       h == [k \in 1..n - 1 |-> IF k = j THEN f[g[n]] ELSE f[g[k]]],
       NEW CONSTANT t \in T,
       NEW CONSTANT s \in S,
       NEW CONSTANT l \in 1..n,
       <1>1 ,
       <1>2 ,
       <3>1 ,
       <3>2 ,
       <3>3 
PROVE  /\ i \in 1..n - 1
       /\ i # j
       /\ h[i] = t

@!!END

@!!BEGIN
@!!type:obligation
@!!id:212
@!!loc:311:12:311:16
@!!status:to be proved
@!!obl:ASSUME NEW CONSTANT S,
       NEW CONSTANT T,
       IsFiniteSet(S) ,
       Cardinality(S) = Cardinality(T) ,
       NEW CONSTANT f \in Surjection(S, T),
       NEW CONSTANT a \in S,
       NEW CONSTANT b \in S,
       <1>_a292 ,
       NEW CONSTANT g \in Bijection(1..n, S),
       TRUE ,
       NEW CONSTANT i \in 1..n,
       NEW CONSTANT j \in 1..n,
       <1>_a294 ,
       h == [k \in 1..n - 1 |-> IF k = j THEN f[g[n]] ELSE f[g[k]]],
       NEW CONSTANT t \in T,
       NEW CONSTANT s \in S,
       NEW CONSTANT l \in 1..n
PROVE  <1>1

@!!END

@!!BEGIN
@!!type:obligation
@!!id:213
@!!loc:311:18:311:22
@!!status:to be proved
@!!obl:ASSUME NEW CONSTANT S,
       NEW CONSTANT T,
       IsFiniteSet(S) ,
       Cardinality(S) = Cardinality(T) ,
       NEW CONSTANT f \in Surjection(S, T),
       NEW CONSTANT a \in S,
       NEW CONSTANT b \in S,
       <1>_a292 ,
       NEW CONSTANT g \in Bijection(1..n, S),
       TRUE ,
       NEW CONSTANT i \in 1..n,
       NEW CONSTANT j \in 1..n,
       <1>_a294 ,
       h == [k \in 1..n - 1 |-> IF k = j THEN f[g[n]] ELSE f[g[k]]],
       NEW CONSTANT t \in T,
       NEW CONSTANT s \in S,
       NEW CONSTANT l \in 1..n,
       <1>1 
PROVE  <1>2

@!!END

@!!BEGIN
@!!type:obligation
@!!id:214
@!!loc:311:24:311:28
@!!status:to be proved
@!!obl:ASSUME NEW CONSTANT S,
       NEW CONSTANT T,
       IsFiniteSet(S) ,
       Cardinality(S) = Cardinality(T) ,
       NEW CONSTANT f \in Surjection(S, T),
       NEW CONSTANT a \in S,
       NEW CONSTANT b \in S,
       <1>_a292 ,
       NEW CONSTANT g \in Bijection(1..n, S),
       TRUE ,
       NEW CONSTANT i \in 1..n,
       NEW CONSTANT j \in 1..n,
       <1>_a294 ,
       h == [k \in 1..n - 1 |-> IF k = j THEN f[g[n]] ELSE f[g[k]]],
       NEW CONSTANT t \in T,
       NEW CONSTANT s \in S,
       NEW CONSTANT l \in 1..n,
       <1>1 ,
       <1>2 
PROVE  <3>1

@!!END

@!!BEGIN
@!!type:obligation
@!!id:215
@!!loc:311:30:311:34
@!!status:to be proved
@!!obl:ASSUME NEW CONSTANT S,
       NEW CONSTANT T,
       IsFiniteSet(S) ,
       Cardinality(S) = Cardinality(T) ,
       NEW CONSTANT f \in Surjection(S, T),
       NEW CONSTANT a \in S,
       NEW CONSTANT b \in S,
       <1>_a292 ,
       NEW CONSTANT g \in Bijection(1..n, S),
       TRUE ,
       NEW CONSTANT i \in 1..n,
       NEW CONSTANT j \in 1..n,
       <1>_a294 ,
       h == [k \in 1..n - 1 |-> IF k = j THEN f[g[n]] ELSE f[g[k]]],
       NEW CONSTANT t \in T,
       NEW CONSTANT s \in S,
       NEW CONSTANT l \in 1..n,
       <1>1 ,
       <1>2 ,
       <3>1 
PROVE  <3>2

@!!END

@!!BEGIN
@!!type:obligation
@!!id:216
@!!loc:311:36:311:40
@!!status:to be proved
@!!obl:ASSUME NEW CONSTANT S,
       NEW CONSTANT T,
       IsFiniteSet(S) ,
       Cardinality(S) = Cardinality(T) ,
       NEW CONSTANT f \in Surjection(S, T),
       NEW CONSTANT a \in S,
       NEW CONSTANT b \in S,
       <1>_a292 ,
       NEW CONSTANT g \in Bijection(1..n, S),
       TRUE ,
       NEW CONSTANT i \in 1..n,
       NEW CONSTANT j \in 1..n,
       <1>_a294 ,
       h == [k \in 1..n - 1 |-> IF k = j THEN f[g[n]] ELSE f[g[k]]],
       NEW CONSTANT t \in T,
       NEW CONSTANT s \in S,
       NEW CONSTANT l \in 1..n,
       <1>1 ,
       <1>2 ,
       <3>1 ,
       <3>2 
PROVE  <3>3

@!!END

@!!BEGIN
@!!type:obligation
@!!id:217
@!!loc:317:17:317:24
@!!status:to be proved
@!!obl:ASSUME NEW CONSTANT S,
       NEW CONSTANT T,
       IsFiniteSet(S) ,
       Cardinality(S) = Cardinality(T) ,
       NEW CONSTANT f \in Surjection(S, T),
       NEW CONSTANT a \in S,
       NEW CONSTANT b \in S,
       <1>_a292 ,
       NEW CONSTANT g \in Bijection(1..n, S),
       TRUE ,
       NEW CONSTANT i \in 1..n,
       NEW CONSTANT j \in 1..n,
       <1>_a294 ,
       h == [k \in 1..n - 1 |-> IF k = j THEN f[g[n]] ELSE f[g[k]]],
       NEW CONSTANT t \in T,
       NEW CONSTANT s \in S,
       NEW CONSTANT l \in 1..n,
       <4>_a296 
PROVE  \E k \in 1..n - 1 : h[k] = t

@!!END

@!!BEGIN
@!!type:obligation
@!!id:218
@!!loc:316:9:316:11
@!!status:to be proved
@!!obl:ASSUME NEW CONSTANT S,
       NEW CONSTANT T,
       IsFiniteSet(S) ,
       Cardinality(S) = Cardinality(T) ,
       NEW CONSTANT f \in Surjection(S, T),
       NEW CONSTANT a \in S,
       NEW CONSTANT b \in S,
       <1>_a292 ,
       NEW CONSTANT g \in Bijection(1..n, S),
       TRUE ,
       NEW CONSTANT i \in 1..n,
       NEW CONSTANT j \in 1..n,
       <1>_a294 ,
       h == [k \in 1..n - 1 |-> IF k = j THEN f[g[n]] ELSE f[g[k]]],
       NEW CONSTANT t \in T,
       NEW CONSTANT s \in S,
       NEW CONSTANT l \in 1..n,
       <3>1 ,
       <3>2 ,
       <3>4 
PROVE  /\ j \in 1..n - 1
       /\ h[j] = t

@!!END

@!!BEGIN
@!!type:obligation
@!!id:219
@!!loc:316:12:316:16
@!!status:to be proved
@!!obl:ASSUME NEW CONSTANT S,
       NEW CONSTANT T,
       IsFiniteSet(S) ,
       Cardinality(S) = Cardinality(T) ,
       NEW CONSTANT f \in Surjection(S, T),
       NEW CONSTANT a \in S,
       NEW CONSTANT b \in S,
       <1>_a292 ,
       NEW CONSTANT g \in Bijection(1..n, S),
       TRUE ,
       NEW CONSTANT i \in 1..n,
       NEW CONSTANT j \in 1..n,
       <1>_a294 ,
       h == [k \in 1..n - 1 |-> IF k = j THEN f[g[n]] ELSE f[g[k]]],
       NEW CONSTANT t \in T,
       NEW CONSTANT s \in S,
       NEW CONSTANT l \in 1..n
PROVE  <3>1

@!!END

@!!BEGIN
@!!type:obligation
@!!id:220
@!!loc:316:18:316:22
@!!status:to be proved
@!!obl:ASSUME NEW CONSTANT S,
       NEW CONSTANT T,
       IsFiniteSet(S) ,
       Cardinality(S) = Cardinality(T) ,
       NEW CONSTANT f \in Surjection(S, T),
       NEW CONSTANT a \in S,
       NEW CONSTANT b \in S,
       <1>_a292 ,
       NEW CONSTANT g \in Bijection(1..n, S),
       TRUE ,
       NEW CONSTANT i \in 1..n,
       NEW CONSTANT j \in 1..n,
       <1>_a294 ,
       h == [k \in 1..n - 1 |-> IF k = j THEN f[g[n]] ELSE f[g[k]]],
       NEW CONSTANT t \in T,
       NEW CONSTANT s \in S,
       NEW CONSTANT l \in 1..n,
       <3>1 
PROVE  <3>2

@!!END

@!!BEGIN
@!!type:obligation
@!!id:221
@!!loc:316:24:316:28
@!!status:to be proved
@!!obl:ASSUME NEW CONSTANT S,
       NEW CONSTANT T,
       IsFiniteSet(S) ,
       Cardinality(S) = Cardinality(T) ,
       NEW CONSTANT f \in Surjection(S, T),
       NEW CONSTANT a \in S,
       NEW CONSTANT b \in S,
       <1>_a292 ,
       NEW CONSTANT g \in Bijection(1..n, S),
       TRUE ,
       NEW CONSTANT i \in 1..n,
       NEW CONSTANT j \in 1..n,
       <1>_a294 ,
       h == [k \in 1..n - 1 |-> IF k = j THEN f[g[n]] ELSE f[g[k]]],
       NEW CONSTANT t \in T,
       NEW CONSTANT s \in S,
       NEW CONSTANT l \in 1..n,
       <3>1 ,
       <3>2 
PROVE  <3>4

@!!END

@!!BEGIN
@!!type:obligation
@!!id:222
@!!loc:319:7:319:9
@!!status:to be proved
@!!obl:ASSUME NEW CONSTANT S,
       NEW CONSTANT T,
       IsFiniteSet(S) ,
       Cardinality(S) = Cardinality(T) ,
       NEW CONSTANT f \in Surjection(S, T),
       NEW CONSTANT a \in S,
       NEW CONSTANT b \in S,
       <1>_a292 ,
       NEW CONSTANT g \in Bijection(1..n, S),
       TRUE ,
       NEW CONSTANT i \in 1..n,
       NEW CONSTANT j \in 1..n,
       <1>_a294 ,
       h == [k \in 1..n - 1 |-> IF k = j THEN f[g[n]] ELSE f[g[k]]],
       NEW CONSTANT t \in T,
       NEW CONSTANT s \in S,
       NEW CONSTANT l \in 1..n,
       <3>1 ,
       <3>2 ,
       <3>5 ,
       l \in 1..n - 1 
PROVE  \E k \in 1..n - 1 : h[k] = t

@!!END

@!!BEGIN
@!!type:obligation
@!!id:223
@!!loc:319:10:319:14
@!!status:to be proved
@!!obl:ASSUME NEW CONSTANT S,
       NEW CONSTANT T,
       IsFiniteSet(S) ,
       Cardinality(S) = Cardinality(T) ,
       NEW CONSTANT f \in Surjection(S, T),
       NEW CONSTANT a \in S,
       NEW CONSTANT b \in S,
       <1>_a292 ,
       NEW CONSTANT g \in Bijection(1..n, S),
       TRUE ,
       NEW CONSTANT i \in 1..n,
       NEW CONSTANT j \in 1..n,
       <1>_a294 ,
       h == [k \in 1..n - 1 |-> IF k = j THEN f[g[n]] ELSE f[g[k]]],
       NEW CONSTANT t \in T,
       NEW CONSTANT s \in S,
       NEW CONSTANT l \in 1..n
PROVE  <3>1

@!!END

@!!BEGIN
@!!type:obligation
@!!id:224
@!!loc:319:16:319:20
@!!status:to be proved
@!!obl:ASSUME NEW CONSTANT S,
       NEW CONSTANT T,
       IsFiniteSet(S) ,
       Cardinality(S) = Cardinality(T) ,
       NEW CONSTANT f \in Surjection(S, T),
       NEW CONSTANT a \in S,
       NEW CONSTANT b \in S,
       <1>_a292 ,
       NEW CONSTANT g \in Bijection(1..n, S),
       TRUE ,
       NEW CONSTANT i \in 1..n,
       NEW CONSTANT j \in 1..n,
       <1>_a294 ,
       h == [k \in 1..n - 1 |-> IF k = j THEN f[g[n]] ELSE f[g[k]]],
       NEW CONSTANT t \in T,
       NEW CONSTANT s \in S,
       NEW CONSTANT l \in 1..n,
       <3>1 
PROVE  <3>2

@!!END

@!!BEGIN
@!!type:obligation
@!!id:225
@!!loc:319:22:319:26
@!!status:to be proved
@!!obl:ASSUME NEW CONSTANT S,
       NEW CONSTANT T,
       IsFiniteSet(S) ,
       Cardinality(S) = Cardinality(T) ,
       NEW CONSTANT f \in Surjection(S, T),
       NEW CONSTANT a \in S,
       NEW CONSTANT b \in S,
       <1>_a292 ,
       NEW CONSTANT g \in Bijection(1..n, S),
       TRUE ,
       NEW CONSTANT i \in 1..n,
       NEW CONSTANT j \in 1..n,
       <1>_a294 ,
       h == [k \in 1..n - 1 |-> IF k = j THEN f[g[n]] ELSE f[g[k]]],
       NEW CONSTANT t \in T,
       NEW CONSTANT s \in S,
       NEW CONSTANT l \in 1..n,
       <3>1 ,
       <3>2 
PROVE  <3>5

@!!END

@!!BEGIN
@!!type:obligation
@!!id:226
@!!loc:319:28:319:42
@!!status:to be proved
@!!obl:ASSUME NEW CONSTANT S,
       NEW CONSTANT T,
       IsFiniteSet(S) ,
       Cardinality(S) = Cardinality(T) ,
       NEW CONSTANT f \in Surjection(S, T),
       NEW CONSTANT a \in S,
       NEW CONSTANT b \in S,
       <1>_a292 ,
       NEW CONSTANT g \in Bijection(1..n, S),
       TRUE ,
       NEW CONSTANT i \in 1..n,
       NEW CONSTANT j \in 1..n,
       <1>_a294 ,
       h == [k \in 1..n - 1 |-> IF k = j THEN f[g[n]] ELSE f[g[k]]],
       NEW CONSTANT t \in T,
       NEW CONSTANT s \in S,
       NEW CONSTANT l \in 1..n,
       <3>1 ,
       <3>2 ,
       <3>5 
PROVE  l \in 1..n - 1

@!!END

@!!BEGIN
@!!type:obligation
@!!id:227
@!!loc:322:30:322:32
@!!status:to be proved
@!!obl:ASSUME ExistsSurjection(S, T) == Surjection(S, T) # {},
       NEW CONSTANT S,
       NEW CONSTANT T,
       IsFiniteSet(S) ,
       Cardinality(S) = Cardinality(T) ,
       NEW CONSTANT f \in Surjection(S, T),
       NEW CONSTANT a \in S,
       NEW CONSTANT b \in S,
       n == Cardinality(S),
       <1>_a292 ,
       NEW CONSTANT g \in Bijection(1..n, S),
       TRUE ,
       NEW CONSTANT i \in 1..n,
       NEW CONSTANT j \in 1..n,
       <1>_a294 ,
       h == [k \in 1..n - 1 |-> IF k = j THEN f[g[n]] ELSE f[g[k]]],
       <1>3 ,
       FS_SurjCardinalityBound 
PROVE  Cardinality(T) =< n - 1

@!!END

@!!BEGIN
@!!type:obligation
@!!id:228
@!!loc:322:33:322:37
@!!status:to be proved
@!!obl:ASSUME ExistsSurjection(S, T) == Surjection(S, T) # {},
       NEW CONSTANT S,
       NEW CONSTANT T,
       IsFiniteSet(S) ,
       Cardinality(S) = Cardinality(T) ,
       NEW CONSTANT f \in Surjection(S, T),
       NEW CONSTANT a \in S,
       NEW CONSTANT b \in S,
       n == Cardinality(S),
       <1>_a292 ,
       NEW CONSTANT g \in Bijection(1..n, S),
       TRUE ,
       NEW CONSTANT i \in 1..n,
       NEW CONSTANT j \in 1..n,
       <1>_a294 ,
       h == [k \in 1..n - 1 |-> IF k = j THEN f[g[n]] ELSE f[g[k]]]
PROVE  <1>3

@!!END

@!!BEGIN
@!!type:obligation
@!!id:229
@!!loc:322:39:322:62
@!!status:to be proved
@!!obl:ASSUME ExistsSurjection(S, T) == Surjection(S, T) # {},
       NEW CONSTANT S,
       NEW CONSTANT T,
       IsFiniteSet(S) ,
       Cardinality(S) = Cardinality(T) ,
       NEW CONSTANT f \in Surjection(S, T),
       NEW CONSTANT a \in S,
       NEW CONSTANT b \in S,
       n == Cardinality(S),
       <1>_a292 ,
       NEW CONSTANT g \in Bijection(1..n, S),
       TRUE ,
       NEW CONSTANT i \in 1..n,
       NEW CONSTANT j \in 1..n,
       <1>_a294 ,
       h == [k \in 1..n - 1 |-> IF k = j THEN f[g[n]] ELSE f[g[k]]],
       <1>3 
PROVE  FS_SurjCardinalityBound

@!!END

@!!BEGIN
@!!type:obligation
@!!id:230
@!!loc:342:11:342:13
@!!status:to be proved
@!!obl:ASSUME <1>1 ,
       <1>2 
PROVE  /\ IsFiniteSet({})
       /\ Cardinality({}) = 0
       /\ \A S : IsFiniteSet(S) => Cardinality(S) = 0 <=> S = {}

@!!END

@!!BEGIN
@!!type:obligation
@!!id:231
@!!loc:342:14:342:18
@!!status:to be proved
@!!obl:<1>1

@!!END

@!!BEGIN
@!!type:obligation
@!!id:232
@!!loc:342:20:342:24
@!!status:to be proved
@!!obl:ASSUME <1>1 
PROVE  <1>2

@!!END

@!!BEGIN
@!!type:obligation
@!!id:233
@!!loc:338:3:338:5
@!!status:to be proved
@!!obl:ASSUME Fun_NatBijEmpty ,
       FS_NatBijection ,
       FS_CountingElements ,
       Zenon 
PROVE  IsFiniteSet({}) /\ Cardinality({}) = 0

@!!END

@!!BEGIN
@!!type:obligation
@!!id:234
@!!loc:338:6:338:21
@!!status:to be proved
@!!obl:Fun_NatBijEmpty

@!!END

@!!BEGIN
@!!type:obligation
@!!id:235
@!!loc:338:23:338:38
@!!status:to be proved
@!!obl:ASSUME Fun_NatBijEmpty 
PROVE  FS_NatBijection

@!!END

@!!BEGIN
@!!type:obligation
@!!id:236
@!!loc:338:40:338:59
@!!status:to be proved
@!!obl:ASSUME Fun_NatBijEmpty ,
       FS_NatBijection 
PROVE  FS_CountingElements

@!!END

@!!BEGIN
@!!type:obligation
@!!id:237
@!!loc:338:61:338:66
@!!status:to be proved
@!!obl:ASSUME Fun_NatBijEmpty ,
       FS_NatBijection ,
       FS_CountingElements 
PROVE  Zenon

@!!END

@!!BEGIN
@!!type:obligation
@!!id:238
@!!loc:341:3:341:5
@!!status:to be proved
@!!obl:ASSUME NEW CONSTANT S,
       <1>2 ,
       FS_CardinalityType ,
       Fun_NatBijEmpty 
PROVE  S = {}

@!!END

@!!BEGIN
@!!type:obligation
@!!id:239
@!!loc:341:6:341:10
@!!status:to be proved
@!!obl:ASSUME NEW CONSTANT S
PROVE  <1>2

@!!END

@!!BEGIN
@!!type:obligation
@!!id:240
@!!loc:341:12:341:30
@!!status:to be proved
@!!obl:ASSUME NEW CONSTANT S,
       <1>2 
PROVE  FS_CardinalityType

@!!END

@!!BEGIN
@!!type:obligation
@!!id:241
@!!loc:341:32:341:47
@!!status:to be proved
@!!obl:ASSUME NEW CONSTANT S,
       <1>2 ,
       FS_CardinalityType 
PROVE  Fun_NatBijEmpty

@!!END

@!!BEGIN
@!!type:obligation
@!!id:242
@!!loc:361:11:361:13
@!!status:to be proved
@!!obl:ASSUME NEW CONSTANT S,
       NEW CONSTANT x,
       IsFiniteSet(S) ,
       <1>1 ,
       Zenon 
PROVE  /\ IsFiniteSet(S \cup {x})
       /\ Cardinality(S \cup {x})
          = (IF x \in S THEN Cardinality(S) ELSE Cardinality(S) + 1)

@!!END

@!!BEGIN
@!!type:obligation
@!!id:243
@!!loc:361:14:361:18
@!!status:to be proved
@!!obl:ASSUME NEW CONSTANT S,
       NEW CONSTANT x,
       IsFiniteSet(S) 
PROVE  <1>1

@!!END

@!!BEGIN
@!!type:obligation
@!!id:244
@!!loc:361:20:361:25
@!!status:to be proved
@!!obl:ASSUME NEW CONSTANT S,
       NEW CONSTANT x,
       IsFiniteSet(S) ,
       <1>1 
PROVE  Zenon

@!!END

@!!BEGIN
@!!type:obligation
@!!id:245
@!!loc:359:3:359:5
@!!status:to be proved
@!!obl:ASSUME NEW CONSTANT S,
       NEW CONSTANT x,
       IsFiniteSet(S) ,
       <1>1 ,
       FS_CardinalityType ,
       Fun_NatBijAddElem ,
       FS_NatBijection ,
       FS_CountingElements 
PROVE  /\ IsFiniteSet(S \cup {x})
       /\ Cardinality(S \cup {x})
          = (IF x \in S THEN Cardinality(S) ELSE Cardinality(S) + 1)

@!!END

@!!BEGIN
@!!type:obligation
@!!id:246
@!!loc:359:6:359:10
@!!status:to be proved
@!!obl:ASSUME NEW CONSTANT S,
       NEW CONSTANT x,
       IsFiniteSet(S) 
PROVE  <1>1

@!!END

@!!BEGIN
@!!type:obligation
@!!id:247
@!!loc:359:12:359:30
@!!status:to be proved
@!!obl:ASSUME NEW CONSTANT S,
       NEW CONSTANT x,
       IsFiniteSet(S) ,
       <1>1 
PROVE  FS_CardinalityType

@!!END

@!!BEGIN
@!!type:obligation
@!!id:248
@!!loc:359:32:359:49
@!!status:to be proved
@!!obl:ASSUME NEW CONSTANT S,
       NEW CONSTANT x,
       IsFiniteSet(S) ,
       <1>1 ,
       FS_CardinalityType 
PROVE  Fun_NatBijAddElem

@!!END

@!!BEGIN
@!!type:obligation
@!!id:249
@!!loc:359:51:359:66
@!!status:to be proved
@!!obl:ASSUME NEW CONSTANT S,
       NEW CONSTANT x,
       IsFiniteSet(S) ,
       <1>1 ,
       FS_CardinalityType ,
       Fun_NatBijAddElem 
PROVE  FS_NatBijection

@!!END

@!!BEGIN
@!!type:obligation
@!!id:250
@!!loc:360:6:360:25
@!!status:to be proved
@!!obl:ASSUME NEW CONSTANT S,
       NEW CONSTANT x,
       IsFiniteSet(S) ,
       <1>1 ,
       FS_CardinalityType ,
       Fun_NatBijAddElem ,
       FS_NatBijection 
PROVE  FS_CountingElements

@!!END

@!!BEGIN
@!!type:obligation
@!!id:251
@!!loc:372:11:372:13
@!!status:to be proved
@!!obl:ASSUME NEW CONSTANT S,
       NEW CONSTANT x,
       IsFiniteSet(S) ,
       <1>1 ,
       Zenon 
PROVE  /\ IsFiniteSet(S \ {x})
       /\ Cardinality(S \ {x})
          = (IF x \in S THEN Cardinality(S) - 1 ELSE Cardinality(S))

@!!END

@!!BEGIN
@!!type:obligation
@!!id:252
@!!loc:372:14:372:18
@!!status:to be proved
@!!obl:ASSUME NEW CONSTANT S,
       NEW CONSTANT x,
       IsFiniteSet(S) 
PROVE  <1>1

@!!END

@!!BEGIN
@!!type:obligation
@!!id:253
@!!loc:372:20:372:25
@!!status:to be proved
@!!obl:ASSUME NEW CONSTANT S,
       NEW CONSTANT x,
       IsFiniteSet(S) ,
       <1>1 
PROVE  Zenon

@!!END

@!!BEGIN
@!!type:obligation
@!!id:254
@!!loc:370:3:370:5
@!!status:to be proved
@!!obl:ASSUME NEW CONSTANT S,
       NEW CONSTANT x,
       IsFiniteSet(S) ,
       <1>1 ,
       FS_CardinalityType ,
       Fun_NatBijSubElem ,
       FS_NatBijection ,
       FS_CountingElements ,
       FS_EmptySet 
PROVE  /\ IsFiniteSet(S \ {x})
       /\ Cardinality(S \ {x})
          = (IF x \in S THEN Cardinality(S) - 1 ELSE Cardinality(S))

@!!END

@!!BEGIN
@!!type:obligation
@!!id:255
@!!loc:370:6:370:10
@!!status:to be proved
@!!obl:ASSUME NEW CONSTANT S,
       NEW CONSTANT x,
       IsFiniteSet(S) 
PROVE  <1>1

@!!END

@!!BEGIN
@!!type:obligation
@!!id:256
@!!loc:370:12:370:30
@!!status:to be proved
@!!obl:ASSUME NEW CONSTANT S,
       NEW CONSTANT x,
       IsFiniteSet(S) ,
       <1>1 
PROVE  FS_CardinalityType

@!!END

@!!BEGIN
@!!type:obligation
@!!id:257
@!!loc:370:32:370:49
@!!status:to be proved
@!!obl:ASSUME NEW CONSTANT S,
       NEW CONSTANT x,
       IsFiniteSet(S) ,
       <1>1 ,
       FS_CardinalityType 
PROVE  Fun_NatBijSubElem

@!!END

@!!BEGIN
@!!type:obligation
@!!id:258
@!!loc:370:51:370:66
@!!status:to be proved
@!!obl:ASSUME NEW CONSTANT S,
       NEW CONSTANT x,
       IsFiniteSet(S) ,
       <1>1 ,
       FS_CardinalityType ,
       Fun_NatBijSubElem 
PROVE  FS_NatBijection

@!!END

@!!BEGIN
@!!type:obligation
@!!id:259
@!!loc:371:6:371:25
@!!status:to be proved
@!!obl:ASSUME NEW CONSTANT S,
       NEW CONSTANT x,
       IsFiniteSet(S) ,
       <1>1 ,
       FS_CardinalityType ,
       Fun_NatBijSubElem ,
       FS_NatBijection 
PROVE  FS_CountingElements

@!!END

@!!BEGIN
@!!type:obligation
@!!id:260
@!!loc:371:27:371:38
@!!status:to be proved
@!!obl:ASSUME NEW CONSTANT S,
       NEW CONSTANT x,
       IsFiniteSet(S) ,
       <1>1 ,
       FS_CardinalityType ,
       Fun_NatBijSubElem ,
       FS_NatBijection ,
       FS_CountingElements 
PROVE  FS_EmptySet

@!!END

@!!BEGIN
@!!type:obligation
@!!id:261
@!!loc:394:11:394:13
@!!status:to be proved
@!!obl:ASSUME <1>1 ,
       <1>2 ,
       Zenon 
PROVE  /\ \A x : IsFiniteSet({x}) /\ Cardinality({x}) = 1
       /\ \A S : IsFiniteSet(S) => Cardinality(S) = 1 <=> (\E x : S = {x})

@!!END

@!!BEGIN
@!!type:obligation
@!!id:262
@!!loc:394:14:394:18
@!!status:to be proved
@!!obl:<1>1

@!!END

@!!BEGIN
@!!type:obligation
@!!id:263
@!!loc:394:20:394:24
@!!status:to be proved
@!!obl:ASSUME <1>1 
PROVE  <1>2

@!!END

@!!BEGIN
@!!type:obligation
@!!id:264
@!!loc:394:26:394:31
@!!status:to be proved
@!!obl:ASSUME <1>1 ,
       <1>2 
PROVE  Zenon

@!!END

@!!BEGIN
@!!type:obligation
@!!id:265
@!!loc:390:13:390:15
@!!status:to be proved
@!!obl:ASSUME NEW CONSTANT x,
       <2>1 ,
       {x} = {} \cup {x} 
PROVE  IsFiniteSet({x}) /\ Cardinality({x}) = 1

@!!END

@!!BEGIN
@!!type:obligation
@!!id:266
@!!loc:390:16:390:20
@!!status:to be proved
@!!obl:ASSUME NEW CONSTANT x
PROVE  <2>1

@!!END

@!!BEGIN
@!!type:obligation
@!!id:267
@!!loc:390:22:390:39
@!!status:to be proved
@!!obl:ASSUME NEW CONSTANT x,
       <2>1 
PROVE  {x} = {} \cup {x}

@!!END

@!!BEGIN
@!!type:obligation
@!!id:268
@!!loc:389:5:389:7
@!!status:to be proved
@!!obl:ASSUME NEW CONSTANT x,
       FS_EmptySet ,
       FS_AddElement ,
       Zenon 
PROVE  /\ IsFiniteSet({} \cup {x})
       /\ Cardinality({} \cup {x}) = 0 + 1

@!!END

@!!BEGIN
@!!type:obligation
@!!id:269
@!!loc:389:8:389:19
@!!status:to be proved
@!!obl:ASSUME NEW CONSTANT x
PROVE  FS_EmptySet

@!!END

@!!BEGIN
@!!type:obligation
@!!id:270
@!!loc:389:21:389:34
@!!status:to be proved
@!!obl:ASSUME NEW CONSTANT x,
       FS_EmptySet 
PROVE  FS_AddElement

@!!END

@!!BEGIN
@!!type:obligation
@!!id:271
@!!loc:389:36:389:41
@!!status:to be proved
@!!obl:ASSUME NEW CONSTANT x,
       FS_EmptySet ,
       FS_AddElement 
PROVE  Zenon

@!!END

@!!BEGIN
@!!type:obligation
@!!id:272
@!!loc:393:3:393:5
@!!status:to be proved
@!!obl:ASSUME NEW CONSTANT S,
       <1>2 ,
       FS_CardinalityType ,
       Fun_NatBijSingleton ,
       Zenon 
PROVE  \E x : S = {x}

@!!END

@!!BEGIN
@!!type:obligation
@!!id:273
@!!loc:393:6:393:10
@!!status:to be proved
@!!obl:ASSUME NEW CONSTANT S
PROVE  <1>2

@!!END

@!!BEGIN
@!!type:obligation
@!!id:274
@!!loc:393:12:393:30
@!!status:to be proved
@!!obl:ASSUME NEW CONSTANT S,
       <1>2 
PROVE  FS_CardinalityType

@!!END

@!!BEGIN
@!!type:obligation
@!!id:275
@!!loc:393:32:393:51
@!!status:to be proved
@!!obl:ASSUME NEW CONSTANT S,
       <1>2 ,
       FS_CardinalityType 
PROVE  Fun_NatBijSingleton

@!!END

@!!BEGIN
@!!type:obligation
@!!id:276
@!!loc:393:53:393:58
@!!status:to be proved
@!!obl:ASSUME NEW CONSTANT S,
       <1>2 ,
       FS_CardinalityType ,
       Fun_NatBijSingleton 
PROVE  Zenon

@!!END

@!!BEGIN
@!!type:obligation
@!!id:277
@!!loc:427:11:427:13
@!!status:to be proved
@!!obl:ASSUME NEW CONSTANT S,
       IsFiniteSet(S) ,
       NEW CONSTANT T \in SUBSET S,
       NEW CONSTANT n \in Nat,
       <1>2 ,
       <1>3 ,
       FS_NatBijection ,
       FS_CountingElements 
PROVE  /\ IsFiniteSet(T)
       /\ Cardinality(T) =< Cardinality(S)
       /\ Cardinality(S) = Cardinality(T) => S = T

@!!END

@!!BEGIN
@!!type:obligation
@!!id:278
@!!loc:427:14:427:18
@!!status:to be proved
@!!obl:ASSUME NEW CONSTANT S,
       IsFiniteSet(S) ,
       NEW CONSTANT T \in SUBSET S,
       NEW CONSTANT n \in Nat
PROVE  <1>2

@!!END

@!!BEGIN
@!!type:obligation
@!!id:279
@!!loc:427:20:427:24
@!!status:to be proved
@!!obl:ASSUME NEW CONSTANT S,
       IsFiniteSet(S) ,
       NEW CONSTANT T \in SUBSET S,
       NEW CONSTANT n \in Nat,
       <1>2 
PROVE  <1>3

@!!END

@!!BEGIN
@!!type:obligation
@!!id:280
@!!loc:427:26:427:41
@!!status:to be proved
@!!obl:ASSUME NEW CONSTANT S,
       IsFiniteSet(S) ,
       NEW CONSTANT T \in SUBSET S,
       NEW CONSTANT n \in Nat,
       <1>2 ,
       <1>3 
PROVE  FS_NatBijection

@!!END

@!!BEGIN
@!!type:obligation
@!!id:281
@!!loc:427:43:427:62
@!!status:to be proved
@!!obl:ASSUME NEW CONSTANT S,
       IsFiniteSet(S) ,
       NEW CONSTANT T \in SUBSET S,
       NEW CONSTANT n \in Nat,
       <1>2 ,
       <1>3 ,
       FS_NatBijection 
PROVE  FS_CountingElements

@!!END

@!!BEGIN
@!!type:obligation
@!!id:282
@!!loc:414:3:414:5
@!!status:to be proved
@!!obl:ASSUME NEW CONSTANT S,
       IsFiniteSet(S) ,
       NEW CONSTANT T \in SUBSET S,
       FS_CardinalityType 
PROVE  /\ Cardinality(S) \in Nat
       /\ ExistsBijection(1..Cardinality(S), S)

@!!END

@!!BEGIN
@!!type:obligation
@!!id:283
@!!loc:414:6:414:24
@!!status:to be proved
@!!obl:ASSUME NEW CONSTANT S,
       IsFiniteSet(S) ,
       NEW CONSTANT T \in SUBSET S
PROVE  FS_CardinalityType

@!!END

@!!BEGIN
@!!type:obligation
@!!id:284
@!!loc:416:3:416:5
@!!status:to be proved
@!!obl:ASSUME NEW CONSTANT S,
       IsFiniteSet(S) ,
       NEW CONSTANT T \in SUBSET S,
       <1>1 ,
       Fun_NatBijSubset ,
       Zenon 
PROVE  \E n \in Nat : ExistsBijection(1..n, T) /\ n =< Cardinality(S)

@!!END

@!!BEGIN
@!!type:obligation
@!!id:285
@!!loc:416:6:416:10
@!!status:to be proved
@!!obl:ASSUME NEW CONSTANT S,
       IsFiniteSet(S) ,
       NEW CONSTANT T \in SUBSET S
PROVE  <1>1

@!!END

@!!BEGIN
@!!type:obligation
@!!id:286
@!!loc:416:12:416:28
@!!status:to be proved
@!!obl:ASSUME NEW CONSTANT S,
       IsFiniteSet(S) ,
       NEW CONSTANT T \in SUBSET S,
       <1>1 
PROVE  Fun_NatBijSubset

@!!END

@!!BEGIN
@!!type:obligation
@!!id:287
@!!loc:416:30:416:35
@!!status:to be proved
@!!obl:ASSUME NEW CONSTANT S,
       IsFiniteSet(S) ,
       NEW CONSTANT T \in SUBSET S,
       <1>1 ,
       Fun_NatBijSubset 
PROVE  Zenon

@!!END

@!!BEGIN
@!!type:obligation
@!!id:289
@!!loc:426:13:426:15
@!!status:to be proved
@!!obl:ASSUME NEW CONSTANT S,
       IsFiniteSet(S) ,
       NEW CONSTANT T \in SUBSET S,
       NEW CONSTANT n \in Nat,
       NEW CONSTANT x \in S \ T,
       NEW CONSTANT m \in Nat,
       <2>4 ,
       <1>3 ,
       FS_CountingElements 
PROVE  FALSE

@!!END

@!!BEGIN
@!!type:obligation
@!!id:290
@!!loc:426:16:426:20
@!!status:to be proved
@!!obl:ASSUME NEW CONSTANT S,
       IsFiniteSet(S) ,
       NEW CONSTANT T \in SUBSET S,
       NEW CONSTANT n \in Nat,
       NEW CONSTANT x \in S \ T,
       NEW CONSTANT m \in Nat
PROVE  <2>4

@!!END

@!!BEGIN
@!!type:obligation
@!!id:291
@!!loc:426:22:426:26
@!!status:to be proved
@!!obl:ASSUME NEW CONSTANT S,
       IsFiniteSet(S) ,
       NEW CONSTANT T \in SUBSET S,
       NEW CONSTANT n \in Nat,
       NEW CONSTANT x \in S \ T,
       NEW CONSTANT m \in Nat,
       <2>4 
PROVE  <1>3

@!!END

@!!BEGIN
@!!type:obligation
@!!id:292
@!!loc:426:28:426:47
@!!status:to be proved
@!!obl:ASSUME NEW CONSTANT S,
       IsFiniteSet(S) ,
       NEW CONSTANT T \in SUBSET S,
       NEW CONSTANT n \in Nat,
       NEW CONSTANT x \in S \ T,
       NEW CONSTANT m \in Nat,
       <2>4 ,
       <1>3 
PROVE  FS_CountingElements

@!!END

@!!BEGIN
@!!type:obligation
@!!id:293
@!!loc:419:34:419:36
@!!status:to be proved
@!!obl:ASSUME NEW CONSTANT S,
       IsFiniteSet(S) ,
       NEW CONSTANT T \in SUBSET S,
       NEW CONSTANT n \in Nat,
       <1>3 ,
       Zenon 
PROVE  \E x \in S \ T : TRUE

@!!END

@!!BEGIN
@!!type:obligation
@!!id:294
@!!loc:419:37:419:41
@!!status:to be proved
@!!obl:ASSUME NEW CONSTANT S,
       IsFiniteSet(S) ,
       NEW CONSTANT T \in SUBSET S,
       NEW CONSTANT n \in Nat
PROVE  <1>3

@!!END

@!!BEGIN
@!!type:obligation
@!!id:295
@!!loc:419:43:419:48
@!!status:to be proved
@!!obl:ASSUME NEW CONSTANT S,
       IsFiniteSet(S) ,
       NEW CONSTANT T \in SUBSET S,
       NEW CONSTANT n \in Nat,
       <1>3 
PROVE  Zenon

@!!END

@!!BEGIN
@!!type:obligation
@!!id:297
@!!loc:422:5:422:7
@!!status:to be proved
@!!obl:ASSUME NEW CONSTANT S,
       IsFiniteSet(S) ,
       NEW CONSTANT T \in SUBSET S,
       NEW CONSTANT n \in Nat,
       NEW CONSTANT x \in S \ T,
       <2>1 ,
       FS_RemoveElement 
PROVE  /\ IsFiniteSet(S \ {x})
       /\ Cardinality(S \ {x}) = Cardinality(S) - 1

@!!END

@!!BEGIN
@!!type:obligation
@!!id:298
@!!loc:422:8:422:12
@!!status:to be proved
@!!obl:ASSUME NEW CONSTANT S,
       IsFiniteSet(S) ,
       NEW CONSTANT T \in SUBSET S,
       NEW CONSTANT n \in Nat,
       NEW CONSTANT x \in S \ T
PROVE  <2>1

@!!END

@!!BEGIN
@!!type:obligation
@!!id:299
@!!loc:422:14:422:30
@!!status:to be proved
@!!obl:ASSUME NEW CONSTANT S,
       IsFiniteSet(S) ,
       NEW CONSTANT T \in SUBSET S,
       NEW CONSTANT n \in Nat,
       NEW CONSTANT x \in S \ T,
       <2>1 
PROVE  FS_RemoveElement

@!!END

@!!BEGIN
@!!type:obligation
@!!id:300
@!!loc:423:30:423:32
@!!status:to be proved
@!!obl:ASSUME NEW CONSTANT S,
       IsFiniteSet(S) ,
       NEW CONSTANT T \in SUBSET S,
       NEW CONSTANT n \in Nat,
       NEW CONSTANT x \in S \ T,
       <2>1 
PROVE  T \subseteq S \ {x}

@!!END

@!!BEGIN
@!!type:obligation
@!!id:301
@!!loc:423:33:423:37
@!!status:to be proved
@!!obl:ASSUME NEW CONSTANT S,
       IsFiniteSet(S) ,
       NEW CONSTANT T \in SUBSET S,
       NEW CONSTANT n \in Nat,
       NEW CONSTANT x \in S \ T
PROVE  <2>1

@!!END

@!!BEGIN
@!!type:obligation
@!!id:302
@!!loc:425:5:425:7
@!!status:to be proved
@!!obl:ASSUME NEW CONSTANT S,
       IsFiniteSet(S) ,
       NEW CONSTANT T \in SUBSET S,
       NEW CONSTANT n \in Nat,
       NEW CONSTANT x \in S \ T,
       <2>2 ,
       <2>3 ,
       FS_CardinalityType ,
       Fun_NatBijSubset ,
       Zenon 
PROVE  \E m \in Nat : ExistsBijection(1..m, T) /\ m =< Cardinality(S) - 1

@!!END

@!!BEGIN
@!!type:obligation
@!!id:303
@!!loc:425:8:425:12
@!!status:to be proved
@!!obl:ASSUME NEW CONSTANT S,
       IsFiniteSet(S) ,
       NEW CONSTANT T \in SUBSET S,
       NEW CONSTANT n \in Nat,
       NEW CONSTANT x \in S \ T
PROVE  <2>2

@!!END

@!!BEGIN
@!!type:obligation
@!!id:304
@!!loc:425:14:425:18
@!!status:to be proved
@!!obl:ASSUME NEW CONSTANT S,
       IsFiniteSet(S) ,
       NEW CONSTANT T \in SUBSET S,
       NEW CONSTANT n \in Nat,
       NEW CONSTANT x \in S \ T,
       <2>2 
PROVE  <2>3

@!!END

@!!BEGIN
@!!type:obligation
@!!id:305
@!!loc:425:20:425:38
@!!status:to be proved
@!!obl:ASSUME NEW CONSTANT S,
       IsFiniteSet(S) ,
       NEW CONSTANT T \in SUBSET S,
       NEW CONSTANT n \in Nat,
       NEW CONSTANT x \in S \ T,
       <2>2 ,
       <2>3 
PROVE  FS_CardinalityType

@!!END

@!!BEGIN
@!!type:obligation
@!!id:306
@!!loc:425:40:425:56
@!!status:to be proved
@!!obl:ASSUME NEW CONSTANT S,
       IsFiniteSet(S) ,
       NEW CONSTANT T \in SUBSET S,
       NEW CONSTANT n \in Nat,
       NEW CONSTANT x \in S \ T,
       <2>2 ,
       <2>3 ,
       FS_CardinalityType 
PROVE  Fun_NatBijSubset

@!!END

@!!BEGIN
@!!type:obligation
@!!id:307
@!!loc:425:58:425:63
@!!status:to be proved
@!!obl:ASSUME NEW CONSTANT S,
       IsFiniteSet(S) ,
       NEW CONSTANT T \in SUBSET S,
       NEW CONSTANT n \in Nat,
       NEW CONSTANT x \in S \ T,
       <2>2 ,
       <2>3 ,
       FS_CardinalityType ,
       Fun_NatBijSubset 
PROVE  Zenon

@!!END

@!!BEGIN
@!!type:obligation
@!!id:309
@!!loc:459:11:459:13
@!!status:to be proved
@!!obl:ASSUME NEW CONSTANT S,
       NEW CONSTANT T,
       NEW CONSTANT f \in Surjection(S, T),
       IsFiniteSet(S) ,
       <1>4 ,
       <1>5 ,
       <1>6 
PROVE  /\ IsFiniteSet(T)
       /\ Cardinality(T) =< Cardinality(S)
       /\ Cardinality(T) = Cardinality(S) <=> f \in Injection(S, T)

@!!END

@!!BEGIN
@!!type:obligation
@!!id:310
@!!loc:459:14:459:18
@!!status:to be proved
@!!obl:ASSUME NEW CONSTANT S,
       NEW CONSTANT T,
       NEW CONSTANT f \in Surjection(S, T),
       IsFiniteSet(S) 
PROVE  <1>4

@!!END

@!!BEGIN
@!!type:obligation
@!!id:311
@!!loc:459:20:459:24
@!!status:to be proved
@!!obl:ASSUME NEW CONSTANT S,
       NEW CONSTANT T,
       NEW CONSTANT f \in Surjection(S, T),
       IsFiniteSet(S) ,
       <1>4 
PROVE  <1>5

@!!END

@!!BEGIN
@!!type:obligation
@!!id:312
@!!loc:459:26:459:30
@!!status:to be proved
@!!obl:ASSUME NEW CONSTANT S,
       NEW CONSTANT T,
       NEW CONSTANT f \in Surjection(S, T),
       IsFiniteSet(S) ,
       <1>4 ,
       <1>5 
PROVE  <1>6

@!!END

@!!BEGIN
@!!type:obligation
@!!id:313
@!!loc:447:3:447:5
@!!status:to be proved
@!!obl:ASSUME NEW CONSTANT S,
       NEW CONSTANT T,
       NEW CONSTANT f \in Surjection(S, T),
       IsFiniteSet(S) ,
       FS_CardinalityType 
PROVE  /\ Cardinality(S) \in Nat
       /\ ExistsBijection(1..Cardinality(S), S)

@!!END

@!!BEGIN
@!!type:obligation
@!!id:314
@!!loc:447:6:447:24
@!!status:to be proved
@!!obl:ASSUME NEW CONSTANT S,
       NEW CONSTANT T,
       NEW CONSTANT f \in Surjection(S, T),
       IsFiniteSet(S) 
PROVE  FS_CardinalityType

@!!END

@!!BEGIN
@!!type:obligation
@!!id:315
@!!loc:449:3:449:5
@!!status:to be proved
@!!obl:ASSUME ExistsSurjection(S, T) == Surjection(S, T) # {},
       NEW CONSTANT S,
       NEW CONSTANT T,
       NEW CONSTANT f \in Surjection(S, T),
       IsFiniteSet(S) ,
       <1>1 ,
       Fun_ExistsBijEquiv ,
       Fun_ExistsSurjTransitive 
PROVE  ExistsSurjection(1..Cardinality(S), T)

@!!END

@!!BEGIN
@!!type:obligation
@!!id:316
@!!loc:449:6:449:10
@!!status:to be proved
@!!obl:ASSUME ExistsSurjection(S, T) == Surjection(S, T) # {},
       NEW CONSTANT S,
       NEW CONSTANT T,
       NEW CONSTANT f \in Surjection(S, T),
       IsFiniteSet(S) 
PROVE  <1>1

@!!END

@!!BEGIN
@!!type:obligation
@!!id:317
@!!loc:449:12:449:30
@!!status:to be proved
@!!obl:ASSUME ExistsSurjection(S, T) == Surjection(S, T) # {},
       NEW CONSTANT S,
       NEW CONSTANT T,
       NEW CONSTANT f \in Surjection(S, T),
       IsFiniteSet(S) ,
       <1>1 
PROVE  Fun_ExistsBijEquiv

@!!END

@!!BEGIN
@!!type:obligation
@!!id:318
@!!loc:449:32:449:56
@!!status:to be proved
@!!obl:ASSUME ExistsSurjection(S, T) == Surjection(S, T) # {},
       NEW CONSTANT S,
       NEW CONSTANT T,
       NEW CONSTANT f \in Surjection(S, T),
       IsFiniteSet(S) ,
       <1>1 ,
       Fun_ExistsBijEquiv 
PROVE  Fun_ExistsSurjTransitive

@!!END

@!!BEGIN
@!!type:obligation
@!!id:319
@!!loc:451:3:451:5
@!!status:to be proved
@!!obl:ASSUME NEW CONSTANT S,
       NEW CONSTANT T,
       NEW CONSTANT f \in Surjection(S, T),
       IsFiniteSet(S) ,
       <1>1 ,
       <1>2 ,
       FS_NatSurjection ,
       FS_SurjCardinalityBound 
PROVE  IsFiniteSet(T) /\ Cardinality(T) =< Cardinality(S)

@!!END

@!!BEGIN
@!!type:obligation
@!!id:320
@!!loc:451:6:451:10
@!!status:to be proved
@!!obl:ASSUME NEW CONSTANT S,
       NEW CONSTANT T,
       NEW CONSTANT f \in Surjection(S, T),
       IsFiniteSet(S) 
PROVE  <1>1

@!!END

@!!BEGIN
@!!type:obligation
@!!id:321
@!!loc:451:12:451:16
@!!status:to be proved
@!!obl:ASSUME NEW CONSTANT S,
       NEW CONSTANT T,
       NEW CONSTANT f \in Surjection(S, T),
       IsFiniteSet(S) ,
       <1>1 
PROVE  <1>2

@!!END

@!!BEGIN
@!!type:obligation
@!!id:322
@!!loc:451:18:451:34
@!!status:to be proved
@!!obl:ASSUME NEW CONSTANT S,
       NEW CONSTANT T,
       NEW CONSTANT f \in Surjection(S, T),
       IsFiniteSet(S) ,
       <1>1 ,
       <1>2 
PROVE  FS_NatSurjection

@!!END

@!!BEGIN
@!!type:obligation
@!!id:323
@!!loc:451:36:451:59
@!!status:to be proved
@!!obl:ASSUME NEW CONSTANT S,
       NEW CONSTANT T,
       NEW CONSTANT f \in Surjection(S, T),
       IsFiniteSet(S) ,
       <1>1 ,
       <1>2 ,
       FS_NatSurjection 
PROVE  FS_SurjCardinalityBound

@!!END

@!!BEGIN
@!!type:obligation
@!!id:324
@!!loc:453:3:453:5
@!!status:to be proved
@!!obl:ASSUME NEW CONSTANT S,
       NEW CONSTANT T,
       NEW CONSTANT f \in Surjection(S, T),
       IsFiniteSet(S) ,
       <1>5 ,
       FS_SurjSameCardinalityImpliesInj 
PROVE  f \in Injection(S, T)

@!!END

@!!BEGIN
@!!type:obligation
@!!id:325
@!!loc:453:6:453:10
@!!status:to be proved
@!!obl:ASSUME NEW CONSTANT S,
       NEW CONSTANT T,
       NEW CONSTANT f \in Surjection(S, T),
       IsFiniteSet(S) 
PROVE  <1>5

@!!END

@!!BEGIN
@!!type:obligation
@!!id:326
@!!loc:453:12:453:44
@!!status:to be proved
@!!obl:ASSUME NEW CONSTANT S,
       NEW CONSTANT T,
       NEW CONSTANT f \in Surjection(S, T),
       IsFiniteSet(S) ,
       <1>5 
PROVE  FS_SurjSameCardinalityImpliesInj

@!!END

@!!BEGIN
@!!type:obligation
@!!id:327
@!!loc:458:13:458:15
@!!status:to be proved
@!!obl:ASSUME NEW CONSTANT S,
       NEW CONSTANT T,
       NEW CONSTANT f \in Surjection(S, T),
       IsFiniteSet(S) ,
       <1>1 ,
       <2>2 ,
       FS_CountingElements 
PROVE  Cardinality(T) = Cardinality(S)

@!!END

@!!BEGIN
@!!type:obligation
@!!id:328
@!!loc:458:16:458:20
@!!status:to be proved
@!!obl:ASSUME NEW CONSTANT S,
       NEW CONSTANT T,
       NEW CONSTANT f \in Surjection(S, T),
       IsFiniteSet(S) 
PROVE  <1>1

@!!END

@!!BEGIN
@!!type:obligation
@!!id:329
@!!loc:458:22:458:26
@!!status:to be proved
@!!obl:ASSUME NEW CONSTANT S,
       NEW CONSTANT T,
       NEW CONSTANT f \in Surjection(S, T),
       IsFiniteSet(S) ,
       <1>1 
PROVE  <2>2

@!!END

@!!BEGIN
@!!type:obligation
@!!id:330
@!!loc:458:28:458:47
@!!status:to be proved
@!!obl:ASSUME NEW CONSTANT S,
       NEW CONSTANT T,
       NEW CONSTANT f \in Surjection(S, T),
       IsFiniteSet(S) ,
       <1>1 ,
       <2>2 
PROVE  FS_CountingElements

@!!END

@!!BEGIN
@!!type:obligation
@!!id:331
@!!loc:455:32:455:34
@!!status:to be proved
@!!obl:ASSUME Bijection(S, T) == Injection(S, T) \cap Surjection(S, T),
       ExistsBijection(S, T) == Bijection(S, T) # {},
       NEW CONSTANT S,
       NEW CONSTANT T,
       NEW CONSTANT f \in Surjection(S, T),
       IsFiniteSet(S) ,
       <1>6 
PROVE  ExistsBijection(S, T)

@!!END

@!!BEGIN
@!!type:obligation
@!!id:332
@!!loc:455:35:455:39
@!!status:to be proved
@!!obl:ASSUME Bijection(S, T) == Injection(S, T) \cap Surjection(S, T),
       ExistsBijection(S, T) == Bijection(S, T) # {},
       NEW CONSTANT S,
       NEW CONSTANT T,
       NEW CONSTANT f \in Surjection(S, T),
       IsFiniteSet(S) 
PROVE  <1>6

@!!END

@!!BEGIN
@!!type:obligation
@!!id:333
@!!loc:457:5:457:7
@!!status:to be proved
@!!obl:ASSUME NEW CONSTANT S,
       NEW CONSTANT T,
       NEW CONSTANT f \in Surjection(S, T),
       IsFiniteSet(S) ,
       <1>1 ,
       <2>1 ,
       Fun_ExistsBijTransitive 
PROVE  ExistsBijection(1..Cardinality(S), T)

@!!END

@!!BEGIN
@!!type:obligation
@!!id:334
@!!loc:457:8:457:12
@!!status:to be proved
@!!obl:ASSUME NEW CONSTANT S,
       NEW CONSTANT T,
       NEW CONSTANT f \in Surjection(S, T),
       IsFiniteSet(S) 
PROVE  <1>1

@!!END

@!!BEGIN
@!!type:obligation
@!!id:335
@!!loc:457:14:457:18
@!!status:to be proved
@!!obl:ASSUME NEW CONSTANT S,
       NEW CONSTANT T,
       NEW CONSTANT f \in Surjection(S, T),
       IsFiniteSet(S) ,
       <1>1 
PROVE  <2>1

@!!END

@!!BEGIN
@!!type:obligation
@!!id:336
@!!loc:457:20:457:43
@!!status:to be proved
@!!obl:ASSUME NEW CONSTANT S,
       NEW CONSTANT T,
       NEW CONSTANT f \in Surjection(S, T),
       IsFiniteSet(S) ,
       <1>1 ,
       <2>1 
PROVE  Fun_ExistsBijTransitive

@!!END

@!!BEGIN
@!!type:obligation
@!!id:337
@!!loc:468:11:468:13
@!!status:to be proved
@!!obl:ASSUME NEW CONSTANT S,
       IsFiniteSet(S) ,
       NEW CONSTANT Op(_),
       f == [x \in S |-> Op(x)],
       <1>_a480 ,
       FS_Surjection 
PROVE  LET T == {Op(x) : x \in S}
       IN  /\ IsFiniteSet(T)
           /\ Cardinality(T) =< Cardinality(S)

@!!END

@!!BEGIN
@!!type:obligation
@!!id:338
@!!loc:468:14:468:27
@!!status:to be proved
@!!obl:ASSUME NEW CONSTANT S,
       IsFiniteSet(S) ,
       NEW CONSTANT Op(_),
       f == [x \in S |-> Op(x)],
       <1>_a480 
PROVE  FS_Surjection

@!!END

@!!BEGIN
@!!type:obligation
@!!id:339
@!!loc:467:46:467:48
@!!status:to be proved
@!!obl:ASSUME Surjection(S, T) ==
         {M \in [S -> T] : \A t \in T : \E s \in S : M[s] = t},
       NEW CONSTANT S,
       IsFiniteSet(S) ,
       NEW CONSTANT Op(_),
       f == [x \in S |-> Op(x)]
PROVE  f \in Surjection(S, {Op(x) : x \in S})

@!!END

@!!BEGIN
@!!type:obligation
@!!id:340
@!!loc:518:11:518:13
@!!status:to be proved
@!!obl:ASSUME NEW CONSTANT S,
       NEW CONSTANT T,
       NEW CONSTANT f \in Injection(S, T),
       IsFiniteSet(T) ,
       <1>1 ,
       <1>2 
PROVE  /\ IsFiniteSet(S)
       /\ Cardinality(S) =< Cardinality(T)
       /\ Cardinality(S) = Cardinality(T) <=> f \in Surjection(S, T)

@!!END

@!!BEGIN
@!!type:obligation
@!!id:341
@!!loc:518:14:518:18
@!!status:to be proved
@!!obl:ASSUME NEW CONSTANT S,
       NEW CONSTANT T,
       NEW CONSTANT f \in Injection(S, T),
       IsFiniteSet(T) 
PROVE  <1>1

@!!END

@!!BEGIN
@!!type:obligation
@!!id:342
@!!loc:518:20:518:24
@!!status:to be proved
@!!obl:ASSUME NEW CONSTANT S,
       NEW CONSTANT T,
       NEW CONSTANT f \in Injection(S, T),
       IsFiniteSet(T) ,
       <1>1 
PROVE  <1>2

@!!END

@!!BEGIN
@!!type:obligation
@!!id:343
@!!loc:488:13:488:15
@!!status:to be proved
@!!obl:ASSUME NEW CONSTANT S,
       NEW CONSTANT T,
       NEW CONSTANT f \in Injection(S, T),
       IsFiniteSet(T) ,
       <2>1 ,
       <2>2 
PROVE  /\ IsFiniteSet(S)
       /\ Cardinality(S) =< Cardinality(T)
       /\ Cardinality(S) = Cardinality(T) <=> f \in Surjection(S, T)

@!!END

@!!BEGIN
@!!type:obligation
@!!id:344
@!!loc:488:16:488:20
@!!status:to be proved
@!!obl:ASSUME NEW CONSTANT S,
       NEW CONSTANT T,
       NEW CONSTANT f \in Injection(S, T),
       IsFiniteSet(T) 
PROVE  <2>1

@!!END

@!!BEGIN
@!!type:obligation
@!!id:345
@!!loc:488:22:488:26
@!!status:to be proved
@!!obl:ASSUME NEW CONSTANT S,
       NEW CONSTANT T,
       NEW CONSTANT f \in Injection(S, T),
       IsFiniteSet(T) ,
       <2>1 
PROVE  <2>2

@!!END

@!!BEGIN
@!!type:obligation
@!!id:346
@!!loc:484:5:484:7
@!!status:to be proved
@!!obl:ASSUME NEW CONSTANT S,
       NEW CONSTANT T,
       NEW CONSTANT f \in Injection(S, T),
       IsFiniteSet(T) ,
       <1>1 ,
       FS_CardinalityType ,
       FS_EmptySet 
PROVE  IsFiniteSet(S) /\ Cardinality(S) =< Cardinality(T)

@!!END

@!!BEGIN
@!!type:obligation
@!!id:347
@!!loc:484:8:484:12
@!!status:to be proved
@!!obl:ASSUME NEW CONSTANT S,
       NEW CONSTANT T,
       NEW CONSTANT f \in Injection(S, T),
       IsFiniteSet(T) 
PROVE  <1>1

@!!END

@!!BEGIN
@!!type:obligation
@!!id:348
@!!loc:484:14:484:32
@!!status:to be proved
@!!obl:ASSUME NEW CONSTANT S,
       NEW CONSTANT T,
       NEW CONSTANT f \in Injection(S, T),
       IsFiniteSet(T) ,
       <1>1 
PROVE  FS_CardinalityType

@!!END

@!!BEGIN
@!!type:obligation
@!!id:349
@!!loc:484:34:484:45
@!!status:to be proved
@!!obl:ASSUME NEW CONSTANT S,
       NEW CONSTANT T,
       NEW CONSTANT f \in Injection(S, T),
       IsFiniteSet(T) ,
       <1>1 ,
       FS_CardinalityType 
PROVE  FS_EmptySet

@!!END

@!!BEGIN
@!!type:obligation
@!!id:350
@!!loc:486:5:486:7
@!!status:to be proved
@!!obl:ASSUME Injection(S, T) == {M \in [S -> T] : IsInjective(M)},
       NEW CONSTANT S,
       NEW CONSTANT T,
       NEW CONSTANT f \in Injection(S, T),
       IsFiniteSet(T) ,
       <1>1 ,
       FS_CardinalityType ,
       FS_EmptySet ,
       Fun_IsSurj ,
       Fun_SurjectionProperties ,
       Zenon 
PROVE  Cardinality(S) = Cardinality(T) <=> f \in Surjection(S, T)

@!!END

@!!BEGIN
@!!type:obligation
@!!id:351
@!!loc:486:8:486:12
@!!status:to be proved
@!!obl:ASSUME Injection(S, T) == {M \in [S -> T] : IsInjective(M)},
       NEW CONSTANT S,
       NEW CONSTANT T,
       NEW CONSTANT f \in Injection(S, T),
       IsFiniteSet(T) 
PROVE  <1>1

@!!END

@!!BEGIN
@!!type:obligation
@!!id:352
@!!loc:486:14:486:32
@!!status:to be proved
@!!obl:ASSUME Injection(S, T) == {M \in [S -> T] : IsInjective(M)},
       NEW CONSTANT S,
       NEW CONSTANT T,
       NEW CONSTANT f \in Injection(S, T),
       IsFiniteSet(T) ,
       <1>1 
PROVE  FS_CardinalityType

@!!END

@!!BEGIN
@!!type:obligation
@!!id:353
@!!loc:486:34:486:45
@!!status:to be proved
@!!obl:ASSUME Injection(S, T) == {M \in [S -> T] : IsInjective(M)},
       NEW CONSTANT S,
       NEW CONSTANT T,
       NEW CONSTANT f \in Injection(S, T),
       IsFiniteSet(T) ,
       <1>1 ,
       FS_CardinalityType 
PROVE  FS_EmptySet

@!!END

@!!BEGIN
@!!type:obligation
@!!id:354
@!!loc:486:47:486:57
@!!status:to be proved
@!!obl:ASSUME Injection(S, T) == {M \in [S -> T] : IsInjective(M)},
       NEW CONSTANT S,
       NEW CONSTANT T,
       NEW CONSTANT f \in Injection(S, T),
       IsFiniteSet(T) ,
       <1>1 ,
       FS_CardinalityType ,
       FS_EmptySet 
PROVE  Fun_IsSurj

@!!END

@!!BEGIN
@!!type:obligation
@!!id:355
@!!loc:486:59:486:83
@!!status:to be proved
@!!obl:ASSUME Injection(S, T) == {M \in [S -> T] : IsInjective(M)},
       NEW CONSTANT S,
       NEW CONSTANT T,
       NEW CONSTANT f \in Injection(S, T),
       IsFiniteSet(T) ,
       <1>1 ,
       FS_CardinalityType ,
       FS_EmptySet ,
       Fun_IsSurj 
PROVE  Fun_SurjectionProperties

@!!END

@!!BEGIN
@!!type:obligation
@!!id:356
@!!loc:486:85:486:90
@!!status:to be proved
@!!obl:ASSUME Injection(S, T) == {M \in [S -> T] : IsInjective(M)},
       NEW CONSTANT S,
       NEW CONSTANT T,
       NEW CONSTANT f \in Injection(S, T),
       IsFiniteSet(T) ,
       <1>1 ,
       FS_CardinalityType ,
       FS_EmptySet ,
       Fun_IsSurj ,
       Fun_SurjectionProperties 
PROVE  Zenon

@!!END

@!!BEGIN
@!!type:obligation
@!!id:357
@!!loc:517:13:517:15
@!!status:to be proved
@!!obl:ASSUME NEW CONSTANT S,
       NEW CONSTANT T,
       NEW CONSTANT f \in Injection(S, T),
       IsFiniteSet(T) ,
       <2>2 ,
       <2>3 ,
       <2>4 
PROVE  /\ IsFiniteSet(S)
       /\ Cardinality(S) =< Cardinality(T)
       /\ Cardinality(S) = Cardinality(T) <=> f \in Surjection(S, T)

@!!END

@!!BEGIN
@!!type:obligation
@!!id:358
@!!loc:517:16:517:20
@!!status:to be proved
@!!obl:ASSUME NEW CONSTANT S,
       NEW CONSTANT T,
       NEW CONSTANT f \in Injection(S, T),
       IsFiniteSet(T) 
PROVE  <2>2

@!!END

@!!BEGIN
@!!type:obligation
@!!id:359
@!!loc:517:22:517:26
@!!status:to be proved
@!!obl:ASSUME NEW CONSTANT S,
       NEW CONSTANT T,
       NEW CONSTANT f \in Injection(S, T),
       IsFiniteSet(T) ,
       <2>2 
PROVE  <2>3

@!!END

@!!BEGIN
@!!type:obligation
@!!id:360
@!!loc:517:28:517:32
@!!status:to be proved
@!!obl:ASSUME NEW CONSTANT S,
       NEW CONSTANT T,
       NEW CONSTANT f \in Injection(S, T),
       IsFiniteSet(T) ,
       <2>2 ,
       <2>3 
PROVE  <2>4

@!!END

@!!BEGIN
@!!type:obligation
@!!id:361
@!!loc:491:5:491:7
@!!status:to be proved
@!!obl:ASSUME NEW CONSTANT S,
       NEW CONSTANT T,
       NEW CONSTANT f \in Injection(S, T),
       IsFiniteSet(T) ,
       <1>2 ,
       Fun_InjInverse 
PROVE  Inverse(f, S, T) \in Surjection(T, S)

@!!END

@!!BEGIN
@!!type:obligation
@!!id:362
@!!loc:491:8:491:12
@!!status:to be proved
@!!obl:ASSUME NEW CONSTANT S,
       NEW CONSTANT T,
       NEW CONSTANT f \in Injection(S, T),
       IsFiniteSet(T) 
PROVE  <1>2

@!!END

@!!BEGIN
@!!type:obligation
@!!id:363
@!!loc:491:14:491:28
@!!status:to be proved
@!!obl:ASSUME NEW CONSTANT S,
       NEW CONSTANT T,
       NEW CONSTANT f \in Injection(S, T),
       IsFiniteSet(T) ,
       <1>2 
PROVE  Fun_InjInverse

@!!END

@!!BEGIN
@!!type:obligation
@!!id:364
@!!loc:495:5:495:7
@!!status:to be proved
@!!obl:ASSUME NEW CONSTANT S,
       NEW CONSTANT T,
       NEW CONSTANT f \in Injection(S, T),
       IsFiniteSet(T) ,
       <2>1 ,
       FS_Surjection 
PROVE  /\ IsFiniteSet(S)
       /\ Cardinality(S) =< Cardinality(T)
       /\ Cardinality(S) = Cardinality(T)
          <=> Inverse(f, S, T) \in Injection(T, S)

@!!END

@!!BEGIN
@!!type:obligation
@!!id:365
@!!loc:495:8:495:12
@!!status:to be proved
@!!obl:ASSUME NEW CONSTANT S,
       NEW CONSTANT T,
       NEW CONSTANT f \in Injection(S, T),
       IsFiniteSet(T) 
PROVE  <2>1

@!!END

@!!BEGIN
@!!type:obligation
@!!id:366
@!!loc:495:14:495:27
@!!status:to be proved
@!!obl:ASSUME NEW CONSTANT S,
       NEW CONSTANT T,
       NEW CONSTANT f \in Injection(S, T),
       IsFiniteSet(T) ,
       <2>1 
PROVE  FS_Surjection

@!!END

@!!BEGIN
@!!type:obligation
@!!id:367
@!!loc:513:15:513:17
@!!status:to be proved
@!!obl:ASSUME Range(f) == {f[x] : x \in DOMAIN f},
       Injection(S, T) == {M \in [S -> T] : IsInjective(M)},
       NEW CONSTANT S,
       NEW CONSTANT T,
       NEW CONSTANT f \in Injection(S, T),
       IsFiniteSet(T) ,
       NEW CONSTANT t \in T,
       \A s \in S : f[s] # t ,
       <3>6 
PROVE  FALSE

@!!END

@!!BEGIN
@!!type:obligation
@!!id:368
@!!loc:513:18:513:22
@!!status:to be proved
@!!obl:ASSUME Range(f) == {f[x] : x \in DOMAIN f},
       Injection(S, T) == {M \in [S -> T] : IsInjective(M)},
       NEW CONSTANT S,
       NEW CONSTANT T,
       NEW CONSTANT f \in Injection(S, T),
       IsFiniteSet(T) ,
       NEW CONSTANT t \in T,
       \A s \in S : f[s] # t 
PROVE  <3>6

@!!END

@!!BEGIN
@!!type:obligation
@!!id:369
@!!loc:500:7:500:9
@!!status:to be proved
@!!obl:ASSUME Injection(S, T) == {M \in [S -> T] : IsInjective(M)},
       Surjection(S, T) ==
         {M \in [S -> T] : \A t \in T : \E s \in S : M[s] = t},
       NEW CONSTANT S,
       NEW CONSTANT T,
       NEW CONSTANT f \in Injection(S, T),
       IsFiniteSet(T) ,
       <3>_a485 
PROVE  f \in Surjection(S, T)

@!!END

@!!BEGIN
@!!type:obligation
@!!id:370
@!!loc:502:7:502:9
@!!status:to be proved
@!!obl:ASSUME Bijection(S, T) == Injection(S, T) \cap Surjection(S, T),
       ExistsBijection(S, T) == Bijection(S, T) # {},
       NEW CONSTANT S,
       NEW CONSTANT T,
       NEW CONSTANT f \in Injection(S, T),
       IsFiniteSet(T) ,
       NEW CONSTANT t \in T,
       \A s \in S : f[s] # t ,
       <2>1 ,
       <2>2 ,
       <2>3 
PROVE  ExistsBijection(T, S)

@!!END

@!!BEGIN
@!!type:obligation
@!!id:371
@!!loc:502:10:502:14
@!!status:to be proved
@!!obl:ASSUME Bijection(S, T) == Injection(S, T) \cap Surjection(S, T),
       ExistsBijection(S, T) == Bijection(S, T) # {},
       NEW CONSTANT S,
       NEW CONSTANT T,
       NEW CONSTANT f \in Injection(S, T),
       IsFiniteSet(T) ,
       NEW CONSTANT t \in T,
       \A s \in S : f[s] # t 
PROVE  <2>1

@!!END

@!!BEGIN
@!!type:obligation
@!!id:372
@!!loc:502:16:502:20
@!!status:to be proved
@!!obl:ASSUME Bijection(S, T) == Injection(S, T) \cap Surjection(S, T),
       ExistsBijection(S, T) == Bijection(S, T) # {},
       NEW CONSTANT S,
       NEW CONSTANT T,
       NEW CONSTANT f \in Injection(S, T),
       IsFiniteSet(T) ,
       NEW CONSTANT t \in T,
       \A s \in S : f[s] # t ,
       <2>1 
PROVE  <2>2

@!!END

@!!BEGIN
@!!type:obligation
@!!id:373
@!!loc:502:22:502:26
@!!status:to be proved
@!!obl:ASSUME Bijection(S, T) == Injection(S, T) \cap Surjection(S, T),
       ExistsBijection(S, T) == Bijection(S, T) # {},
       NEW CONSTANT S,
       NEW CONSTANT T,
       NEW CONSTANT f \in Injection(S, T),
       IsFiniteSet(T) ,
       NEW CONSTANT t \in T,
       \A s \in S : f[s] # t ,
       <2>1 ,
       <2>2 
PROVE  <2>3

@!!END

@!!BEGIN
@!!type:obligation
@!!id:374
@!!loc:504:7:504:9
@!!status:to be proved
@!!obl:ASSUME NEW CONSTANT S,
       NEW CONSTANT T,
       NEW CONSTANT f \in Injection(S, T),
       IsFiniteSet(T) ,
       NEW CONSTANT t \in T,
       \A s \in S : f[s] # t ,
       Fun_InjMeansBijImage 
PROVE  f \in Bijection(S, Range(f))

@!!END

@!!BEGIN
@!!type:obligation
@!!id:375
@!!loc:504:10:504:30
@!!status:to be proved
@!!obl:ASSUME NEW CONSTANT S,
       NEW CONSTANT T,
       NEW CONSTANT f \in Injection(S, T),
       IsFiniteSet(T) ,
       NEW CONSTANT t \in T,
       \A s \in S : f[s] # t 
PROVE  Fun_InjMeansBijImage

@!!END

@!!BEGIN
@!!type:obligation
@!!id:376
@!!loc:506:7:506:9
@!!status:to be proved
@!!obl:ASSUME ExistsBijection(S, T) == Bijection(S, T) # {},
       NEW CONSTANT S,
       NEW CONSTANT T,
       NEW CONSTANT f \in Injection(S, T),
       IsFiniteSet(T) ,
       NEW CONSTANT t \in T,
       \A s \in S : f[s] # t ,
       <3>1 ,
       <3>2 ,
       Fun_ExistsBijTransitive 
PROVE  ExistsBijection(T, Range(f))

@!!END

@!!BEGIN
@!!type:obligation
@!!id:377
@!!loc:506:10:506:14
@!!status:to be proved
@!!obl:ASSUME ExistsBijection(S, T) == Bijection(S, T) # {},
       NEW CONSTANT S,
       NEW CONSTANT T,
       NEW CONSTANT f \in Injection(S, T),
       IsFiniteSet(T) ,
       NEW CONSTANT t \in T,
       \A s \in S : f[s] # t 
PROVE  <3>1

@!!END

@!!BEGIN
@!!type:obligation
@!!id:378
@!!loc:506:16:506:20
@!!status:to be proved
@!!obl:ASSUME ExistsBijection(S, T) == Bijection(S, T) # {},
       NEW CONSTANT S,
       NEW CONSTANT T,
       NEW CONSTANT f \in Injection(S, T),
       IsFiniteSet(T) ,
       NEW CONSTANT t \in T,
       \A s \in S : f[s] # t ,
       <3>1 
PROVE  <3>2

@!!END

@!!BEGIN
@!!type:obligation
@!!id:379
@!!loc:506:22:506:45
@!!status:to be proved
@!!obl:ASSUME ExistsBijection(S, T) == Bijection(S, T) # {},
       NEW CONSTANT S,
       NEW CONSTANT T,
       NEW CONSTANT f \in Injection(S, T),
       IsFiniteSet(T) ,
       NEW CONSTANT t \in T,
       \A s \in S : f[s] # t ,
       <3>1 ,
       <3>2 
PROVE  Fun_ExistsBijTransitive

@!!END

@!!BEGIN
@!!type:obligation
@!!id:380
@!!loc:508:7:508:9
@!!status:to be proved
@!!obl:ASSUME NEW CONSTANT S,
       NEW CONSTANT T,
       NEW CONSTANT f \in Injection(S, T),
       IsFiniteSet(T) ,
       NEW CONSTANT t \in T,
       \A s \in S : f[s] # t ,
       <3>3 ,
       FS_Bijection 
PROVE  Cardinality(T) = Cardinality(Range(f))

@!!END

@!!BEGIN
@!!type:obligation
@!!id:381
@!!loc:508:10:508:14
@!!status:to be proved
@!!obl:ASSUME NEW CONSTANT S,
       NEW CONSTANT T,
       NEW CONSTANT f \in Injection(S, T),
       IsFiniteSet(T) ,
       NEW CONSTANT t \in T,
       \A s \in S : f[s] # t 
PROVE  <3>3

@!!END

@!!BEGIN
@!!type:obligation
@!!id:382
@!!loc:508:16:508:28
@!!status:to be proved
@!!obl:ASSUME NEW CONSTANT S,
       NEW CONSTANT T,
       NEW CONSTANT f \in Injection(S, T),
       IsFiniteSet(T) ,
       NEW CONSTANT t \in T,
       \A s \in S : f[s] # t ,
       <3>3 
PROVE  FS_Bijection

@!!END

@!!BEGIN
@!!type:obligation
@!!id:383
@!!loc:510:7:510:9
@!!status:to be proved
@!!obl:ASSUME Range(f) == {f[x] : x \in DOMAIN f},
       Injection(S, T) == {M \in [S -> T] : IsInjective(M)},
       NEW CONSTANT S,
       NEW CONSTANT T,
       NEW CONSTANT f \in Injection(S, T),
       IsFiniteSet(T) ,
       NEW CONSTANT t \in T,
       \A s \in S : f[s] # t 
PROVE  Range(f) \subseteq T

@!!END

@!!BEGIN
@!!type:obligation
@!!id:384
@!!loc:512:7:512:9
@!!status:to be proved
@!!obl:ASSUME NEW CONSTANT S,
       NEW CONSTANT T,
       NEW CONSTANT f \in Injection(S, T),
       IsFiniteSet(T) ,
       NEW CONSTANT t \in T,
       \A s \in S : f[s] # t ,
       <3>4 ,
       <3>5 ,
       FS_Subset ,
       Zenon 
PROVE  Range(f) = T

@!!END

@!!BEGIN
@!!type:obligation
@!!id:385
@!!loc:512:10:512:14
@!!status:to be proved
@!!obl:ASSUME NEW CONSTANT S,
       NEW CONSTANT T,
       NEW CONSTANT f \in Injection(S, T),
       IsFiniteSet(T) ,
       NEW CONSTANT t \in T,
       \A s \in S : f[s] # t 
PROVE  <3>4

@!!END

@!!BEGIN
@!!type:obligation
@!!id:386
@!!loc:512:16:512:20
@!!status:to be proved
@!!obl:ASSUME NEW CONSTANT S,
       NEW CONSTANT T,
       NEW CONSTANT f \in Injection(S, T),
       IsFiniteSet(T) ,
       NEW CONSTANT t \in T,
       \A s \in S : f[s] # t ,
       <3>4 
PROVE  <3>5

@!!END

@!!BEGIN
@!!type:obligation
@!!id:387
@!!loc:512:22:512:31
@!!status:to be proved
@!!obl:ASSUME NEW CONSTANT S,
       NEW CONSTANT T,
       NEW CONSTANT f \in Injection(S, T),
       IsFiniteSet(T) ,
       NEW CONSTANT t \in T,
       \A s \in S : f[s] # t ,
       <3>4 ,
       <3>5 
PROVE  FS_Subset

@!!END

@!!BEGIN
@!!type:obligation
@!!id:388
@!!loc:512:33:512:38
@!!status:to be proved
@!!obl:ASSUME NEW CONSTANT S,
       NEW CONSTANT T,
       NEW CONSTANT f \in Injection(S, T),
       IsFiniteSet(T) ,
       NEW CONSTANT t \in T,
       \A s \in S : f[s] # t ,
       <3>4 ,
       <3>5 ,
       FS_Subset 
PROVE  Zenon

@!!END

@!!BEGIN
@!!type:obligation
@!!id:389
@!!loc:516:5:516:7
@!!status:to be proved
@!!obl:ASSUME NEW CONSTANT S,
       NEW CONSTANT T,
       NEW CONSTANT f \in Injection(S, T),
       IsFiniteSet(T) ,
       <2>2 ,
       <2>4 ,
       FS_Surjection ,
       FS_CardinalityType 
PROVE  Cardinality(S) = Cardinality(T)

@!!END

@!!BEGIN
@!!type:obligation
@!!id:390
@!!loc:516:8:516:12
@!!status:to be proved
@!!obl:ASSUME NEW CONSTANT S,
       NEW CONSTANT T,
       NEW CONSTANT f \in Injection(S, T),
       IsFiniteSet(T) 
PROVE  <2>2

@!!END

@!!BEGIN
@!!type:obligation
@!!id:391
@!!loc:516:14:516:18
@!!status:to be proved
@!!obl:ASSUME NEW CONSTANT S,
       NEW CONSTANT T,
       NEW CONSTANT f \in Injection(S, T),
       IsFiniteSet(T) ,
       <2>2 
PROVE  <2>4

@!!END

@!!BEGIN
@!!type:obligation
@!!id:392
@!!loc:516:20:516:33
@!!status:to be proved
@!!obl:ASSUME NEW CONSTANT S,
       NEW CONSTANT T,
       NEW CONSTANT f \in Injection(S, T),
       IsFiniteSet(T) ,
       <2>2 ,
       <2>4 
PROVE  FS_Surjection

@!!END

@!!BEGIN
@!!type:obligation
@!!id:393
@!!loc:516:35:516:53
@!!status:to be proved
@!!obl:ASSUME NEW CONSTANT S,
       NEW CONSTANT T,
       NEW CONSTANT f \in Injection(S, T),
       IsFiniteSet(T) ,
       <2>2 ,
       <2>4 ,
       FS_Surjection 
PROVE  FS_CardinalityType

@!!END

@!!BEGIN
@!!type:obligation
@!!id:394
@!!loc:528:11:528:13
@!!status:to be proved
@!!obl:ASSUME NEW CONSTANT S,
       IsFiniteSet(S) ,
       NEW CONSTANT T,
       IsFiniteSet(T) ,
       Cardinality(T) < Cardinality(S) ,
       NEW CONSTANT f \in [S -> T],
       f \in Injection(S, T) ,
       FS_Injection ,
       FS_CardinalityType 
PROVE  FALSE

@!!END

@!!BEGIN
@!!type:obligation
@!!id:395
@!!loc:528:14:528:26
@!!status:to be proved
@!!obl:ASSUME NEW CONSTANT S,
       IsFiniteSet(S) ,
       NEW CONSTANT T,
       IsFiniteSet(T) ,
       Cardinality(T) < Cardinality(S) ,
       NEW CONSTANT f \in [S -> T],
       f \in Injection(S, T) 
PROVE  FS_Injection

@!!END

@!!BEGIN
@!!type:obligation
@!!id:396
@!!loc:528:28:528:46
@!!status:to be proved
@!!obl:ASSUME NEW CONSTANT S,
       IsFiniteSet(S) ,
       NEW CONSTANT T,
       IsFiniteSet(T) ,
       Cardinality(T) < Cardinality(S) ,
       NEW CONSTANT f \in [S -> T],
       f \in Injection(S, T) ,
       FS_Injection 
PROVE  FS_CardinalityType

@!!END

@!!BEGIN
@!!type:obligation
@!!id:397
@!!loc:527:3:527:5
@!!status:to be proved
@!!obl:ASSUME IsInjective(f) == \A a, b \in DOMAIN f : f[a] = f[b] => a = b,
       Injection(S, T) == {M \in [S -> T] : IsInjective(M)},
       NEW CONSTANT S,
       IsFiniteSet(S) ,
       NEW CONSTANT T,
       IsFiniteSet(T) ,
       Cardinality(T) < Cardinality(S) ,
       NEW CONSTANT f \in [S -> T],
       <1>_a564 
PROVE  \E x, y \in S : x # y /\ f[x] = f[y]

@!!END

@!!BEGIN
@!!type:obligation
@!!id:398
@!!loc:546:11:546:13
@!!status:to be proved
@!!obl:ASSUME NEW CONSTANT a \in Int,
       NEW CONSTANT b \in Int,
       <1>1 ,
       <1>2 
PROVE  /\ IsFiniteSet(a..b)
       /\ Cardinality(a..b) = (IF a > b THEN 0 ELSE b - a + 1)

@!!END

@!!BEGIN
@!!type:obligation
@!!id:399
@!!loc:546:14:546:18
@!!status:to be proved
@!!obl:ASSUME NEW CONSTANT a \in Int,
       NEW CONSTANT b \in Int
PROVE  <1>1

@!!END

@!!BEGIN
@!!type:obligation
@!!id:400
@!!loc:546:20:546:24
@!!status:to be proved
@!!obl:ASSUME NEW CONSTANT a \in Int,
       NEW CONSTANT b \in Int,
       <1>1 
PROVE  <1>2

@!!END

@!!BEGIN
@!!type:obligation
@!!id:401
@!!loc:543:3:543:5
@!!status:to be proved
@!!obl:ASSUME NEW CONSTANT a \in Int,
       NEW CONSTANT b \in Int,
       <1>1 ,
       Fun_ExistsBijInterval ,
       FS_NatBijection ,
       FS_CountingElements 
PROVE  /\ IsFiniteSet(a..b)
       /\ Cardinality(a..b) = (IF a > b THEN 0 ELSE b - a + 1)

@!!END

@!!BEGIN
@!!type:obligation
@!!id:402
@!!loc:543:6:543:10
@!!status:to be proved
@!!obl:ASSUME NEW CONSTANT a \in Int,
       NEW CONSTANT b \in Int
PROVE  <1>1

@!!END

@!!BEGIN
@!!type:obligation
@!!id:403
@!!loc:543:12:543:33
@!!status:to be proved
@!!obl:ASSUME NEW CONSTANT a \in Int,
       NEW CONSTANT b \in Int,
       <1>1 
PROVE  Fun_ExistsBijInterval

@!!END

@!!BEGIN
@!!type:obligation
@!!id:404
@!!loc:543:35:543:50
@!!status:to be proved
@!!obl:ASSUME NEW CONSTANT a \in Int,
       NEW CONSTANT b \in Int,
       <1>1 ,
       Fun_ExistsBijInterval 
PROVE  FS_NatBijection

@!!END

@!!BEGIN
@!!type:obligation
@!!id:405
@!!loc:543:52:543:71
@!!status:to be proved
@!!obl:ASSUME NEW CONSTANT a \in Int,
       NEW CONSTANT b \in Int,
       <1>1 ,
       Fun_ExistsBijInterval ,
       FS_NatBijection 
PROVE  FS_CountingElements

@!!END

@!!BEGIN
@!!type:obligation
@!!id:406
@!!loc:545:3:545:5
@!!status:to be proved
@!!obl:ASSUME NEW CONSTANT a \in Int,
       NEW CONSTANT b \in Int,
       <1>2 ,
       FS_EmptySet 
PROVE  /\ IsFiniteSet(a..b)
       /\ Cardinality(a..b) = (IF a > b THEN 0 ELSE b - a + 1)

@!!END

@!!BEGIN
@!!type:obligation
@!!id:407
@!!loc:545:6:545:10
@!!status:to be proved
@!!obl:ASSUME NEW CONSTANT a \in Int,
       NEW CONSTANT b \in Int
PROVE  <1>2

@!!END

@!!BEGIN
@!!type:obligation
@!!id:408
@!!loc:545:12:545:23
@!!status:to be proved
@!!obl:ASSUME NEW CONSTANT a \in Int,
       NEW CONSTANT b \in Int,
       <1>2 
PROVE  FS_EmptySet

@!!END

@!!BEGIN
@!!type:obligation
@!!id:409
@!!loc:557:11:557:13
@!!status:to be proved
@!!obl:ASSUME NEW CONSTANT S \in SUBSET Nat,
       NEW CONSTANT n \in Nat,
       \A s \in S : s =< n ,
       <1>1 ,
       <1>2 ,
       FS_Subset ,
       Zenon 
PROVE  /\ IsFiniteSet(S)
       /\ Cardinality(S) =< n + 1

@!!END

@!!BEGIN
@!!type:obligation
@!!id:410
@!!loc:557:14:557:18
@!!status:to be proved
@!!obl:ASSUME NEW CONSTANT S \in SUBSET Nat,
       NEW CONSTANT n \in Nat,
       \A s \in S : s =< n 
PROVE  <1>1

@!!END

@!!BEGIN
@!!type:obligation
@!!id:411
@!!loc:557:20:557:24
@!!status:to be proved
@!!obl:ASSUME NEW CONSTANT S \in SUBSET Nat,
       NEW CONSTANT n \in Nat,
       \A s \in S : s =< n ,
       <1>1 
PROVE  <1>2

@!!END

@!!BEGIN
@!!type:obligation
@!!id:412
@!!loc:557:26:557:35
@!!status:to be proved
@!!obl:ASSUME NEW CONSTANT S \in SUBSET Nat,
       NEW CONSTANT n \in Nat,
       \A s \in S : s =< n ,
       <1>1 ,
       <1>2 
PROVE  FS_Subset

@!!END

@!!BEGIN
@!!type:obligation
@!!id:413
@!!loc:557:37:557:42
@!!status:to be proved
@!!obl:ASSUME NEW CONSTANT S \in SUBSET Nat,
       NEW CONSTANT n \in Nat,
       \A s \in S : s =< n ,
       <1>1 ,
       <1>2 ,
       FS_Subset 
PROVE  Zenon

@!!END

@!!BEGIN
@!!type:obligation
@!!id:414
@!!loc:555:3:555:10
@!!status:to be proved
@!!obl:ASSUME NEW CONSTANT S \in SUBSET Nat,
       NEW CONSTANT n \in Nat,
       \A s \in S : s =< n 
PROVE  S \subseteq 0..n

@!!END

@!!BEGIN
@!!type:obligation
@!!id:415
@!!loc:556:53:556:55
@!!status:to be proved
@!!obl:ASSUME NEW CONSTANT S \in SUBSET Nat,
       NEW CONSTANT n \in Nat,
       \A s \in S : s =< n ,
       FS_Interval 
PROVE  IsFiniteSet(0..n) /\ Cardinality(0..n) = n + 1

@!!END

@!!BEGIN
@!!type:obligation
@!!id:416
@!!loc:556:56:556:67
@!!status:to be proved
@!!obl:ASSUME NEW CONSTANT S \in SUBSET Nat,
       NEW CONSTANT n \in Nat,
       \A s \in S : s =< n 
PROVE  FS_Interval

@!!END

@!!BEGIN
@!!type:obligation
@!!id:417
@!!loc:587:12:587:14
@!!status:to be proved
@!!obl:ASSUME NEW CONSTANT S,
       IsFiniteSet(S) ,
       NEW CONSTANT P(_),
       P({}) ,
       ASSUME NEW CONSTANT T \in SUBSET S,
              IsFiniteSet(T) ,
              P(T) ,
              NEW CONSTANT x \in S \ T
       PROVE  P(T \cup {x}) ,
       Q(n) == \A T \in SUBSET S : Cardinality(T) = n => P(T),
       <1>2 ,
       <1>3 ,
       NatInduction ,
       Isa 
PROVE  \A n \in Nat : Q(n)

@!!END

@!!BEGIN
@!!type:obligation
@!!id:418
@!!loc:587:15:587:19
@!!status:to be proved
@!!obl:ASSUME NEW CONSTANT S,
       IsFiniteSet(S) ,
       NEW CONSTANT P(_),
       P({}) ,
       ASSUME NEW CONSTANT T \in SUBSET S,
              IsFiniteSet(T) ,
              P(T) ,
              NEW CONSTANT x \in S \ T
       PROVE  P(T \cup {x}) ,
       Q(n) == \A T \in SUBSET S : Cardinality(T) = n => P(T)
PROVE  <1>2

@!!END

@!!BEGIN
@!!type:obligation
@!!id:419
@!!loc:587:21:587:25
@!!status:to be proved
@!!obl:ASSUME NEW CONSTANT S,
       IsFiniteSet(S) ,
       NEW CONSTANT P(_),
       P({}) ,
       ASSUME NEW CONSTANT T \in SUBSET S,
              IsFiniteSet(T) ,
              P(T) ,
              NEW CONSTANT x \in S \ T
       PROVE  P(T \cup {x}) ,
       Q(n) == \A T \in SUBSET S : Cardinality(T) = n => P(T),
       <1>2 
PROVE  <1>3

@!!END

@!!BEGIN
@!!type:obligation
@!!id:420
@!!loc:587:27:587:39
@!!status:to be proved
@!!obl:ASSUME NEW CONSTANT S,
       IsFiniteSet(S) ,
       NEW CONSTANT P(_),
       P({}) ,
       ASSUME NEW CONSTANT T \in SUBSET S,
              IsFiniteSet(T) ,
              P(T) ,
              NEW CONSTANT x \in S \ T
       PROVE  P(T \cup {x}) ,
       Q(n) == \A T \in SUBSET S : Cardinality(T) = n => P(T),
       <1>2 ,
       <1>3 
PROVE  NatInduction

@!!END

@!!BEGIN
@!!type:obligation
@!!id:421
@!!loc:587:41:587:44
@!!status:to be proved
@!!obl:ASSUME NEW CONSTANT S,
       IsFiniteSet(S) ,
       NEW CONSTANT P(_),
       P({}) ,
       ASSUME NEW CONSTANT T \in SUBSET S,
              IsFiniteSet(T) ,
              P(T) ,
              NEW CONSTANT x \in S \ T
       PROVE  P(T \cup {x}) ,
       Q(n) == \A T \in SUBSET S : Cardinality(T) = n => P(T),
       <1>2 ,
       <1>3 ,
       NatInduction 
PROVE  Isa

@!!END

@!!BEGIN
@!!type:obligation
@!!id:422
@!!loc:575:37:575:39
@!!status:to be proved
@!!obl:ASSUME NEW CONSTANT S,
       IsFiniteSet(S) ,
       NEW CONSTANT P(_),
       P({}) ,
       ASSUME NEW CONSTANT T \in SUBSET S,
              IsFiniteSet(T) ,
              P(T) ,
              NEW CONSTANT x \in S \ T
       PROVE  P(T \cup {x}) ,
       Q(n) == \A T \in SUBSET S : Cardinality(T) = n => P(T),
       <1>1 ,
       FS_CardinalityType 
PROVE  P(S)

@!!END

@!!BEGIN
@!!type:obligation
@!!id:423
@!!loc:575:40:575:58
@!!status:to be proved
@!!obl:ASSUME NEW CONSTANT S,
       IsFiniteSet(S) ,
       NEW CONSTANT P(_),
       P({}) ,
       ASSUME NEW CONSTANT T \in SUBSET S,
              IsFiniteSet(T) ,
              P(T) ,
              NEW CONSTANT x \in S \ T
       PROVE  P(T \cup {x}) ,
       Q(n) == \A T \in SUBSET S : Cardinality(T) = n => P(T),
       <1>1 
PROVE  FS_CardinalityType

@!!END

@!!BEGIN
@!!type:obligation
@!!id:424
@!!loc:576:13:576:15
@!!status:to be proved
@!!obl:ASSUME NEW CONSTANT S,
       IsFiniteSet(S) ,
       NEW CONSTANT P(_),
       P({}) ,
       ASSUME NEW CONSTANT T \in SUBSET S,
              IsFiniteSet(T) ,
              P(T) ,
              NEW CONSTANT x \in S \ T
       PROVE  P(T \cup {x}) ,
       Q(n) == \A T \in SUBSET S : Cardinality(T) = n => P(T),
       FS_EmptySet ,
       FS_Subset 
PROVE  Q(0)

@!!END

@!!BEGIN
@!!type:obligation
@!!id:425
@!!loc:576:16:576:27
@!!status:to be proved
@!!obl:ASSUME NEW CONSTANT S,
       IsFiniteSet(S) ,
       NEW CONSTANT P(_),
       P({}) ,
       ASSUME NEW CONSTANT T \in SUBSET S,
              IsFiniteSet(T) ,
              P(T) ,
              NEW CONSTANT x \in S \ T
       PROVE  P(T \cup {x}) ,
       Q(n) == \A T \in SUBSET S : Cardinality(T) = n => P(T)
PROVE  FS_EmptySet

@!!END

@!!BEGIN
@!!type:obligation
@!!id:426
@!!loc:576:29:576:38
@!!status:to be proved
@!!obl:ASSUME NEW CONSTANT S,
       IsFiniteSet(S) ,
       NEW CONSTANT P(_),
       P({}) ,
       ASSUME NEW CONSTANT T \in SUBSET S,
              IsFiniteSet(T) ,
              P(T) ,
              NEW CONSTANT x \in S \ T
       PROVE  P(T \cup {x}) ,
       Q(n) == \A T \in SUBSET S : Cardinality(T) = n => P(T),
       FS_EmptySet 
PROVE  FS_Subset

@!!END

@!!BEGIN
@!!type:obligation
@!!id:427
@!!loc:586:13:586:15
@!!status:to be proved
@!!obl:ASSUME NEW CONSTANT S,
       IsFiniteSet(S) ,
       NEW CONSTANT P(_),
       P({}) ,
       ASSUME NEW CONSTANT T \in SUBSET S,
              IsFiniteSet(T) ,
              P(T) ,
              NEW CONSTANT x \in S \ T
       PROVE  P(T \cup {x}) ,
       Q(n) == \A T \in SUBSET S : Cardinality(T) = n => P(T),
       NEW CONSTANT n \in Nat,
       NEW CONSTANT T \in SUBSET S,
       NEW CONSTANT x \in T,
       <2>2 ,
       <2>3 ,
       Zenon 
PROVE  P(T)

@!!END

@!!BEGIN
@!!type:obligation
@!!id:428
@!!loc:586:16:586:20
@!!status:to be proved
@!!obl:ASSUME NEW CONSTANT S,
       IsFiniteSet(S) ,
       NEW CONSTANT P(_),
       P({}) ,
       ASSUME NEW CONSTANT T \in SUBSET S,
              IsFiniteSet(T) ,
              P(T) ,
              NEW CONSTANT x \in S \ T
       PROVE  P(T \cup {x}) ,
       Q(n) == \A T \in SUBSET S : Cardinality(T) = n => P(T),
       NEW CONSTANT n \in Nat,
       NEW CONSTANT T \in SUBSET S,
       NEW CONSTANT x \in T
PROVE  <2>2

@!!END

@!!BEGIN
@!!type:obligation
@!!id:429
@!!loc:586:22:586:26
@!!status:to be proved
@!!obl:ASSUME NEW CONSTANT S,
       IsFiniteSet(S) ,
       NEW CONSTANT P(_),
       P({}) ,
       ASSUME NEW CONSTANT T \in SUBSET S,
              IsFiniteSet(T) ,
              P(T) ,
              NEW CONSTANT x \in S \ T
       PROVE  P(T \cup {x}) ,
       Q(n) == \A T \in SUBSET S : Cardinality(T) = n => P(T),
       NEW CONSTANT n \in Nat,
       NEW CONSTANT T \in SUBSET S,
       NEW CONSTANT x \in T,
       <2>2 
PROVE  <2>3

@!!END

@!!BEGIN
@!!type:obligation
@!!id:430
@!!loc:586:28:586:33
@!!status:to be proved
@!!obl:ASSUME NEW CONSTANT S,
       IsFiniteSet(S) ,
       NEW CONSTANT P(_),
       P({}) ,
       ASSUME NEW CONSTANT T \in SUBSET S,
              IsFiniteSet(T) ,
              P(T) ,
              NEW CONSTANT x \in S \ T
       PROVE  P(T \cup {x}) ,
       Q(n) == \A T \in SUBSET S : Cardinality(T) = n => P(T),
       NEW CONSTANT n \in Nat,
       NEW CONSTANT T \in SUBSET S,
       NEW CONSTANT x \in T,
       <2>2 ,
       <2>3 
PROVE  Zenon

@!!END

@!!BEGIN
@!!type:obligation
@!!id:431
@!!loc:580:30:580:32
@!!status:to be proved
@!!obl:ASSUME NEW CONSTANT S,
       IsFiniteSet(S) ,
       NEW CONSTANT P(_),
       P({}) ,
       ASSUME NEW CONSTANT T \in SUBSET S,
              IsFiniteSet(T) ,
              P(T) ,
              NEW CONSTANT x \in S \ T
       PROVE  P(T \cup {x}) ,
       Q(n) == \A T \in SUBSET S : Cardinality(T) = n => P(T),
       NEW CONSTANT n \in Nat,
       NEW CONSTANT T \in SUBSET S,
       <1>3 ,
       FS_EmptySet ,
       FS_Subset 
PROVE  \E x \in T : TRUE

@!!END

@!!BEGIN
@!!type:obligation
@!!id:432
@!!loc:580:33:580:37
@!!status:to be proved
@!!obl:ASSUME NEW CONSTANT S,
       IsFiniteSet(S) ,
       NEW CONSTANT P(_),
       P({}) ,
       ASSUME NEW CONSTANT T \in SUBSET S,
              IsFiniteSet(T) ,
              P(T) ,
              NEW CONSTANT x \in S \ T
       PROVE  P(T \cup {x}) ,
       Q(n) == \A T \in SUBSET S : Cardinality(T) = n => P(T),
       NEW CONSTANT n \in Nat,
       NEW CONSTANT T \in SUBSET S
PROVE  <1>3

@!!END

@!!BEGIN
@!!type:obligation
@!!id:433
@!!loc:580:39:580:50
@!!status:to be proved
@!!obl:ASSUME NEW CONSTANT S,
       IsFiniteSet(S) ,
       NEW CONSTANT P(_),
       P({}) ,
       ASSUME NEW CONSTANT T \in SUBSET S,
              IsFiniteSet(T) ,
              P(T) ,
              NEW CONSTANT x \in S \ T
       PROVE  P(T \cup {x}) ,
       Q(n) == \A T \in SUBSET S : Cardinality(T) = n => P(T),
       NEW CONSTANT n \in Nat,
       NEW CONSTANT T \in SUBSET S,
       <1>3 
PROVE  FS_EmptySet

@!!END

@!!BEGIN
@!!type:obligation
@!!id:434
@!!loc:580:52:580:61
@!!status:to be proved
@!!obl:ASSUME NEW CONSTANT S,
       IsFiniteSet(S) ,
       NEW CONSTANT P(_),
       P({}) ,
       ASSUME NEW CONSTANT T \in SUBSET S,
              IsFiniteSet(T) ,
              P(T) ,
              NEW CONSTANT x \in S \ T
       PROVE  P(T \cup {x}) ,
       Q(n) == \A T \in SUBSET S : Cardinality(T) = n => P(T),
       NEW CONSTANT n \in Nat,
       NEW CONSTANT T \in SUBSET S,
       <1>3 ,
       FS_EmptySet 
PROVE  FS_Subset

@!!END

@!!BEGIN
@!!type:obligation
@!!id:436
@!!loc:584:5:584:7
@!!status:to be proved
@!!obl:ASSUME NEW CONSTANT S,
       IsFiniteSet(S) ,
       NEW CONSTANT P(_),
       P({}) ,
       ASSUME NEW CONSTANT T \in SUBSET S,
              IsFiniteSet(T) ,
              P(T) ,
              NEW CONSTANT x \in S \ T
       PROVE  P(T \cup {x}) ,
       Q(n) == \A T \in SUBSET S : Cardinality(T) = n => P(T),
       NEW CONSTANT n \in Nat,
       NEW CONSTANT T \in SUBSET S,
       NEW CONSTANT x \in T,
       <1>3 ,
       FS_RemoveElement ,
       FS_Subset 
PROVE  /\ T \ {x} \in SUBSET S
       /\ IsFiniteSet(T \ {x})
       /\ Cardinality(T \ {x}) = n

@!!END

@!!BEGIN
@!!type:obligation
@!!id:437
@!!loc:584:8:584:12
@!!status:to be proved
@!!obl:ASSUME NEW CONSTANT S,
       IsFiniteSet(S) ,
       NEW CONSTANT P(_),
       P({}) ,
       ASSUME NEW CONSTANT T \in SUBSET S,
              IsFiniteSet(T) ,
              P(T) ,
              NEW CONSTANT x \in S \ T
       PROVE  P(T \cup {x}) ,
       Q(n) == \A T \in SUBSET S : Cardinality(T) = n => P(T),
       NEW CONSTANT n \in Nat,
       NEW CONSTANT T \in SUBSET S,
       NEW CONSTANT x \in T
PROVE  <1>3

@!!END

@!!BEGIN
@!!type:obligation
@!!id:438
@!!loc:584:14:584:30
@!!status:to be proved
@!!obl:ASSUME NEW CONSTANT S,
       IsFiniteSet(S) ,
       NEW CONSTANT P(_),
       P({}) ,
       ASSUME NEW CONSTANT T \in SUBSET S,
              IsFiniteSet(T) ,
              P(T) ,
              NEW CONSTANT x \in S \ T
       PROVE  P(T \cup {x}) ,
       Q(n) == \A T \in SUBSET S : Cardinality(T) = n => P(T),
       NEW CONSTANT n \in Nat,
       NEW CONSTANT T \in SUBSET S,
       NEW CONSTANT x \in T,
       <1>3 
PROVE  FS_RemoveElement

@!!END

@!!BEGIN
@!!type:obligation
@!!id:439
@!!loc:584:32:584:41
@!!status:to be proved
@!!obl:ASSUME NEW CONSTANT S,
       IsFiniteSet(S) ,
       NEW CONSTANT P(_),
       P({}) ,
       ASSUME NEW CONSTANT T \in SUBSET S,
              IsFiniteSet(T) ,
              P(T) ,
              NEW CONSTANT x \in S \ T
       PROVE  P(T \cup {x}) ,
       Q(n) == \A T \in SUBSET S : Cardinality(T) = n => P(T),
       NEW CONSTANT n \in Nat,
       NEW CONSTANT T \in SUBSET S,
       NEW CONSTANT x \in T,
       <1>3 ,
       FS_RemoveElement 
PROVE  FS_Subset

@!!END

@!!BEGIN
@!!type:obligation
@!!id:440
@!!loc:585:21:585:23
@!!status:to be proved
@!!obl:ASSUME NEW CONSTANT S,
       IsFiniteSet(S) ,
       NEW CONSTANT P(_),
       P({}) ,
       ASSUME NEW CONSTANT T \in SUBSET S,
              IsFiniteSet(T) ,
              P(T) ,
              NEW CONSTANT x \in S \ T
       PROVE  P(T \cup {x}) ,
       Q(n) == \A T \in SUBSET S : Cardinality(T) = n => P(T),
       NEW CONSTANT n \in Nat,
       NEW CONSTANT T \in SUBSET S,
       NEW CONSTANT x \in T,
       <2>2 ,
       Q(n) 
PROVE  P(T \ {x})

@!!END

@!!BEGIN
@!!type:obligation
@!!id:441
@!!loc:585:24:585:28
@!!status:to be proved
@!!obl:ASSUME NEW CONSTANT S,
       IsFiniteSet(S) ,
       NEW CONSTANT P(_),
       P({}) ,
       ASSUME NEW CONSTANT T \in SUBSET S,
              IsFiniteSet(T) ,
              P(T) ,
              NEW CONSTANT x \in S \ T
       PROVE  P(T \cup {x}) ,
       Q(n) == \A T \in SUBSET S : Cardinality(T) = n => P(T),
       NEW CONSTANT n \in Nat,
       NEW CONSTANT T \in SUBSET S,
       NEW CONSTANT x \in T
PROVE  <2>2

@!!END

@!!BEGIN
@!!type:obligation
@!!id:442
@!!loc:585:30:585:34
@!!status:to be proved
@!!obl:ASSUME NEW CONSTANT S,
       IsFiniteSet(S) ,
       NEW CONSTANT P(_),
       P({}) ,
       ASSUME NEW CONSTANT T \in SUBSET S,
              IsFiniteSet(T) ,
              P(T) ,
              NEW CONSTANT x \in S \ T
       PROVE  P(T \cup {x}) ,
       Q(n) == \A T \in SUBSET S : Cardinality(T) = n => P(T),
       NEW CONSTANT n \in Nat,
       NEW CONSTANT T \in SUBSET S,
       NEW CONSTANT x \in T,
       <2>2 
PROVE  Q(n)

@!!END

@!!BEGIN
@!!type:obligation
@!!id:443
@!!loc:607:1:607:3
@!!status:to be proved
@!!obl:ASSUME FiniteSubsetsOf(S) == {T \in SUBSET S : IsFiniteSet(T)},
       NEW CONSTANT S,
       IsFiniteSet(S) ,
       FS_Subset 
PROVE  FiniteSubsetsOf(S) = SUBSET S

@!!END

@!!BEGIN
@!!type:obligation
@!!id:444
@!!loc:607:4:607:13
@!!status:to be proved
@!!obl:ASSUME FiniteSubsetsOf(S) == {T \in SUBSET S : IsFiniteSet(T)},
       NEW CONSTANT S,
       IsFiniteSet(S) 
PROVE  FS_Subset

@!!END

@!!BEGIN
@!!type:obligation
@!!id:445
@!!loc:629:11:629:13
@!!status:to be proved
@!!obl:ASSUME NEW CONSTANT S,
       <1>2 ,
       <1>3 ,
       IsWellFoundedOnSubrelation ,
       Zenon 
PROVE  IsWellFoundedOn(StrictSubsetOrdering(S), FiniteSubsetsOf(S))

@!!END

@!!BEGIN
@!!type:obligation
@!!id:446
@!!loc:629:14:629:18
@!!status:to be proved
@!!obl:ASSUME NEW CONSTANT S
PROVE  <1>2

@!!END

@!!BEGIN
@!!type:obligation
@!!id:447
@!!loc:629:20:629:24
@!!status:to be proved
@!!obl:ASSUME NEW CONSTANT S,
       <1>2 
PROVE  <1>3

@!!END

@!!BEGIN
@!!type:obligation
@!!id:448
@!!loc:629:26:629:52
@!!status:to be proved
@!!obl:ASSUME NEW CONSTANT S,
       <1>2 ,
       <1>3 
PROVE  IsWellFoundedOnSubrelation

@!!END

@!!BEGIN
@!!type:obligation
@!!id:449
@!!loc:629:54:629:59
@!!status:to be proved
@!!obl:ASSUME NEW CONSTANT S,
       <1>2 ,
       <1>3 ,
       IsWellFoundedOnSubrelation 
PROVE  Zenon

@!!END

@!!BEGIN
@!!type:obligation
@!!id:450
@!!loc:621:3:621:5
@!!status:to be proved
@!!obl:ASSUME FiniteSubsetsOf(S) == {T \in SUBSET S : IsFiniteSet(T)},
       NEW CONSTANT S,
       FS_CardinalityType ,
       FS_Subset 
PROVE  \A T \in FiniteSubsetsOf(S) : Cardinality(T) \in Nat

@!!END

@!!BEGIN
@!!type:obligation
@!!id:451
@!!loc:621:6:621:24
@!!status:to be proved
@!!obl:ASSUME FiniteSubsetsOf(S) == {T \in SUBSET S : IsFiniteSet(T)},
       NEW CONSTANT S
PROVE  FS_CardinalityType

@!!END

@!!BEGIN
@!!type:obligation
@!!id:452
@!!loc:621:26:621:35
@!!status:to be proved
@!!obl:ASSUME FiniteSubsetsOf(S) == {T \in SUBSET S : IsFiniteSet(T)},
       NEW CONSTANT S,
       FS_CardinalityType 
PROVE  FS_Subset

@!!END

@!!BEGIN
@!!type:obligation
@!!id:453
@!!loc:624:3:624:5
@!!status:to be proved
@!!obl:ASSUME NEW CONSTANT S,
       <1>1 ,
       PreImageWellFounded ,
       NatLessThanWellFounded ,
       IsaM("blast") 
PROVE  IsWellFoundedOn(PreImage(Cardinality, FiniteSubsetsOf(S),
                                OpToRel(LAMBDA x1, x2 : x1 < x2, Nat)),
                       FiniteSubsetsOf(S))

@!!END

@!!BEGIN
@!!type:obligation
@!!id:454
@!!loc:624:6:624:10
@!!status:to be proved
@!!obl:ASSUME NEW CONSTANT S
PROVE  <1>1

@!!END

@!!BEGIN
@!!type:obligation
@!!id:455
@!!loc:624:12:624:31
@!!status:to be proved
@!!obl:ASSUME NEW CONSTANT S,
       <1>1 
PROVE  PreImageWellFounded

@!!END

@!!BEGIN
@!!type:obligation
@!!id:456
@!!loc:624:33:624:55
@!!status:to be proved
@!!obl:ASSUME NEW CONSTANT S,
       <1>1 ,
       PreImageWellFounded 
PROVE  NatLessThanWellFounded

@!!END

@!!BEGIN
@!!type:obligation
@!!id:457
@!!loc:624:57:624:70
@!!status:to be proved
@!!obl:ASSUME NEW CONSTANT S,
       <1>1 ,
       PreImageWellFounded ,
       NatLessThanWellFounded 
PROVE  IsaM("blast")

@!!END

@!!BEGIN
@!!type:obligation
@!!id:458
@!!loc:627:3:627:5
@!!status:to be proved
@!!obl:ASSUME OpToRel(\prec(_, _), S) == {ss \in S \X S : ss[1] \prec ss[2]},
       PreImage(f(_), S, R) == {ss \in S \X S : <<f(ss[1]), f(ss[2])>> \in R},
       FiniteSubsetsOf(S) == {T \in SUBSET S : IsFiniteSet(T)},
       StrictSubsetOrdering(S) ==
         {ss \in (SUBSET S) \X (SUBSET S) :
            ss[1] \subseteq ss[2] /\ ss[1] # ss[2]},
       NEW CONSTANT S,
       FS_Subset ,
       <1>1 
PROVE  StrictSubsetOrdering(S) \cap FiniteSubsetsOf(S) \X FiniteSubsetsOf(S)
       \subseteq PreImage(Cardinality, FiniteSubsetsOf(S),
                          OpToRel(LAMBDA x1, x2 : x1 < x2, Nat))

@!!END

@!!BEGIN
@!!type:obligation
@!!id:459
@!!loc:627:6:627:15
@!!status:to be proved
@!!obl:ASSUME OpToRel(\prec(_, _), S) == {ss \in S \X S : ss[1] \prec ss[2]},
       PreImage(f(_), S, R) == {ss \in S \X S : <<f(ss[1]), f(ss[2])>> \in R},
       FiniteSubsetsOf(S) == {T \in SUBSET S : IsFiniteSet(T)},
       StrictSubsetOrdering(S) ==
         {ss \in (SUBSET S) \X (SUBSET S) :
            ss[1] \subseteq ss[2] /\ ss[1] # ss[2]},
       NEW CONSTANT S
PROVE  FS_Subset

@!!END

@!!BEGIN
@!!type:obligation
@!!id:460
@!!loc:627:17:627:21
@!!status:to be proved
@!!obl:ASSUME OpToRel(\prec(_, _), S) == {ss \in S \X S : ss[1] \prec ss[2]},
       PreImage(f(_), S, R) == {ss \in S \X S : <<f(ss[1]), f(ss[2])>> \in R},
       FiniteSubsetsOf(S) == {T \in SUBSET S : IsFiniteSet(T)},
       StrictSubsetOrdering(S) ==
         {ss \in (SUBSET S) \X (SUBSET S) :
            ss[1] \subseteq ss[2] /\ ss[1] # ss[2]},
       NEW CONSTANT S,
       FS_Subset 
PROVE  <1>1

@!!END

@!!BEGIN
@!!type:obligation
@!!id:461
@!!loc:656:11:656:13
@!!status:to be proved
@!!obl:ASSUME NEW CONSTANT P(_),
       NEW CONSTANT S,
       IsFiniteSet(S) ,
       ASSUME NEW CONSTANT T \in SUBSET S,
              \A U \in (SUBSET T) \ {T} : P(U) 
       PROVE  P(T) ,
       SubS == SUBSET S,
       <1>3 
PROVE  P(S)

@!!END

@!!BEGIN
@!!type:obligation
@!!id:462
@!!loc:656:14:656:18
@!!status:to be proved
@!!obl:ASSUME NEW CONSTANT P(_),
       NEW CONSTANT S,
       IsFiniteSet(S) ,
       ASSUME NEW CONSTANT T \in SUBSET S,
              \A U \in (SUBSET T) \ {T} : P(U) 
       PROVE  P(T) ,
       SubS == SUBSET S
PROVE  <1>3

@!!END

@!!BEGIN
@!!type:obligation
@!!id:463
@!!loc:649:3:649:5
@!!status:to be proved
@!!obl:ASSUME NEW CONSTANT P(_),
       NEW CONSTANT S,
       IsFiniteSet(S) ,
       ASSUME NEW CONSTANT T \in SUBSET S,
              \A U \in (SUBSET T) \ {T} : P(U) 
       PROVE  P(T) ,
       SubS == SUBSET S,
       FS_FiniteSubsetsOfFinite ,
       FS_StrictSubsetOrderingWellFounded ,
       Zenon 
PROVE  IsWellFoundedOn(StrictSubsetOrdering(S), SubS)

@!!END

@!!BEGIN
@!!type:obligation
@!!id:464
@!!loc:649:6:649:30
@!!status:to be proved
@!!obl:ASSUME NEW CONSTANT P(_),
       NEW CONSTANT S,
       IsFiniteSet(S) ,
       ASSUME NEW CONSTANT T \in SUBSET S,
              \A U \in (SUBSET T) \ {T} : P(U) 
       PROVE  P(T) ,
       SubS == SUBSET S
PROVE  FS_FiniteSubsetsOfFinite

@!!END

@!!BEGIN
@!!type:obligation
@!!id:465
@!!loc:649:32:649:66
@!!status:to be proved
@!!obl:ASSUME NEW CONSTANT P(_),
       NEW CONSTANT S,
       IsFiniteSet(S) ,
       ASSUME NEW CONSTANT T \in SUBSET S,
              \A U \in (SUBSET T) \ {T} : P(U) 
       PROVE  P(T) ,
       SubS == SUBSET S,
       FS_FiniteSubsetsOfFinite 
PROVE  FS_StrictSubsetOrderingWellFounded

@!!END

@!!BEGIN
@!!type:obligation
@!!id:466
@!!loc:649:68:649:73
@!!status:to be proved
@!!obl:ASSUME NEW CONSTANT P(_),
       NEW CONSTANT S,
       IsFiniteSet(S) ,
       ASSUME NEW CONSTANT T \in SUBSET S,
              \A U \in (SUBSET T) \ {T} : P(U) 
       PROVE  P(T) ,
       SubS == SUBSET S,
       FS_FiniteSubsetsOfFinite ,
       FS_StrictSubsetOrderingWellFounded 
PROVE  Zenon

@!!END

@!!BEGIN
@!!type:obligation
@!!id:467
@!!loc:653:3:653:5
@!!status:to be proved
@!!obl:ASSUME SetLessThan(x, R, S) == {y \in S : <<y, x>> \in R},
       StrictSubsetOrdering(S) ==
         {ss \in (SUBSET S) \X (SUBSET S) :
            ss[1] \subseteq ss[2] /\ ss[1] # ss[2]},
       NEW CONSTANT P(_),
       NEW CONSTANT S,
       IsFiniteSet(S) ,
       ASSUME NEW CONSTANT T \in SUBSET S,
              \A U \in (SUBSET T) \ {T} : P(U) 
       PROVE  P(T) ,
       SubS == SUBSET S,
       Zenon 
PROVE  \A T \in SubS :
          (\A U \in SetLessThan(T, StrictSubsetOrdering(S), SubS) : P(U))
          => P(T)

@!!END

@!!BEGIN
@!!type:obligation
@!!id:468
@!!loc:653:6:653:11
@!!status:to be proved
@!!obl:ASSUME SetLessThan(x, R, S) == {y \in S : <<y, x>> \in R},
       StrictSubsetOrdering(S) ==
         {ss \in (SUBSET S) \X (SUBSET S) :
            ss[1] \subseteq ss[2] /\ ss[1] # ss[2]},
       NEW CONSTANT P(_),
       NEW CONSTANT S,
       IsFiniteSet(S) ,
       ASSUME NEW CONSTANT T \in SUBSET S,
              \A U \in (SUBSET T) \ {T} : P(U) 
       PROVE  P(T) ,
       SubS == SUBSET S
PROVE  Zenon

@!!END

@!!BEGIN
@!!type:obligation
@!!id:469
@!!loc:655:29:655:31
@!!status:to be proved
@!!obl:ASSUME NEW CONSTANT P(_),
       NEW CONSTANT S,
       <1>1 ,
       <1>2 ,
       WFInduction ,
       IsaM("blast") 
PROVE  \A T \in SubS : P(T)

@!!END

@!!BEGIN
@!!type:obligation
@!!id:470
@!!loc:655:37:655:41
@!!status:to be proved
@!!obl:ASSUME NEW CONSTANT P(_),
       NEW CONSTANT S,
       IsFiniteSet(S) ,
       ASSUME NEW CONSTANT T \in SUBSET S,
              \A U \in (SUBSET T) \ {T} : P(U) 
       PROVE  P(T) 
PROVE  <1>1

@!!END

@!!BEGIN
@!!type:obligation
@!!id:471
@!!loc:655:43:655:47
@!!status:to be proved
@!!obl:ASSUME NEW CONSTANT P(_),
       NEW CONSTANT S,
       IsFiniteSet(S) ,
       ASSUME NEW CONSTANT T \in SUBSET S,
              \A U \in (SUBSET T) \ {T} : P(U) 
       PROVE  P(T) ,
       <1>1 
PROVE  <1>2

@!!END

@!!BEGIN
@!!type:obligation
@!!id:472
@!!loc:655:49:655:60
@!!status:to be proved
@!!obl:ASSUME NEW CONSTANT P(_),
       NEW CONSTANT S,
       IsFiniteSet(S) ,
       ASSUME NEW CONSTANT T \in SUBSET S,
              \A U \in (SUBSET T) \ {T} : P(U) 
       PROVE  P(T) ,
       <1>1 ,
       <1>2 
PROVE  WFInduction

@!!END

@!!BEGIN
@!!type:obligation
@!!id:473
@!!loc:655:62:655:75
@!!status:to be proved
@!!obl:ASSUME NEW CONSTANT P(_),
       NEW CONSTANT S,
       IsFiniteSet(S) ,
       ASSUME NEW CONSTANT T \in SUBSET S,
              \A U \in (SUBSET T) \ {T} : P(U) 
       PROVE  P(T) ,
       <1>1 ,
       <1>2 ,
       WFInduction 
PROVE  IsaM("blast")

@!!END

@!!BEGIN
@!!type:obligation
@!!id:474
@!!loc:703:11:703:13
@!!status:to be proved
@!!obl:ASSUME NEW CONSTANT S,
       IsFiniteSet(S) ,
       NEW CONSTANT T,
       IsFiniteSet(T) ,
       P(A) ==
         /\ IsFiniteSet(S \cup A)
         /\ Cardinality(S \cup A)
            = Cardinality(S) + Cardinality(A) - Cardinality(S \cap A),
       <1>_a654 
PROVE  /\ IsFiniteSet(S \cup T)
       /\ Cardinality(S \cup T)
          = Cardinality(S) + Cardinality(T) - Cardinality(S \cap T)

@!!END

@!!BEGIN
@!!type:obligation
@!!id:475
@!!loc:676:14:676:16
@!!status:to be proved
@!!obl:ASSUME NEW CONSTANT S,
       IsFiniteSet(S) ,
       NEW CONSTANT T,
       IsFiniteSet(T) ,
       P(A) ==
         /\ IsFiniteSet(S \cup A)
         /\ Cardinality(S \cup A)
            = Cardinality(S) + Cardinality(A) - Cardinality(S \cap A),
       FS_EmptySet ,
       FS_CardinalityType 
PROVE  P({})

@!!END

@!!BEGIN
@!!type:obligation
@!!id:476
@!!loc:676:17:676:28
@!!status:to be proved
@!!obl:ASSUME NEW CONSTANT S,
       IsFiniteSet(S) ,
       NEW CONSTANT T,
       IsFiniteSet(T) ,
       P(A) ==
         /\ IsFiniteSet(S \cup A)
         /\ Cardinality(S \cup A)
            = Cardinality(S) + Cardinality(A) - Cardinality(S \cap A)
PROVE  FS_EmptySet

@!!END

@!!BEGIN
@!!type:obligation
@!!id:477
@!!loc:676:30:676:48
@!!status:to be proved
@!!obl:ASSUME NEW CONSTANT S,
       IsFiniteSet(S) ,
       NEW CONSTANT T,
       IsFiniteSet(T) ,
       P(A) ==
         /\ IsFiniteSet(S \cup A)
         /\ Cardinality(S \cup A)
            = Cardinality(S) + Cardinality(A) - Cardinality(S \cap A),
       FS_EmptySet 
PROVE  FS_CardinalityType

@!!END

@!!BEGIN
@!!type:obligation
@!!id:478
@!!loc:700:13:700:15
@!!status:to be proved
@!!obl:ASSUME NEW CONSTANT S,
       IsFiniteSet(S) ,
       NEW CONSTANT T,
       IsFiniteSet(T) ,
       P(A) ==
         /\ IsFiniteSet(S \cup A)
         /\ Cardinality(S \cup A)
            = Cardinality(S) + Cardinality(A) - Cardinality(S \cap A),
       NEW CONSTANT A \in SUBSET T,
       NEW CONSTANT x \in T \ A,
       <2>_a653 ,
       <2>3 ,
       <2>4 
PROVE  P(A \cup {x})

@!!END

@!!BEGIN
@!!type:obligation
@!!id:479
@!!loc:700:16:700:20
@!!status:to be proved
@!!obl:ASSUME NEW CONSTANT S,
       IsFiniteSet(S) ,
       NEW CONSTANT T,
       IsFiniteSet(T) ,
       P(A) ==
         /\ IsFiniteSet(S \cup A)
         /\ Cardinality(S \cup A)
            = Cardinality(S) + Cardinality(A) - Cardinality(S \cap A),
       NEW CONSTANT A \in SUBSET T,
       NEW CONSTANT x \in T \ A,
       <2>_a653 
PROVE  <2>3

@!!END

@!!BEGIN
@!!type:obligation
@!!id:480
@!!loc:700:22:700:26
@!!status:to be proved
@!!obl:ASSUME NEW CONSTANT S,
       IsFiniteSet(S) ,
       NEW CONSTANT T,
       IsFiniteSet(T) ,
       P(A) ==
         /\ IsFiniteSet(S \cup A)
         /\ Cardinality(S \cup A)
            = Cardinality(S) + Cardinality(A) - Cardinality(S \cap A),
       NEW CONSTANT A \in SUBSET T,
       NEW CONSTANT x \in T \ A,
       <2>_a653 ,
       <2>3 
PROVE  <2>4

@!!END

@!!BEGIN
@!!type:obligation
@!!id:481
@!!loc:679:43:679:45
@!!status:to be proved
@!!obl:ASSUME NEW CONSTANT S,
       IsFiniteSet(S) ,
       NEW CONSTANT T,
       IsFiniteSet(T) ,
       P(A) ==
         /\ IsFiniteSet(S \cup A)
         /\ Cardinality(S \cup A)
            = Cardinality(S) + Cardinality(A) - Cardinality(S \cap A),
       NEW CONSTANT A \in SUBSET T,
       NEW CONSTANT x \in T \ A,
       P(A) ,
       FS_AddElement ,
       Isa 
PROVE  IsFiniteSet(S \cup (A \cup {x}))

@!!END

@!!BEGIN
@!!type:obligation
@!!id:482
@!!loc:679:46:679:50
@!!status:to be proved
@!!obl:ASSUME NEW CONSTANT S,
       IsFiniteSet(S) ,
       NEW CONSTANT T,
       IsFiniteSet(T) ,
       P(A) ==
         /\ IsFiniteSet(S \cup A)
         /\ Cardinality(S \cup A)
            = Cardinality(S) + Cardinality(A) - Cardinality(S \cap A),
       NEW CONSTANT A \in SUBSET T,
       NEW CONSTANT x \in T \ A
PROVE  P(A)

@!!END

@!!BEGIN
@!!type:obligation
@!!id:483
@!!loc:679:52:679:65
@!!status:to be proved
@!!obl:ASSUME NEW CONSTANT S,
       IsFiniteSet(S) ,
       NEW CONSTANT T,
       IsFiniteSet(T) ,
       P(A) ==
         /\ IsFiniteSet(S \cup A)
         /\ Cardinality(S \cup A)
            = Cardinality(S) + Cardinality(A) - Cardinality(S \cap A),
       NEW CONSTANT A \in SUBSET T,
       NEW CONSTANT x \in T \ A,
       P(A) 
PROVE  FS_AddElement

@!!END

@!!BEGIN
@!!type:obligation
@!!id:484
@!!loc:679:67:679:70
@!!status:to be proved
@!!obl:ASSUME NEW CONSTANT S,
       IsFiniteSet(S) ,
       NEW CONSTANT T,
       IsFiniteSet(T) ,
       P(A) ==
         /\ IsFiniteSet(S \cup A)
         /\ Cardinality(S \cup A)
            = Cardinality(S) + Cardinality(A) - Cardinality(S \cap A),
       NEW CONSTANT A \in SUBSET T,
       NEW CONSTANT x \in T \ A,
       P(A) ,
       FS_AddElement 
PROVE  Isa

@!!END

@!!BEGIN
@!!type:obligation
@!!id:485
@!!loc:685:5:685:7
@!!status:to be proved
@!!obl:ASSUME NEW CONSTANT S,
       IsFiniteSet(S) ,
       NEW CONSTANT T,
       IsFiniteSet(T) ,
       P(A) ==
         /\ IsFiniteSet(S \cup A)
         /\ Cardinality(S \cup A)
            = Cardinality(S) + Cardinality(A) - Cardinality(S \cap A),
       NEW CONSTANT A \in SUBSET T,
       NEW CONSTANT x \in T \ A,
       P(A) ,
       FS_Subset ,
       FS_CardinalityType ,
       Zenon 
PROVE  /\ IsFiniteSet(S \cup A)
       /\ IsFiniteSet(S \cap A)
       /\ Cardinality(S) \in Nat
       /\ Cardinality(A) \in Nat
       /\ Cardinality(S \cap A) \in Nat

@!!END

@!!BEGIN
@!!type:obligation
@!!id:486
@!!loc:685:8:685:12
@!!status:to be proved
@!!obl:ASSUME NEW CONSTANT S,
       IsFiniteSet(S) ,
       NEW CONSTANT T,
       IsFiniteSet(T) ,
       P(A) ==
         /\ IsFiniteSet(S \cup A)
         /\ Cardinality(S \cup A)
            = Cardinality(S) + Cardinality(A) - Cardinality(S \cap A),
       NEW CONSTANT A \in SUBSET T,
       NEW CONSTANT x \in T \ A
PROVE  P(A)

@!!END

@!!BEGIN
@!!type:obligation
@!!id:487
@!!loc:685:14:685:23
@!!status:to be proved
@!!obl:ASSUME NEW CONSTANT S,
       IsFiniteSet(S) ,
       NEW CONSTANT T,
       IsFiniteSet(T) ,
       P(A) ==
         /\ IsFiniteSet(S \cup A)
         /\ Cardinality(S \cup A)
            = Cardinality(S) + Cardinality(A) - Cardinality(S \cap A),
       NEW CONSTANT A \in SUBSET T,
       NEW CONSTANT x \in T \ A,
       P(A) 
PROVE  FS_Subset

@!!END

@!!BEGIN
@!!type:obligation
@!!id:488
@!!loc:685:25:685:43
@!!status:to be proved
@!!obl:ASSUME NEW CONSTANT S,
       IsFiniteSet(S) ,
       NEW CONSTANT T,
       IsFiniteSet(T) ,
       P(A) ==
         /\ IsFiniteSet(S \cup A)
         /\ Cardinality(S \cup A)
            = Cardinality(S) + Cardinality(A) - Cardinality(S \cap A),
       NEW CONSTANT A \in SUBSET T,
       NEW CONSTANT x \in T \ A,
       P(A) ,
       FS_Subset 
PROVE  FS_CardinalityType

@!!END

@!!BEGIN
@!!type:obligation
@!!id:489
@!!loc:685:45:685:50
@!!status:to be proved
@!!obl:ASSUME NEW CONSTANT S,
       IsFiniteSet(S) ,
       NEW CONSTANT T,
       IsFiniteSet(T) ,
       P(A) ==
         /\ IsFiniteSet(S \cup A)
         /\ Cardinality(S \cup A)
            = Cardinality(S) + Cardinality(A) - Cardinality(S \cap A),
       NEW CONSTANT A \in SUBSET T,
       NEW CONSTANT x \in T \ A,
       P(A) ,
       FS_Subset ,
       FS_CardinalityType 
PROVE  Zenon

@!!END

@!!BEGIN
@!!type:obligation
@!!id:490
@!!loc:687:5:687:7
@!!status:to be proved
@!!obl:ASSUME NEW CONSTANT S,
       IsFiniteSet(S) ,
       NEW CONSTANT T,
       IsFiniteSet(T) ,
       P(A) ==
         /\ IsFiniteSet(S \cup A)
         /\ Cardinality(S \cup A)
            = Cardinality(S) + Cardinality(A) - Cardinality(S \cap A),
       NEW CONSTANT A \in SUBSET T,
       NEW CONSTANT x \in T \ A,
       <2>_a653 ,
       <1>2 ,
       FS_AddElement 
PROVE  Cardinality(A \cup {x}) = Cardinality(A) + 1

@!!END

@!!BEGIN
@!!type:obligation
@!!id:491
@!!loc:687:8:687:12
@!!status:to be proved
@!!obl:ASSUME NEW CONSTANT S,
       IsFiniteSet(S) ,
       NEW CONSTANT T,
       IsFiniteSet(T) ,
       P(A) ==
         /\ IsFiniteSet(S \cup A)
         /\ Cardinality(S \cup A)
            = Cardinality(S) + Cardinality(A) - Cardinality(S \cap A),
       NEW CONSTANT A \in SUBSET T,
       NEW CONSTANT x \in T \ A,
       <2>_a653 
PROVE  <1>2

@!!END

@!!BEGIN
@!!type:obligation
@!!id:492
@!!loc:687:14:687:27
@!!status:to be proved
@!!obl:ASSUME NEW CONSTANT S,
       IsFiniteSet(S) ,
       NEW CONSTANT T,
       IsFiniteSet(T) ,
       P(A) ==
         /\ IsFiniteSet(S \cup A)
         /\ Cardinality(S \cup A)
            = Cardinality(S) + Cardinality(A) - Cardinality(S \cap A),
       NEW CONSTANT A \in SUBSET T,
       NEW CONSTANT x \in T \ A,
       <2>_a653 ,
       <1>2 
PROVE  FS_AddElement

@!!END

@!!BEGIN
@!!type:obligation
@!!id:493
@!!loc:693:15:693:17
@!!status:to be proved
@!!obl:ASSUME NEW CONSTANT S,
       IsFiniteSet(S) ,
       NEW CONSTANT T,
       IsFiniteSet(T) ,
       P(A) ==
         /\ IsFiniteSet(S \cup A)
         /\ Cardinality(S \cup A)
            = Cardinality(S) + Cardinality(A) - Cardinality(S \cap A),
       NEW CONSTANT A \in SUBSET T,
       NEW CONSTANT x \in T \ A,
       <2>_a653 ,
       <3>1 ,
       <3>3 ,
       <2>2 ,
       <2>1 ,
       P(A) 
PROVE  P(A \cup {x})

@!!END

@!!BEGIN
@!!type:obligation
@!!id:494
@!!loc:693:18:693:22
@!!status:to be proved
@!!obl:ASSUME NEW CONSTANT S,
       IsFiniteSet(S) ,
       NEW CONSTANT T,
       IsFiniteSet(T) ,
       P(A) ==
         /\ IsFiniteSet(S \cup A)
         /\ Cardinality(S \cup A)
            = Cardinality(S) + Cardinality(A) - Cardinality(S \cap A),
       NEW CONSTANT A \in SUBSET T,
       NEW CONSTANT x \in T \ A,
       <2>_a653 
PROVE  <3>1

@!!END

@!!BEGIN
@!!type:obligation
@!!id:495
@!!loc:693:24:693:28
@!!status:to be proved
@!!obl:ASSUME NEW CONSTANT S,
       IsFiniteSet(S) ,
       NEW CONSTANT T,
       IsFiniteSet(T) ,
       P(A) ==
         /\ IsFiniteSet(S \cup A)
         /\ Cardinality(S \cup A)
            = Cardinality(S) + Cardinality(A) - Cardinality(S \cap A),
       NEW CONSTANT A \in SUBSET T,
       NEW CONSTANT x \in T \ A,
       <2>_a653 ,
       <3>1 
PROVE  <3>3

@!!END

@!!BEGIN
@!!type:obligation
@!!id:496
@!!loc:693:30:693:34
@!!status:to be proved
@!!obl:ASSUME NEW CONSTANT S,
       IsFiniteSet(S) ,
       NEW CONSTANT T,
       IsFiniteSet(T) ,
       P(A) ==
         /\ IsFiniteSet(S \cup A)
         /\ Cardinality(S \cup A)
            = Cardinality(S) + Cardinality(A) - Cardinality(S \cap A),
       NEW CONSTANT A \in SUBSET T,
       NEW CONSTANT x \in T \ A,
       <2>_a653 ,
       <3>1 ,
       <3>3 
PROVE  <2>2

@!!END

@!!BEGIN
@!!type:obligation
@!!id:497
@!!loc:693:36:693:40
@!!status:to be proved
@!!obl:ASSUME NEW CONSTANT S,
       IsFiniteSet(S) ,
       NEW CONSTANT T,
       IsFiniteSet(T) ,
       P(A) ==
         /\ IsFiniteSet(S \cup A)
         /\ Cardinality(S \cup A)
            = Cardinality(S) + Cardinality(A) - Cardinality(S \cap A),
       NEW CONSTANT A \in SUBSET T,
       NEW CONSTANT x \in T \ A,
       <2>_a653 ,
       <3>1 ,
       <3>3 ,
       <2>2 
PROVE  <2>1

@!!END

@!!BEGIN
@!!type:obligation
@!!id:498
@!!loc:693:42:693:46
@!!status:to be proved
@!!obl:ASSUME NEW CONSTANT S,
       IsFiniteSet(S) ,
       NEW CONSTANT T,
       IsFiniteSet(T) ,
       P(A) ==
         /\ IsFiniteSet(S \cup A)
         /\ Cardinality(S \cup A)
            = Cardinality(S) + Cardinality(A) - Cardinality(S \cap A),
       NEW CONSTANT A \in SUBSET T,
       NEW CONSTANT x \in T \ A,
       <2>_a653 ,
       <3>1 ,
       <3>3 ,
       <2>2 ,
       <2>1 
PROVE  P(A)

@!!END

@!!BEGIN
@!!type:obligation
@!!id:499
@!!loc:689:69:689:71
@!!status:to be proved
@!!obl:ASSUME NEW CONSTANT S,
       IsFiniteSet(S) ,
       NEW CONSTANT T,
       IsFiniteSet(T) ,
       P(A) ==
         /\ IsFiniteSet(S \cup A)
         /\ Cardinality(S \cup A)
            = Cardinality(S) + Cardinality(A) - Cardinality(S \cap A),
       NEW CONSTANT A \in SUBSET T,
       NEW CONSTANT x \in T \ A,
       <2>_a653 ,
       <2>3 ,
       Zenon 
PROVE  Cardinality(S \cup (A \cup {x})) = Cardinality(S \cup A)

@!!END

@!!BEGIN
@!!type:obligation
@!!id:500
@!!loc:689:72:689:76
@!!status:to be proved
@!!obl:ASSUME NEW CONSTANT S,
       IsFiniteSet(S) ,
       NEW CONSTANT T,
       IsFiniteSet(T) ,
       P(A) ==
         /\ IsFiniteSet(S \cup A)
         /\ Cardinality(S \cup A)
            = Cardinality(S) + Cardinality(A) - Cardinality(S \cap A),
       NEW CONSTANT A \in SUBSET T,
       NEW CONSTANT x \in T \ A,
       <2>_a653 
PROVE  <2>3

@!!END

@!!BEGIN
@!!type:obligation
@!!id:501
@!!loc:689:78:689:83
@!!status:to be proved
@!!obl:ASSUME NEW CONSTANT S,
       IsFiniteSet(S) ,
       NEW CONSTANT T,
       IsFiniteSet(T) ,
       P(A) ==
         /\ IsFiniteSet(S \cup A)
         /\ Cardinality(S \cup A)
            = Cardinality(S) + Cardinality(A) - Cardinality(S \cap A),
       NEW CONSTANT A \in SUBSET T,
       NEW CONSTANT x \in T \ A,
       <2>_a653 ,
       <2>3 
PROVE  Zenon

@!!END

@!!BEGIN
@!!type:obligation
@!!id:502
@!!loc:690:80:690:82
@!!status:to be proved
@!!obl:ASSUME NEW CONSTANT S,
       IsFiniteSet(S) ,
       NEW CONSTANT T,
       IsFiniteSet(T) ,
       P(A) ==
         /\ IsFiniteSet(S \cup A)
         /\ Cardinality(S \cup A)
            = Cardinality(S) + Cardinality(A) - Cardinality(S \cap A),
       NEW CONSTANT A \in SUBSET T,
       NEW CONSTANT x \in T \ A,
       <2>_a653 ,
       <2>3 ,
       Zenon 
PROVE  Cardinality(S \cap (A \cup {x})) = Cardinality((S \cap A) \cup {x})

@!!END

@!!BEGIN
@!!type:obligation
@!!id:503
@!!loc:690:83:690:87
@!!status:to be proved
@!!obl:ASSUME NEW CONSTANT S,
       IsFiniteSet(S) ,
       NEW CONSTANT T,
       IsFiniteSet(T) ,
       P(A) ==
         /\ IsFiniteSet(S \cup A)
         /\ Cardinality(S \cup A)
            = Cardinality(S) + Cardinality(A) - Cardinality(S \cap A),
       NEW CONSTANT A \in SUBSET T,
       NEW CONSTANT x \in T \ A,
       <2>_a653 
PROVE  <2>3

@!!END

@!!BEGIN
@!!type:obligation
@!!id:504
@!!loc:690:89:690:94
@!!status:to be proved
@!!obl:ASSUME NEW CONSTANT S,
       IsFiniteSet(S) ,
       NEW CONSTANT T,
       IsFiniteSet(T) ,
       P(A) ==
         /\ IsFiniteSet(S \cup A)
         /\ Cardinality(S \cup A)
            = Cardinality(S) + Cardinality(A) - Cardinality(S \cap A),
       NEW CONSTANT A \in SUBSET T,
       NEW CONSTANT x \in T \ A,
       <2>_a653 ,
       <2>3 
PROVE  Zenon

@!!END

@!!BEGIN
@!!type:obligation
@!!id:505
@!!loc:692:7:692:9
@!!status:to be proved
@!!obl:ASSUME NEW CONSTANT S,
       IsFiniteSet(S) ,
       NEW CONSTANT T,
       IsFiniteSet(T) ,
       P(A) ==
         /\ IsFiniteSet(S \cup A)
         /\ Cardinality(S \cup A)
            = Cardinality(S) + Cardinality(A) - Cardinality(S \cap A),
       NEW CONSTANT A \in SUBSET T,
       NEW CONSTANT x \in T \ A,
       <2>_a653 ,
       <3>2 ,
       <1>2 ,
       FS_AddElement ,
       Zenon 
PROVE  Cardinality(S \cap (A \cup {x})) = Cardinality(S \cap A) + 1

@!!END

@!!BEGIN
@!!type:obligation
@!!id:506
@!!loc:692:10:692:14
@!!status:to be proved
@!!obl:ASSUME NEW CONSTANT S,
       IsFiniteSet(S) ,
       NEW CONSTANT T,
       IsFiniteSet(T) ,
       P(A) ==
         /\ IsFiniteSet(S \cup A)
         /\ Cardinality(S \cup A)
            = Cardinality(S) + Cardinality(A) - Cardinality(S \cap A),
       NEW CONSTANT A \in SUBSET T,
       NEW CONSTANT x \in T \ A,
       <2>_a653 
PROVE  <3>2

@!!END

@!!BEGIN
@!!type:obligation
@!!id:507
@!!loc:692:16:692:20
@!!status:to be proved
@!!obl:ASSUME NEW CONSTANT S,
       IsFiniteSet(S) ,
       NEW CONSTANT T,
       IsFiniteSet(T) ,
       P(A) ==
         /\ IsFiniteSet(S \cup A)
         /\ Cardinality(S \cup A)
            = Cardinality(S) + Cardinality(A) - Cardinality(S \cap A),
       NEW CONSTANT A \in SUBSET T,
       NEW CONSTANT x \in T \ A,
       <2>_a653 ,
       <3>2 
PROVE  <1>2

@!!END

@!!BEGIN
@!!type:obligation
@!!id:508
@!!loc:692:22:692:35
@!!status:to be proved
@!!obl:ASSUME NEW CONSTANT S,
       IsFiniteSet(S) ,
       NEW CONSTANT T,
       IsFiniteSet(T) ,
       P(A) ==
         /\ IsFiniteSet(S \cup A)
         /\ Cardinality(S \cup A)
            = Cardinality(S) + Cardinality(A) - Cardinality(S \cap A),
       NEW CONSTANT A \in SUBSET T,
       NEW CONSTANT x \in T \ A,
       <2>_a653 ,
       <3>2 ,
       <1>2 
PROVE  FS_AddElement

@!!END

@!!BEGIN
@!!type:obligation
@!!id:509
@!!loc:692:37:692:42
@!!status:to be proved
@!!obl:ASSUME NEW CONSTANT S,
       IsFiniteSet(S) ,
       NEW CONSTANT T,
       IsFiniteSet(T) ,
       P(A) ==
         /\ IsFiniteSet(S \cup A)
         /\ Cardinality(S \cup A)
            = Cardinality(S) + Cardinality(A) - Cardinality(S \cap A),
       NEW CONSTANT A \in SUBSET T,
       NEW CONSTANT x \in T \ A,
       <2>_a653 ,
       <3>2 ,
       <1>2 ,
       FS_AddElement 
PROVE  Zenon

@!!END

@!!BEGIN
@!!type:obligation
@!!id:510
@!!loc:699:15:699:17
@!!status:to be proved
@!!obl:ASSUME NEW CONSTANT S,
       IsFiniteSet(S) ,
       NEW CONSTANT T,
       IsFiniteSet(T) ,
       P(A) ==
         /\ IsFiniteSet(S \cup A)
         /\ Cardinality(S \cup A)
            = Cardinality(S) + Cardinality(A) - Cardinality(S \cap A),
       NEW CONSTANT A \in SUBSET T,
       NEW CONSTANT x \in T \ A,
       <2>_a653 ,
       <3>1a ,
       <3>2 ,
       <2>2 ,
       <2>1 ,
       P(A) 
PROVE  P(A \cup {x})

@!!END

@!!BEGIN
@!!type:obligation
@!!id:511
@!!loc:699:18:699:23
@!!status:to be proved
@!!obl:ASSUME NEW CONSTANT S,
       IsFiniteSet(S) ,
       NEW CONSTANT T,
       IsFiniteSet(T) ,
       P(A) ==
         /\ IsFiniteSet(S \cup A)
         /\ Cardinality(S \cup A)
            = Cardinality(S) + Cardinality(A) - Cardinality(S \cap A),
       NEW CONSTANT A \in SUBSET T,
       NEW CONSTANT x \in T \ A,
       <2>_a653 
PROVE  <3>1a

@!!END

@!!BEGIN
@!!type:obligation
@!!id:512
@!!loc:699:25:699:29
@!!status:to be proved
@!!obl:ASSUME NEW CONSTANT S,
       IsFiniteSet(S) ,
       NEW CONSTANT T,
       IsFiniteSet(T) ,
       P(A) ==
         /\ IsFiniteSet(S \cup A)
         /\ Cardinality(S \cup A)
            = Cardinality(S) + Cardinality(A) - Cardinality(S \cap A),
       NEW CONSTANT A \in SUBSET T,
       NEW CONSTANT x \in T \ A,
       <2>_a653 ,
       <3>1a 
PROVE  <3>2

@!!END

@!!BEGIN
@!!type:obligation
@!!id:513
@!!loc:699:31:699:35
@!!status:to be proved
@!!obl:ASSUME NEW CONSTANT S,
       IsFiniteSet(S) ,
       NEW CONSTANT T,
       IsFiniteSet(T) ,
       P(A) ==
         /\ IsFiniteSet(S \cup A)
         /\ Cardinality(S \cup A)
            = Cardinality(S) + Cardinality(A) - Cardinality(S \cap A),
       NEW CONSTANT A \in SUBSET T,
       NEW CONSTANT x \in T \ A,
       <2>_a653 ,
       <3>1a ,
       <3>2 
PROVE  <2>2

@!!END

@!!BEGIN
@!!type:obligation
@!!id:514
@!!loc:699:37:699:41
@!!status:to be proved
@!!obl:ASSUME NEW CONSTANT S,
       IsFiniteSet(S) ,
       NEW CONSTANT T,
       IsFiniteSet(T) ,
       P(A) ==
         /\ IsFiniteSet(S \cup A)
         /\ Cardinality(S \cup A)
            = Cardinality(S) + Cardinality(A) - Cardinality(S \cap A),
       NEW CONSTANT A \in SUBSET T,
       NEW CONSTANT x \in T \ A,
       <2>_a653 ,
       <3>1a ,
       <3>2 ,
       <2>2 
PROVE  <2>1

@!!END

@!!BEGIN
@!!type:obligation
@!!id:515
@!!loc:699:43:699:47
@!!status:to be proved
@!!obl:ASSUME NEW CONSTANT S,
       IsFiniteSet(S) ,
       NEW CONSTANT T,
       IsFiniteSet(T) ,
       P(A) ==
         /\ IsFiniteSet(S \cup A)
         /\ Cardinality(S \cup A)
            = Cardinality(S) + Cardinality(A) - Cardinality(S \cap A),
       NEW CONSTANT A \in SUBSET T,
       NEW CONSTANT x \in T \ A,
       <2>_a653 ,
       <3>1a ,
       <3>2 ,
       <2>2 ,
       <2>1 
PROVE  P(A)

@!!END

@!!BEGIN
@!!type:obligation
@!!id:516
@!!loc:696:7:696:9
@!!status:to be proved
@!!obl:ASSUME NEW CONSTANT S,
       IsFiniteSet(S) ,
       NEW CONSTANT T,
       IsFiniteSet(T) ,
       P(A) ==
         /\ IsFiniteSet(S \cup A)
         /\ Cardinality(S \cup A)
            = Cardinality(S) + Cardinality(A) - Cardinality(S \cap A),
       NEW CONSTANT A \in SUBSET T,
       NEW CONSTANT x \in T \ A,
       <2>_a653 ,
       <1>2 ,
       <2>4 ,
       FS_AddElement ,
       Zenon 
PROVE  Cardinality(S \cup A \cup {x}) = Cardinality(S \cup A) + 1

@!!END

@!!BEGIN
@!!type:obligation
@!!id:517
@!!loc:696:10:696:14
@!!status:to be proved
@!!obl:ASSUME NEW CONSTANT S,
       IsFiniteSet(S) ,
       NEW CONSTANT T,
       IsFiniteSet(T) ,
       P(A) ==
         /\ IsFiniteSet(S \cup A)
         /\ Cardinality(S \cup A)
            = Cardinality(S) + Cardinality(A) - Cardinality(S \cap A),
       NEW CONSTANT A \in SUBSET T,
       NEW CONSTANT x \in T \ A,
       <2>_a653 
PROVE  <1>2

@!!END

@!!BEGIN
@!!type:obligation
@!!id:518
@!!loc:696:16:696:20
@!!status:to be proved
@!!obl:ASSUME NEW CONSTANT S,
       IsFiniteSet(S) ,
       NEW CONSTANT T,
       IsFiniteSet(T) ,
       P(A) ==
         /\ IsFiniteSet(S \cup A)
         /\ Cardinality(S \cup A)
            = Cardinality(S) + Cardinality(A) - Cardinality(S \cap A),
       NEW CONSTANT A \in SUBSET T,
       NEW CONSTANT x \in T \ A,
       <2>_a653 ,
       <1>2 
PROVE  <2>4

@!!END

@!!BEGIN
@!!type:obligation
@!!id:519
@!!loc:696:22:696:35
@!!status:to be proved
@!!obl:ASSUME NEW CONSTANT S,
       IsFiniteSet(S) ,
       NEW CONSTANT T,
       IsFiniteSet(T) ,
       P(A) ==
         /\ IsFiniteSet(S \cup A)
         /\ Cardinality(S \cup A)
            = Cardinality(S) + Cardinality(A) - Cardinality(S \cap A),
       NEW CONSTANT A \in SUBSET T,
       NEW CONSTANT x \in T \ A,
       <2>_a653 ,
       <1>2 ,
       <2>4 
PROVE  FS_AddElement

@!!END

@!!BEGIN
@!!type:obligation
@!!id:520
@!!loc:696:37:696:42
@!!status:to be proved
@!!obl:ASSUME NEW CONSTANT S,
       IsFiniteSet(S) ,
       NEW CONSTANT T,
       IsFiniteSet(T) ,
       P(A) ==
         /\ IsFiniteSet(S \cup A)
         /\ Cardinality(S \cup A)
            = Cardinality(S) + Cardinality(A) - Cardinality(S \cap A),
       NEW CONSTANT A \in SUBSET T,
       NEW CONSTANT x \in T \ A,
       <2>_a653 ,
       <1>2 ,
       <2>4 ,
       FS_AddElement 
PROVE  Zenon

@!!END

@!!BEGIN
@!!type:obligation
@!!id:521
@!!loc:697:74:697:76
@!!status:to be proved
@!!obl:ASSUME NEW CONSTANT S,
       IsFiniteSet(S) ,
       NEW CONSTANT T,
       IsFiniteSet(T) ,
       P(A) ==
         /\ IsFiniteSet(S \cup A)
         /\ Cardinality(S \cup A)
            = Cardinality(S) + Cardinality(A) - Cardinality(S \cap A),
       NEW CONSTANT A \in SUBSET T,
       NEW CONSTANT x \in T \ A,
       <2>_a653 ,
       <3>1 ,
       Zenon 
PROVE  Cardinality(S \cup (A \cup {x})) = Cardinality(S \cup A) + 1

@!!END

@!!BEGIN
@!!type:obligation
@!!id:522
@!!loc:697:77:697:81
@!!status:to be proved
@!!obl:ASSUME NEW CONSTANT S,
       IsFiniteSet(S) ,
       NEW CONSTANT T,
       IsFiniteSet(T) ,
       P(A) ==
         /\ IsFiniteSet(S \cup A)
         /\ Cardinality(S \cup A)
            = Cardinality(S) + Cardinality(A) - Cardinality(S \cap A),
       NEW CONSTANT A \in SUBSET T,
       NEW CONSTANT x \in T \ A,
       <2>_a653 
PROVE  <3>1

@!!END

@!!BEGIN
@!!type:obligation
@!!id:523
@!!loc:697:83:697:88
@!!status:to be proved
@!!obl:ASSUME NEW CONSTANT S,
       IsFiniteSet(S) ,
       NEW CONSTANT T,
       IsFiniteSet(T) ,
       P(A) ==
         /\ IsFiniteSet(S \cup A)
         /\ Cardinality(S \cup A)
            = Cardinality(S) + Cardinality(A) - Cardinality(S \cap A),
       NEW CONSTANT A \in SUBSET T,
       NEW CONSTANT x \in T \ A,
       <2>_a653 ,
       <3>1 
PROVE  Zenon

@!!END

@!!BEGIN
@!!type:obligation
@!!id:524
@!!loc:698:69:698:71
@!!status:to be proved
@!!obl:ASSUME NEW CONSTANT S,
       IsFiniteSet(S) ,
       NEW CONSTANT T,
       IsFiniteSet(T) ,
       P(A) ==
         /\ IsFiniteSet(S \cup A)
         /\ Cardinality(S \cup A)
            = Cardinality(S) + Cardinality(A) - Cardinality(S \cap A),
       NEW CONSTANT A \in SUBSET T,
       NEW CONSTANT x \in T \ A,
       <2>_a653 ,
       <2>4 ,
       Zenon 
PROVE  Cardinality(S \cap (A \cup {x})) = Cardinality(S \cap A)

@!!END

@!!BEGIN
@!!type:obligation
@!!id:525
@!!loc:698:72:698:76
@!!status:to be proved
@!!obl:ASSUME NEW CONSTANT S,
       IsFiniteSet(S) ,
       NEW CONSTANT T,
       IsFiniteSet(T) ,
       P(A) ==
         /\ IsFiniteSet(S \cup A)
         /\ Cardinality(S \cup A)
            = Cardinality(S) + Cardinality(A) - Cardinality(S \cap A),
       NEW CONSTANT A \in SUBSET T,
       NEW CONSTANT x \in T \ A,
       <2>_a653 
PROVE  <2>4

@!!END

@!!BEGIN
@!!type:obligation
@!!id:526
@!!loc:698:78:698:83
@!!status:to be proved
@!!obl:ASSUME NEW CONSTANT S,
       IsFiniteSet(S) ,
       NEW CONSTANT T,
       IsFiniteSet(T) ,
       P(A) ==
         /\ IsFiniteSet(S \cup A)
         /\ Cardinality(S \cup A)
            = Cardinality(S) + Cardinality(A) - Cardinality(S \cap A),
       NEW CONSTANT A \in SUBSET T,
       NEW CONSTANT x \in T \ A,
       <2>_a653 ,
       <2>4 
PROVE  Zenon

@!!END

@!!BEGIN
@!!type:obligation
@!!id:527
@!!loc:702:12:702:14
@!!status:to be proved
@!!obl:ASSUME NEW CONSTANT S,
       IsFiniteSet(S) ,
       NEW CONSTANT T,
       IsFiniteSet(T) ,
       <1>1 ,
       <1>2 ,
       FS_Induction ,
       IsaM("blast") 
PROVE  P(T)

@!!END

@!!BEGIN
@!!type:obligation
@!!id:528
@!!loc:702:15:702:19
@!!status:to be proved
@!!obl:ASSUME NEW CONSTANT S,
       IsFiniteSet(S) ,
       NEW CONSTANT T,
       IsFiniteSet(T) 
PROVE  <1>1

@!!END

@!!BEGIN
@!!type:obligation
@!!id:529
@!!loc:702:21:702:25
@!!status:to be proved
@!!obl:ASSUME NEW CONSTANT S,
       IsFiniteSet(S) ,
       NEW CONSTANT T,
       IsFiniteSet(T) ,
       <1>1 
PROVE  <1>2

@!!END

@!!BEGIN
@!!type:obligation
@!!id:530
@!!loc:702:27:702:39
@!!status:to be proved
@!!obl:ASSUME NEW CONSTANT S,
       IsFiniteSet(S) ,
       NEW CONSTANT T,
       IsFiniteSet(T) ,
       <1>1 ,
       <1>2 
PROVE  FS_Induction

@!!END

@!!BEGIN
@!!type:obligation
@!!id:531
@!!loc:702:41:702:54
@!!status:to be proved
@!!obl:ASSUME NEW CONSTANT S,
       IsFiniteSet(S) ,
       NEW CONSTANT T,
       IsFiniteSet(T) ,
       <1>1 ,
       <1>2 ,
       FS_Induction 
PROVE  IsaM("blast")

@!!END

@!!BEGIN
@!!type:obligation
@!!id:532
@!!loc:734:12:734:14
@!!status:to be proved
@!!obl:ASSUME NEW CONSTANT U,
       NEW CONSTANT S,
       NEW CONSTANT T,
       IsFiniteSet(U) ,
       S \subseteq U ,
       T \subseteq U ,
       Cardinality(S) + Cardinality(T) > Cardinality(U) ,
       <1>_a724 ,
       <1>2 ,
       FS_EmptySet ,
       Zenon 
PROVE  S \cap T # {}

@!!END

@!!BEGIN
@!!type:obligation
@!!id:533
@!!loc:734:15:734:19
@!!status:to be proved
@!!obl:ASSUME NEW CONSTANT U,
       NEW CONSTANT S,
       NEW CONSTANT T,
       IsFiniteSet(U) ,
       S \subseteq U ,
       T \subseteq U ,
       Cardinality(S) + Cardinality(T) > Cardinality(U) ,
       <1>_a724 
PROVE  <1>2

@!!END

@!!BEGIN
@!!type:obligation
@!!id:534
@!!loc:734:21:734:32
@!!status:to be proved
@!!obl:ASSUME NEW CONSTANT U,
       NEW CONSTANT S,
       NEW CONSTANT T,
       IsFiniteSet(U) ,
       S \subseteq U ,
       T \subseteq U ,
       Cardinality(S) + Cardinality(T) > Cardinality(U) ,
       <1>_a724 ,
       <1>2 
PROVE  FS_EmptySet

@!!END

@!!BEGIN
@!!type:obligation
@!!id:535
@!!loc:734:34:734:39
@!!status:to be proved
@!!obl:ASSUME NEW CONSTANT U,
       NEW CONSTANT S,
       NEW CONSTANT T,
       IsFiniteSet(U) ,
       S \subseteq U ,
       T \subseteq U ,
       Cardinality(S) + Cardinality(T) > Cardinality(U) ,
       <1>_a724 ,
       <1>2 ,
       FS_EmptySet 
PROVE  Zenon

@!!END

@!!BEGIN
@!!type:obligation
@!!id:536
@!!loc:729:3:729:5
@!!status:to be proved
@!!obl:ASSUME NEW CONSTANT U,
       NEW CONSTANT S,
       NEW CONSTANT T,
       IsFiniteSet(U) ,
       S \subseteq U ,
       T \subseteq U ,
       Cardinality(S) + Cardinality(T) > Cardinality(U) ,
       FS_Subset ,
       FS_CardinalityType ,
       Zenon 
PROVE  /\ IsFiniteSet(S)
       /\ IsFiniteSet(T)
       /\ Cardinality(S) \in Nat
       /\ Cardinality(T) \in Nat
       /\ Cardinality(U) \in Nat
       /\ Cardinality(S \cap T) \in Nat
       /\ Cardinality(S \cup T) =< Cardinality(U)

@!!END

@!!BEGIN
@!!type:obligation
@!!id:537
@!!loc:729:6:729:15
@!!status:to be proved
@!!obl:ASSUME NEW CONSTANT U,
       NEW CONSTANT S,
       NEW CONSTANT T,
       IsFiniteSet(U) ,
       S \subseteq U ,
       T \subseteq U ,
       Cardinality(S) + Cardinality(T) > Cardinality(U) 
PROVE  FS_Subset

@!!END

@!!BEGIN
@!!type:obligation
@!!id:538
@!!loc:729:17:729:35
@!!status:to be proved
@!!obl:ASSUME NEW CONSTANT U,
       NEW CONSTANT S,
       NEW CONSTANT T,
       IsFiniteSet(U) ,
       S \subseteq U ,
       T \subseteq U ,
       Cardinality(S) + Cardinality(T) > Cardinality(U) ,
       FS_Subset 
PROVE  FS_CardinalityType

@!!END

@!!BEGIN
@!!type:obligation
@!!id:539
@!!loc:729:37:729:42
@!!status:to be proved
@!!obl:ASSUME NEW CONSTANT U,
       NEW CONSTANT S,
       NEW CONSTANT T,
       IsFiniteSet(U) ,
       S \subseteq U ,
       T \subseteq U ,
       Cardinality(S) + Cardinality(T) > Cardinality(U) ,
       FS_Subset ,
       FS_CardinalityType 
PROVE  Zenon

@!!END

@!!BEGIN
@!!type:obligation
@!!id:540
@!!loc:732:3:732:5
@!!status:to be proved
@!!obl:ASSUME NEW CONSTANT U,
       NEW CONSTANT S,
       NEW CONSTANT T,
       IsFiniteSet(U) ,
       S \subseteq U ,
       T \subseteq U ,
       Cardinality(S) + Cardinality(T) > Cardinality(U) ,
       <1>_a724 ,
       FS_Union ,
       Zenon 
PROVE  Cardinality(S \cup T)
       = Cardinality(S) + Cardinality(T) - Cardinality(S \cap T)

@!!END

@!!BEGIN
@!!type:obligation
@!!id:541
@!!loc:732:6:732:14
@!!status:to be proved
@!!obl:ASSUME NEW CONSTANT U,
       NEW CONSTANT S,
       NEW CONSTANT T,
       IsFiniteSet(U) ,
       S \subseteq U ,
       T \subseteq U ,
       Cardinality(S) + Cardinality(T) > Cardinality(U) ,
       <1>_a724 
PROVE  FS_Union

@!!END

@!!BEGIN
@!!type:obligation
@!!id:542
@!!loc:732:16:732:21
@!!status:to be proved
@!!obl:ASSUME NEW CONSTANT U,
       NEW CONSTANT S,
       NEW CONSTANT T,
       IsFiniteSet(U) ,
       S \subseteq U ,
       T \subseteq U ,
       Cardinality(S) + Cardinality(T) > Cardinality(U) ,
       <1>_a724 ,
       FS_Union 
PROVE  Zenon

@!!END

@!!BEGIN
@!!type:obligation
@!!id:543
@!!loc:733:34:733:36
@!!status:to be proved
@!!obl:ASSUME NEW CONSTANT U,
       NEW CONSTANT S,
       NEW CONSTANT T,
       IsFiniteSet(U) ,
       S \subseteq U ,
       T \subseteq U ,
       Cardinality(S) + Cardinality(T) > Cardinality(U) ,
       <1>_a724 ,
       <1>1 
PROVE  Cardinality(S \cap T) # 0

@!!END

@!!BEGIN
@!!type:obligation
@!!id:544
@!!loc:733:37:733:41
@!!status:to be proved
@!!obl:ASSUME NEW CONSTANT U,
       NEW CONSTANT S,
       NEW CONSTANT T,
       IsFiniteSet(U) ,
       S \subseteq U ,
       T \subseteq U ,
       Cardinality(S) + Cardinality(T) > Cardinality(U) ,
       <1>_a724 
PROVE  <1>1

@!!END

@!!BEGIN
@!!type:obligation
@!!id:545
@!!loc:754:1:754:3
@!!status:to be proved
@!!obl:ASSUME NEW CONSTANT S,
       IsFiniteSet(S) ,
       NEW CONSTANT T,
       FS_Subset 
PROVE  /\ IsFiniteSet(S \cap T)
       /\ IsFiniteSet(T \cap S)
       /\ Cardinality(S \cap T) =< Cardinality(S)
       /\ Cardinality(T \cap S) =< Cardinality(S)

@!!END

@!!BEGIN
@!!type:obligation
@!!id:546
@!!loc:754:4:754:13
@!!status:to be proved
@!!obl:ASSUME NEW CONSTANT S,
       IsFiniteSet(S) ,
       NEW CONSTANT T
PROVE  FS_Subset

@!!END

@!!BEGIN
@!!type:obligation
@!!id:547
@!!loc:782:12:782:14
@!!status:to be proved
@!!obl:ASSUME NEW CONSTANT S,
       NEW CONSTANT T,
       IsFiniteSet(S) ,
       <1>_a740 ,
       <1>2 
PROVE  /\ IsFiniteSet(S \ T)
       /\ Cardinality(S \ T) = Cardinality(S) - Cardinality(S \cap T)

@!!END

@!!BEGIN
@!!type:obligation
@!!id:548
@!!loc:782:15:782:19
@!!status:to be proved
@!!obl:ASSUME NEW CONSTANT S,
       NEW CONSTANT T,
       IsFiniteSet(S) ,
       <1>_a740 
PROVE  <1>2

@!!END

@!!BEGIN
@!!type:obligation
@!!id:549
@!!loc:774:3:774:5
@!!status:to be proved
@!!obl:ASSUME NEW CONSTANT S,
       NEW CONSTANT T,
       IsFiniteSet(S) ,
       FS_Subset ,
       FS_CardinalityType ,
       Zenon 
PROVE  /\ IsFiniteSet(S \ T)
       /\ IsFiniteSet(S \cap T)
       /\ Cardinality(S \ T) \in Nat
       /\ Cardinality(S \cap T) \in Nat

@!!END

@!!BEGIN
@!!type:obligation
@!!id:550
@!!loc:774:6:774:15
@!!status:to be proved
@!!obl:ASSUME NEW CONSTANT S,
       NEW CONSTANT T,
       IsFiniteSet(S) 
PROVE  FS_Subset

@!!END

@!!BEGIN
@!!type:obligation
@!!id:551
@!!loc:774:17:774:35
@!!status:to be proved
@!!obl:ASSUME NEW CONSTANT S,
       NEW CONSTANT T,
       IsFiniteSet(S) ,
       FS_Subset 
PROVE  FS_CardinalityType

@!!END

@!!BEGIN
@!!type:obligation
@!!id:552
@!!loc:774:37:774:42
@!!status:to be proved
@!!obl:ASSUME NEW CONSTANT S,
       NEW CONSTANT T,
       IsFiniteSet(S) ,
       FS_Subset ,
       FS_CardinalityType 
PROVE  Zenon

@!!END

@!!BEGIN
@!!type:obligation
@!!id:553
@!!loc:781:13:781:15
@!!status:to be proved
@!!obl:ASSUME NEW CONSTANT S,
       NEW CONSTANT T,
       IsFiniteSet(S) ,
       <1>_a740 ,
       <2>1 ,
       <2>2 ,
       <2>3 
PROVE  Cardinality(S \ T) = Cardinality(S) - Cardinality(S \cap T)

@!!END

@!!BEGIN
@!!type:obligation
@!!id:554
@!!loc:781:16:781:20
@!!status:to be proved
@!!obl:ASSUME NEW CONSTANT S,
       NEW CONSTANT T,
       IsFiniteSet(S) ,
       <1>_a740 
PROVE  <2>1

@!!END

@!!BEGIN
@!!type:obligation
@!!id:555
@!!loc:781:22:781:26
@!!status:to be proved
@!!obl:ASSUME NEW CONSTANT S,
       NEW CONSTANT T,
       IsFiniteSet(S) ,
       <1>_a740 ,
       <2>1 
PROVE  <2>2

@!!END

@!!BEGIN
@!!type:obligation
@!!id:556
@!!loc:781:28:781:32
@!!status:to be proved
@!!obl:ASSUME NEW CONSTANT S,
       NEW CONSTANT T,
       IsFiniteSet(S) ,
       <1>_a740 ,
       <2>1 ,
       <2>2 
PROVE  <2>3

@!!END

@!!BEGIN
@!!type:obligation
@!!id:557
@!!loc:776:64:776:66
@!!status:to be proved
@!!obl:ASSUME NEW CONSTANT S,
       NEW CONSTANT T,
       IsFiniteSet(S) ,
       <1>_a740 ,
       Zenon 
PROVE  Cardinality(S) = Cardinality((S \cap T) \cup (S \ T))

@!!END

@!!BEGIN
@!!type:obligation
@!!id:558
@!!loc:776:67:776:72
@!!status:to be proved
@!!obl:ASSUME NEW CONSTANT S,
       NEW CONSTANT T,
       IsFiniteSet(S) ,
       <1>_a740 
PROVE  Zenon

@!!END

@!!BEGIN
@!!type:obligation
@!!id:559
@!!loc:779:5:779:7
@!!status:to be proved
@!!obl:ASSUME NEW CONSTANT S,
       NEW CONSTANT T,
       IsFiniteSet(S) ,
       <1>_a740 ,
       FS_Union ,
       Zenon 
PROVE  Cardinality((S \cap T) \cup (S \ T))
       = Cardinality(S \cap T)
         + Cardinality(S \ T) - Cardinality(S \cap T \cap (S \ T))

@!!END

@!!BEGIN
@!!type:obligation
@!!id:560
@!!loc:779:8:779:16
@!!status:to be proved
@!!obl:ASSUME NEW CONSTANT S,
       NEW CONSTANT T,
       IsFiniteSet(S) ,
       <1>_a740 
PROVE  FS_Union

@!!END

@!!BEGIN
@!!type:obligation
@!!id:561
@!!loc:779:18:779:23
@!!status:to be proved
@!!obl:ASSUME NEW CONSTANT S,
       NEW CONSTANT T,
       IsFiniteSet(S) ,
       <1>_a740 ,
       FS_Union 
PROVE  Zenon

@!!END

@!!BEGIN
@!!type:obligation
@!!id:562
@!!loc:780:51:780:53
@!!status:to be proved
@!!obl:ASSUME NEW CONSTANT S,
       NEW CONSTANT T,
       IsFiniteSet(S) ,
       <1>_a740 ,
       FS_EmptySet ,
       Zenon 
PROVE  Cardinality(S \cap T \cap (S \ T)) = 0

@!!END

@!!BEGIN
@!!type:obligation
@!!id:563
@!!loc:780:54:780:65
@!!status:to be proved
@!!obl:ASSUME NEW CONSTANT S,
       NEW CONSTANT T,
       IsFiniteSet(S) ,
       <1>_a740 
PROVE  FS_EmptySet

@!!END

@!!BEGIN
@!!type:obligation
@!!id:564
@!!loc:780:67:780:72
@!!status:to be proved
@!!obl:ASSUME NEW CONSTANT S,
       NEW CONSTANT T,
       IsFiniteSet(S) ,
       <1>_a740 ,
       FS_EmptySet 
PROVE  Zenon

@!!END

@!!BEGIN
@!!type:obligation
@!!id:565
@!!loc:804:11:804:13
@!!status:to be proved
@!!obl:ASSUME NEW CONSTANT S,
       IsFiniteSet(S) ,
       \A T \in S : IsFiniteSet(T) ,
       P(U) == (\A T \in U : IsFiniteSet(T)) => IsFiniteSet(UNION U),
       <1>_a759 
PROVE  IsFiniteSet(UNION S)

@!!END

@!!BEGIN
@!!type:obligation
@!!id:566
@!!loc:798:14:798:16
@!!status:to be proved
@!!obl:ASSUME NEW CONSTANT S,
       IsFiniteSet(S) ,
       \A T \in S : IsFiniteSet(T) ,
       P(U) == (\A T \in U : IsFiniteSet(T)) => IsFiniteSet(UNION U),
       FS_EmptySet ,
       Zenon 
PROVE  P({})

@!!END

@!!BEGIN
@!!type:obligation
@!!id:567
@!!loc:798:17:798:28
@!!status:to be proved
@!!obl:ASSUME NEW CONSTANT S,
       IsFiniteSet(S) ,
       \A T \in S : IsFiniteSet(T) ,
       P(U) == (\A T \in U : IsFiniteSet(T)) => IsFiniteSet(UNION U)
PROVE  FS_EmptySet

@!!END

@!!BEGIN
@!!type:obligation
@!!id:568
@!!loc:798:30:798:35
@!!status:to be proved
@!!obl:ASSUME NEW CONSTANT S,
       IsFiniteSet(S) ,
       \A T \in S : IsFiniteSet(T) ,
       P(U) == (\A T \in U : IsFiniteSet(T)) => IsFiniteSet(UNION U),
       FS_EmptySet 
PROVE  Zenon

@!!END

@!!BEGIN
@!!type:obligation
@!!id:569
@!!loc:801:3:801:5
@!!status:to be proved
@!!obl:ASSUME NEW CONSTANT S,
       IsFiniteSet(S) ,
       \A T \in S : IsFiniteSet(T) ,
       P(U) == (\A T \in U : IsFiniteSet(T)) => IsFiniteSet(UNION U),
       NEW CONSTANT U \in SUBSET S,
       NEW CONSTANT x \in S \ U,
       <1>2 ,
       FS_Union ,
       Isa 
PROVE  P(U \cup {x})

@!!END

@!!BEGIN
@!!type:obligation
@!!id:570
@!!loc:801:6:801:10
@!!status:to be proved
@!!obl:ASSUME NEW CONSTANT S,
       IsFiniteSet(S) ,
       \A T \in S : IsFiniteSet(T) ,
       P(U) == (\A T \in U : IsFiniteSet(T)) => IsFiniteSet(UNION U),
       NEW CONSTANT U \in SUBSET S,
       NEW CONSTANT x \in S \ U
PROVE  <1>2

@!!END

@!!BEGIN
@!!type:obligation
@!!id:571
@!!loc:801:12:801:20
@!!status:to be proved
@!!obl:ASSUME NEW CONSTANT S,
       IsFiniteSet(S) ,
       \A T \in S : IsFiniteSet(T) ,
       P(U) == (\A T \in U : IsFiniteSet(T)) => IsFiniteSet(UNION U),
       NEW CONSTANT U \in SUBSET S,
       NEW CONSTANT x \in S \ U,
       <1>2 
PROVE  FS_Union

@!!END

@!!BEGIN
@!!type:obligation
@!!id:572
@!!loc:801:22:801:25
@!!status:to be proved
@!!obl:ASSUME NEW CONSTANT S,
       IsFiniteSet(S) ,
       \A T \in S : IsFiniteSet(T) ,
       P(U) == (\A T \in U : IsFiniteSet(T)) => IsFiniteSet(UNION U),
       NEW CONSTANT U \in SUBSET S,
       NEW CONSTANT x \in S \ U,
       <1>2 ,
       FS_Union 
PROVE  Isa

@!!END

@!!BEGIN
@!!type:obligation
@!!id:573
@!!loc:803:12:803:14
@!!status:to be proved
@!!obl:ASSUME NEW CONSTANT S,
       IsFiniteSet(S) ,
       \A T \in S : IsFiniteSet(T) ,
       <1>1 ,
       <1>2 ,
       FS_Induction ,
       IsaM("blast") 
PROVE  P(S)

@!!END

@!!BEGIN
@!!type:obligation
@!!id:574
@!!loc:803:15:803:19
@!!status:to be proved
@!!obl:ASSUME NEW CONSTANT S,
       IsFiniteSet(S) ,
       \A T \in S : IsFiniteSet(T) 
PROVE  <1>1

@!!END

@!!BEGIN
@!!type:obligation
@!!id:575
@!!loc:803:21:803:25
@!!status:to be proved
@!!obl:ASSUME NEW CONSTANT S,
       IsFiniteSet(S) ,
       \A T \in S : IsFiniteSet(T) ,
       <1>1 
PROVE  <1>2

@!!END

@!!BEGIN
@!!type:obligation
@!!id:576
@!!loc:803:27:803:39
@!!status:to be proved
@!!obl:ASSUME NEW CONSTANT S,
       IsFiniteSet(S) ,
       \A T \in S : IsFiniteSet(T) ,
       <1>1 ,
       <1>2 
PROVE  FS_Induction

@!!END

@!!BEGIN
@!!type:obligation
@!!id:577
@!!loc:803:41:803:54
@!!status:to be proved
@!!obl:ASSUME NEW CONSTANT S,
       IsFiniteSet(S) ,
       \A T \in S : IsFiniteSet(T) ,
       <1>1 ,
       <1>2 ,
       FS_Induction 
PROVE  IsaM("blast")

@!!END

@!!BEGIN
@!!type:obligation
@!!id:578
@!!loc:859:11:859:13
@!!status:to be proved
@!!obl:ASSUME NEW CONSTANT S,
       IsFiniteSet(S) ,
       NEW CONSTANT T,
       IsFiniteSet(T) ,
       P(A) ==
         /\ IsFiniteSet(S \X A)
         /\ Cardinality(S \X A) = Cardinality(S) * Cardinality(A),
       <1>_a776 
PROVE  /\ IsFiniteSet(S \X T)
       /\ Cardinality(S \X T) = Cardinality(S) * Cardinality(T)

@!!END

@!!BEGIN
@!!type:obligation
@!!id:579
@!!loc:830:13:830:15
@!!status:to be proved
@!!obl:ASSUME NEW CONSTANT S,
       IsFiniteSet(S) ,
       NEW CONSTANT T,
       IsFiniteSet(T) ,
       P(A) ==
         /\ IsFiniteSet(S \X A)
         /\ Cardinality(S \X A) = Cardinality(S) * Cardinality(A),
       <2>1 
PROVE  P({})

@!!END

@!!BEGIN
@!!type:obligation
@!!id:580
@!!loc:830:16:830:20
@!!status:to be proved
@!!obl:ASSUME NEW CONSTANT S,
       IsFiniteSet(S) ,
       NEW CONSTANT T,
       IsFiniteSet(T) ,
       P(A) ==
         /\ IsFiniteSet(S \X A)
         /\ Cardinality(S \X A) = Cardinality(S) * Cardinality(A)
PROVE  <2>1

@!!END

@!!BEGIN
@!!type:obligation
@!!id:581
@!!loc:829:5:829:7
@!!status:to be proved
@!!obl:ASSUME NEW CONSTANT S,
       IsFiniteSet(S) ,
       NEW CONSTANT T,
       IsFiniteSet(T) ,
       P(A) ==
         /\ IsFiniteSet(S \X A)
         /\ Cardinality(S \X A) = Cardinality(S) * Cardinality(A),
       FS_EmptySet ,
       FS_CardinalityType ,
       Zenon 
PROVE  /\ S \X {} = {}
       /\ IsFiniteSet(S \X {})
       /\ Cardinality(S \X {}) = 0
       /\ Cardinality({}) = 0
       /\ Cardinality(S) \in Nat

@!!END

@!!BEGIN
@!!type:obligation
@!!id:582
@!!loc:829:8:829:19
@!!status:to be proved
@!!obl:ASSUME NEW CONSTANT S,
       IsFiniteSet(S) ,
       NEW CONSTANT T,
       IsFiniteSet(T) ,
       P(A) ==
         /\ IsFiniteSet(S \X A)
         /\ Cardinality(S \X A) = Cardinality(S) * Cardinality(A)
PROVE  FS_EmptySet

@!!END

@!!BEGIN
@!!type:obligation
@!!id:583
@!!loc:829:21:829:39
@!!status:to be proved
@!!obl:ASSUME NEW CONSTANT S,
       IsFiniteSet(S) ,
       NEW CONSTANT T,
       IsFiniteSet(T) ,
       P(A) ==
         /\ IsFiniteSet(S \X A)
         /\ Cardinality(S \X A) = Cardinality(S) * Cardinality(A),
       FS_EmptySet 
PROVE  FS_CardinalityType

@!!END

@!!BEGIN
@!!type:obligation
@!!id:584
@!!loc:829:41:829:46
@!!status:to be proved
@!!obl:ASSUME NEW CONSTANT S,
       IsFiniteSet(S) ,
       NEW CONSTANT T,
       IsFiniteSet(T) ,
       P(A) ==
         /\ IsFiniteSet(S \X A)
         /\ Cardinality(S \X A) = Cardinality(S) * Cardinality(A),
       FS_EmptySet ,
       FS_CardinalityType 
PROVE  Zenon

@!!END

@!!BEGIN
@!!type:obligation
@!!id:585
@!!loc:856:13:856:15
@!!status:to be proved
@!!obl:ASSUME NEW CONSTANT S,
       IsFiniteSet(S) ,
       NEW CONSTANT T,
       IsFiniteSet(T) ,
       P(A) ==
         /\ IsFiniteSet(S \X A)
         /\ Cardinality(S \X A) = Cardinality(S) * Cardinality(A),
       NEW CONSTANT A \in SUBSET T,
       NEW CONSTANT x \in T \ A,
       <2>_a774 ,
       SX == {<<s, x>> : s \in S},
       <2>1 ,
       <2>5 ,
       <2>4 ,
       <2>7 ,
       P(A) 
PROVE  P(A \cup {x})

@!!END

@!!BEGIN
@!!type:obligation
@!!id:586
@!!loc:856:16:856:20
@!!status:to be proved
@!!obl:ASSUME NEW CONSTANT S,
       IsFiniteSet(S) ,
       NEW CONSTANT T,
       IsFiniteSet(T) ,
       P(A) ==
         /\ IsFiniteSet(S \X A)
         /\ Cardinality(S \X A) = Cardinality(S) * Cardinality(A),
       NEW CONSTANT A \in SUBSET T,
       NEW CONSTANT x \in T \ A,
       <2>_a774 ,
       SX == {<<s, x>> : s \in S}
PROVE  <2>1

@!!END

@!!BEGIN
@!!type:obligation
@!!id:587
@!!loc:856:22:856:26
@!!status:to be proved
@!!obl:ASSUME NEW CONSTANT S,
       IsFiniteSet(S) ,
       NEW CONSTANT T,
       IsFiniteSet(T) ,
       P(A) ==
         /\ IsFiniteSet(S \X A)
         /\ Cardinality(S \X A) = Cardinality(S) * Cardinality(A),
       NEW CONSTANT A \in SUBSET T,
       NEW CONSTANT x \in T \ A,
       <2>_a774 ,
       SX == {<<s, x>> : s \in S},
       <2>1 
PROVE  <2>5

@!!END

@!!BEGIN
@!!type:obligation
@!!id:588
@!!loc:856:28:856:32
@!!status:to be proved
@!!obl:ASSUME NEW CONSTANT S,
       IsFiniteSet(S) ,
       NEW CONSTANT T,
       IsFiniteSet(T) ,
       P(A) ==
         /\ IsFiniteSet(S \X A)
         /\ Cardinality(S \X A) = Cardinality(S) * Cardinality(A),
       NEW CONSTANT A \in SUBSET T,
       NEW CONSTANT x \in T \ A,
       <2>_a774 ,
       SX == {<<s, x>> : s \in S},
       <2>1 ,
       <2>5 
PROVE  <2>4

@!!END

@!!BEGIN
@!!type:obligation
@!!id:589
@!!loc:856:34:856:38
@!!status:to be proved
@!!obl:ASSUME NEW CONSTANT S,
       IsFiniteSet(S) ,
       NEW CONSTANT T,
       IsFiniteSet(T) ,
       P(A) ==
         /\ IsFiniteSet(S \X A)
         /\ Cardinality(S \X A) = Cardinality(S) * Cardinality(A),
       NEW CONSTANT A \in SUBSET T,
       NEW CONSTANT x \in T \ A,
       <2>_a774 ,
       SX == {<<s, x>> : s \in S},
       <2>1 ,
       <2>5 ,
       <2>4 
PROVE  <2>7

@!!END

@!!BEGIN
@!!type:obligation
@!!id:590
@!!loc:856:40:856:44
@!!status:to be proved
@!!obl:ASSUME NEW CONSTANT S,
       IsFiniteSet(S) ,
       NEW CONSTANT T,
       IsFiniteSet(T) ,
       P(A) ==
         /\ IsFiniteSet(S \X A)
         /\ Cardinality(S \X A) = Cardinality(S) * Cardinality(A),
       NEW CONSTANT A \in SUBSET T,
       NEW CONSTANT x \in T \ A,
       <2>_a774 ,
       SX == {<<s, x>> : s \in S},
       <2>1 ,
       <2>5 ,
       <2>4 ,
       <2>7 
PROVE  P(A)

@!!END

@!!BEGIN
@!!type:obligation
@!!id:591
@!!loc:835:5:835:7
@!!status:to be proved
@!!obl:ASSUME NEW CONSTANT S,
       IsFiniteSet(S) ,
       NEW CONSTANT T,
       IsFiniteSet(T) ,
       P(A) ==
         /\ IsFiniteSet(S \X A)
         /\ Cardinality(S \X A) = Cardinality(S) * Cardinality(A),
       NEW CONSTANT A \in SUBSET T,
       NEW CONSTANT x \in T \ A,
       <1>2 ,
       FS_CardinalityType ,
       FS_Subset 
PROVE  /\ Cardinality(A) \in Nat
       /\ Cardinality(S) \in Nat

@!!END

@!!BEGIN
@!!type:obligation
@!!id:592
@!!loc:835:8:835:12
@!!status:to be proved
@!!obl:ASSUME NEW CONSTANT S,
       IsFiniteSet(S) ,
       NEW CONSTANT T,
       IsFiniteSet(T) ,
       P(A) ==
         /\ IsFiniteSet(S \X A)
         /\ Cardinality(S \X A) = Cardinality(S) * Cardinality(A),
       NEW CONSTANT A \in SUBSET T,
       NEW CONSTANT x \in T \ A
PROVE  <1>2

@!!END

@!!BEGIN
@!!type:obligation
@!!id:593
@!!loc:835:14:835:32
@!!status:to be proved
@!!obl:ASSUME NEW CONSTANT S,
       IsFiniteSet(S) ,
       NEW CONSTANT T,
       IsFiniteSet(T) ,
       P(A) ==
         /\ IsFiniteSet(S \X A)
         /\ Cardinality(S \X A) = Cardinality(S) * Cardinality(A),
       NEW CONSTANT A \in SUBSET T,
       NEW CONSTANT x \in T \ A,
       <1>2 
PROVE  FS_CardinalityType

@!!END

@!!BEGIN
@!!type:obligation
@!!id:594
@!!loc:835:34:835:43
@!!status:to be proved
@!!obl:ASSUME NEW CONSTANT S,
       IsFiniteSet(S) ,
       NEW CONSTANT T,
       IsFiniteSet(T) ,
       P(A) ==
         /\ IsFiniteSet(S \X A)
         /\ Cardinality(S \X A) = Cardinality(S) * Cardinality(A),
       NEW CONSTANT A \in SUBSET T,
       NEW CONSTANT x \in T \ A,
       <1>2 ,
       FS_CardinalityType 
PROVE  FS_Subset

@!!END

@!!BEGIN
@!!type:obligation
@!!id:595
@!!loc:839:5:839:7
@!!status:to be proved
@!!obl:ASSUME NEW CONSTANT S,
       IsFiniteSet(S) ,
       NEW CONSTANT T,
       IsFiniteSet(T) ,
       P(A) ==
         /\ IsFiniteSet(S \X A)
         /\ Cardinality(S \X A) = Cardinality(S) * Cardinality(A),
       NEW CONSTANT A \in SUBSET T,
       NEW CONSTANT x \in T \ A,
       <2>_a774 ,
       SX == {<<s, x>> : s \in S},
       <1>2 ,
       FS_AddElement ,
       Zenon 
PROVE  /\ IsFiniteSet(A \cup {x})
       /\ Cardinality(A \cup {x}) = Cardinality(A) + 1

@!!END

@!!BEGIN
@!!type:obligation
@!!id:596
@!!loc:839:8:839:12
@!!status:to be proved
@!!obl:ASSUME NEW CONSTANT S,
       IsFiniteSet(S) ,
       NEW CONSTANT T,
       IsFiniteSet(T) ,
       P(A) ==
         /\ IsFiniteSet(S \X A)
         /\ Cardinality(S \X A) = Cardinality(S) * Cardinality(A),
       NEW CONSTANT A \in SUBSET T,
       NEW CONSTANT x \in T \ A,
       <2>_a774 ,
       SX == {<<s, x>> : s \in S}
PROVE  <1>2

@!!END

@!!BEGIN
@!!type:obligation
@!!id:597
@!!loc:839:14:839:27
@!!status:to be proved
@!!obl:ASSUME NEW CONSTANT S,
       IsFiniteSet(S) ,
       NEW CONSTANT T,
       IsFiniteSet(T) ,
       P(A) ==
         /\ IsFiniteSet(S \X A)
         /\ Cardinality(S \X A) = Cardinality(S) * Cardinality(A),
       NEW CONSTANT A \in SUBSET T,
       NEW CONSTANT x \in T \ A,
       <2>_a774 ,
       SX == {<<s, x>> : s \in S},
       <1>2 
PROVE  FS_AddElement

@!!END

@!!BEGIN
@!!type:obligation
@!!id:598
@!!loc:839:29:839:34
@!!status:to be proved
@!!obl:ASSUME NEW CONSTANT S,
       IsFiniteSet(S) ,
       NEW CONSTANT T,
       IsFiniteSet(T) ,
       P(A) ==
         /\ IsFiniteSet(S \X A)
         /\ Cardinality(S \X A) = Cardinality(S) * Cardinality(A),
       NEW CONSTANT A \in SUBSET T,
       NEW CONSTANT x \in T \ A,
       <2>_a774 ,
       SX == {<<s, x>> : s \in S},
       <1>2 ,
       FS_AddElement 
PROVE  Zenon

@!!END

@!!BEGIN
@!!type:obligation
@!!id:599
@!!loc:841:5:841:7
@!!status:to be proved
@!!obl:ASSUME NEW CONSTANT S,
       IsFiniteSet(S) ,
       NEW CONSTANT T,
       IsFiniteSet(T) ,
       P(A) ==
         /\ IsFiniteSet(S \X A)
         /\ Cardinality(S \X A) = Cardinality(S) * Cardinality(A),
       NEW CONSTANT A \in SUBSET T,
       NEW CONSTANT x \in T \ A,
       <2>_a774 ,
       SX == {<<s, x>> : s \in S},
       <1>2 
PROVE  S \X (A \cup {x}) = S \X A \cup SX

@!!END

@!!BEGIN
@!!type:obligation
@!!id:600
@!!loc:841:8:841:12
@!!status:to be proved
@!!obl:ASSUME NEW CONSTANT S,
       IsFiniteSet(S) ,
       NEW CONSTANT T,
       IsFiniteSet(T) ,
       P(A) ==
         /\ IsFiniteSet(S \X A)
         /\ Cardinality(S \X A) = Cardinality(S) * Cardinality(A),
       NEW CONSTANT A \in SUBSET T,
       NEW CONSTANT x \in T \ A,
       <2>_a774 ,
       SX == {<<s, x>> : s \in S}
PROVE  <1>2

@!!END

@!!BEGIN
@!!type:obligation
@!!id:601
@!!loc:846:15:846:17
@!!status:to be proved
@!!obl:ASSUME ExistsBijection(S, T) == Bijection(S, T) # {},
       NEW CONSTANT S,
       IsFiniteSet(S) ,
       NEW CONSTANT T,
       IsFiniteSet(T) ,
       P(A) ==
         /\ IsFiniteSet(S \X A)
         /\ Cardinality(S \X A) = Cardinality(S) * Cardinality(A),
       NEW CONSTANT A \in SUBSET T,
       NEW CONSTANT x \in T \ A,
       <2>_a774 ,
       SX == {<<s, x>> : s \in S},
       f == [s \in S |-> <<s, x>>],
       <3>_a775 
PROVE  ExistsBijection(S, SX)

@!!END

@!!BEGIN
@!!type:obligation
@!!id:602
@!!loc:845:7:845:9
@!!status:to be proved
@!!obl:ASSUME IsInjective(f) == \A a, b \in DOMAIN f : f[a] = f[b] => a = b,
       Injection(S, T) == {M \in [S -> T] : IsInjective(M)},
       Surjection(S, T) ==
         {M \in [S -> T] : \A t \in T : \E s \in S : M[s] = t},
       Bijection(S, T) == Injection(S, T) \cap Surjection(S, T),
       NEW CONSTANT S,
       IsFiniteSet(S) ,
       NEW CONSTANT T,
       IsFiniteSet(T) ,
       P(A) ==
         /\ IsFiniteSet(S \X A)
         /\ Cardinality(S \X A) = Cardinality(S) * Cardinality(A),
       NEW CONSTANT A \in SUBSET T,
       NEW CONSTANT x \in T \ A,
       <2>_a774 ,
       SX == {<<s, x>> : s \in S},
       f == [s \in S |-> <<s, x>>]
PROVE  f \in Bijection(S, SX)

@!!END

@!!BEGIN
@!!type:obligation
@!!id:603
@!!loc:849:5:849:7
@!!status:to be proved
@!!obl:ASSUME NEW CONSTANT S,
       IsFiniteSet(S) ,
       NEW CONSTANT T,
       IsFiniteSet(T) ,
       P(A) ==
         /\ IsFiniteSet(S \X A)
         /\ Cardinality(S \X A) = Cardinality(S) * Cardinality(A),
       NEW CONSTANT A \in SUBSET T,
       NEW CONSTANT x \in T \ A,
       <2>_a774 ,
       SX == {<<s, x>> : s \in S},
       <2>3 ,
       FS_Bijection 
PROVE  /\ IsFiniteSet(SX)
       /\ Cardinality(SX) = Cardinality(S)

@!!END

@!!BEGIN
@!!type:obligation
@!!id:604
@!!loc:849:8:849:12
@!!status:to be proved
@!!obl:ASSUME NEW CONSTANT S,
       IsFiniteSet(S) ,
       NEW CONSTANT T,
       IsFiniteSet(T) ,
       P(A) ==
         /\ IsFiniteSet(S \X A)
         /\ Cardinality(S \X A) = Cardinality(S) * Cardinality(A),
       NEW CONSTANT A \in SUBSET T,
       NEW CONSTANT x \in T \ A,
       <2>_a774 ,
       SX == {<<s, x>> : s \in S}
PROVE  <2>3

@!!END

@!!BEGIN
@!!type:obligation
@!!id:605
@!!loc:849:14:849:26
@!!status:to be proved
@!!obl:ASSUME NEW CONSTANT S,
       IsFiniteSet(S) ,
       NEW CONSTANT T,
       IsFiniteSet(T) ,
       P(A) ==
         /\ IsFiniteSet(S \X A)
         /\ Cardinality(S \X A) = Cardinality(S) * Cardinality(A),
       NEW CONSTANT A \in SUBSET T,
       NEW CONSTANT x \in T \ A,
       <2>_a774 ,
       SX == {<<s, x>> : s \in S},
       <2>3 
PROVE  FS_Bijection

@!!END

@!!BEGIN
@!!type:obligation
@!!id:606
@!!loc:853:5:853:7
@!!status:to be proved
@!!obl:ASSUME NEW CONSTANT S,
       IsFiniteSet(S) ,
       NEW CONSTANT T,
       IsFiniteSet(T) ,
       P(A) ==
         /\ IsFiniteSet(S \X A)
         /\ Cardinality(S \X A) = Cardinality(S) * Cardinality(A),
       NEW CONSTANT A \in SUBSET T,
       NEW CONSTANT x \in T \ A,
       <2>_a774 ,
       SX == {<<s, x>> : s \in S},
       <2>2 ,
       <2>4 ,
       P(A) ,
       FS_Union 
PROVE  /\ IsFiniteSet(S \X (A \cup {x}))
       /\ Cardinality(S \X (A \cup {x}))
          = Cardinality(S \X A)
            + Cardinality(SX) - Cardinality(S \X A \cap SX)

@!!END

@!!BEGIN
@!!type:obligation
@!!id:607
@!!loc:853:8:853:12
@!!status:to be proved
@!!obl:ASSUME NEW CONSTANT S,
       IsFiniteSet(S) ,
       NEW CONSTANT T,
       IsFiniteSet(T) ,
       P(A) ==
         /\ IsFiniteSet(S \X A)
         /\ Cardinality(S \X A) = Cardinality(S) * Cardinality(A),
       NEW CONSTANT A \in SUBSET T,
       NEW CONSTANT x \in T \ A,
       <2>_a774 ,
       SX == {<<s, x>> : s \in S}
PROVE  <2>2

@!!END

@!!BEGIN
@!!type:obligation
@!!id:608
@!!loc:853:14:853:18
@!!status:to be proved
@!!obl:ASSUME NEW CONSTANT S,
       IsFiniteSet(S) ,
       NEW CONSTANT T,
       IsFiniteSet(T) ,
       P(A) ==
         /\ IsFiniteSet(S \X A)
         /\ Cardinality(S \X A) = Cardinality(S) * Cardinality(A),
       NEW CONSTANT A \in SUBSET T,
       NEW CONSTANT x \in T \ A,
       <2>_a774 ,
       SX == {<<s, x>> : s \in S},
       <2>2 
PROVE  <2>4

@!!END

@!!BEGIN
@!!type:obligation
@!!id:609
@!!loc:853:20:853:24
@!!status:to be proved
@!!obl:ASSUME NEW CONSTANT S,
       IsFiniteSet(S) ,
       NEW CONSTANT T,
       IsFiniteSet(T) ,
       P(A) ==
         /\ IsFiniteSet(S \X A)
         /\ Cardinality(S \X A) = Cardinality(S) * Cardinality(A),
       NEW CONSTANT A \in SUBSET T,
       NEW CONSTANT x \in T \ A,
       <2>_a774 ,
       SX == {<<s, x>> : s \in S},
       <2>2 ,
       <2>4 
PROVE  P(A)

@!!END

@!!BEGIN
@!!type:obligation
@!!id:610
@!!loc:853:26:853:34
@!!status:to be proved
@!!obl:ASSUME NEW CONSTANT S,
       IsFiniteSet(S) ,
       NEW CONSTANT T,
       IsFiniteSet(T) ,
       P(A) ==
         /\ IsFiniteSet(S \X A)
         /\ Cardinality(S \X A) = Cardinality(S) * Cardinality(A),
       NEW CONSTANT A \in SUBSET T,
       NEW CONSTANT x \in T \ A,
       <2>_a774 ,
       SX == {<<s, x>> : s \in S},
       <2>2 ,
       <2>4 ,
       P(A) 
PROVE  FS_Union

@!!END

@!!BEGIN
@!!type:obligation
@!!id:611
@!!loc:854:32:854:34
@!!status:to be proved
@!!obl:ASSUME NEW CONSTANT S,
       IsFiniteSet(S) ,
       NEW CONSTANT T,
       IsFiniteSet(T) ,
       P(A) ==
         /\ IsFiniteSet(S \X A)
         /\ Cardinality(S \X A) = Cardinality(S) * Cardinality(A),
       NEW CONSTANT A \in SUBSET T,
       NEW CONSTANT x \in T \ A,
       <2>_a774 ,
       SX == {<<s, x>> : s \in S},
       <1>2 
PROVE  S \X A \cap SX = {}

@!!END

@!!BEGIN
@!!type:obligation
@!!id:612
@!!loc:854:35:854:39
@!!status:to be proved
@!!obl:ASSUME NEW CONSTANT S,
       IsFiniteSet(S) ,
       NEW CONSTANT T,
       IsFiniteSet(T) ,
       P(A) ==
         /\ IsFiniteSet(S \X A)
         /\ Cardinality(S \X A) = Cardinality(S) * Cardinality(A),
       NEW CONSTANT A \in SUBSET T,
       NEW CONSTANT x \in T \ A,
       <2>_a774 ,
       SX == {<<s, x>> : s \in S}
PROVE  <1>2

@!!END

@!!BEGIN
@!!type:obligation
@!!id:613
@!!loc:855:44:855:46
@!!status:to be proved
@!!obl:ASSUME NEW CONSTANT S,
       IsFiniteSet(S) ,
       NEW CONSTANT T,
       IsFiniteSet(T) ,
       P(A) ==
         /\ IsFiniteSet(S \X A)
         /\ Cardinality(S \X A) = Cardinality(S) * Cardinality(A),
       NEW CONSTANT A \in SUBSET T,
       NEW CONSTANT x \in T \ A,
       <2>_a774 ,
       SX == {<<s, x>> : s \in S},
       <2>6 ,
       FS_EmptySet 
PROVE  Cardinality(S \X A \cap SX) = 0

@!!END

@!!BEGIN
@!!type:obligation
@!!id:614
@!!loc:855:47:855:51
@!!status:to be proved
@!!obl:ASSUME NEW CONSTANT S,
       IsFiniteSet(S) ,
       NEW CONSTANT T,
       IsFiniteSet(T) ,
       P(A) ==
         /\ IsFiniteSet(S \X A)
         /\ Cardinality(S \X A) = Cardinality(S) * Cardinality(A),
       NEW CONSTANT A \in SUBSET T,
       NEW CONSTANT x \in T \ A,
       <2>_a774 ,
       SX == {<<s, x>> : s \in S}
PROVE  <2>6

@!!END

@!!BEGIN
@!!type:obligation
@!!id:615
@!!loc:855:53:855:64
@!!status:to be proved
@!!obl:ASSUME NEW CONSTANT S,
       IsFiniteSet(S) ,
       NEW CONSTANT T,
       IsFiniteSet(T) ,
       P(A) ==
         /\ IsFiniteSet(S \X A)
         /\ Cardinality(S \X A) = Cardinality(S) * Cardinality(A),
       NEW CONSTANT A \in SUBSET T,
       NEW CONSTANT x \in T \ A,
       <2>_a774 ,
       SX == {<<s, x>> : s \in S},
       <2>6 
PROVE  FS_EmptySet

@!!END

@!!BEGIN
@!!type:obligation
@!!id:616
@!!loc:858:12:858:14
@!!status:to be proved
@!!obl:ASSUME NEW CONSTANT S,
       IsFiniteSet(S) ,
       NEW CONSTANT T,
       IsFiniteSet(T) ,
       <1>1 ,
       <1>2 ,
       FS_Induction ,
       IsaM("blast") 
PROVE  P(T)

@!!END

@!!BEGIN
@!!type:obligation
@!!id:617
@!!loc:858:15:858:19
@!!status:to be proved
@!!obl:ASSUME NEW CONSTANT S,
       IsFiniteSet(S) ,
       NEW CONSTANT T,
       IsFiniteSet(T) 
PROVE  <1>1

@!!END

@!!BEGIN
@!!type:obligation
@!!id:618
@!!loc:858:21:858:25
@!!status:to be proved
@!!obl:ASSUME NEW CONSTANT S,
       IsFiniteSet(S) ,
       NEW CONSTANT T,
       IsFiniteSet(T) ,
       <1>1 
PROVE  <1>2

@!!END

@!!BEGIN
@!!type:obligation
@!!id:619
@!!loc:858:27:858:39
@!!status:to be proved
@!!obl:ASSUME NEW CONSTANT S,
       IsFiniteSet(S) ,
       NEW CONSTANT T,
       IsFiniteSet(T) ,
       <1>1 ,
       <1>2 
PROVE  FS_Induction

@!!END

@!!BEGIN
@!!type:obligation
@!!id:620
@!!loc:858:41:858:54
@!!status:to be proved
@!!obl:ASSUME NEW CONSTANT S,
       IsFiniteSet(S) ,
       NEW CONSTANT T,
       IsFiniteSet(T) ,
       <1>1 ,
       <1>2 ,
       FS_Induction 
PROVE  IsaM("blast")

@!!END

@!!BEGIN
@!!type:obligation
@!!id:621
@!!loc:914:11:914:13
@!!status:to be proved
@!!obl:ASSUME NEW CONSTANT S,
       IsFiniteSet(S) ,
       P(A) ==
         /\ IsFiniteSet(SUBSET A)
         /\ Cardinality(SUBSET A) = 2 ^ Cardinality(A),
       <1>_a824 
PROVE  /\ IsFiniteSet(SUBSET S)
       /\ Cardinality(SUBSET S) = 2 ^ Cardinality(S)

@!!END

@!!BEGIN
@!!type:obligation
@!!id:622
@!!loc:881:13:881:15
@!!status:to be proved
@!!obl:ASSUME NEW CONSTANT S,
       IsFiniteSet(S) ,
       P(A) ==
         /\ IsFiniteSet(SUBSET A)
         /\ Cardinality(SUBSET A) = 2 ^ Cardinality(A),
       <2>_a823 ,
       FS_EmptySet ,
       TwoExpLemma ,
       Zenon 
PROVE  P({})

@!!END

@!!BEGIN
@!!type:obligation
@!!id:623
@!!loc:881:16:881:27
@!!status:to be proved
@!!obl:ASSUME NEW CONSTANT S,
       IsFiniteSet(S) ,
       P(A) ==
         /\ IsFiniteSet(SUBSET A)
         /\ Cardinality(SUBSET A) = 2 ^ Cardinality(A),
       <2>_a823 
PROVE  FS_EmptySet

@!!END

@!!BEGIN
@!!type:obligation
@!!id:624
@!!loc:881:29:881:40
@!!status:to be proved
@!!obl:ASSUME NEW CONSTANT S,
       IsFiniteSet(S) ,
       P(A) ==
         /\ IsFiniteSet(SUBSET A)
         /\ Cardinality(SUBSET A) = 2 ^ Cardinality(A),
       <2>_a823 ,
       FS_EmptySet 
PROVE  TwoExpLemma

@!!END

@!!BEGIN
@!!type:obligation
@!!id:625
@!!loc:881:42:881:47
@!!status:to be proved
@!!obl:ASSUME NEW CONSTANT S,
       IsFiniteSet(S) ,
       P(A) ==
         /\ IsFiniteSet(SUBSET A)
         /\ Cardinality(SUBSET A) = 2 ^ Cardinality(A),
       <2>_a823 ,
       FS_EmptySet ,
       TwoExpLemma 
PROVE  Zenon

@!!END

@!!BEGIN
@!!type:obligation
@!!id:626
@!!loc:880:5:880:7
@!!status:to be proved
@!!obl:ASSUME NEW CONSTANT S,
       IsFiniteSet(S) ,
       P(A) ==
         /\ IsFiniteSet(SUBSET A)
         /\ Cardinality(SUBSET A) = 2 ^ Cardinality(A),
       FS_Singleton ,
       Zenon 
PROVE  /\ IsFiniteSet({{}})
       /\ Cardinality({{}}) = 1

@!!END

@!!BEGIN
@!!type:obligation
@!!id:627
@!!loc:880:8:880:20
@!!status:to be proved
@!!obl:ASSUME NEW CONSTANT S,
       IsFiniteSet(S) ,
       P(A) ==
         /\ IsFiniteSet(SUBSET A)
         /\ Cardinality(SUBSET A) = 2 ^ Cardinality(A)
PROVE  FS_Singleton

@!!END

@!!BEGIN
@!!type:obligation
@!!id:628
@!!loc:880:22:880:27
@!!status:to be proved
@!!obl:ASSUME NEW CONSTANT S,
       IsFiniteSet(S) ,
       P(A) ==
         /\ IsFiniteSet(SUBSET A)
         /\ Cardinality(SUBSET A) = 2 ^ Cardinality(A),
       FS_Singleton 
PROVE  Zenon

@!!END

@!!BEGIN
@!!type:obligation
@!!id:629
@!!loc:911:13:911:15
@!!status:to be proved
@!!obl:ASSUME NEW CONSTANT S,
       IsFiniteSet(S) ,
       P(A) ==
         /\ IsFiniteSet(SUBSET A)
         /\ Cardinality(SUBSET A) = 2 ^ Cardinality(A),
       NEW CONSTANT A \in SUBSET S,
       NEW CONSTANT x \in S \ A,
       Ax == {B \cup {x} : B \in SUBSET A},
       <2>2 ,
       <2>5 ,
       <2>6 ,
       <2>8 ,
       P(A) ,
       FS_CardinalityType 
PROVE  P(A \cup {x})

@!!END

@!!BEGIN
@!!type:obligation
@!!id:630
@!!loc:911:16:911:20
@!!status:to be proved
@!!obl:ASSUME NEW CONSTANT S,
       IsFiniteSet(S) ,
       P(A) ==
         /\ IsFiniteSet(SUBSET A)
         /\ Cardinality(SUBSET A) = 2 ^ Cardinality(A),
       NEW CONSTANT A \in SUBSET S,
       NEW CONSTANT x \in S \ A,
       Ax == {B \cup {x} : B \in SUBSET A}
PROVE  <2>2

@!!END

@!!BEGIN
@!!type:obligation
@!!id:631
@!!loc:911:22:911:26
@!!status:to be proved
@!!obl:ASSUME NEW CONSTANT S,
       IsFiniteSet(S) ,
       P(A) ==
         /\ IsFiniteSet(SUBSET A)
         /\ Cardinality(SUBSET A) = 2 ^ Cardinality(A),
       NEW CONSTANT A \in SUBSET S,
       NEW CONSTANT x \in S \ A,
       Ax == {B \cup {x} : B \in SUBSET A},
       <2>2 
PROVE  <2>5

@!!END

@!!BEGIN
@!!type:obligation
@!!id:632
@!!loc:911:28:911:32
@!!status:to be proved
@!!obl:ASSUME NEW CONSTANT S,
       IsFiniteSet(S) ,
       P(A) ==
         /\ IsFiniteSet(SUBSET A)
         /\ Cardinality(SUBSET A) = 2 ^ Cardinality(A),
       NEW CONSTANT A \in SUBSET S,
       NEW CONSTANT x \in S \ A,
       Ax == {B \cup {x} : B \in SUBSET A},
       <2>2 ,
       <2>5 
PROVE  <2>6

@!!END

@!!BEGIN
@!!type:obligation
@!!id:633
@!!loc:911:34:911:38
@!!status:to be proved
@!!obl:ASSUME NEW CONSTANT S,
       IsFiniteSet(S) ,
       P(A) ==
         /\ IsFiniteSet(SUBSET A)
         /\ Cardinality(SUBSET A) = 2 ^ Cardinality(A),
       NEW CONSTANT A \in SUBSET S,
       NEW CONSTANT x \in S \ A,
       Ax == {B \cup {x} : B \in SUBSET A},
       <2>2 ,
       <2>5 ,
       <2>6 
PROVE  <2>8

@!!END

@!!BEGIN
@!!type:obligation
@!!id:634
@!!loc:911:40:911:44
@!!status:to be proved
@!!obl:ASSUME NEW CONSTANT S,
       IsFiniteSet(S) ,
       P(A) ==
         /\ IsFiniteSet(SUBSET A)
         /\ Cardinality(SUBSET A) = 2 ^ Cardinality(A),
       NEW CONSTANT A \in SUBSET S,
       NEW CONSTANT x \in S \ A,
       Ax == {B \cup {x} : B \in SUBSET A},
       <2>2 ,
       <2>5 ,
       <2>6 ,
       <2>8 
PROVE  P(A)

@!!END

@!!BEGIN
@!!type:obligation
@!!id:635
@!!loc:911:46:911:64
@!!status:to be proved
@!!obl:ASSUME NEW CONSTANT S,
       IsFiniteSet(S) ,
       P(A) ==
         /\ IsFiniteSet(SUBSET A)
         /\ Cardinality(SUBSET A) = 2 ^ Cardinality(A),
       NEW CONSTANT A \in SUBSET S,
       NEW CONSTANT x \in S \ A,
       Ax == {B \cup {x} : B \in SUBSET A},
       <2>2 ,
       <2>5 ,
       <2>6 ,
       <2>8 ,
       P(A) 
PROVE  FS_CardinalityType

@!!END

@!!BEGIN
@!!type:obligation
@!!id:636
@!!loc:885:55:885:57
@!!status:to be proved
@!!obl:ASSUME NEW CONSTANT S,
       IsFiniteSet(S) ,
       P(A) ==
         /\ IsFiniteSet(SUBSET A)
         /\ Cardinality(SUBSET A) = 2 ^ Cardinality(A),
       NEW CONSTANT A \in SUBSET S,
       NEW CONSTANT x \in S \ A,
       Ax == {B \cup {x} : B \in SUBSET A},
       <1>2 ,
       FS_AddElement ,
       Zenon 
PROVE  Cardinality(A \cup {x}) = Cardinality(A) + 1

@!!END

@!!BEGIN
@!!type:obligation
@!!id:637
@!!loc:885:58:885:62
@!!status:to be proved
@!!obl:ASSUME NEW CONSTANT S,
       IsFiniteSet(S) ,
       P(A) ==
         /\ IsFiniteSet(SUBSET A)
         /\ Cardinality(SUBSET A) = 2 ^ Cardinality(A),
       NEW CONSTANT A \in SUBSET S,
       NEW CONSTANT x \in S \ A,
       Ax == {B \cup {x} : B \in SUBSET A}
PROVE  <1>2

@!!END

@!!BEGIN
@!!type:obligation
@!!id:638
@!!loc:885:64:885:77
@!!status:to be proved
@!!obl:ASSUME NEW CONSTANT S,
       IsFiniteSet(S) ,
       P(A) ==
         /\ IsFiniteSet(SUBSET A)
         /\ Cardinality(SUBSET A) = 2 ^ Cardinality(A),
       NEW CONSTANT A \in SUBSET S,
       NEW CONSTANT x \in S \ A,
       Ax == {B \cup {x} : B \in SUBSET A},
       <1>2 
PROVE  FS_AddElement

@!!END

@!!BEGIN
@!!type:obligation
@!!id:639
@!!loc:885:79:885:84
@!!status:to be proved
@!!obl:ASSUME NEW CONSTANT S,
       IsFiniteSet(S) ,
       P(A) ==
         /\ IsFiniteSet(SUBSET A)
         /\ Cardinality(SUBSET A) = 2 ^ Cardinality(A),
       NEW CONSTANT A \in SUBSET S,
       NEW CONSTANT x \in S \ A,
       Ax == {B \cup {x} : B \in SUBSET A},
       <1>2 ,
       FS_AddElement 
PROVE  Zenon

@!!END

@!!BEGIN
@!!type:obligation
@!!id:640
@!!loc:887:5:887:7
@!!status:to be proved
@!!obl:ASSUME NEW CONSTANT S,
       IsFiniteSet(S) ,
       P(A) ==
         /\ IsFiniteSet(SUBSET A)
         /\ Cardinality(SUBSET A) = 2 ^ Cardinality(A),
       NEW CONSTANT A \in SUBSET S,
       NEW CONSTANT x \in S \ A,
       Ax == {B \cup {x} : B \in SUBSET A},
       <2>1 ,
       <1>2 ,
       FS_CardinalityType ,
       TwoExpLemma ,
       Zenon 
PROVE  2 ^ Cardinality(A \cup {x}) = 2 ^ Cardinality(A) + 2 ^ Cardinality(A)

@!!END

@!!BEGIN
@!!type:obligation
@!!id:641
@!!loc:887:8:887:12
@!!status:to be proved
@!!obl:ASSUME NEW CONSTANT S,
       IsFiniteSet(S) ,
       P(A) ==
         /\ IsFiniteSet(SUBSET A)
         /\ Cardinality(SUBSET A) = 2 ^ Cardinality(A),
       NEW CONSTANT A \in SUBSET S,
       NEW CONSTANT x \in S \ A,
       Ax == {B \cup {x} : B \in SUBSET A}
PROVE  <2>1

@!!END

@!!BEGIN
@!!type:obligation
@!!id:642
@!!loc:887:14:887:18
@!!status:to be proved
@!!obl:ASSUME NEW CONSTANT S,
       IsFiniteSet(S) ,
       P(A) ==
         /\ IsFiniteSet(SUBSET A)
         /\ Cardinality(SUBSET A) = 2 ^ Cardinality(A),
       NEW CONSTANT A \in SUBSET S,
       NEW CONSTANT x \in S \ A,
       Ax == {B \cup {x} : B \in SUBSET A},
       <2>1 
PROVE  <1>2

@!!END

@!!BEGIN
@!!type:obligation
@!!id:643
@!!loc:887:20:887:38
@!!status:to be proved
@!!obl:ASSUME NEW CONSTANT S,
       IsFiniteSet(S) ,
       P(A) ==
         /\ IsFiniteSet(SUBSET A)
         /\ Cardinality(SUBSET A) = 2 ^ Cardinality(A),
       NEW CONSTANT A \in SUBSET S,
       NEW CONSTANT x \in S \ A,
       Ax == {B \cup {x} : B \in SUBSET A},
       <2>1 ,
       <1>2 
PROVE  FS_CardinalityType

@!!END

@!!BEGIN
@!!type:obligation
@!!id:644
@!!loc:887:40:887:51
@!!status:to be proved
@!!obl:ASSUME NEW CONSTANT S,
       IsFiniteSet(S) ,
       P(A) ==
         /\ IsFiniteSet(SUBSET A)
         /\ Cardinality(SUBSET A) = 2 ^ Cardinality(A),
       NEW CONSTANT A \in SUBSET S,
       NEW CONSTANT x \in S \ A,
       Ax == {B \cup {x} : B \in SUBSET A},
       <2>1 ,
       <1>2 ,
       FS_CardinalityType 
PROVE  TwoExpLemma

@!!END

@!!BEGIN
@!!type:obligation
@!!id:645
@!!loc:887:53:887:58
@!!status:to be proved
@!!obl:ASSUME NEW CONSTANT S,
       IsFiniteSet(S) ,
       P(A) ==
         /\ IsFiniteSet(SUBSET A)
         /\ Cardinality(SUBSET A) = 2 ^ Cardinality(A),
       NEW CONSTANT A \in SUBSET S,
       NEW CONSTANT x \in S \ A,
       Ax == {B \cup {x} : B \in SUBSET A},
       <2>1 ,
       <1>2 ,
       FS_CardinalityType ,
       TwoExpLemma 
PROVE  Zenon

@!!END

@!!BEGIN
@!!type:obligation
@!!id:646
@!!loc:888:51:888:53
@!!status:to be proved
@!!obl:ASSUME NEW CONSTANT S,
       IsFiniteSet(S) ,
       P(A) ==
         /\ IsFiniteSet(SUBSET A)
         /\ Cardinality(SUBSET A) = 2 ^ Cardinality(A),
       NEW CONSTANT A \in SUBSET S,
       NEW CONSTANT x \in S \ A,
       Ax == {B \cup {x} : B \in SUBSET A},
       <1>2 ,
       Isa 
PROVE  SUBSET (A \cup {x}) = (SUBSET A) \cup Ax

@!!END

@!!BEGIN
@!!type:obligation
@!!id:647
@!!loc:888:54:888:58
@!!status:to be proved
@!!obl:ASSUME NEW CONSTANT S,
       IsFiniteSet(S) ,
       P(A) ==
         /\ IsFiniteSet(SUBSET A)
         /\ Cardinality(SUBSET A) = 2 ^ Cardinality(A),
       NEW CONSTANT A \in SUBSET S,
       NEW CONSTANT x \in S \ A,
       Ax == {B \cup {x} : B \in SUBSET A}
PROVE  <1>2

@!!END

@!!BEGIN
@!!type:obligation
@!!id:648
@!!loc:888:60:888:63
@!!status:to be proved
@!!obl:ASSUME NEW CONSTANT S,
       IsFiniteSet(S) ,
       P(A) ==
         /\ IsFiniteSet(SUBSET A)
         /\ Cardinality(SUBSET A) = 2 ^ Cardinality(A),
       NEW CONSTANT A \in SUBSET S,
       NEW CONSTANT x \in S \ A,
       Ax == {B \cup {x} : B \in SUBSET A},
       <1>2 
PROVE  Isa

@!!END

@!!BEGIN
@!!type:obligation
@!!id:649
@!!loc:901:15:901:17
@!!status:to be proved
@!!obl:ASSUME ExistsBijection(S, T) == Bijection(S, T) # {},
       NEW CONSTANT S,
       IsFiniteSet(S) ,
       P(A) ==
         /\ IsFiniteSet(SUBSET A)
         /\ Cardinality(SUBSET A) = 2 ^ Cardinality(A),
       NEW CONSTANT A \in SUBSET S,
       NEW CONSTANT x \in S \ A,
       Ax == {B \cup {x} : B \in SUBSET A},
       f == [B \in SUBSET A |-> B \cup {x}],
       <3>3 ,
       Zenon 
PROVE  ExistsBijection(SUBSET A, Ax)

@!!END

@!!BEGIN
@!!type:obligation
@!!id:650
@!!loc:901:18:901:22
@!!status:to be proved
@!!obl:ASSUME ExistsBijection(S, T) == Bijection(S, T) # {},
       NEW CONSTANT S,
       IsFiniteSet(S) ,
       P(A) ==
         /\ IsFiniteSet(SUBSET A)
         /\ Cardinality(SUBSET A) = 2 ^ Cardinality(A),
       NEW CONSTANT A \in SUBSET S,
       NEW CONSTANT x \in S \ A,
       Ax == {B \cup {x} : B \in SUBSET A},
       f == [B \in SUBSET A |-> B \cup {x}]
PROVE  <3>3

@!!END

@!!BEGIN
@!!type:obligation
@!!id:651
@!!loc:901:24:901:29
@!!status:to be proved
@!!obl:ASSUME ExistsBijection(S, T) == Bijection(S, T) # {},
       NEW CONSTANT S,
       IsFiniteSet(S) ,
       P(A) ==
         /\ IsFiniteSet(SUBSET A)
         /\ Cardinality(SUBSET A) = 2 ^ Cardinality(A),
       NEW CONSTANT A \in SUBSET S,
       NEW CONSTANT x \in S \ A,
       Ax == {B \cup {x} : B \in SUBSET A},
       f == [B \in SUBSET A |-> B \cup {x}],
       <3>3 
PROVE  Zenon

@!!END

@!!BEGIN
@!!type:obligation
@!!id:652
@!!loc:897:17:897:19
@!!status:to be proved
@!!obl:ASSUME NEW CONSTANT S,
       IsFiniteSet(S) ,
       P(A) ==
         /\ IsFiniteSet(SUBSET A)
         /\ Cardinality(SUBSET A) = 2 ^ Cardinality(A),
       NEW CONSTANT A \in SUBSET S,
       NEW CONSTANT x \in S \ A,
       Ax == {B \cup {x} : B \in SUBSET A},
       f == [B \in SUBSET A |-> B \cup {x}],
       <4>1 ,
       <4>2 ,
       Fun_IsInj ,
       Zenon 
PROVE  f \in Injection(SUBSET A, Ax)

@!!END

@!!BEGIN
@!!type:obligation
@!!id:653
@!!loc:897:20:897:24
@!!status:to be proved
@!!obl:ASSUME NEW CONSTANT S,
       IsFiniteSet(S) ,
       P(A) ==
         /\ IsFiniteSet(SUBSET A)
         /\ Cardinality(SUBSET A) = 2 ^ Cardinality(A),
       NEW CONSTANT A \in SUBSET S,
       NEW CONSTANT x \in S \ A,
       Ax == {B \cup {x} : B \in SUBSET A},
       f == [B \in SUBSET A |-> B \cup {x}]
PROVE  <4>1

@!!END

@!!BEGIN
@!!type:obligation
@!!id:654
@!!loc:897:26:897:30
@!!status:to be proved
@!!obl:ASSUME NEW CONSTANT S,
       IsFiniteSet(S) ,
       P(A) ==
         /\ IsFiniteSet(SUBSET A)
         /\ Cardinality(SUBSET A) = 2 ^ Cardinality(A),
       NEW CONSTANT A \in SUBSET S,
       NEW CONSTANT x \in S \ A,
       Ax == {B \cup {x} : B \in SUBSET A},
       f == [B \in SUBSET A |-> B \cup {x}],
       <4>1 
PROVE  <4>2

@!!END

@!!BEGIN
@!!type:obligation
@!!id:655
@!!loc:897:32:897:41
@!!status:to be proved
@!!obl:ASSUME NEW CONSTANT S,
       IsFiniteSet(S) ,
       P(A) ==
         /\ IsFiniteSet(SUBSET A)
         /\ Cardinality(SUBSET A) = 2 ^ Cardinality(A),
       NEW CONSTANT A \in SUBSET S,
       NEW CONSTANT x \in S \ A,
       Ax == {B \cup {x} : B \in SUBSET A},
       f == [B \in SUBSET A |-> B \cup {x}],
       <4>1 ,
       <4>2 
PROVE  Fun_IsInj

@!!END

@!!BEGIN
@!!type:obligation
@!!id:656
@!!loc:897:43:897:48
@!!status:to be proved
@!!obl:ASSUME NEW CONSTANT S,
       IsFiniteSet(S) ,
       P(A) ==
         /\ IsFiniteSet(SUBSET A)
         /\ Cardinality(SUBSET A) = 2 ^ Cardinality(A),
       NEW CONSTANT A \in SUBSET S,
       NEW CONSTANT x \in S \ A,
       Ax == {B \cup {x} : B \in SUBSET A},
       f == [B \in SUBSET A |-> B \cup {x}],
       <4>1 ,
       <4>2 ,
       Fun_IsInj 
PROVE  Zenon

@!!END

@!!BEGIN
@!!type:obligation
@!!id:657
@!!loc:893:9:893:11
@!!status:to be proved
@!!obl:ASSUME NEW CONSTANT S,
       IsFiniteSet(S) ,
       P(A) ==
         /\ IsFiniteSet(SUBSET A)
         /\ Cardinality(SUBSET A) = 2 ^ Cardinality(A),
       NEW CONSTANT A \in SUBSET S,
       NEW CONSTANT x \in S \ A,
       Ax == {B \cup {x} : B \in SUBSET A},
       f == [B \in SUBSET A |-> B \cup {x}],
       Zenon 
PROVE  f \in [SUBSET A -> Ax]

@!!END

@!!BEGIN
@!!type:obligation
@!!id:658
@!!loc:893:12:893:17
@!!status:to be proved
@!!obl:ASSUME NEW CONSTANT S,
       IsFiniteSet(S) ,
       P(A) ==
         /\ IsFiniteSet(SUBSET A)
         /\ Cardinality(SUBSET A) = 2 ^ Cardinality(A),
       NEW CONSTANT A \in SUBSET S,
       NEW CONSTANT x \in S \ A,
       Ax == {B \cup {x} : B \in SUBSET A},
       f == [B \in SUBSET A |-> B \cup {x}]
PROVE  Zenon

@!!END

@!!BEGIN
@!!type:obligation
@!!id:659
@!!loc:896:9:896:11
@!!status:to be proved
@!!obl:ASSUME NEW CONSTANT S,
       IsFiniteSet(S) ,
       P(A) ==
         /\ IsFiniteSet(SUBSET A)
         /\ Cardinality(SUBSET A) = 2 ^ Cardinality(A),
       NEW CONSTANT A \in SUBSET S,
       NEW CONSTANT x \in S \ A,
       Ax == {B \cup {x} : B \in SUBSET A},
       f == [B \in SUBSET A |-> B \cup {x}],
       NEW CONSTANT B \in SUBSET A,
       NEW CONSTANT C \in SUBSET A,
       <4>2 ,
       <1>2 ,
       Zenon 
PROVE  B = C

@!!END

@!!BEGIN
@!!type:obligation
@!!id:660
@!!loc:896:12:896:16
@!!status:to be proved
@!!obl:ASSUME NEW CONSTANT S,
       IsFiniteSet(S) ,
       P(A) ==
         /\ IsFiniteSet(SUBSET A)
         /\ Cardinality(SUBSET A) = 2 ^ Cardinality(A),
       NEW CONSTANT A \in SUBSET S,
       NEW CONSTANT x \in S \ A,
       Ax == {B \cup {x} : B \in SUBSET A},
       f == [B \in SUBSET A |-> B \cup {x}],
       NEW CONSTANT B \in SUBSET A,
       NEW CONSTANT C \in SUBSET A
PROVE  <4>2

@!!END

@!!BEGIN
@!!type:obligation
@!!id:661
@!!loc:896:18:896:22
@!!status:to be proved
@!!obl:ASSUME NEW CONSTANT S,
       IsFiniteSet(S) ,
       P(A) ==
         /\ IsFiniteSet(SUBSET A)
         /\ Cardinality(SUBSET A) = 2 ^ Cardinality(A),
       NEW CONSTANT A \in SUBSET S,
       NEW CONSTANT x \in S \ A,
       Ax == {B \cup {x} : B \in SUBSET A},
       f == [B \in SUBSET A |-> B \cup {x}],
       NEW CONSTANT B \in SUBSET A,
       NEW CONSTANT C \in SUBSET A,
       <4>2 
PROVE  <1>2

@!!END

@!!BEGIN
@!!type:obligation
@!!id:662
@!!loc:896:24:896:29
@!!status:to be proved
@!!obl:ASSUME NEW CONSTANT S,
       IsFiniteSet(S) ,
       P(A) ==
         /\ IsFiniteSet(SUBSET A)
         /\ Cardinality(SUBSET A) = 2 ^ Cardinality(A),
       NEW CONSTANT A \in SUBSET S,
       NEW CONSTANT x \in S \ A,
       Ax == {B \cup {x} : B \in SUBSET A},
       f == [B \in SUBSET A |-> B \cup {x}],
       NEW CONSTANT B \in SUBSET A,
       NEW CONSTANT C \in SUBSET A,
       <4>2 ,
       <1>2 
PROVE  Zenon

@!!END

@!!BEGIN
@!!type:obligation
@!!id:663
@!!loc:898:43:898:45
@!!status:to be proved
@!!obl:ASSUME Surjection(S, T) ==
         {M \in [S -> T] : \A t \in T : \E s \in S : M[s] = t},
       NEW CONSTANT S,
       IsFiniteSet(S) ,
       P(A) ==
         /\ IsFiniteSet(SUBSET A)
         /\ Cardinality(SUBSET A) = 2 ^ Cardinality(A),
       NEW CONSTANT A \in SUBSET S,
       NEW CONSTANT x \in S \ A,
       Ax == {B \cup {x} : B \in SUBSET A},
       f == [B \in SUBSET A |-> B \cup {x}],
       Zenon 
PROVE  f \in Surjection(SUBSET A, Ax)

@!!END

@!!BEGIN
@!!type:obligation
@!!id:664
@!!loc:898:46:898:51
@!!status:to be proved
@!!obl:ASSUME Surjection(S, T) ==
         {M \in [S -> T] : \A t \in T : \E s \in S : M[s] = t},
       NEW CONSTANT S,
       IsFiniteSet(S) ,
       P(A) ==
         /\ IsFiniteSet(SUBSET A)
         /\ Cardinality(SUBSET A) = 2 ^ Cardinality(A),
       NEW CONSTANT A \in SUBSET S,
       NEW CONSTANT x \in S \ A,
       Ax == {B \cup {x} : B \in SUBSET A},
       f == [B \in SUBSET A |-> B \cup {x}]
PROVE  Zenon

@!!END

@!!BEGIN
@!!type:obligation
@!!id:665
@!!loc:900:7:900:9
@!!status:to be proved
@!!obl:ASSUME Bijection(S, T) == Injection(S, T) \cap Surjection(S, T),
       NEW CONSTANT S,
       IsFiniteSet(S) ,
       P(A) ==
         /\ IsFiniteSet(SUBSET A)
         /\ Cardinality(SUBSET A) = 2 ^ Cardinality(A),
       NEW CONSTANT A \in SUBSET S,
       NEW CONSTANT x \in S \ A,
       Ax == {B \cup {x} : B \in SUBSET A},
       f == [B \in SUBSET A |-> B \cup {x}],
       <3>1 ,
       <3>2 
PROVE  f \in Bijection(SUBSET A, Ax)

@!!END

@!!BEGIN
@!!type:obligation
@!!id:666
@!!loc:900:10:900:14
@!!status:to be proved
@!!obl:ASSUME Bijection(S, T) == Injection(S, T) \cap Surjection(S, T),
       NEW CONSTANT S,
       IsFiniteSet(S) ,
       P(A) ==
         /\ IsFiniteSet(SUBSET A)
         /\ Cardinality(SUBSET A) = 2 ^ Cardinality(A),
       NEW CONSTANT A \in SUBSET S,
       NEW CONSTANT x \in S \ A,
       Ax == {B \cup {x} : B \in SUBSET A},
       f == [B \in SUBSET A |-> B \cup {x}]
PROVE  <3>1

@!!END

@!!BEGIN
@!!type:obligation
@!!id:667
@!!loc:900:16:900:20
@!!status:to be proved
@!!obl:ASSUME Bijection(S, T) == Injection(S, T) \cap Surjection(S, T),
       NEW CONSTANT S,
       IsFiniteSet(S) ,
       P(A) ==
         /\ IsFiniteSet(SUBSET A)
         /\ Cardinality(SUBSET A) = 2 ^ Cardinality(A),
       NEW CONSTANT A \in SUBSET S,
       NEW CONSTANT x \in S \ A,
       Ax == {B \cup {x} : B \in SUBSET A},
       f == [B \in SUBSET A |-> B \cup {x}],
       <3>1 
PROVE  <3>2

@!!END

@!!BEGIN
@!!type:obligation
@!!id:668
@!!loc:904:5:904:7
@!!status:to be proved
@!!obl:ASSUME NEW CONSTANT S,
       IsFiniteSet(S) ,
       P(A) ==
         /\ IsFiniteSet(SUBSET A)
         /\ Cardinality(SUBSET A) = 2 ^ Cardinality(A),
       NEW CONSTANT A \in SUBSET S,
       NEW CONSTANT x \in S \ A,
       Ax == {B \cup {x} : B \in SUBSET A},
       <2>4 ,
       P(A) ,
       FS_Bijection 
PROVE  /\ IsFiniteSet(Ax)
       /\ Cardinality(Ax) = Cardinality(SUBSET A)

@!!END

@!!BEGIN
@!!type:obligation
@!!id:669
@!!loc:904:8:904:12
@!!status:to be proved
@!!obl:ASSUME NEW CONSTANT S,
       IsFiniteSet(S) ,
       P(A) ==
         /\ IsFiniteSet(SUBSET A)
         /\ Cardinality(SUBSET A) = 2 ^ Cardinality(A),
       NEW CONSTANT A \in SUBSET S,
       NEW CONSTANT x \in S \ A,
       Ax == {B \cup {x} : B \in SUBSET A}
PROVE  <2>4

@!!END

@!!BEGIN
@!!type:obligation
@!!id:670
@!!loc:904:14:904:18
@!!status:to be proved
@!!obl:ASSUME NEW CONSTANT S,
       IsFiniteSet(S) ,
       P(A) ==
         /\ IsFiniteSet(SUBSET A)
         /\ Cardinality(SUBSET A) = 2 ^ Cardinality(A),
       NEW CONSTANT A \in SUBSET S,
       NEW CONSTANT x \in S \ A,
       Ax == {B \cup {x} : B \in SUBSET A},
       <2>4 
PROVE  P(A)

@!!END

@!!BEGIN
@!!type:obligation
@!!id:671
@!!loc:904:20:904:32
@!!status:to be proved
@!!obl:ASSUME NEW CONSTANT S,
       IsFiniteSet(S) ,
       P(A) ==
         /\ IsFiniteSet(SUBSET A)
         /\ Cardinality(SUBSET A) = 2 ^ Cardinality(A),
       NEW CONSTANT A \in SUBSET S,
       NEW CONSTANT x \in S \ A,
       Ax == {B \cup {x} : B \in SUBSET A},
       <2>4 ,
       P(A) 
PROVE  FS_Bijection

@!!END

@!!BEGIN
@!!type:obligation
@!!id:672
@!!loc:908:5:908:7
@!!status:to be proved
@!!obl:ASSUME NEW CONSTANT S,
       IsFiniteSet(S) ,
       P(A) ==
         /\ IsFiniteSet(SUBSET A)
         /\ Cardinality(SUBSET A) = 2 ^ Cardinality(A),
       NEW CONSTANT A \in SUBSET S,
       NEW CONSTANT x \in S \ A,
       Ax == {B \cup {x} : B \in SUBSET A},
       <2>3 ,
       <2>5 ,
       P(A) ,
       FS_Union 
PROVE  /\ IsFiniteSet(SUBSET (A \cup {x}))
       /\ Cardinality(SUBSET (A \cup {x}))
          = Cardinality(SUBSET A)
            + Cardinality(Ax) - Cardinality((SUBSET A) \cap Ax)

@!!END

@!!BEGIN
@!!type:obligation
@!!id:673
@!!loc:908:8:908:12
@!!status:to be proved
@!!obl:ASSUME NEW CONSTANT S,
       IsFiniteSet(S) ,
       P(A) ==
         /\ IsFiniteSet(SUBSET A)
         /\ Cardinality(SUBSET A) = 2 ^ Cardinality(A),
       NEW CONSTANT A \in SUBSET S,
       NEW CONSTANT x \in S \ A,
       Ax == {B \cup {x} : B \in SUBSET A}
PROVE  <2>3

@!!END

@!!BEGIN
@!!type:obligation
@!!id:674
@!!loc:908:14:908:18
@!!status:to be proved
@!!obl:ASSUME NEW CONSTANT S,
       IsFiniteSet(S) ,
       P(A) ==
         /\ IsFiniteSet(SUBSET A)
         /\ Cardinality(SUBSET A) = 2 ^ Cardinality(A),
       NEW CONSTANT A \in SUBSET S,
       NEW CONSTANT x \in S \ A,
       Ax == {B \cup {x} : B \in SUBSET A},
       <2>3 
PROVE  <2>5

@!!END

@!!BEGIN
@!!type:obligation
@!!id:675
@!!loc:908:20:908:24
@!!status:to be proved
@!!obl:ASSUME NEW CONSTANT S,
       IsFiniteSet(S) ,
       P(A) ==
         /\ IsFiniteSet(SUBSET A)
         /\ Cardinality(SUBSET A) = 2 ^ Cardinality(A),
       NEW CONSTANT A \in SUBSET S,
       NEW CONSTANT x \in S \ A,
       Ax == {B \cup {x} : B \in SUBSET A},
       <2>3 ,
       <2>5 
PROVE  P(A)

@!!END

@!!BEGIN
@!!type:obligation
@!!id:676
@!!loc:908:26:908:34
@!!status:to be proved
@!!obl:ASSUME NEW CONSTANT S,
       IsFiniteSet(S) ,
       P(A) ==
         /\ IsFiniteSet(SUBSET A)
         /\ Cardinality(SUBSET A) = 2 ^ Cardinality(A),
       NEW CONSTANT A \in SUBSET S,
       NEW CONSTANT x \in S \ A,
       Ax == {B \cup {x} : B \in SUBSET A},
       <2>3 ,
       <2>5 ,
       P(A) 
PROVE  FS_Union

@!!END

@!!BEGIN
@!!type:obligation
@!!id:677
@!!loc:909:34:909:36
@!!status:to be proved
@!!obl:ASSUME NEW CONSTANT S,
       IsFiniteSet(S) ,
       P(A) ==
         /\ IsFiniteSet(SUBSET A)
         /\ Cardinality(SUBSET A) = 2 ^ Cardinality(A),
       NEW CONSTANT A \in SUBSET S,
       NEW CONSTANT x \in S \ A,
       Ax == {B \cup {x} : B \in SUBSET A},
       <1>2 
PROVE  (SUBSET A) \cap Ax = {}

@!!END

@!!BEGIN
@!!type:obligation
@!!id:678
@!!loc:909:37:909:41
@!!status:to be proved
@!!obl:ASSUME NEW CONSTANT S,
       IsFiniteSet(S) ,
       P(A) ==
         /\ IsFiniteSet(SUBSET A)
         /\ Cardinality(SUBSET A) = 2 ^ Cardinality(A),
       NEW CONSTANT A \in SUBSET S,
       NEW CONSTANT x \in S \ A,
       Ax == {B \cup {x} : B \in SUBSET A}
PROVE  <1>2

@!!END

@!!BEGIN
@!!type:obligation
@!!id:679
@!!loc:910:46:910:48
@!!status:to be proved
@!!obl:ASSUME NEW CONSTANT S,
       IsFiniteSet(S) ,
       P(A) ==
         /\ IsFiniteSet(SUBSET A)
         /\ Cardinality(SUBSET A) = 2 ^ Cardinality(A),
       NEW CONSTANT A \in SUBSET S,
       NEW CONSTANT x \in S \ A,
       Ax == {B \cup {x} : B \in SUBSET A},
       <2>7 ,
       FS_EmptySet 
PROVE  Cardinality((SUBSET A) \cap Ax) = 0

@!!END

@!!BEGIN
@!!type:obligation
@!!id:680
@!!loc:910:49:910:53
@!!status:to be proved
@!!obl:ASSUME NEW CONSTANT S,
       IsFiniteSet(S) ,
       P(A) ==
         /\ IsFiniteSet(SUBSET A)
         /\ Cardinality(SUBSET A) = 2 ^ Cardinality(A),
       NEW CONSTANT A \in SUBSET S,
       NEW CONSTANT x \in S \ A,
       Ax == {B \cup {x} : B \in SUBSET A}
PROVE  <2>7

@!!END

@!!BEGIN
@!!type:obligation
@!!id:681
@!!loc:910:55:910:66
@!!status:to be proved
@!!obl:ASSUME NEW CONSTANT S,
       IsFiniteSet(S) ,
       P(A) ==
         /\ IsFiniteSet(SUBSET A)
         /\ Cardinality(SUBSET A) = 2 ^ Cardinality(A),
       NEW CONSTANT A \in SUBSET S,
       NEW CONSTANT x \in S \ A,
       Ax == {B \cup {x} : B \in SUBSET A},
       <2>7 
PROVE  FS_EmptySet

@!!END

@!!BEGIN
@!!type:obligation
@!!id:682
@!!loc:913:12:913:14
@!!status:to be proved
@!!obl:ASSUME NEW CONSTANT S,
       IsFiniteSet(S) ,
       <1>1 ,
       <1>2 ,
       FS_Induction ,
       IsaM("blast") 
PROVE  P(S)

@!!END

@!!BEGIN
@!!type:obligation
@!!id:683
@!!loc:913:15:913:19
@!!status:to be proved
@!!obl:ASSUME NEW CONSTANT S,
       IsFiniteSet(S) 
PROVE  <1>1

@!!END

@!!BEGIN
@!!type:obligation
@!!id:684
@!!loc:913:21:913:25
@!!status:to be proved
@!!obl:ASSUME NEW CONSTANT S,
       IsFiniteSet(S) ,
       <1>1 
PROVE  <1>2

@!!END

@!!BEGIN
@!!type:obligation
@!!id:685
@!!loc:913:27:913:39
@!!status:to be proved
@!!obl:ASSUME NEW CONSTANT S,
       IsFiniteSet(S) ,
       <1>1 ,
       <1>2 
PROVE  FS_Induction

@!!END

@!!BEGIN
@!!type:obligation
@!!id:686
@!!loc:913:41:913:54
@!!status:to be proved
@!!obl:ASSUME NEW CONSTANT S,
       IsFiniteSet(S) ,
       <1>1 ,
       <1>2 ,
       FS_Induction 
PROVE  IsaM("blast")

@!!END

@!!BEGIN
@!!type:obligationsnumber
@!!count:670
@!!END

@!!BEGIN
@!!type:obligation
@!!id:2
@!!loc:52:9:52:11
@!!status:normalized
@!!meth:time-limit: 5
@!!obl:ASSUME NEW CONSTANT S,
       ASSUME IsFiniteSet(S) 
       PROVE  \E n \in Nat : ExistsSurjection(1..n, S) ,
       ASSUME NEW CONSTANT n \in Nat,
              ExistsSurjection(1..n, S) 
       PROVE  IsFiniteSet(S) 
PROVE  IsFiniteSet(S) <=> (\E n \in Nat : ExistsSurjection(1..n, S))

@!!END

@!!BEGIN
@!!type:obligation
@!!id:3
@!!loc:52:12:52:16
@!!status:trivial
@!!prover:tlapm
@!!already:false
@!!obl:ASSUME NEW CONSTANT S,
       ASSUME IsFiniteSet(S) 
       PROVE  \E n \in Nat : ExistsSurjection(1..n, S) 
PROVE  ASSUME IsFiniteSet(S) 
       PROVE  \E n \in Nat : ExistsSurjection(1..n, S)

@!!END

@!!BEGIN
@!!type:obligation
@!!id:4
@!!loc:52:18:52:22
@!!status:trivial
@!!prover:tlapm
@!!already:false
@!!obl:ASSUME NEW CONSTANT S,
       ASSUME NEW CONSTANT n \in Nat,
              ExistsSurjection(1..n, S) 
       PROVE  IsFiniteSet(S) ,
       ASSUME IsFiniteSet(S) 
       PROVE  \E n \in Nat : ExistsSurjection(1..n, S) 
PROVE  ASSUME NEW CONSTANT n \in Nat,
              ExistsSurjection(1..n, S) 
       PROVE  IsFiniteSet(S)

@!!END

@!!BEGIN
@!!type:obligation
@!!id:5
@!!loc:45:11:45:13
@!!status:normalized
@!!meth:time-limit: 5
@!!obl:ASSUME NEW CONSTANT S,
       NEW CONSTANT Q \in Seq(S),
       /\ Len(Q) \in Nat
       /\ Q \in Surjection(1..Len(Q), S) 
PROVE  \E n \in Nat : Surjection(1..n, S) # {}

@!!END

@!!BEGIN
@!!type:obligation
@!!id:6
@!!loc:45:14:45:18
@!!status:trivial
@!!prover:tlapm
@!!already:false
@!!obl:ASSUME NEW CONSTANT S,
       NEW CONSTANT Q \in Seq(S),
       /\ Len(Q) \in Nat
       /\ Q \in Surjection(1..Len(Q), S) 
PROVE  /\ Len(Q) \in Nat
       /\ Q \in Surjection(1..Len(Q), S)

@!!END

@!!BEGIN
@!!type:obligation
@!!id:7
@!!loc:41:5:41:7
@!!status:normalized
@!!meth:time-limit: 5
@!!obl:ASSUME NEW CONSTANT S,
       \E seq \in Seq(S) : \A s \in S : \E n \in 1..Len(seq) : seq[n] = s 
PROVE  \E Q \in Seq(S) : \A s \in S : \E i \in 1..Len(Q) : Q[i] = s

@!!END

@!!BEGIN
@!!type:obligation
@!!id:8
@!!loc:41:8:41:12
@!!status:trivial
@!!prover:tlapm
@!!already:false
@!!obl:ASSUME NEW CONSTANT S,
       \E seq \in Seq(S) : \A s \in S : \E n \in 1..Len(seq) : seq[n] = s 
PROVE  \E seq \in Seq(S) : \A s \in S : \E n \in 1..Len(seq) : seq[n] = s

@!!END

@!!BEGIN
@!!type:obligation
@!!id:10
@!!loc:44:5:44:7
@!!status:normalized
@!!meth:time-limit: 5
@!!obl:ASSUME NEW CONSTANT S,
       NEW CONSTANT Q \in Seq(S),
       \A s \in S : \E i \in 1..Len(Q) : Q[i] = s 
PROVE  /\ Len(Q) \in Nat
       /\ Q
          \in {M \in [1..Len(Q) -> S] :
                 \A t \in S : \E s \in 1..Len(Q) : M[s] = t}

@!!END

@!!BEGIN
@!!type:obligation
@!!id:11
@!!loc:44:8:44:12
@!!status:trivial
@!!prover:tlapm
@!!already:false
@!!obl:ASSUME NEW CONSTANT S,
       NEW CONSTANT Q \in Seq(S),
       \A s \in S : \E i \in 1..Len(Q) : Q[i] = s 
PROVE  \A s \in S : \E i \in 1..Len(Q) : Q[i] = s

@!!END

@!!BEGIN
@!!type:obligation
@!!id:12
@!!loc:50:13:50:15
@!!status:normalized
@!!meth:time-limit: 5
@!!obl:ASSUME NEW CONSTANT S,
       NEW CONSTANT n \in Nat,
       NEW CONSTANT M \in [1..n -> S],
       \A t \in S : \E s \in 1..n : M[s] = t ,
       M \in Seq(S) 
PROVE  \E seq \in Seq(S) : \A s \in S : \E n_1 \in 1..Len(seq) : seq[n_1] = s

@!!END

@!!BEGIN
@!!type:obligation
@!!id:13
@!!loc:50:16:50:20
@!!status:trivial
@!!prover:tlapm
@!!already:false
@!!obl:ASSUME NEW CONSTANT S,
       NEW CONSTANT n \in Nat,
       NEW CONSTANT M \in [1..n -> S],
       \A t \in S : \E s \in 1..n : M[s] = t 
PROVE  \A t \in S : \E s \in 1..n : M[s] = t

@!!END

@!!BEGIN
@!!type:obligation
@!!id:14
@!!loc:50:22:50:34
@!!status:normalized
@!!meth:time-limit: 5
@!!obl:ASSUME NEW CONSTANT S,
       NEW CONSTANT n \in Nat,
       NEW CONSTANT M \in [1..n -> S],
       \A t \in S : \E s \in 1..n : M[s] = t 
PROVE  M \in Seq(S)

@!!END

@!!BEGIN
@!!type:obligation
@!!id:15
@!!loc:49:5:49:7
@!!status:normalized
@!!meth:time-limit: 5
@!!obl:ASSUME NEW CONSTANT S,
       NEW CONSTANT n \in Nat,
       {M \in [1..n -> S] : \A t \in S : \E s \in 1..n : M[s] = t} # {} 
PROVE  \E M \in [1..n -> S] : \A t \in S : \E s \in 1..n : M[s] = t

@!!END

@!!BEGIN
@!!type:obligation
@!!id:16
@!!loc:49:8:49:12
@!!status:trivial
@!!prover:tlapm
@!!already:false
@!!obl:ASSUME NEW CONSTANT S,
       NEW CONSTANT n \in Nat,
       {M \in [1..n -> S] : \A t \in S : \E s \in 1..n : M[s] = t} # {} 
PROVE  {M \in [1..n -> S] : \A t \in S : \E s \in 1..n : M[s] = t} # {}

@!!END

@!!BEGIN
@!!type:obligation
@!!id:18
@!!loc:58:1:58:3
@!!status:normalized
@!!meth:time-limit: 10
@!!obl:ASSUME NEW CONSTANT S,
       ASSUME NEW CONSTANT S_1
       PROVE  IsFiniteSet(S_1)
              <=> (\E n \in Nat : ExistsSurjection(1..n, S_1)) ,
       ASSUME NEW CONSTANT S_1
       PROVE  (\E n \in Nat : ExistsSurjection(1..n, S_1))
              <=> (\E m \in Nat : ExistsBijection(1..m, S_1)) ,
       TRUE 
PROVE  IsFiniteSet(S) <=> (\E n \in Nat : ExistsBijection(1..n, S))

@!!END

@!!BEGIN
@!!type:obligation
@!!id:19
@!!loc:58:4:58:20
@!!status:trivial
@!!prover:tlapm
@!!already:false
@!!obl:ASSUME ASSUME NEW CONSTANT S
       PROVE  IsFiniteSet(S) <=> (\E n \in Nat : ExistsSurjection(1..n, S)) ,
       NEW CONSTANT S
PROVE  ASSUME NEW CONSTANT S_1
       PROVE  IsFiniteSet(S_1)
              <=> (\E n \in Nat : ExistsSurjection(1..n, S_1))

@!!END

@!!BEGIN
@!!type:obligation
@!!id:20
@!!loc:58:22:58:44
@!!status:trivial
@!!prover:tlapm
@!!already:false
@!!obl:ASSUME ASSUME NEW CONSTANT S
       PROVE  (\E n \in Nat : ExistsSurjection(1..n, S))
              <=> (\E m \in Nat : ExistsBijection(1..m, S)) ,
       NEW CONSTANT S,
       ASSUME NEW CONSTANT S_1
       PROVE  IsFiniteSet(S_1)
              <=> (\E n \in Nat : ExistsSurjection(1..n, S_1)) 
PROVE  ASSUME NEW CONSTANT S_1
       PROVE  (\E n \in Nat : ExistsSurjection(1..n, S_1))
              <=> (\E m \in Nat : ExistsBijection(1..m, S_1))

@!!END

@!!BEGIN
@!!type:obligation
@!!id:21
@!!loc:58:46:58:51
@!!status:trivial
@!!prover:tlapm
@!!already:false
@!!obl:ASSUME NEW CONSTANT S,
       ASSUME NEW CONSTANT S_1
       PROVE  IsFiniteSet(S_1)
              <=> (\E n \in Nat : ExistsSurjection(1..n, S_1)) ,
       ASSUME NEW CONSTANT S_1
       PROVE  (\E n \in Nat : ExistsSurjection(1..n, S_1))
              <=> (\E m \in Nat : ExistsBijection(1..m, S_1)) 
PROVE  TRUE

@!!END

@!!BEGIN
@!!type:obligation
@!!id:22
@!!loc:221:11:221:13
@!!status:normalized
@!!meth:time-limit: 5
@!!obl:ASSUME NEW CONSTANT S,
       NEW CONSTANT n \in Nat,
       ExistsBijection(1..n, S) ,
       CS = SZ ,
       Cardinality(S) = CS[S] ,
       SZ[S] = (CHOOSE i \in Nat : ExistsBijection(1..i, S)) ,
       (CHOOSE i \in Nat : ExistsBijection(1..i, S)) = n 
PROVE  Cardinality(S) = n

@!!END

@!!BEGIN
@!!type:obligation
@!!id:23
@!!loc:221:14:221:18
@!!status:trivial
@!!prover:tlapm
@!!already:false
@!!obl:ASSUME NEW CONSTANT S,
       NEW CONSTANT n \in Nat,
       ExistsBijection(1..n, S) ,
       CS = SZ 
PROVE  CS = SZ

@!!END

@!!BEGIN
@!!type:obligation
@!!id:24
@!!loc:221:20:221:24
@!!status:trivial
@!!prover:tlapm
@!!already:false
@!!obl:ASSUME NEW CONSTANT S,
       NEW CONSTANT n \in Nat,
       ExistsBijection(1..n, S) ,
       Cardinality(S) = CS[S] ,
       CS = SZ 
PROVE  Cardinality(S) = CS[S]

@!!END

@!!BEGIN
@!!type:obligation
@!!id:25
@!!loc:221:26:221:30
@!!status:trivial
@!!prover:tlapm
@!!already:false
@!!obl:ASSUME NEW CONSTANT S,
       NEW CONSTANT n \in Nat,
       ExistsBijection(1..n, S) ,
       SZ[S] = (CHOOSE i \in Nat : ExistsBijection(1..i, S)) ,
       CS = SZ ,
       Cardinality(S) = CS[S] 
PROVE  SZ[S] = (CHOOSE i \in Nat : ExistsBijection(1..i, S))

@!!END

@!!BEGIN
@!!type:obligation
@!!id:26
@!!loc:221:32:221:36
@!!status:trivial
@!!prover:tlapm
@!!already:false
@!!obl:ASSUME NEW CONSTANT S,
       NEW CONSTANT n \in Nat,
       ExistsBijection(1..n, S) ,
       (CHOOSE i \in Nat : ExistsBijection(1..i, S)) = n ,
       CS = SZ ,
       Cardinality(S) = CS[S] ,
       SZ[S] = (CHOOSE i \in Nat : ExistsBijection(1..i, S)) 
PROVE  (CHOOSE i \in Nat : ExistsBijection(1..i, S)) = n

@!!END

@!!BEGIN
@!!type:obligation
@!!id:27
@!!loc:155:13:155:15
@!!status:normalized
@!!meth:time-limit: 5
@!!obl:ASSUME NEW CONSTANT S,
       NEW CONSTANT n \in Nat,
       ExistsBijection(1..n, S) ,
       NEW CONSTANT T \in SUBSET S,
       NEW CONSTANT i \in Nat,
       \A i_1 \in Nat :
          \A T_1 \in SUBSET S :
             ExistsBijection(1..i_1, T_1) => SZ[T_1] = fn(SZ, T_1) ,
       ExistsBijection(1..i, T) 
PROVE  SZ[T] = fn(SZ, T)

@!!END

@!!BEGIN
@!!type:obligation
@!!id:22
@!!loc:221:11:221:13
@!!status:proved
@!!prover:smt
@!!meth:time-limit: 5; time-used: 0.2 (4%)
@!!already:false
@!!obl:
ASSUME NEW CONSTANT S,
       NEW CONSTANT n \in Nat,
       ExistsBijection(1..n, S) ,
       CS = SZ ,
       Cardinality(S) = CS[S] ,
       SZ[S] = (CHOOSE i \in Nat : ExistsBijection(1..i, S)) ,
       (CHOOSE i \in Nat : ExistsBijection(1..i, S)) = n 
PROVE  Cardinality(S) = n

@!!END

@!!BEGIN
@!!type:obligation
@!!id:18
@!!loc:58:1:58:3
@!!status:proved
@!!prover:zenon
@!!meth:time-limit: 10; time-used: 0.3 (3%)
@!!already:false
@!!obl:
ASSUME NEW CONSTANT S,
       ASSUME NEW CONSTANT S_1
       PROVE  IsFiniteSet(S_1)
              <=> (\E n \in Nat : ExistsSurjection(1..n, S_1)) ,
       ASSUME NEW CONSTANT S_1
       PROVE  (\E n \in Nat : ExistsSurjection(1..n, S_1))
              <=> (\E m \in Nat : ExistsBijection(1..m, S_1)) ,
       TRUE 
PROVE  IsFiniteSet(S) <=> (\E n \in Nat : ExistsBijection(1..n, S))

@!!END

@!!BEGIN
@!!type:obligation
@!!id:15
@!!loc:49:5:49:7
@!!status:proved
@!!prover:smt
@!!meth:time-limit: 5; time-used: 0.4 (8%)
@!!already:false
@!!obl:
ASSUME NEW CONSTANT S,
       NEW CONSTANT n \in Nat,
       {M \in [1..n -> S] : \A t \in S : \E s \in 1..n : M[s] = t} # {} 
PROVE  \E M \in [1..n -> S] : \A t \in S : \E s \in 1..n : M[s] = t

@!!END

@!!BEGIN
@!!type:obligation
@!!id:14
@!!loc:50:22:50:34
@!!status:proved
@!!prover:smt
@!!meth:time-limit: 5; time-used: 0.5 (9%)
@!!already:false
@!!obl:
ASSUME NEW CONSTANT S,
       NEW CONSTANT n \in Nat,
       NEW CONSTANT M \in [1..n -> S],
       \A t \in S : \E s \in 1..n : M[s] = t 
PROVE  M \in Seq(S)

@!!END

@!!BEGIN
@!!type:obligation
@!!id:12
@!!loc:50:13:50:15
@!!status:proved
@!!prover:smt
@!!meth:time-limit: 5; time-used: 0.6 (12%)
@!!already:false
@!!obl:
ASSUME NEW CONSTANT S,
       NEW CONSTANT n \in Nat,
       NEW CONSTANT M \in [1..n -> S],
       \A t \in S : \E s \in 1..n : M[s] = t ,
       M \in Seq(S) 
PROVE  \E seq \in Seq(S) : \A s \in S : \E n_1 \in 1..Len(seq) : seq[n_1] = s

@!!END

@!!BEGIN
@!!type:obligation
@!!id:10
@!!loc:44:5:44:7
@!!status:proved
@!!prover:smt
@!!meth:time-limit: 5; time-used: 0.7 (14%)
@!!already:false
@!!obl:
ASSUME NEW CONSTANT S,
       NEW CONSTANT Q \in Seq(S),
       \A s \in S : \E i \in 1..Len(Q) : Q[i] = s 
PROVE  /\ Len(Q) \in Nat
       /\ Q
          \in {M \in [1..Len(Q) -> S] :
                 \A t \in S : \E s \in 1..Len(Q) : M[s] = t}

@!!END

@!!BEGIN
@!!type:obligation
@!!id:7
@!!loc:41:5:41:7
@!!status:proved
@!!prover:smt
@!!meth:time-limit: 5; time-used: 0.8 (16%)
@!!already:false
@!!obl:
ASSUME NEW CONSTANT S,
       \E seq \in Seq(S) : \A s \in S : \E n \in 1..Len(seq) : seq[n] = s 
PROVE  \E Q \in Seq(S) : \A s \in S : \E i \in 1..Len(Q) : Q[i] = s

@!!END

@!!BEGIN
@!!type:obligation
@!!id:5
@!!loc:45:11:45:13
@!!status:proved
@!!prover:smt
@!!meth:time-limit: 5; time-used: 0.9 (18%)
@!!already:false
@!!obl:
ASSUME NEW CONSTANT S,
       NEW CONSTANT Q \in Seq(S),
       /\ Len(Q) \in Nat
       /\ Q \in Surjection(1..Len(Q), S) 
PROVE  \E n \in Nat : Surjection(1..n, S) # {}

@!!END

@!!BEGIN
@!!type:obligation
@!!id:2
@!!loc:52:9:52:11
@!!status:proved
@!!prover:smt
@!!meth:time-limit: 5; time-used: 1.2 (25%)
@!!already:false
@!!obl:
ASSUME NEW CONSTANT S,
       ASSUME IsFiniteSet(S) 
       PROVE  \E n \in Nat : ExistsSurjection(1..n, S) ,
       ASSUME NEW CONSTANT n \in Nat,
              ExistsSurjection(1..n, S) 
       PROVE  IsFiniteSet(S) 
PROVE  IsFiniteSet(S) <=> (\E n \in Nat : ExistsSurjection(1..n, S))

@!!END

@!!BEGIN
@!!type:obligation
@!!id:28
@!!loc:155:16:155:20
@!!status:trivial
@!!prover:tlapm
@!!already:false
@!!obl:ASSUME NEW CONSTANT S,
       NEW CONSTANT n \in Nat,
       ExistsBijection(1..n, S) ,
       \A i \in Nat :
          \A T \in SUBSET S : ExistsBijection(1..i, T) => SZ[T] = fn(SZ, T) ,
       NEW CONSTANT T \in SUBSET S,
       NEW CONSTANT i \in Nat
PROVE  \A i_1 \in Nat :
          \A T_1 \in SUBSET S :
             ExistsBijection(1..i_1, T_1) => SZ[T_1] = fn(SZ, T_1)

@!!END

@!!BEGIN
@!!type:obligation
@!!id:29
@!!loc:155:22:155:26
@!!status:trivial
@!!prover:tlapm
@!!already:false
@!!obl:ASSUME NEW CONSTANT S,
       NEW CONSTANT n \in Nat,
       ExistsBijection(1..n, S) ,
       NEW CONSTANT T \in SUBSET S,
       NEW CONSTANT i \in Nat,
       ExistsBijection(1..i, T) ,
       \A i_1 \in Nat :
          \A T_1 \in SUBSET S :
             ExistsBijection(1..i_1, T_1) => SZ[T_1] = fn(SZ, T_1) 
PROVE  ExistsBijection(1..i, T)

@!!END

@!!BEGIN
@!!type:obligation
@!!id:30
@!!loc:151:15:151:17
@!!status:normalized
@!!meth:time-limit: 30
@!!obl:ASSUME NEW CONSTANT S,
       NEW CONSTANT n \in Nat,
       ExistsBijection(1..n, S) ,
       TRUE ,
       Prop(0) ,
       ASSUME NEW CONSTANT i \in Nat,
              Prop(i) 
       PROVE  Prop(i + 1) ,
       ASSUME NEW CONSTANT P(_),
              P(0) ,
              \A n_1 \in Nat : P(n_1) => P(n_1 + 1) 
       PROVE  \A n_1 \in Nat : P(n_1) 
PROVE  \A i \in Nat : Prop(i)

@!!END

@!!BEGIN
@!!type:obligation
@!!id:31
@!!loc:151:18:151:21
@!!status:trivial
@!!prover:tlapm
@!!already:false
@!!obl:ASSUME NEW CONSTANT S,
       NEW CONSTANT n \in Nat,
       ExistsBijection(1..n, S) 
PROVE  TRUE

@!!END

@!!BEGIN
@!!type:obligation
@!!id:32
@!!loc:151:23:151:27
@!!status:trivial
@!!prover:tlapm
@!!already:false
@!!obl:ASSUME NEW CONSTANT S,
       NEW CONSTANT n \in Nat,
       ExistsBijection(1..n, S) ,
       Prop(0) ,
       TRUE 
PROVE  Prop(0)

@!!END

@!!BEGIN
@!!type:obligation
@!!id:33
@!!loc:151:29:151:33
@!!status:trivial
@!!prover:tlapm
@!!already:false
@!!obl:ASSUME NEW CONSTANT S,
       NEW CONSTANT n \in Nat,
       ExistsBijection(1..n, S) ,
       ASSUME NEW CONSTANT i \in Nat,
              Prop(i) 
       PROVE  Prop(i + 1) ,
       TRUE ,
       Prop(0) 
PROVE  ASSUME NEW CONSTANT i \in Nat,
              Prop(i) 
       PROVE  Prop(i + 1)

@!!END

@!!BEGIN
@!!type:obligation
@!!id:34
@!!loc:151:35:151:47
@!!status:trivial
@!!prover:tlapm
@!!already:false
@!!obl:ASSUME ASSUME NEW CONSTANT P(_),
              P(0) ,
              \A n \in Nat : P(n) => P(n + 1) 
       PROVE  \A n \in Nat : P(n) ,
       NEW CONSTANT S,
       NEW CONSTANT n \in Nat,
       ExistsBijection(1..n, S) ,
       TRUE ,
       Prop(0) ,
       ASSUME NEW CONSTANT i \in Nat,
              Prop(i) 
       PROVE  Prop(i + 1) 
PROVE  ASSUME NEW CONSTANT P(_),
              P(0) ,
              \A n_1 \in Nat : P(n_1) => P(n_1 + 1) 
       PROVE  \A n_1 \in Nat : P(n_1)

@!!END

@!!BEGIN
@!!type:obligation
@!!id:35
@!!loc:129:17:129:19
@!!status:normalized
@!!meth:time-limit: 5
@!!obl:ASSUME NEW CONSTANT S,
       NEW CONSTANT n \in Nat,
       ExistsBijection(1..n, S) ,
       NEW CONSTANT T \in SUBSET S,
       SZ[T] = 0 ,
       fn(SZ, T) = 0 
PROVE  SZ[T] = fn(SZ, T)

@!!END

@!!BEGIN
@!!type:obligation
@!!id:36
@!!loc:129:20:129:24
@!!status:trivial
@!!prover:tlapm
@!!already:false
@!!obl:ASSUME NEW CONSTANT S,
       NEW CONSTANT n \in Nat,
       ExistsBijection(1..n, S) ,
       NEW CONSTANT T \in SUBSET S,
       SZ[T] = 0 
PROVE  SZ[T] = 0

@!!END

@!!BEGIN
@!!type:obligation
@!!id:37
@!!loc:129:26:129:30
@!!status:trivial
@!!prover:tlapm
@!!already:false
@!!obl:ASSUME NEW CONSTANT S,
       NEW CONSTANT n \in Nat,
       ExistsBijection(1..n, S) ,
       NEW CONSTANT T \in SUBSET S,
       fn(SZ, T) = 0 ,
       SZ[T] = 0 
PROVE  fn(SZ, T) = 0

@!!END

@!!BEGIN
@!!type:obligation
@!!id:38
@!!loc:124:15:124:22
@!!status:normalized
@!!meth:time-limit: 5
@!!obl:ASSUME NEW CONSTANT S,
       NEW CONSTANT n \in Nat,
       ExistsBijection(1..n, S) ,
       ASSUME NEW CONSTANT T \in SUBSET S,
              ExistsBijection(1..0, T) 
       PROVE  SZ[T] = fn(SZ, T) 
PROVE  \A T \in SUBSET S : ExistsBijection(1..0, T) => SZ[T] = fn(SZ, T)

@!!END

@!!BEGIN
@!!type:obligation
@!!id:39
@!!loc:125:28:125:30
@!!status:normalized
@!!meth:time-limit: 5
@!!obl:ASSUME NEW CONSTANT S,
       NEW CONSTANT n \in Nat,
       ExistsBijection(1..n, S) ,
       NEW CONSTANT T \in SUBSET S,
       ExistsBijection(1..0, T) ,
       ASSUME NEW CONSTANT S_1,
              NEW CONSTANT n_1 \in Nat,
              ExistsBijection(1..n_1, S_1) ,
              NEW CONSTANT m \in Nat,
              ExistsBijection(1..m, S_1) 
       PROVE  n_1 = m 
PROVE  (CHOOSE i \in Nat : ExistsBijection(1..i, T)) = 0

@!!END

@!!BEGIN
@!!type:obligation
@!!id:40
@!!loc:125:31:125:35
@!!status:trivial
@!!prover:tlapm
@!!already:false
@!!obl:ASSUME NEW CONSTANT S,
       NEW CONSTANT n \in Nat,
       ExistsBijection(1..n, S) ,
       NEW CONSTANT T \in SUBSET S,
       ExistsBijection(1..0, T) 
PROVE  ExistsBijection(1..0, T)

@!!END

@!!BEGIN
@!!type:obligation
@!!id:41
@!!loc:125:37:125:51
@!!status:trivial
@!!prover:tlapm
@!!already:false
@!!obl:ASSUME ASSUME NEW CONSTANT S,
              NEW CONSTANT n \in Nat,
              ExistsBijection(1..n, S) ,
              NEW CONSTANT m \in Nat,
              ExistsBijection(1..m, S) 
       PROVE  n = m ,
       NEW CONSTANT S,
       NEW CONSTANT n \in Nat,
       ExistsBijection(1..n, S) ,
       NEW CONSTANT T \in SUBSET S,
       ExistsBijection(1..0, T) 
PROVE  ASSUME NEW CONSTANT S_1,
              NEW CONSTANT n_1 \in Nat,
              ExistsBijection(1..n_1, S_1) ,
              NEW CONSTANT m \in Nat,
              ExistsBijection(1..m, S_1) 
       PROVE  n_1 = m

@!!END

@!!BEGIN
@!!type:obligation
@!!id:42
@!!loc:126:23:126:25
@!!status:normalized
@!!meth:time-limit: 5
@!!obl:ASSUME NEW CONSTANT S,
       NEW CONSTANT n \in Nat,
       ExistsBijection(1..n, S) ,
       NEW CONSTANT T \in SUBSET S,
       ExistsBijection(1..0, T) ,
       ASSUME NEW CONSTANT S_1
       PROVE  ExistsBijection(1..0, S_1) <=> S_1 = {} 
PROVE  T = {}

@!!END

@!!BEGIN
@!!type:obligation
@!!id:43
@!!loc:126:26:126:30
@!!status:trivial
@!!prover:tlapm
@!!already:false
@!!obl:ASSUME NEW CONSTANT S,
       NEW CONSTANT n \in Nat,
       ExistsBijection(1..n, S) ,
       NEW CONSTANT T \in SUBSET S,
       ExistsBijection(1..0, T) 
PROVE  ExistsBijection(1..0, T)

@!!END

@!!BEGIN
@!!type:obligation
@!!id:44
@!!loc:126:32:126:47
@!!status:trivial
@!!prover:tlapm
@!!already:false
@!!obl:ASSUME ASSUME NEW CONSTANT S
       PROVE  ExistsBijection(1..0, S) <=> S = {} ,
       NEW CONSTANT S,
       NEW CONSTANT n \in Nat,
       ExistsBijection(1..n, S) ,
       NEW CONSTANT T \in SUBSET S,
       ExistsBijection(1..0, T) 
PROVE  ASSUME NEW CONSTANT S_1
       PROVE  ExistsBijection(1..0, S_1) <=> S_1 = {}

@!!END

@!!BEGIN
@!!type:obligation
@!!id:45
@!!loc:127:26:127:28
@!!status:normalized
@!!meth:time-limit: 10
@!!obl:ASSUME NEW CONSTANT S,
       NEW CONSTANT n \in Nat,
       ExistsBijection(1..n, S) ,
       NEW CONSTANT T \in SUBSET S,
       (CHOOSE i \in Nat : ExistsBijection(1..i, T)) = 0 ,
       TRUE 
PROVE  [T_1 \in SUBSET S |-> CHOOSE i \in Nat : ExistsBijection(1..i, T_1)][T]
       = 0

@!!END

@!!BEGIN
@!!type:obligation
@!!id:46
@!!loc:127:29:127:33
@!!status:trivial
@!!prover:tlapm
@!!already:false
@!!obl:ASSUME NEW CONSTANT S,
       NEW CONSTANT n \in Nat,
       ExistsBijection(1..n, S) ,
       NEW CONSTANT T \in SUBSET S,
       (CHOOSE i \in Nat : ExistsBijection(1..i, T)) = 0 
PROVE  (CHOOSE i \in Nat : ExistsBijection(1..i, T)) = 0

@!!END

@!!BEGIN
@!!type:obligation
@!!id:47
@!!loc:127:35:127:40
@!!status:trivial
@!!prover:tlapm
@!!already:false
@!!obl:ASSUME NEW CONSTANT S,
       NEW CONSTANT n \in Nat,
       ExistsBijection(1..n, S) ,
       NEW CONSTANT T \in SUBSET S,
       (CHOOSE i \in Nat : ExistsBijection(1..i, T)) = 0 
PROVE  TRUE

@!!END

@!!BEGIN
@!!type:obligation
@!!id:48
@!!loc:128:29:128:31
@!!status:normalized
@!!meth:time-limit: 5
@!!obl:ASSUME NEW CONSTANT S,
       NEW CONSTANT n \in Nat,
       ExistsBijection(1..n, S) ,
       NEW CONSTANT T \in SUBSET S,
       T = {} 
PROVE  (IF T = {} THEN 0 ELSE 1 + SZ[T \ {CHOOSE x : x \in T}]) = 0

@!!END

@!!BEGIN
@!!type:obligation
@!!id:49
@!!loc:128:32:128:36
@!!status:trivial
@!!prover:tlapm
@!!already:false
@!!obl:ASSUME NEW CONSTANT S,
       NEW CONSTANT n \in Nat,
       ExistsBijection(1..n, S) ,
       NEW CONSTANT T \in SUBSET S,
       T = {} 
PROVE  T = {}

@!!END

@!!BEGIN
@!!type:obligation
@!!id:50
@!!loc:149:19:149:21
@!!status:normalized
@!!meth:time-limit: 5
@!!obl:ASSUME NEW CONSTANT S,
       NEW CONSTANT n \in Nat,
       ExistsBijection(1..n, S) ,
       NEW CONSTANT i \in Nat,
       NEW CONSTANT T \in SUBSET S,
       ExistsBijection(1..i + 1, T) ,
       NEW CONSTANT t \in T,
       fn(SZ, T) = i + 1 ,
       SZ[T] = i + 1 
PROVE  SZ[T] = fn(SZ, T)

@!!END

@!!BEGIN
@!!type:obligation
@!!id:51
@!!loc:149:22:149:26
@!!status:trivial
@!!prover:tlapm
@!!already:false
@!!obl:ASSUME NEW CONSTANT S,
       NEW CONSTANT n \in Nat,
       ExistsBijection(1..n, S) ,
       NEW CONSTANT i \in Nat,
       NEW CONSTANT T \in SUBSET S,
       ExistsBijection(1..i + 1, T) ,
       NEW CONSTANT t \in T,
       fn(SZ, T) = i + 1 
PROVE  fn(SZ, T) = i + 1

@!!END

@!!BEGIN
@!!type:obligation
@!!id:52
@!!loc:149:28:149:33
@!!status:trivial
@!!prover:tlapm
@!!already:false
@!!obl:ASSUME NEW CONSTANT S,
       NEW CONSTANT n \in Nat,
       ExistsBijection(1..n, S) ,
       NEW CONSTANT i \in Nat,
       NEW CONSTANT T \in SUBSET S,
       ExistsBijection(1..i + 1, T) ,
       NEW CONSTANT t \in T,
       SZ[T] = i + 1 ,
       fn(SZ, T) = i + 1 
PROVE  SZ[T] = i + 1

@!!END

@!!BEGIN
@!!type:obligation
@!!id:53
@!!loc:137:11:137:18
@!!status:normalized
@!!meth:time-limit: 5
@!!obl:ASSUME NEW CONSTANT S,
       NEW CONSTANT n \in Nat,
       ExistsBijection(1..n, S) ,
       NEW CONSTANT i \in Nat,
       ASSUME NEW CONSTANT T \in SUBSET S,
              ExistsBijection(1..i + 1, T) 
       PROVE  SZ[T] = fn(SZ, T) 
PROVE  \A T \in SUBSET S : ExistsBijection(1..i + 1, T) => SZ[T] = fn(SZ, T)

@!!END

@!!BEGIN
@!!type:obligation
@!!id:50
@!!loc:149:19:149:21
@!!status:proved
@!!prover:smt
@!!meth:time-limit: 5; time-used: 0.1 (3%)
@!!already:false
@!!obl:
ASSUME NEW CONSTANT S,
       NEW CONSTANT n \in Nat,
       ExistsBijection(1..n, S) ,
       NEW CONSTANT i \in Nat,
       NEW CONSTANT T \in SUBSET S,
       ExistsBijection(1..i + 1, T) ,
       NEW CONSTANT t \in T,
       fn(SZ, T) = i + 1 ,
       SZ[T] = i + 1 
PROVE  SZ[T] = fn(SZ, T)

@!!END

@!!BEGIN
@!!type:obligation
@!!id:48
@!!loc:128:29:128:31
@!!status:proved
@!!prover:smt
@!!meth:time-limit: 5; time-used: 0.2 (5%)
@!!already:false
@!!obl:
ASSUME NEW CONSTANT S,
       NEW CONSTANT n \in Nat,
       ExistsBijection(1..n, S) ,
       NEW CONSTANT T \in SUBSET S,
       T = {} 
PROVE  (IF T = {} THEN 0 ELSE 1 + SZ[T \ {CHOOSE x : x \in T}]) = 0

@!!END

@!!BEGIN
@!!type:obligation
@!!id:45
@!!loc:127:26:127:28
@!!status:proved
@!!prover:zenon
@!!meth:time-limit: 10; time-used: 0.4 (4%)
@!!already:false
@!!obl:
ASSUME NEW CONSTANT S,
       NEW CONSTANT n \in Nat,
       ExistsBijection(1..n, S) ,
       NEW CONSTANT T \in SUBSET S,
       (CHOOSE i \in Nat : ExistsBijection(1..i, T)) = 0 ,
       TRUE 
PROVE  [T_1 \in SUBSET S |-> CHOOSE i \in Nat : ExistsBijection(1..i, T_1)][T]
       = 0

@!!END

@!!BEGIN
@!!type:obligation
@!!id:42
@!!loc:126:23:126:25
@!!status:proved
@!!prover:smt
@!!meth:time-limit: 5; time-used: 0.5 (9%)
@!!already:false
@!!obl:
ASSUME NEW CONSTANT S,
       NEW CONSTANT n \in Nat,
       ExistsBijection(1..n, S) ,
       NEW CONSTANT T \in SUBSET S,
       ExistsBijection(1..0, T) ,
       ASSUME NEW CONSTANT S_1
       PROVE  ExistsBijection(1..0, S_1) <=> S_1 = {} 
PROVE  T = {}

@!!END

@!!BEGIN
@!!type:obligation
@!!id:39
@!!loc:125:28:125:30
@!!status:proved
@!!prover:smt
@!!meth:time-limit: 5; time-used: 0.6 (12%)
@!!already:false
@!!obl:
ASSUME NEW CONSTANT S,
       NEW CONSTANT n \in Nat,
       ExistsBijection(1..n, S) ,
       NEW CONSTANT T \in SUBSET S,
       ExistsBijection(1..0, T) ,
       ASSUME NEW CONSTANT S_1,
              NEW CONSTANT n_1 \in Nat,
              ExistsBijection(1..n_1, S_1) ,
              NEW CONSTANT m \in Nat,
              ExistsBijection(1..m, S_1) 
       PROVE  n_1 = m 
PROVE  (CHOOSE i \in Nat : ExistsBijection(1..i, T)) = 0

@!!END

@!!BEGIN
@!!type:obligation
@!!id:38
@!!loc:124:15:124:22
@!!status:proved
@!!prover:smt
@!!meth:time-limit: 5; time-used: 0.7 (13%)
@!!already:false
@!!obl:
ASSUME NEW CONSTANT S,
       NEW CONSTANT n \in Nat,
       ExistsBijection(1..n, S) ,
       ASSUME NEW CONSTANT T \in SUBSET S,
              ExistsBijection(1..0, T) 
       PROVE  SZ[T] = fn(SZ, T) 
PROVE  \A T \in SUBSET S : ExistsBijection(1..0, T) => SZ[T] = fn(SZ, T)

@!!END

@!!BEGIN
@!!type:obligation
@!!id:35
@!!loc:129:17:129:19
@!!status:proved
@!!prover:smt
@!!meth:time-limit: 5; time-used: 0.8 (16%)
@!!already:false
@!!obl:
ASSUME NEW CONSTANT S,
       NEW CONSTANT n \in Nat,
       ExistsBijection(1..n, S) ,
       NEW CONSTANT T \in SUBSET S,
       SZ[T] = 0 ,
       fn(SZ, T) = 0 
PROVE  SZ[T] = fn(SZ, T)

@!!END

@!!BEGIN
@!!type:obligation
@!!id:27
@!!loc:155:13:155:15
@!!status:proved
@!!prover:smt
@!!meth:time-limit: 5; time-used: 1.1 (22%)
@!!already:false
@!!obl:
ASSUME NEW CONSTANT S,
       NEW CONSTANT n \in Nat,
       ExistsBijection(1..n, S) ,
       NEW CONSTANT T \in SUBSET S,
       NEW CONSTANT i \in Nat,
       \A i_1 \in Nat :
          \A T_1 \in SUBSET S :
             ExistsBijection(1..i_1, T_1) => SZ[T_1] = fn(SZ, T_1) ,
       ExistsBijection(1..i, T) 
PROVE  SZ[T] = fn(SZ, T)

@!!END

@!!BEGIN
@!!type:obligation
@!!id:54
@!!loc:138:41:138:43
@!!status:normalized
@!!meth:time-limit: 5
@!!obl:ASSUME NEW CONSTANT S,
       NEW CONSTANT n \in Nat,
       ExistsBijection(1..n, S) ,
       NEW CONSTANT i \in Nat,
       NEW CONSTANT T \in SUBSET S,
       ExistsBijection(1..i + 1, T) ,
       ASSUME NEW CONSTANT S_1,
              NEW CONSTANT n_1 \in Nat,
              ExistsBijection(1..n_1, S_1) ,
              NEW CONSTANT m \in Nat,
              ExistsBijection(1..m, S_1) 
       PROVE  n_1 = m ,
       TRUE 
PROVE  ~ExistsBijection(1..0, T)

@!!END

@!!BEGIN
@!!type:obligation
@!!id:55
@!!loc:138:44:138:58
@!!status:trivial
@!!prover:tlapm
@!!already:false
@!!obl:ASSUME ASSUME NEW CONSTANT S,
              NEW CONSTANT n \in Nat,
              ExistsBijection(1..n, S) ,
              NEW CONSTANT m \in Nat,
              ExistsBijection(1..m, S) 
       PROVE  n = m ,
       NEW CONSTANT S,
       NEW CONSTANT n \in Nat,
       ExistsBijection(1..n, S) ,
       NEW CONSTANT i \in Nat,
       NEW CONSTANT T \in SUBSET S,
       ExistsBijection(1..i + 1, T) 
PROVE  ASSUME NEW CONSTANT S_1,
              NEW CONSTANT n_1 \in Nat,
              ExistsBijection(1..n_1, S_1) ,
              NEW CONSTANT m \in Nat,
              ExistsBijection(1..m, S_1) 
       PROVE  n_1 = m

@!!END

@!!BEGIN
@!!type:obligation
@!!id:56
@!!loc:138:60:138:62
@!!status:trivial
@!!prover:tlapm
@!!already:false
@!!obl:ASSUME NEW CONSTANT S,
       NEW CONSTANT n \in Nat,
       ExistsBijection(1..n, S) ,
       NEW CONSTANT i \in Nat,
       NEW CONSTANT T \in SUBSET S,
       ExistsBijection(1..i + 1, T) ,
       ASSUME NEW CONSTANT S_1,
              NEW CONSTANT n_1 \in Nat,
              ExistsBijection(1..n_1, S_1) ,
              NEW CONSTANT m \in Nat,
              ExistsBijection(1..m, S_1) 
       PROVE  n_1 = m 
PROVE  TRUE

@!!END

@!!BEGIN
@!!type:obligation
@!!id:57
@!!loc:139:23:139:25
@!!status:normalized
@!!meth:time-limit: 5
@!!obl:ASSUME NEW CONSTANT S,
       NEW CONSTANT n \in Nat,
       ExistsBijection(1..n, S) ,
       NEW CONSTANT i \in Nat,
       NEW CONSTANT T \in SUBSET S,
       ExistsBijection(1..i + 1, T) ,
       ~ExistsBijection(1..0, T) ,
       ASSUME NEW CONSTANT S_1
       PROVE  ExistsBijection(1..0, S_1) <=> S_1 = {} 
PROVE  T # {}

@!!END

@!!BEGIN
@!!type:obligation
@!!id:58
@!!loc:139:26:139:30
@!!status:trivial
@!!prover:tlapm
@!!already:false
@!!obl:ASSUME NEW CONSTANT S,
       NEW CONSTANT n \in Nat,
       ExistsBijection(1..n, S) ,
       NEW CONSTANT i \in Nat,
       NEW CONSTANT T \in SUBSET S,
       ExistsBijection(1..i + 1, T) ,
       ~ExistsBijection(1..0, T) 
PROVE  ~ExistsBijection(1..0, T)

@!!END

@!!BEGIN
@!!type:obligation
@!!id:59
@!!loc:139:32:139:47
@!!status:trivial
@!!prover:tlapm
@!!already:false
@!!obl:ASSUME ASSUME NEW CONSTANT S
       PROVE  ExistsBijection(1..0, S) <=> S = {} ,
       NEW CONSTANT S,
       NEW CONSTANT n \in Nat,
       ExistsBijection(1..n, S) ,
       NEW CONSTANT i \in Nat,
       NEW CONSTANT T \in SUBSET S,
       ExistsBijection(1..i + 1, T) ,
       ~ExistsBijection(1..0, T) 
PROVE  ASSUME NEW CONSTANT S_1
       PROVE  ExistsBijection(1..0, S_1) <=> S_1 = {}

@!!END

@!!BEGIN
@!!type:obligation
@!!id:60
@!!loc:140:30:140:32
@!!status:normalized
@!!meth:time-limit: 5
@!!obl:ASSUME NEW CONSTANT S,
       NEW CONSTANT n \in Nat,
       ExistsBijection(1..n, S) ,
       NEW CONSTANT i \in Nat,
       NEW CONSTANT T \in SUBSET S,
       ExistsBijection(1..i + 1, T) ,
       ASSUME NEW CONSTANT S_1,
              NEW CONSTANT n_1 \in Nat,
              ExistsBijection(1..n_1, S_1) ,
              NEW CONSTANT m \in Nat,
              ExistsBijection(1..m, S_1) 
       PROVE  n_1 = m 
PROVE  (CHOOSE i_1 \in Nat : ExistsBijection(1..i_1, T)) = i + 1

@!!END

@!!BEGIN
@!!type:obligation
@!!id:61
@!!loc:140:33:140:47
@!!status:trivial
@!!prover:tlapm
@!!already:false
@!!obl:ASSUME ASSUME NEW CONSTANT S,
              NEW CONSTANT n \in Nat,
              ExistsBijection(1..n, S) ,
              NEW CONSTANT m \in Nat,
              ExistsBijection(1..m, S) 
       PROVE  n = m ,
       NEW CONSTANT S,
       NEW CONSTANT n \in Nat,
       ExistsBijection(1..n, S) ,
       NEW CONSTANT i \in Nat,
       NEW CONSTANT T \in SUBSET S,
       ExistsBijection(1..i + 1, T) 
PROVE  ASSUME NEW CONSTANT S_1,
              NEW CONSTANT n_1 \in Nat,
              ExistsBijection(1..n_1, S_1) ,
              NEW CONSTANT m \in Nat,
              ExistsBijection(1..m, S_1) 
       PROVE  n_1 = m

@!!END

@!!BEGIN
@!!type:obligation
@!!id:62
@!!loc:141:54:141:56
@!!status:normalized
@!!meth:time-limit: 5
@!!obl:ASSUME NEW CONSTANT S,
       NEW CONSTANT n \in Nat,
       ExistsBijection(1..n, S) ,
       NEW CONSTANT i \in Nat,
       NEW CONSTANT T \in SUBSET S,
       ExistsBijection(1..i + 1, T) ,
       T # {} 
PROVE  \E t \in T : t = (CHOOSE x : x \in T)

@!!END

@!!BEGIN
@!!type:obligation
@!!id:63
@!!loc:141:57:141:61
@!!status:trivial
@!!prover:tlapm
@!!already:false
@!!obl:ASSUME NEW CONSTANT S,
       NEW CONSTANT n \in Nat,
       ExistsBijection(1..n, S) ,
       NEW CONSTANT i \in Nat,
       NEW CONSTANT T \in SUBSET S,
       ExistsBijection(1..i + 1, T) ,
       T # {} 
PROVE  T # {}

@!!END

@!!BEGIN
@!!type:obligation
@!!id:65
@!!loc:143:40:143:42
@!!status:normalized
@!!meth:time-limit: 5
@!!obl:ASSUME NEW CONSTANT S,
       NEW CONSTANT n \in Nat,
       ExistsBijection(1..n, S) ,
       NEW CONSTANT i \in Nat,
       NEW CONSTANT T \in SUBSET S,
       ExistsBijection(1..i + 1, T) ,
       NEW CONSTANT t \in T,
       ASSUME NEW CONSTANT S_1,
              NEW CONSTANT m \in Nat,
              ExistsBijection(1..m, S_1) ,
              NEW CONSTANT x,
              x \in S_1 
       PROVE  ExistsBijection(1..m - 1, S_1 \ {x}) ,
       TRUE 
PROVE  ExistsBijection(1..i, T \ {t})

@!!END

@!!BEGIN
@!!type:obligation
@!!id:66
@!!loc:143:43:143:60
@!!status:trivial
@!!prover:tlapm
@!!already:false
@!!obl:ASSUME ASSUME NEW CONSTANT S,
              NEW CONSTANT m \in Nat,
              ExistsBijection(1..m, S) ,
              NEW CONSTANT x,
              x \in S 
       PROVE  ExistsBijection(1..m - 1, S \ {x}) ,
       NEW CONSTANT S,
       NEW CONSTANT n \in Nat,
       ExistsBijection(1..n, S) ,
       NEW CONSTANT i \in Nat,
       NEW CONSTANT T \in SUBSET S,
       ExistsBijection(1..i + 1, T) ,
       NEW CONSTANT t \in T
PROVE  ASSUME NEW CONSTANT S_1,
              NEW CONSTANT m \in Nat,
              ExistsBijection(1..m, S_1) ,
              NEW CONSTANT x,
              x \in S_1 
       PROVE  ExistsBijection(1..m - 1, S_1 \ {x})

@!!END

@!!BEGIN
@!!type:obligation
@!!id:67
@!!loc:143:62:143:64
@!!status:trivial
@!!prover:tlapm
@!!already:false
@!!obl:ASSUME NEW CONSTANT S,
       NEW CONSTANT n \in Nat,
       ExistsBijection(1..n, S) ,
       NEW CONSTANT i \in Nat,
       NEW CONSTANT T \in SUBSET S,
       ExistsBijection(1..i + 1, T) ,
       NEW CONSTANT t \in T,
       ASSUME NEW CONSTANT S_1,
              NEW CONSTANT m \in Nat,
              ExistsBijection(1..m, S_1) ,
              NEW CONSTANT x,
              x \in S_1 
       PROVE  ExistsBijection(1..m - 1, S_1 \ {x}) 
PROVE  TRUE

@!!END

@!!BEGIN
@!!type:obligation
@!!id:68
@!!loc:144:33:144:35
@!!status:normalized
@!!meth:time-limit: 5
@!!obl:ASSUME NEW CONSTANT S,
       NEW CONSTANT n \in Nat,
       ExistsBijection(1..n, S) ,
       NEW CONSTANT i \in Nat,
       NEW CONSTANT T \in SUBSET S,
       ExistsBijection(1..i + 1, T) ,
       NEW CONSTANT t \in T,
       ExistsBijection(1..i, T \ {t}) ,
       \A T_1 \in SUBSET S :
          ExistsBijection(1..i, T_1) => SZ[T_1] = fn(SZ, T_1) 
PROVE  SZ[T \ {t}] = fn(SZ, T \ {t})

@!!END

@!!BEGIN
@!!type:obligation
@!!id:69
@!!loc:144:36:144:40
@!!status:trivial
@!!prover:tlapm
@!!already:false
@!!obl:ASSUME NEW CONSTANT S,
       NEW CONSTANT n \in Nat,
       ExistsBijection(1..n, S) ,
       NEW CONSTANT i \in Nat,
       NEW CONSTANT T \in SUBSET S,
       ExistsBijection(1..i + 1, T) ,
       NEW CONSTANT t \in T,
       ExistsBijection(1..i, T \ {t}) 
PROVE  ExistsBijection(1..i, T \ {t})

@!!END

@!!BEGIN
@!!type:obligation
@!!id:70
@!!loc:144:42:144:46
@!!status:trivial
@!!prover:tlapm
@!!already:false
@!!obl:ASSUME NEW CONSTANT S,
       NEW CONSTANT n \in Nat,
       ExistsBijection(1..n, S) ,
       NEW CONSTANT i \in Nat,
       \A T \in SUBSET S : ExistsBijection(1..i, T) => SZ[T] = fn(SZ, T) ,
       NEW CONSTANT T \in SUBSET S,
       ExistsBijection(1..i + 1, T) ,
       NEW CONSTANT t \in T,
       ExistsBijection(1..i, T \ {t}) 
PROVE  \A T_1 \in SUBSET S :
          ExistsBijection(1..i, T_1) => SZ[T_1] = fn(SZ, T_1)

@!!END

@!!BEGIN
@!!type:obligation
@!!id:71
@!!loc:145:26:145:28
@!!status:normalized
@!!meth:time-limit: 5
@!!obl:ASSUME NEW CONSTANT S,
       NEW CONSTANT n \in Nat,
       ExistsBijection(1..n, S) ,
       NEW CONSTANT i \in Nat,
       NEW CONSTANT T \in SUBSET S,
       ExistsBijection(1..i + 1, T) ,
       NEW CONSTANT t \in T,
       ExistsBijection(1..i, T \ {t}) ,
       ASSUME NEW CONSTANT S_1,
              NEW CONSTANT n_1 \in Nat,
              ExistsBijection(1..n_1, S_1) ,
              NEW CONSTANT m \in Nat,
              ExistsBijection(1..m, S_1) 
       PROVE  n_1 = m 
PROVE  [T_1 \in SUBSET S |->
          CHOOSE i_1 \in Nat : ExistsBijection(1..i_1, T_1)][T \ {t}]
       = i

@!!END

@!!BEGIN
@!!type:obligation
@!!id:72
@!!loc:145:29:145:33
@!!status:trivial
@!!prover:tlapm
@!!already:false
@!!obl:ASSUME NEW CONSTANT S,
       NEW CONSTANT n \in Nat,
       ExistsBijection(1..n, S) ,
       NEW CONSTANT i \in Nat,
       NEW CONSTANT T \in SUBSET S,
       ExistsBijection(1..i + 1, T) ,
       NEW CONSTANT t \in T,
       ExistsBijection(1..i, T \ {t}) 
PROVE  ExistsBijection(1..i, T \ {t})

@!!END

@!!BEGIN
@!!type:obligation
@!!id:73
@!!loc:145:35:145:49
@!!status:trivial
@!!prover:tlapm
@!!already:false
@!!obl:ASSUME ASSUME NEW CONSTANT S,
              NEW CONSTANT n \in Nat,
              ExistsBijection(1..n, S) ,
              NEW CONSTANT m \in Nat,
              ExistsBijection(1..m, S) 
       PROVE  n = m ,
       NEW CONSTANT S,
       NEW CONSTANT n \in Nat,
       ExistsBijection(1..n, S) ,
       NEW CONSTANT i \in Nat,
       NEW CONSTANT T \in SUBSET S,
       ExistsBijection(1..i + 1, T) ,
       NEW CONSTANT t \in T,
       ExistsBijection(1..i, T \ {t}) 
PROVE  ASSUME NEW CONSTANT S_1,
              NEW CONSTANT n_1 \in Nat,
              ExistsBijection(1..n_1, S_1) ,
              NEW CONSTANT m \in Nat,
              ExistsBijection(1..m, S_1) 
       PROVE  n_1 = m

@!!END

@!!BEGIN
@!!type:obligation
@!!id:74
@!!loc:146:37:146:39
@!!status:normalized
@!!meth:time-limit: 5
@!!obl:ASSUME NEW CONSTANT S,
       NEW CONSTANT n \in Nat,
       ExistsBijection(1..n, S) ,
       NEW CONSTANT i \in Nat,
       NEW CONSTANT T \in SUBSET S,
       ExistsBijection(1..i + 1, T) ,
       NEW CONSTANT t \in T,
       T # {} ,
       t = (CHOOSE x : x \in T) 
PROVE  (IF T = {} THEN 0 ELSE 1 + SZ[T \ {CHOOSE x : x \in T}])
       = 1 + SZ[T \ {t}]

@!!END

@!!BEGIN
@!!type:obligation
@!!id:71
@!!loc:145:26:145:28
@!!status:proved
@!!prover:smt
@!!meth:time-limit: 5; time-used: 0.2 (3%)
@!!already:false
@!!obl:
ASSUME NEW CONSTANT S,
       NEW CONSTANT n \in Nat,
       ExistsBijection(1..n, S) ,
       NEW CONSTANT i \in Nat,
       NEW CONSTANT T \in SUBSET S,
       ExistsBijection(1..i + 1, T) ,
       NEW CONSTANT t \in T,
       ExistsBijection(1..i, T \ {t}) ,
       ASSUME NEW CONSTANT S_1,
              NEW CONSTANT n_1 \in Nat,
              ExistsBijection(1..n_1, S_1) ,
              NEW CONSTANT m \in Nat,
              ExistsBijection(1..m, S_1) 
       PROVE  n_1 = m 
PROVE  [T_1 \in SUBSET S |->
          CHOOSE i_1 \in Nat : ExistsBijection(1..i_1, T_1)][T \ {t}]
       = i

@!!END

@!!BEGIN
@!!type:obligation
@!!id:68
@!!loc:144:33:144:35
@!!status:proved
@!!prover:smt
@!!meth:time-limit: 5; time-used: 0.3 (6%)
@!!already:false
@!!obl:
ASSUME NEW CONSTANT S,
       NEW CONSTANT n \in Nat,
       ExistsBijection(1..n, S) ,
       NEW CONSTANT i \in Nat,
       NEW CONSTANT T \in SUBSET S,
       ExistsBijection(1..i + 1, T) ,
       NEW CONSTANT t \in T,
       ExistsBijection(1..i, T \ {t}) ,
       \A T_1 \in SUBSET S :
          ExistsBijection(1..i, T_1) => SZ[T_1] = fn(SZ, T_1) 
PROVE  SZ[T \ {t}] = fn(SZ, T \ {t})

@!!END

@!!BEGIN
@!!type:obligation
@!!id:65
@!!loc:143:40:143:42
@!!status:proved
@!!prover:z3
@!!meth:time-limit: 5; time-used: 0.4 (9%)
@!!already:false
@!!obl:
ASSUME NEW CONSTANT S,
       NEW CONSTANT n \in Nat,
       ExistsBijection(1..n, S) ,
       NEW CONSTANT i \in Nat,
       NEW CONSTANT T \in SUBSET S,
       ExistsBijection(1..i + 1, T) ,
       NEW CONSTANT t \in T,
       ASSUME NEW CONSTANT S_1,
              NEW CONSTANT m \in Nat,
              ExistsBijection(1..m, S_1) ,
              NEW CONSTANT x,
              x \in S_1 
       PROVE  ExistsBijection(1..m - 1, S_1 \ {x}) ,
       TRUE 
PROVE  ExistsBijection(1..i, T \ {t})

@!!END

@!!BEGIN
@!!type:obligation
@!!id:62
@!!loc:141:54:141:56
@!!status:proved
@!!prover:smt
@!!meth:time-limit: 5; time-used: 0.5 (11%)
@!!already:false
@!!obl:
ASSUME NEW CONSTANT S,
       NEW CONSTANT n \in Nat,
       ExistsBijection(1..n, S) ,
       NEW CONSTANT i \in Nat,
       NEW CONSTANT T \in SUBSET S,
       ExistsBijection(1..i + 1, T) ,
       T # {} 
PROVE  \E t \in T : t = (CHOOSE x : x \in T)

@!!END

@!!BEGIN
@!!type:obligation
@!!id:60
@!!loc:140:30:140:32
@!!status:proved
@!!prover:smt
@!!meth:time-limit: 5; time-used: 0.6 (13%)
@!!already:false
@!!obl:
ASSUME NEW CONSTANT S,
       NEW CONSTANT n \in Nat,
       ExistsBijection(1..n, S) ,
       NEW CONSTANT i \in Nat,
       NEW CONSTANT T \in SUBSET S,
       ExistsBijection(1..i + 1, T) ,
       ASSUME NEW CONSTANT S_1,
              NEW CONSTANT n_1 \in Nat,
              ExistsBijection(1..n_1, S_1) ,
              NEW CONSTANT m \in Nat,
              ExistsBijection(1..m, S_1) 
       PROVE  n_1 = m 
PROVE  (CHOOSE i_1 \in Nat : ExistsBijection(1..i_1, T)) = i + 1

@!!END

@!!BEGIN
@!!type:obligation
@!!id:57
@!!loc:139:23:139:25
@!!status:proved
@!!prover:smt
@!!meth:time-limit: 5; time-used: 0.8 (15%)
@!!already:false
@!!obl:
ASSUME NEW CONSTANT S,
       NEW CONSTANT n \in Nat,
       ExistsBijection(1..n, S) ,
       NEW CONSTANT i \in Nat,
       NEW CONSTANT T \in SUBSET S,
       ExistsBijection(1..i + 1, T) ,
       ~ExistsBijection(1..0, T) ,
       ASSUME NEW CONSTANT S_1
       PROVE  ExistsBijection(1..0, S_1) <=> S_1 = {} 
PROVE  T # {}

@!!END

@!!BEGIN
@!!type:obligation
@!!id:54
@!!loc:138:41:138:43
@!!status:proved
@!!prover:z3
@!!meth:time-limit: 5; time-used: 0.9 (18%)
@!!already:false
@!!obl:
ASSUME NEW CONSTANT S,
       NEW CONSTANT n \in Nat,
       ExistsBijection(1..n, S) ,
       NEW CONSTANT i \in Nat,
       NEW CONSTANT T \in SUBSET S,
       ExistsBijection(1..i + 1, T) ,
       ASSUME NEW CONSTANT S_1,
              NEW CONSTANT n_1 \in Nat,
              ExistsBijection(1..n_1, S_1) ,
              NEW CONSTANT m \in Nat,
              ExistsBijection(1..m, S_1) 
       PROVE  n_1 = m ,
       TRUE 
PROVE  ~ExistsBijection(1..0, T)

@!!END

@!!BEGIN
@!!type:obligation
@!!id:53
@!!loc:137:11:137:18
@!!status:proved
@!!prover:smt
@!!meth:time-limit: 5; time-used: 1.0 (20%)
@!!already:false
@!!obl:
ASSUME NEW CONSTANT S,
       NEW CONSTANT n \in Nat,
       ExistsBijection(1..n, S) ,
       NEW CONSTANT i \in Nat,
       ASSUME NEW CONSTANT T \in SUBSET S,
              ExistsBijection(1..i + 1, T) 
       PROVE  SZ[T] = fn(SZ, T) 
PROVE  \A T \in SUBSET S : ExistsBijection(1..i + 1, T) => SZ[T] = fn(SZ, T)

@!!END

@!!BEGIN
@!!type:obligation
@!!id:30
@!!loc:151:15:151:17
@!!status:proved
@!!prover:isabelle
@!!meth:auto; time-limit: 30; time-used: 2.0 (7%)
@!!already:false
@!!obl:
ASSUME NEW CONSTANT S,
       NEW CONSTANT n \in Nat,
       ExistsBijection(1..n, S) ,
       TRUE ,
       Prop(0) ,
       ASSUME NEW CONSTANT i \in Nat,
              Prop(i) 
       PROVE  Prop(i + 1) ,
       ASSUME NEW CONSTANT P(_),
              P(0) ,
              \A n_1 \in Nat : P(n_1) => P(n_1 + 1) 
       PROVE  \A n_1 \in Nat : P(n_1) 
PROVE  \A i \in Nat : Prop(i)

@!!END

@!!BEGIN
@!!type:obligation
@!!id:75
@!!loc:146:40:146:44
@!!status:trivial
@!!prover:tlapm
@!!already:false
@!!obl:ASSUME NEW CONSTANT S,
       NEW CONSTANT n \in Nat,
       ExistsBijection(1..n, S) ,
       NEW CONSTANT i \in Nat,
       NEW CONSTANT T \in SUBSET S,
       ExistsBijection(1..i + 1, T) ,
       T # {} ,
       NEW CONSTANT t \in T
PROVE  T # {}

@!!END

@!!BEGIN
@!!type:obligation
@!!id:76
@!!loc:146:46:146:50
@!!status:trivial
@!!prover:tlapm
@!!already:false
@!!obl:ASSUME NEW CONSTANT S,
       NEW CONSTANT n \in Nat,
       ExistsBijection(1..n, S) ,
       NEW CONSTANT i \in Nat,
       NEW CONSTANT T \in SUBSET S,
       ExistsBijection(1..i + 1, T) ,
       NEW CONSTANT t \in T,
       t = (CHOOSE x : x \in T) ,
       T # {} 
PROVE  t = (CHOOSE x : x \in T)

@!!END

@!!BEGIN
@!!type:obligation
@!!id:77
@!!loc:147:31:147:33
@!!status:normalized
@!!meth:time-limit: 5
@!!obl:ASSUME NEW CONSTANT S,
       NEW CONSTANT n \in Nat,
       ExistsBijection(1..n, S) ,
       NEW CONSTANT i \in Nat,
       NEW CONSTANT T \in SUBSET S,
       ExistsBijection(1..i + 1, T) ,
       NEW CONSTANT t \in T,
       SZ[T \ {t}] = i ,
       fn(SZ, T) = 1 + SZ[T \ {t}] 
PROVE  fn(SZ, T) = i + 1

@!!END

@!!BEGIN
@!!type:obligation
@!!id:78
@!!loc:147:34:147:38
@!!status:trivial
@!!prover:tlapm
@!!already:false
@!!obl:ASSUME NEW CONSTANT S,
       NEW CONSTANT n \in Nat,
       ExistsBijection(1..n, S) ,
       NEW CONSTANT i \in Nat,
       NEW CONSTANT T \in SUBSET S,
       ExistsBijection(1..i + 1, T) ,
       NEW CONSTANT t \in T,
       SZ[T \ {t}] = i 
PROVE  SZ[T \ {t}] = i

@!!END

@!!BEGIN
@!!type:obligation
@!!id:79
@!!loc:147:40:147:44
@!!status:trivial
@!!prover:tlapm
@!!already:false
@!!obl:ASSUME NEW CONSTANT S,
       NEW CONSTANT n \in Nat,
       ExistsBijection(1..n, S) ,
       NEW CONSTANT i \in Nat,
       NEW CONSTANT T \in SUBSET S,
       ExistsBijection(1..i + 1, T) ,
       NEW CONSTANT t \in T,
       fn(SZ, T) = 1 + SZ[T \ {t}] ,
       SZ[T \ {t}] = i 
PROVE  fn(SZ, T) = 1 + SZ[T \ {t}]

@!!END

@!!BEGIN
@!!type:obligation
@!!id:80
@!!loc:148:29:148:31
@!!status:normalized
@!!meth:time-limit: 10
@!!obl:ASSUME NEW CONSTANT S,
       NEW CONSTANT n \in Nat,
       ExistsBijection(1..n, S) ,
       NEW CONSTANT i \in Nat,
       NEW CONSTANT T \in SUBSET S,
       ExistsBijection(1..i + 1, T) ,
       NEW CONSTANT t \in T,
       (CHOOSE i_1 \in Nat : ExistsBijection(1..i_1, T)) = i + 1 ,
       TRUE 
PROVE  [T_1 \in SUBSET S |->
          CHOOSE i_1 \in Nat : ExistsBijection(1..i_1, T_1)][T]
       = i + 1

@!!END

@!!BEGIN
@!!type:obligation
@!!id:81
@!!loc:148:32:148:36
@!!status:trivial
@!!prover:tlapm
@!!already:false
@!!obl:ASSUME NEW CONSTANT S,
       NEW CONSTANT n \in Nat,
       ExistsBijection(1..n, S) ,
       NEW CONSTANT i \in Nat,
       NEW CONSTANT T \in SUBSET S,
       ExistsBijection(1..i + 1, T) ,
       (CHOOSE i_1 \in Nat : ExistsBijection(1..i_1, T)) = i + 1 ,
       NEW CONSTANT t \in T
PROVE  (CHOOSE i_1 \in Nat : ExistsBijection(1..i_1, T)) = i + 1

@!!END

@!!BEGIN
@!!type:obligation
@!!id:82
@!!loc:148:38:148:43
@!!status:trivial
@!!prover:tlapm
@!!already:false
@!!obl:ASSUME NEW CONSTANT S,
       NEW CONSTANT n \in Nat,
       ExistsBijection(1..n, S) ,
       NEW CONSTANT i \in Nat,
       NEW CONSTANT T \in SUBSET S,
       ExistsBijection(1..i + 1, T) ,
       NEW CONSTANT t \in T,
       (CHOOSE i_1 \in Nat : ExistsBijection(1..i_1, T)) = i + 1 
PROVE  TRUE

@!!END

@!!BEGIN
@!!type:obligation
@!!id:83
@!!loc:153:69:153:71
@!!status:normalized
@!!meth:time-limit: 10
@!!obl:ASSUME NEW CONSTANT S,
       NEW CONSTANT n \in Nat,
       ExistsBijection(1..n, S) ,
       ASSUME NEW CONSTANT T \in SUBSET S
       PROVE  [T_1 \in SUBSET S |->
                 CHOOSE i \in Nat : ExistsBijection(1..i, T_1)][T]
              = fn([T_1 \in SUBSET S |->
                      CHOOSE i \in Nat : ExistsBijection(1..i, T_1)],
                   T) ,
       TRUE 
PROVE  [T \in SUBSET S |-> CHOOSE i \in Nat : ExistsBijection(1..i, T)]
       = [T \in SUBSET S |->
            fn([T_1 \in SUBSET S |->
                  CHOOSE i \in Nat : ExistsBijection(1..i, T_1)],
               T)]

@!!END

@!!BEGIN
@!!type:obligation
@!!id:84
@!!loc:153:72:153:77
@!!status:trivial
@!!prover:tlapm
@!!already:false
@!!obl:ASSUME NEW CONSTANT S,
       NEW CONSTANT n \in Nat,
       ExistsBijection(1..n, S) ,
       ASSUME NEW CONSTANT T \in SUBSET S
       PROVE  [T_1 \in SUBSET S |->
                 CHOOSE i \in Nat : ExistsBijection(1..i, T_1)][T]
              = fn([T_1 \in SUBSET S |->
                      CHOOSE i \in Nat : ExistsBijection(1..i, T_1)],
                   T) 
PROVE  TRUE

@!!END

@!!BEGIN
@!!type:obligation
@!!id:85
@!!loc:154:52:154:54
@!!status:normalized
@!!meth:time-limit: 5
@!!obl:ASSUME NEW CONSTANT S,
       NEW CONSTANT n \in Nat,
       ExistsBijection(1..n, S) ,
       NEW CONSTANT T \in SUBSET S,
       ASSUME NEW CONSTANT S_1,
              NEW CONSTANT m \in Nat,
              ExistsBijection(1..m, S_1) ,
              NEW CONSTANT T_1 \in SUBSET S_1
       PROVE  \E n_1 \in Nat : ExistsBijection(1..n_1, T_1) /\ n_1 =< m 
PROVE  \E i \in Nat : ExistsBijection(1..i, T)

@!!END

@!!BEGIN
@!!type:obligation
@!!id:86
@!!loc:154:55:154:71
@!!status:trivial
@!!prover:tlapm
@!!already:false
@!!obl:ASSUME ASSUME NEW CONSTANT S,
              NEW CONSTANT m \in Nat,
              ExistsBijection(1..m, S) ,
              NEW CONSTANT T \in SUBSET S
       PROVE  \E n \in Nat : ExistsBijection(1..n, T) /\ n =< m ,
       NEW CONSTANT S,
       NEW CONSTANT n \in Nat,
       ExistsBijection(1..n, S) ,
       NEW CONSTANT T \in SUBSET S
PROVE  ASSUME NEW CONSTANT S_1,
              NEW CONSTANT m \in Nat,
              ExistsBijection(1..m, S_1) ,
              NEW CONSTANT T_1 \in SUBSET S_1
       PROVE  \E n_1 \in Nat : ExistsBijection(1..n_1, T_1) /\ n_1 =< m

@!!END

@!!BEGIN
@!!type:obligation
@!!id:88
@!!loc:207:13:207:15
@!!status:normalized
@!!meth:time-limit: 5
@!!obl:ASSUME NEW CONSTANT S,
       NEW CONSTANT n \in Nat,
       ExistsBijection(1..n, S) ,
       NEW CONSTANT CS1,
       NEW CONSTANT CS2,
       NEW CONSTANT T \in SUBSET S,
       NEW CONSTANT i \in Nat,
       \A i_1 \in Nat :
          \A T_1 \in SUBSET S :
             ExistsBijection(1..i_1, T_1) => CS1[T_1] = CS2[T_1] ,
       ExistsBijection(1..i, T) 
PROVE  CS1[T] = CS2[T]

@!!END

@!!BEGIN
@!!type:obligation
@!!id:89
@!!loc:207:16:207:20
@!!status:trivial
@!!prover:tlapm
@!!already:false
@!!obl:ASSUME NEW CONSTANT S,
       NEW CONSTANT n \in Nat,
       ExistsBijection(1..n, S) ,
       NEW CONSTANT CS1,
       NEW CONSTANT CS2,
       \A i \in Nat :
          \A T \in SUBSET S : ExistsBijection(1..i, T) => CS1[T] = CS2[T] ,
       NEW CONSTANT T \in SUBSET S,
       NEW CONSTANT i \in Nat
PROVE  \A i_1 \in Nat :
          \A T_1 \in SUBSET S :
             ExistsBijection(1..i_1, T_1) => CS1[T_1] = CS2[T_1]

@!!END

@!!BEGIN
@!!type:obligation
@!!id:90
@!!loc:207:22:207:26
@!!status:trivial
@!!prover:tlapm
@!!already:false
@!!obl:ASSUME NEW CONSTANT S,
       NEW CONSTANT n \in Nat,
       ExistsBijection(1..n, S) ,
       NEW CONSTANT CS1,
       NEW CONSTANT CS2,
       NEW CONSTANT T \in SUBSET S,
       NEW CONSTANT i \in Nat,
       ExistsBijection(1..i, T) ,
       \A i_1 \in Nat :
          \A T_1 \in SUBSET S :
             ExistsBijection(1..i_1, T_1) => CS1[T_1] = CS2[T_1] 
PROVE  ExistsBijection(1..i, T)

@!!END

@!!BEGIN
@!!type:obligation
@!!id:91
@!!loc:203:15:203:17
@!!status:normalized
@!!meth:time-limit: 30
@!!obl:ASSUME NEW CONSTANT S,
       NEW CONSTANT n \in Nat,
       ExistsBijection(1..n, S) ,
       NEW CONSTANT CS1,
       NEW CONSTANT CS2,
       TRUE ,
       Prop(0) ,
       ASSUME NEW CONSTANT i \in Nat,
              Prop(i) 
       PROVE  Prop(i + 1) ,
       ASSUME NEW CONSTANT P(_),
              P(0) ,
              \A n_1 \in Nat : P(n_1) => P(n_1 + 1) 
       PROVE  \A n_1 \in Nat : P(n_1) 
PROVE  \A i \in Nat : Prop(i)

@!!END

@!!BEGIN
@!!type:obligation
@!!id:92
@!!loc:203:18:203:21
@!!status:trivial
@!!prover:tlapm
@!!already:false
@!!obl:ASSUME NEW CONSTANT S,
       NEW CONSTANT n \in Nat,
       ExistsBijection(1..n, S) ,
       NEW CONSTANT CS1,
       NEW CONSTANT CS2
PROVE  TRUE

@!!END

@!!BEGIN
@!!type:obligation
@!!id:93
@!!loc:203:23:203:27
@!!status:trivial
@!!prover:tlapm
@!!already:false
@!!obl:ASSUME NEW CONSTANT S,
       NEW CONSTANT n \in Nat,
       ExistsBijection(1..n, S) ,
       NEW CONSTANT CS1,
       NEW CONSTANT CS2,
       Prop(0) ,
       TRUE 
PROVE  Prop(0)

@!!END

@!!BEGIN
@!!type:obligation
@!!id:94
@!!loc:203:29:203:33
@!!status:trivial
@!!prover:tlapm
@!!already:false
@!!obl:ASSUME NEW CONSTANT S,
       NEW CONSTANT n \in Nat,
       ExistsBijection(1..n, S) ,
       NEW CONSTANT CS1,
       NEW CONSTANT CS2,
       ASSUME NEW CONSTANT i \in Nat,
              Prop(i) 
       PROVE  Prop(i + 1) ,
       TRUE ,
       Prop(0) 
PROVE  ASSUME NEW CONSTANT i \in Nat,
              Prop(i) 
       PROVE  Prop(i + 1)

@!!END

@!!BEGIN
@!!type:obligation
@!!id:95
@!!loc:203:35:203:47
@!!status:trivial
@!!prover:tlapm
@!!already:false
@!!obl:ASSUME ASSUME NEW CONSTANT P(_),
              P(0) ,
              \A n \in Nat : P(n) => P(n + 1) 
       PROVE  \A n \in Nat : P(n) ,
       NEW CONSTANT S,
       NEW CONSTANT n \in Nat,
       ExistsBijection(1..n, S) ,
       NEW CONSTANT CS1,
       NEW CONSTANT CS2,
       TRUE ,
       Prop(0) ,
       ASSUME NEW CONSTANT i \in Nat,
              Prop(i) 
       PROVE  Prop(i + 1) 
PROVE  ASSUME NEW CONSTANT P(_),
              P(0) ,
              \A n_1 \in Nat : P(n_1) => P(n_1 + 1) 
       PROVE  \A n_1 \in Nat : P(n_1)

@!!END

@!!BEGIN
@!!type:obligation
@!!id:96
@!!loc:183:17:183:19
@!!status:normalized
@!!meth:time-limit: 5
@!!obl:ASSUME NEW CONSTANT S,
       NEW CONSTANT n \in Nat,
       ExistsBijection(1..n, S) ,
       NEW CONSTANT CS1,
       NEW CONSTANT CS2,
       NEW CONSTANT T \in SUBSET S,
       fn(CS1, T) = 0 ,
       fn(CS2, T) = 0 ,
       /\ CS1 = [T_1 \in SUBSET S |-> fn(CS1, T_1)]
       /\ CS2 = [T_1 \in SUBSET S |-> fn(CS2, T_1)] 
PROVE  CS1[T] = CS2[T]

@!!END

@!!BEGIN
@!!type:obligation
@!!id:97
@!!loc:183:20:183:24
@!!status:trivial
@!!prover:tlapm
@!!already:false
@!!obl:ASSUME NEW CONSTANT S,
       NEW CONSTANT n \in Nat,
       ExistsBijection(1..n, S) ,
       NEW CONSTANT CS1,
       NEW CONSTANT CS2,
       NEW CONSTANT T \in SUBSET S,
       fn(CS1, T) = 0 
PROVE  fn(CS1, T) = 0

@!!END

@!!BEGIN
@!!type:obligation
@!!id:98
@!!loc:183:26:183:30
@!!status:trivial
@!!prover:tlapm
@!!already:false
@!!obl:ASSUME NEW CONSTANT S,
       NEW CONSTANT n \in Nat,
       ExistsBijection(1..n, S) ,
       NEW CONSTANT CS1,
       NEW CONSTANT CS2,
       NEW CONSTANT T \in SUBSET S,
       fn(CS2, T) = 0 ,
       fn(CS1, T) = 0 
PROVE  fn(CS2, T) = 0

@!!END

@!!BEGIN
@!!type:obligation
@!!id:99
@!!loc:183:32:183:36
@!!status:trivial
@!!prover:tlapm
@!!already:false
@!!obl:ASSUME NEW CONSTANT S,
       NEW CONSTANT n \in Nat,
       ExistsBijection(1..n, S) ,
       NEW CONSTANT CS1,
       NEW CONSTANT CS2,
       /\ CS1 = [T \in SUBSET S |-> fn(CS1, T)]
       /\ CS2 = [T \in SUBSET S |-> fn(CS2, T)] ,
       NEW CONSTANT T \in SUBSET S,
       fn(CS1, T) = 0 ,
       fn(CS2, T) = 0 
PROVE  /\ CS1 = [T_1 \in SUBSET S |-> fn(CS1, T_1)]
       /\ CS2 = [T_1 \in SUBSET S |-> fn(CS2, T_1)]

@!!END

@!!BEGIN
@!!type:obligation
@!!id:100
@!!loc:179:15:179:22
@!!status:normalized
@!!meth:time-limit: 5
@!!obl:ASSUME NEW CONSTANT S,
       NEW CONSTANT n \in Nat,
       ExistsBijection(1..n, S) ,
       NEW CONSTANT CS1,
       NEW CONSTANT CS2,
       ASSUME NEW CONSTANT T \in SUBSET S,
              ExistsBijection(1..0, T) 
       PROVE  CS1[T] = CS2[T] 
PROVE  \A T \in SUBSET S : ExistsBijection(1..0, T) => CS1[T] = CS2[T]

@!!END

@!!BEGIN
@!!type:obligation
@!!id:101
@!!loc:180:23:180:25
@!!status:normalized
@!!meth:time-limit: 5
@!!obl:ASSUME NEW CONSTANT S,
       NEW CONSTANT n \in Nat,
       ExistsBijection(1..n, S) ,
       NEW CONSTANT CS1,
       NEW CONSTANT CS2,
       NEW CONSTANT T \in SUBSET S,
       ExistsBijection(1..0, T) ,
       ASSUME NEW CONSTANT S_1
       PROVE  ExistsBijection(1..0, S_1) <=> S_1 = {} 
PROVE  T = {}

@!!END

@!!BEGIN
@!!type:obligation
@!!id:100
@!!loc:179:15:179:22
@!!status:proved
@!!prover:smt
@!!meth:time-limit: 5; time-used: 0.1 (2%)
@!!already:false
@!!obl:
ASSUME NEW CONSTANT S,
       NEW CONSTANT n \in Nat,
       ExistsBijection(1..n, S) ,
       NEW CONSTANT CS1,
       NEW CONSTANT CS2,
       ASSUME NEW CONSTANT T \in SUBSET S,
              ExistsBijection(1..0, T) 
       PROVE  CS1[T] = CS2[T] 
PROVE  \A T \in SUBSET S : ExistsBijection(1..0, T) => CS1[T] = CS2[T]

@!!END

@!!BEGIN
@!!type:obligation
@!!id:96
@!!loc:183:17:183:19
@!!status:proved
@!!prover:smt
@!!meth:time-limit: 5; time-used: 0.3 (5%)
@!!already:false
@!!obl:
ASSUME NEW CONSTANT S,
       NEW CONSTANT n \in Nat,
       ExistsBijection(1..n, S) ,
       NEW CONSTANT CS1,
       NEW CONSTANT CS2,
       NEW CONSTANT T \in SUBSET S,
       fn(CS1, T) = 0 ,
       fn(CS2, T) = 0 ,
       /\ CS1 = [T_1 \in SUBSET S |-> fn(CS1, T_1)]
       /\ CS2 = [T_1 \in SUBSET S |-> fn(CS2, T_1)] 
PROVE  CS1[T] = CS2[T]

@!!END

@!!BEGIN
@!!type:obligation
@!!id:88
@!!loc:207:13:207:15
@!!status:proved
@!!prover:smt
@!!meth:time-limit: 5; time-used: 0.6 (11%)
@!!already:false
@!!obl:
ASSUME NEW CONSTANT S,
       NEW CONSTANT n \in Nat,
       ExistsBijection(1..n, S) ,
       NEW CONSTANT CS1,
       NEW CONSTANT CS2,
       NEW CONSTANT T \in SUBSET S,
       NEW CONSTANT i \in Nat,
       \A i_1 \in Nat :
          \A T_1 \in SUBSET S :
             ExistsBijection(1..i_1, T_1) => CS1[T_1] = CS2[T_1] ,
       ExistsBijection(1..i, T) 
PROVE  CS1[T] = CS2[T]

@!!END

@!!BEGIN
@!!type:obligation
@!!id:85
@!!loc:154:52:154:54
@!!status:proved
@!!prover:smt
@!!meth:time-limit: 5; time-used: 0.6 (13%)
@!!already:false
@!!obl:
ASSUME NEW CONSTANT S,
       NEW CONSTANT n \in Nat,
       ExistsBijection(1..n, S) ,
       NEW CONSTANT T \in SUBSET S,
       ASSUME NEW CONSTANT S_1,
              NEW CONSTANT m \in Nat,
              ExistsBijection(1..m, S_1) ,
              NEW CONSTANT T_1 \in SUBSET S_1
       PROVE  \E n_1 \in Nat : ExistsBijection(1..n_1, T_1) /\ n_1 =< m 
PROVE  \E i \in Nat : ExistsBijection(1..i, T)

@!!END

@!!BEGIN
@!!type:obligation
@!!id:83
@!!loc:153:69:153:71
@!!status:proved
@!!prover:zenon
@!!meth:time-limit: 10; time-used: 0.7 (7%)
@!!already:false
@!!obl:
ASSUME NEW CONSTANT S,
       NEW CONSTANT n \in Nat,
       ExistsBijection(1..n, S) ,
       ASSUME NEW CONSTANT T \in SUBSET S
       PROVE  [T_1 \in SUBSET S |->
                 CHOOSE i \in Nat : ExistsBijection(1..i, T_1)][T]
              = fn([T_1 \in SUBSET S |->
                      CHOOSE i \in Nat : ExistsBijection(1..i, T_1)],
                   T) ,
       TRUE 
PROVE  [T \in SUBSET S |-> CHOOSE i \in Nat : ExistsBijection(1..i, T)]
       = [T \in SUBSET S |->
            fn([T_1 \in SUBSET S |->
                  CHOOSE i \in Nat : ExistsBijection(1..i, T_1)],
               T)]

@!!END

@!!BEGIN
@!!type:obligation
@!!id:80
@!!loc:148:29:148:31
@!!status:proved
@!!prover:zenon
@!!meth:time-limit: 10; time-used: 0.8 (8%)
@!!already:false
@!!obl:
ASSUME NEW CONSTANT S,
       NEW CONSTANT n \in Nat,
       ExistsBijection(1..n, S) ,
       NEW CONSTANT i \in Nat,
       NEW CONSTANT T \in SUBSET S,
       ExistsBijection(1..i + 1, T) ,
       NEW CONSTANT t \in T,
       (CHOOSE i_1 \in Nat : ExistsBijection(1..i_1, T)) = i + 1 ,
       TRUE 
PROVE  [T_1 \in SUBSET S |->
          CHOOSE i_1 \in Nat : ExistsBijection(1..i_1, T_1)][T]
       = i + 1

@!!END

@!!BEGIN
@!!type:obligation
@!!id:77
@!!loc:147:31:147:33
@!!status:proved
@!!prover:smt
@!!meth:time-limit: 5; time-used: 1.0 (19%)
@!!already:false
@!!obl:
ASSUME NEW CONSTANT S,
       NEW CONSTANT n \in Nat,
       ExistsBijection(1..n, S) ,
       NEW CONSTANT i \in Nat,
       NEW CONSTANT T \in SUBSET S,
       ExistsBijection(1..i + 1, T) ,
       NEW CONSTANT t \in T,
       SZ[T \ {t}] = i ,
       fn(SZ, T) = 1 + SZ[T \ {t}] 
PROVE  fn(SZ, T) = i + 1

@!!END

@!!BEGIN
@!!type:obligation
@!!id:74
@!!loc:146:37:146:39
@!!status:proved
@!!prover:smt
@!!meth:time-limit: 5; time-used: 1.1 (22%)
@!!already:false
@!!obl:
ASSUME NEW CONSTANT S,
       NEW CONSTANT n \in Nat,
       ExistsBijection(1..n, S) ,
       NEW CONSTANT i \in Nat,
       NEW CONSTANT T \in SUBSET S,
       ExistsBijection(1..i + 1, T) ,
       NEW CONSTANT t \in T,
       T # {} ,
       t = (CHOOSE x : x \in T) 
PROVE  (IF T = {} THEN 0 ELSE 1 + SZ[T \ {CHOOSE x : x \in T}])
       = 1 + SZ[T \ {t}]

@!!END

@!!BEGIN
@!!type:obligation
@!!id:102
@!!loc:180:26:180:30
@!!status:trivial
@!!prover:tlapm
@!!already:false
@!!obl:ASSUME NEW CONSTANT S,
       NEW CONSTANT n \in Nat,
       ExistsBijection(1..n, S) ,
       NEW CONSTANT CS1,
       NEW CONSTANT CS2,
       NEW CONSTANT T \in SUBSET S,
       ExistsBijection(1..0, T) 
PROVE  ExistsBijection(1..0, T)

@!!END

@!!BEGIN
@!!type:obligation
@!!id:103
@!!loc:180:32:180:47
@!!status:trivial
@!!prover:tlapm
@!!already:false
@!!obl:ASSUME ASSUME NEW CONSTANT S
       PROVE  ExistsBijection(1..0, S) <=> S = {} ,
       NEW CONSTANT S,
       NEW CONSTANT n \in Nat,
       ExistsBijection(1..n, S) ,
       NEW CONSTANT CS1,
       NEW CONSTANT CS2,
       NEW CONSTANT T \in SUBSET S,
       ExistsBijection(1..0, T) 
PROVE  ASSUME NEW CONSTANT S_1
       PROVE  ExistsBijection(1..0, S_1) <=> S_1 = {}

@!!END

@!!BEGIN
@!!type:obligation
@!!id:104
@!!loc:181:30:181:32
@!!status:normalized
@!!meth:time-limit: 5
@!!obl:ASSUME NEW CONSTANT S,
       NEW CONSTANT n \in Nat,
       ExistsBijection(1..n, S) ,
       NEW CONSTANT CS1,
       NEW CONSTANT CS2,
       NEW CONSTANT T \in SUBSET S,
       T = {} 
PROVE  (IF T = {} THEN 0 ELSE 1 + CS1[T \ {CHOOSE x : x \in T}]) = 0

@!!END

@!!BEGIN
@!!type:obligation
@!!id:105
@!!loc:181:33:181:37
@!!status:trivial
@!!prover:tlapm
@!!already:false
@!!obl:ASSUME NEW CONSTANT S,
       NEW CONSTANT n \in Nat,
       ExistsBijection(1..n, S) ,
       NEW CONSTANT CS1,
       NEW CONSTANT CS2,
       NEW CONSTANT T \in SUBSET S,
       T = {} 
PROVE  T = {}

@!!END

@!!BEGIN
@!!type:obligation
@!!id:106
@!!loc:182:30:182:32
@!!status:normalized
@!!meth:time-limit: 5
@!!obl:ASSUME NEW CONSTANT S,
       NEW CONSTANT n \in Nat,
       ExistsBijection(1..n, S) ,
       NEW CONSTANT CS1,
       NEW CONSTANT CS2,
       NEW CONSTANT T \in SUBSET S,
       T = {} 
PROVE  (IF T = {} THEN 0 ELSE 1 + CS2[T \ {CHOOSE x : x \in T}]) = 0

@!!END

@!!BEGIN
@!!type:obligation
@!!id:107
@!!loc:182:33:182:37
@!!status:trivial
@!!prover:tlapm
@!!already:false
@!!obl:ASSUME NEW CONSTANT S,
       NEW CONSTANT n \in Nat,
       ExistsBijection(1..n, S) ,
       NEW CONSTANT CS1,
       NEW CONSTANT CS2,
       NEW CONSTANT T \in SUBSET S,
       T = {} 
PROVE  T = {}

@!!END

@!!BEGIN
@!!type:obligation
@!!id:108
@!!loc:200:17:200:19
@!!status:normalized
@!!meth:time-limit: 5
@!!obl:ASSUME NEW CONSTANT S,
       NEW CONSTANT n \in Nat,
       ExistsBijection(1..n, S) ,
       NEW CONSTANT CS1,
       NEW CONSTANT CS2,
       NEW CONSTANT i \in Nat,
       NEW CONSTANT T \in SUBSET S,
       ExistsBijection(1..i + 1, T) ,
       NEW CONSTANT t \in T,
       CS1[T \ {t}] = CS2[T \ {t}] ,
       CS1[T] = 1 + CS1[T \ {t}] ,
       CS2[T] = 1 + CS2[T \ {t}] 
PROVE  CS1[T] = CS2[T]

@!!END

@!!BEGIN
@!!type:obligation
@!!id:109
@!!loc:200:20:200:25
@!!status:trivial
@!!prover:tlapm
@!!already:false
@!!obl:ASSUME NEW CONSTANT S,
       NEW CONSTANT n \in Nat,
       ExistsBijection(1..n, S) ,
       NEW CONSTANT CS1,
       NEW CONSTANT CS2,
       NEW CONSTANT i \in Nat,
       NEW CONSTANT T \in SUBSET S,
       ExistsBijection(1..i + 1, T) ,
       NEW CONSTANT t \in T,
       CS1[T \ {t}] = CS2[T \ {t}] 
PROVE  CS1[T \ {t}] = CS2[T \ {t}]

@!!END

@!!BEGIN
@!!type:obligation
@!!id:110
@!!loc:200:27:200:32
@!!status:trivial
@!!prover:tlapm
@!!already:false
@!!obl:ASSUME NEW CONSTANT S,
       NEW CONSTANT n \in Nat,
       ExistsBijection(1..n, S) ,
       NEW CONSTANT CS1,
       NEW CONSTANT CS2,
       NEW CONSTANT i \in Nat,
       NEW CONSTANT T \in SUBSET S,
       ExistsBijection(1..i + 1, T) ,
       NEW CONSTANT t \in T,
       CS1[T] = 1 + CS1[T \ {t}] ,
       CS1[T \ {t}] = CS2[T \ {t}] 
PROVE  CS1[T] = 1 + CS1[T \ {t}]

@!!END

@!!BEGIN
@!!type:obligation
@!!id:111
@!!loc:200:34:200:39
@!!status:trivial
@!!prover:tlapm
@!!already:false
@!!obl:ASSUME NEW CONSTANT S,
       NEW CONSTANT n \in Nat,
       ExistsBijection(1..n, S) ,
       NEW CONSTANT CS1,
       NEW CONSTANT CS2,
       NEW CONSTANT i \in Nat,
       NEW CONSTANT T \in SUBSET S,
       ExistsBijection(1..i + 1, T) ,
       NEW CONSTANT t \in T,
       CS2[T] = 1 + CS2[T \ {t}] ,
       CS1[T \ {t}] = CS2[T \ {t}] ,
       CS1[T] = 1 + CS1[T \ {t}] 
PROVE  CS2[T] = 1 + CS2[T \ {t}]

@!!END

@!!BEGIN
@!!type:obligation
@!!id:112
@!!loc:191:15:191:22
@!!status:normalized
@!!meth:time-limit: 5
@!!obl:ASSUME NEW CONSTANT S,
       NEW CONSTANT n \in Nat,
       ExistsBijection(1..n, S) ,
       NEW CONSTANT CS1,
       NEW CONSTANT CS2,
       NEW CONSTANT i \in Nat,
       ASSUME NEW CONSTANT T \in SUBSET S,
              ExistsBijection(1..i + 1, T) 
       PROVE  CS1[T] = CS2[T] 
PROVE  \A T \in SUBSET S : ExistsBijection(1..i + 1, T) => CS1[T] = CS2[T]

@!!END

@!!BEGIN
@!!type:obligation
@!!id:113
@!!loc:192:41:192:43
@!!status:proved
@!!prover:z3
@!!meth:time-limit: 5
@!!already:true
@!!obl:ASSUME NEW CONSTANT S,
       NEW CONSTANT n \in Nat,
       ExistsBijection(1..n, S) ,
       NEW CONSTANT CS1,
       NEW CONSTANT CS2,
       NEW CONSTANT i \in Nat,
       NEW CONSTANT T \in SUBSET S,
       ExistsBijection(1..i + 1, T) ,
       ASSUME NEW CONSTANT S_1,
              NEW CONSTANT n_1 \in Nat,
              ExistsBijection(1..n_1, S_1) ,
              NEW CONSTANT m \in Nat,
              ExistsBijection(1..m, S_1) 
       PROVE  n_1 = m ,
       Z3 
PROVE  ~ExistsBijection(1..0, T)

@!!END

@!!BEGIN
@!!type:obligation
@!!id:114
@!!loc:192:44:192:58
@!!status:trivial
@!!prover:tlapm
@!!already:false
@!!obl:ASSUME ASSUME NEW CONSTANT S,
              NEW CONSTANT n \in Nat,
              ExistsBijection(1..n, S) ,
              NEW CONSTANT m \in Nat,
              ExistsBijection(1..m, S) 
       PROVE  n = m ,
       NEW CONSTANT S,
       NEW CONSTANT n \in Nat,
       ExistsBijection(1..n, S) ,
       NEW CONSTANT CS1,
       NEW CONSTANT CS2,
       NEW CONSTANT i \in Nat,
       NEW CONSTANT T \in SUBSET S,
       ExistsBijection(1..i + 1, T) 
PROVE  ASSUME NEW CONSTANT S_1,
              NEW CONSTANT n_1 \in Nat,
              ExistsBijection(1..n_1, S_1) ,
              NEW CONSTANT m \in Nat,
              ExistsBijection(1..m, S_1) 
       PROVE  n_1 = m

@!!END

@!!BEGIN
@!!type:obligation
@!!id:115
@!!loc:192:60:192:62
@!!status:trivial
@!!prover:tlapm
@!!already:false
@!!obl:ASSUME NEW CONSTANT S,
       NEW CONSTANT n \in Nat,
       ExistsBijection(1..n, S) ,
       NEW CONSTANT CS1,
       NEW CONSTANT CS2,
       NEW CONSTANT i \in Nat,
       NEW CONSTANT T \in SUBSET S,
       ExistsBijection(1..i + 1, T) ,
       ASSUME NEW CONSTANT S_1,
              NEW CONSTANT n_1 \in Nat,
              ExistsBijection(1..n_1, S_1) ,
              NEW CONSTANT m \in Nat,
              ExistsBijection(1..m, S_1) 
       PROVE  n_1 = m 
PROVE  TRUE

@!!END

@!!BEGIN
@!!type:obligation
@!!id:116
@!!loc:193:23:193:25
@!!status:proved
@!!prover:smt
@!!meth:time-limit: 5
@!!already:true
@!!obl:ASSUME NEW CONSTANT S,
       NEW CONSTANT n \in Nat,
       ExistsBijection(1..n, S) ,
       NEW CONSTANT CS1,
       NEW CONSTANT CS2,
       NEW CONSTANT i \in Nat,
       NEW CONSTANT T \in SUBSET S,
       ExistsBijection(1..i + 1, T) ,
       ~ExistsBijection(1..0, T) ,
       ASSUME NEW CONSTANT S_1
       PROVE  ExistsBijection(1..0, S_1) <=> S_1 = {} 
PROVE  T # {}

@!!END

@!!BEGIN
@!!type:obligation
@!!id:117
@!!loc:193:26:193:30
@!!status:trivial
@!!prover:tlapm
@!!already:false
@!!obl:ASSUME NEW CONSTANT S,
       NEW CONSTANT n \in Nat,
       ExistsBijection(1..n, S) ,
       NEW CONSTANT CS1,
       NEW CONSTANT CS2,
       NEW CONSTANT i \in Nat,
       NEW CONSTANT T \in SUBSET S,
       ExistsBijection(1..i + 1, T) ,
       ~ExistsBijection(1..0, T) 
PROVE  ~ExistsBijection(1..0, T)

@!!END

@!!BEGIN
@!!type:obligation
@!!id:118
@!!loc:193:32:193:47
@!!status:trivial
@!!prover:tlapm
@!!already:false
@!!obl:ASSUME ASSUME NEW CONSTANT S
       PROVE  ExistsBijection(1..0, S) <=> S = {} ,
       NEW CONSTANT S,
       NEW CONSTANT n \in Nat,
       ExistsBijection(1..n, S) ,
       NEW CONSTANT CS1,
       NEW CONSTANT CS2,
       NEW CONSTANT i \in Nat,
       NEW CONSTANT T \in SUBSET S,
       ExistsBijection(1..i + 1, T) ,
       ~ExistsBijection(1..0, T) 
PROVE  ASSUME NEW CONSTANT S_1
       PROVE  ExistsBijection(1..0, S_1) <=> S_1 = {}

@!!END

@!!BEGIN
@!!type:obligation
@!!id:119
@!!loc:194:54:194:56
@!!status:proved
@!!prover:smt
@!!meth:time-limit: 5
@!!already:true
@!!obl:ASSUME NEW CONSTANT S,
       NEW CONSTANT n \in Nat,
       ExistsBijection(1..n, S) ,
       NEW CONSTANT CS1,
       NEW CONSTANT CS2,
       NEW CONSTANT i \in Nat,
       NEW CONSTANT T \in SUBSET S,
       ExistsBijection(1..i + 1, T) ,
       T # {} 
PROVE  \E t \in T : t = (CHOOSE x : x \in T)

@!!END

@!!BEGIN
@!!type:obligation
@!!id:120
@!!loc:194:57:194:61
@!!status:trivial
@!!prover:tlapm
@!!already:false
@!!obl:ASSUME NEW CONSTANT S,
       NEW CONSTANT n \in Nat,
       ExistsBijection(1..n, S) ,
       NEW CONSTANT CS1,
       NEW CONSTANT CS2,
       NEW CONSTANT i \in Nat,
       NEW CONSTANT T \in SUBSET S,
       ExistsBijection(1..i + 1, T) ,
       T # {} 
PROVE  T # {}

@!!END

@!!BEGIN
@!!type:obligation
@!!id:122
@!!loc:196:40:196:42
@!!status:proved
@!!prover:z3
@!!meth:time-limit: 5
@!!already:true
@!!obl:ASSUME NEW CONSTANT S,
       NEW CONSTANT n \in Nat,
       ExistsBijection(1..n, S) ,
       NEW CONSTANT CS1,
       NEW CONSTANT CS2,
       NEW CONSTANT i \in Nat,
       NEW CONSTANT T \in SUBSET S,
       ExistsBijection(1..i + 1, T) ,
       NEW CONSTANT t \in T,
       ASSUME NEW CONSTANT S_1,
              NEW CONSTANT m \in Nat,
              ExistsBijection(1..m, S_1) ,
              NEW CONSTANT x,
              x \in S_1 
       PROVE  ExistsBijection(1..m - 1, S_1 \ {x}) ,
       Z3 
PROVE  ExistsBijection(1..i, T \ {t})

@!!END

@!!BEGIN
@!!type:obligation
@!!id:123
@!!loc:196:43:196:60
@!!status:trivial
@!!prover:tlapm
@!!already:false
@!!obl:ASSUME ASSUME NEW CONSTANT S,
              NEW CONSTANT m \in Nat,
              ExistsBijection(1..m, S) ,
              NEW CONSTANT x,
              x \in S 
       PROVE  ExistsBijection(1..m - 1, S \ {x}) ,
       NEW CONSTANT S,
       NEW CONSTANT n \in Nat,
       ExistsBijection(1..n, S) ,
       NEW CONSTANT CS1,
       NEW CONSTANT CS2,
       NEW CONSTANT i \in Nat,
       NEW CONSTANT T \in SUBSET S,
       ExistsBijection(1..i + 1, T) ,
       NEW CONSTANT t \in T
PROVE  ASSUME NEW CONSTANT S_1,
              NEW CONSTANT m \in Nat,
              ExistsBijection(1..m, S_1) ,
              NEW CONSTANT x,
              x \in S_1 
       PROVE  ExistsBijection(1..m - 1, S_1 \ {x})

@!!END

@!!BEGIN
@!!type:obligation
@!!id:124
@!!loc:196:62:196:64
@!!status:trivial
@!!prover:tlapm
@!!already:false
@!!obl:ASSUME NEW CONSTANT S,
       NEW CONSTANT n \in Nat,
       ExistsBijection(1..n, S) ,
       NEW CONSTANT CS1,
       NEW CONSTANT CS2,
       NEW CONSTANT i \in Nat,
       NEW CONSTANT T \in SUBSET S,
       ExistsBijection(1..i + 1, T) ,
       NEW CONSTANT t \in T,
       ASSUME NEW CONSTANT S_1,
              NEW CONSTANT m \in Nat,
              ExistsBijection(1..m, S_1) ,
              NEW CONSTANT x,
              x \in S_1 
       PROVE  ExistsBijection(1..m - 1, S_1 \ {x}) 
PROVE  TRUE

@!!END

@!!BEGIN
@!!type:obligation
@!!id:125
@!!loc:197:33:197:35
@!!status:normalized
@!!meth:time-limit: 5
@!!obl:ASSUME NEW CONSTANT S,
       NEW CONSTANT n \in Nat,
       ExistsBijection(1..n, S) ,
       NEW CONSTANT CS1,
       NEW CONSTANT CS2,
       NEW CONSTANT i \in Nat,
       NEW CONSTANT T \in SUBSET S,
       ExistsBijection(1..i + 1, T) ,
       NEW CONSTANT t \in T,
       ExistsBijection(1..i, T \ {t}) ,
       \A T_1 \in SUBSET S :
          ExistsBijection(1..i, T_1) => CS1[T_1] = CS2[T_1] 
PROVE  CS1[T \ {t}] = CS2[T \ {t}]

@!!END

@!!BEGIN
@!!type:obligation
@!!id:126
@!!loc:197:36:197:40
@!!status:trivial
@!!prover:tlapm
@!!already:false
@!!obl:ASSUME NEW CONSTANT S,
       NEW CONSTANT n \in Nat,
       ExistsBijection(1..n, S) ,
       NEW CONSTANT CS1,
       NEW CONSTANT CS2,
       NEW CONSTANT i \in Nat,
       NEW CONSTANT T \in SUBSET S,
       ExistsBijection(1..i + 1, T) ,
       NEW CONSTANT t \in T,
       ExistsBijection(1..i, T \ {t}) 
PROVE  ExistsBijection(1..i, T \ {t})

@!!END

@!!BEGIN
@!!type:obligation
@!!id:127
@!!loc:197:42:197:46
@!!status:trivial
@!!prover:tlapm
@!!already:false
@!!obl:ASSUME NEW CONSTANT S,
       NEW CONSTANT n \in Nat,
       ExistsBijection(1..n, S) ,
       NEW CONSTANT CS1,
       NEW CONSTANT CS2,
       NEW CONSTANT i \in Nat,
       \A T \in SUBSET S : ExistsBijection(1..i, T) => CS1[T] = CS2[T] ,
       NEW CONSTANT T \in SUBSET S,
       ExistsBijection(1..i + 1, T) ,
       NEW CONSTANT t \in T,
       ExistsBijection(1..i, T \ {t}) 
PROVE  \A T_1 \in SUBSET S :
          ExistsBijection(1..i, T_1) => CS1[T_1] = CS2[T_1]

@!!END

@!!BEGIN
@!!type:obligation
@!!id:128
@!!loc:198:37:198:39
@!!status:normalized
@!!meth:time-limit: 10
@!!obl:ASSUME NEW CONSTANT S,
       NEW CONSTANT n \in Nat,
       ExistsBijection(1..n, S) ,
       NEW CONSTANT CS1,
       NEW CONSTANT CS2,
       NEW CONSTANT i \in Nat,
       NEW CONSTANT T \in SUBSET S,
       ExistsBijection(1..i + 1, T) ,
       NEW CONSTANT t \in T,
       T # {} ,
       t = (CHOOSE x : x \in T) ,
       /\ CS1
          = [T_1 \in SUBSET S |->
               IF T_1 = {} THEN 0 ELSE 1 + CS1[T_1 \ {CHOOSE x : x \in T_1}]]
       /\ CS2
          = [T_1 \in SUBSET S |->
               IF T_1 = {} THEN 0 ELSE 1 + CS2[T_1 \ {CHOOSE x : x \in T_1}]] ,
       TRUE 
PROVE  CS1[T] = 1 + CS1[T \ {t}]

@!!END

@!!BEGIN
@!!type:obligation
@!!id:129
@!!loc:198:40:198:44
@!!status:trivial
@!!prover:tlapm
@!!already:false
@!!obl:ASSUME NEW CONSTANT S,
       NEW CONSTANT n \in Nat,
       ExistsBijection(1..n, S) ,
       NEW CONSTANT CS1,
       NEW CONSTANT CS2,
       NEW CONSTANT i \in Nat,
       NEW CONSTANT T \in SUBSET S,
       ExistsBijection(1..i + 1, T) ,
       T # {} ,
       NEW CONSTANT t \in T
PROVE  T # {}

@!!END

@!!BEGIN
@!!type:obligation
@!!id:130
@!!loc:198:46:198:50
@!!status:trivial
@!!prover:tlapm
@!!already:false
@!!obl:ASSUME NEW CONSTANT S,
       NEW CONSTANT n \in Nat,
       ExistsBijection(1..n, S) ,
       NEW CONSTANT CS1,
       NEW CONSTANT CS2,
       NEW CONSTANT i \in Nat,
       NEW CONSTANT T \in SUBSET S,
       ExistsBijection(1..i + 1, T) ,
       NEW CONSTANT t \in T,
       t = (CHOOSE x : x \in T) ,
       T # {} 
PROVE  t = (CHOOSE x : x \in T)

@!!END

@!!BEGIN
@!!type:obligation
@!!id:131
@!!loc:198:52:198:56
@!!status:trivial
@!!prover:tlapm
@!!already:false
@!!obl:ASSUME NEW CONSTANT S,
       NEW CONSTANT n \in Nat,
       ExistsBijection(1..n, S) ,
       NEW CONSTANT CS1,
       NEW CONSTANT CS2,
       /\ CS1
          = [T \in SUBSET S |->
               IF T = {} THEN 0 ELSE 1 + CS1[T \ {CHOOSE x : x \in T}]]
       /\ CS2
          = [T \in SUBSET S |->
               IF T = {} THEN 0 ELSE 1 + CS2[T \ {CHOOSE x : x \in T}]] ,
       NEW CONSTANT i \in Nat,
       NEW CONSTANT T \in SUBSET S,
       ExistsBijection(1..i + 1, T) ,
       NEW CONSTANT t \in T,
       T # {} ,
       t = (CHOOSE x : x \in T) 
PROVE  /\ CS1
          = [T_1 \in SUBSET S |->
               IF T_1 = {} THEN 0 ELSE 1 + CS1[T_1 \ {CHOOSE x : x \in T_1}]]
       /\ CS2
          = [T_1 \in SUBSET S |->
               IF T_1 = {} THEN 0 ELSE 1 + CS2[T_1 \ {CHOOSE x : x \in T_1}]]

@!!END

@!!BEGIN
@!!type:obligation
@!!id:132
@!!loc:198:58:198:63
@!!status:trivial
@!!prover:tlapm
@!!already:false
@!!obl:ASSUME NEW CONSTANT S,
       NEW CONSTANT n \in Nat,
       ExistsBijection(1..n, S) ,
       NEW CONSTANT CS1,
       NEW CONSTANT CS2,
       NEW CONSTANT i \in Nat,
       NEW CONSTANT T \in SUBSET S,
       ExistsBijection(1..i + 1, T) ,
       NEW CONSTANT t \in T,
       T # {} ,
       t = (CHOOSE x : x \in T) ,
       /\ CS1
          = [T_1 \in SUBSET S |->
               IF T_1 = {} THEN 0 ELSE 1 + CS1[T_1 \ {CHOOSE x : x \in T_1}]]
       /\ CS2
          = [T_1 \in SUBSET S |->
               IF T_1 = {} THEN 0 ELSE 1 + CS2[T_1 \ {CHOOSE x : x \in T_1}]] 
PROVE  TRUE

@!!END

@!!BEGIN
@!!type:obligation
@!!id:133
@!!loc:199:37:199:39
@!!status:normalized
@!!meth:time-limit: 10
@!!obl:ASSUME NEW CONSTANT S,
       NEW CONSTANT n \in Nat,
       ExistsBijection(1..n, S) ,
       NEW CONSTANT CS1,
       NEW CONSTANT CS2,
       NEW CONSTANT i \in Nat,
       NEW CONSTANT T \in SUBSET S,
       ExistsBijection(1..i + 1, T) ,
       NEW CONSTANT t \in T,
       T # {} ,
       t = (CHOOSE x : x \in T) ,
       /\ CS1
          = [T_1 \in SUBSET S |->
               IF T_1 = {} THEN 0 ELSE 1 + CS1[T_1 \ {CHOOSE x : x \in T_1}]]
       /\ CS2
          = [T_1 \in SUBSET S |->
               IF T_1 = {} THEN 0 ELSE 1 + CS2[T_1 \ {CHOOSE x : x \in T_1}]] ,
       TRUE 
PROVE  CS2[T] = 1 + CS2[T \ {t}]

@!!END

@!!BEGIN
@!!type:obligation
@!!id:134
@!!loc:199:40:199:44
@!!status:trivial
@!!prover:tlapm
@!!already:false
@!!obl:ASSUME NEW CONSTANT S,
       NEW CONSTANT n \in Nat,
       ExistsBijection(1..n, S) ,
       NEW CONSTANT CS1,
       NEW CONSTANT CS2,
       NEW CONSTANT i \in Nat,
       NEW CONSTANT T \in SUBSET S,
       ExistsBijection(1..i + 1, T) ,
       T # {} ,
       NEW CONSTANT t \in T
PROVE  T # {}

@!!END

@!!BEGIN
@!!type:obligation
@!!id:135
@!!loc:199:46:199:50
@!!status:trivial
@!!prover:tlapm
@!!already:false
@!!obl:ASSUME NEW CONSTANT S,
       NEW CONSTANT n \in Nat,
       ExistsBijection(1..n, S) ,
       NEW CONSTANT CS1,
       NEW CONSTANT CS2,
       NEW CONSTANT i \in Nat,
       NEW CONSTANT T \in SUBSET S,
       ExistsBijection(1..i + 1, T) ,
       NEW CONSTANT t \in T,
       t = (CHOOSE x : x \in T) ,
       T # {} 
PROVE  t = (CHOOSE x : x \in T)

@!!END

@!!BEGIN
@!!type:obligation
@!!id:136
@!!loc:199:52:199:56
@!!status:trivial
@!!prover:tlapm
@!!already:false
@!!obl:ASSUME NEW CONSTANT S,
       NEW CONSTANT n \in Nat,
       ExistsBijection(1..n, S) ,
       NEW CONSTANT CS1,
       NEW CONSTANT CS2,
       /\ CS1
          = [T \in SUBSET S |->
               IF T = {} THEN 0 ELSE 1 + CS1[T \ {CHOOSE x : x \in T}]]
       /\ CS2
          = [T \in SUBSET S |->
               IF T = {} THEN 0 ELSE 1 + CS2[T \ {CHOOSE x : x \in T}]] ,
       NEW CONSTANT i \in Nat,
       NEW CONSTANT T \in SUBSET S,
       ExistsBijection(1..i + 1, T) ,
       NEW CONSTANT t \in T,
       T # {} ,
       t = (CHOOSE x : x \in T) 
PROVE  /\ CS1
          = [T_1 \in SUBSET S |->
               IF T_1 = {} THEN 0 ELSE 1 + CS1[T_1 \ {CHOOSE x : x \in T_1}]]
       /\ CS2
          = [T_1 \in SUBSET S |->
               IF T_1 = {} THEN 0 ELSE 1 + CS2[T_1 \ {CHOOSE x : x \in T_1}]]

@!!END

@!!BEGIN
@!!type:obligation
@!!id:137
@!!loc:199:58:199:63
@!!status:trivial
@!!prover:tlapm
@!!already:false
@!!obl:ASSUME NEW CONSTANT S,
       NEW CONSTANT n \in Nat,
       ExistsBijection(1..n, S) ,
       NEW CONSTANT CS1,
       NEW CONSTANT CS2,
       NEW CONSTANT i \in Nat,
       NEW CONSTANT T \in SUBSET S,
       ExistsBijection(1..i + 1, T) ,
       NEW CONSTANT t \in T,
       T # {} ,
       t = (CHOOSE x : x \in T) ,
       /\ CS1
          = [T_1 \in SUBSET S |->
               IF T_1 = {} THEN 0 ELSE 1 + CS1[T_1 \ {CHOOSE x : x \in T_1}]]
       /\ CS2
          = [T_1 \in SUBSET S |->
               IF T_1 = {} THEN 0 ELSE 1 + CS2[T_1 \ {CHOOSE x : x \in T_1}]] 
PROVE  TRUE

@!!END

@!!BEGIN
@!!type:obligation
@!!id:138
@!!loc:205:68:205:70
@!!status:normalized
@!!meth:time-limit: 10
@!!obl:ASSUME NEW CONSTANT S,
       NEW CONSTANT n \in Nat,
       ExistsBijection(1..n, S) ,
       NEW CONSTANT CS1,
       NEW CONSTANT CS2,
       ASSUME NEW CONSTANT T \in SUBSET S
       PROVE  CS1[T] = CS2[T] ,
       /\ CS1 = [T \in SUBSET S |-> fn(CS1, T)]
       /\ CS2 = [T \in SUBSET S |-> fn(CS2, T)] ,
       TRUE 
PROVE  CS1 = CS2

@!!END

@!!BEGIN
@!!type:obligation
@!!id:133
@!!loc:199:37:199:39
@!!status:proved
@!!prover:zenon
@!!meth:time-limit: 10; time-used: 0.2 (2%)
@!!already:false
@!!obl:
ASSUME NEW CONSTANT S,
       NEW CONSTANT n \in Nat,
       ExistsBijection(1..n, S) ,
       NEW CONSTANT CS1,
       NEW CONSTANT CS2,
       NEW CONSTANT i \in Nat,
       NEW CONSTANT T \in SUBSET S,
       ExistsBijection(1..i + 1, T) ,
       NEW CONSTANT t \in T,
       T # {} ,
       t = (CHOOSE x : x \in T) ,
       /\ CS1
          = [T_1 \in SUBSET S |->
               IF T_1 = {} THEN 0 ELSE 1 + CS1[T_1 \ {CHOOSE x : x \in T_1}]]
       /\ CS2
          = [T_1 \in SUBSET S |->
               IF T_1 = {} THEN 0 ELSE 1 + CS2[T_1 \ {CHOOSE x : x \in T_1}]] ,
       TRUE 
PROVE  CS2[T] = 1 + CS2[T \ {t}]

@!!END

@!!BEGIN
@!!type:obligation
@!!id:128
@!!loc:198:37:198:39
@!!status:proved
@!!prover:zenon
@!!meth:time-limit: 10; time-used: 0.4 (4%)
@!!already:false
@!!obl:
ASSUME NEW CONSTANT S,
       NEW CONSTANT n \in Nat,
       ExistsBijection(1..n, S) ,
       NEW CONSTANT CS1,
       NEW CONSTANT CS2,
       NEW CONSTANT i \in Nat,
       NEW CONSTANT T \in SUBSET S,
       ExistsBijection(1..i + 1, T) ,
       NEW CONSTANT t \in T,
       T # {} ,
       t = (CHOOSE x : x \in T) ,
       /\ CS1
          = [T_1 \in SUBSET S |->
               IF T_1 = {} THEN 0 ELSE 1 + CS1[T_1 \ {CHOOSE x : x \in T_1}]]
       /\ CS2
          = [T_1 \in SUBSET S |->
               IF T_1 = {} THEN 0 ELSE 1 + CS2[T_1 \ {CHOOSE x : x \in T_1}]] ,
       TRUE 
PROVE  CS1[T] = 1 + CS1[T \ {t}]

@!!END

@!!BEGIN
@!!type:obligation
@!!id:125
@!!loc:197:33:197:35
@!!status:proved
@!!prover:smt
@!!meth:time-limit: 5; time-used: 0.5 (9%)
@!!already:false
@!!obl:
ASSUME NEW CONSTANT S,
       NEW CONSTANT n \in Nat,
       ExistsBijection(1..n, S) ,
       NEW CONSTANT CS1,
       NEW CONSTANT CS2,
       NEW CONSTANT i \in Nat,
       NEW CONSTANT T \in SUBSET S,
       ExistsBijection(1..i + 1, T) ,
       NEW CONSTANT t \in T,
       ExistsBijection(1..i, T \ {t}) ,
       \A T_1 \in SUBSET S :
          ExistsBijection(1..i, T_1) => CS1[T_1] = CS2[T_1] 
PROVE  CS1[T \ {t}] = CS2[T \ {t}]

@!!END

@!!BEGIN
@!!type:obligation
@!!id:112
@!!loc:191:15:191:22
@!!status:proved
@!!prover:smt
@!!meth:time-limit: 5; time-used: 0.9 (18%)
@!!already:false
@!!obl:
ASSUME NEW CONSTANT S,
       NEW CONSTANT n \in Nat,
       ExistsBijection(1..n, S) ,
       NEW CONSTANT CS1,
       NEW CONSTANT CS2,
       NEW CONSTANT i \in Nat,
       ASSUME NEW CONSTANT T \in SUBSET S,
              ExistsBijection(1..i + 1, T) 
       PROVE  CS1[T] = CS2[T] 
PROVE  \A T \in SUBSET S : ExistsBijection(1..i + 1, T) => CS1[T] = CS2[T]

@!!END

@!!BEGIN
@!!type:obligation
@!!id:108
@!!loc:200:17:200:19
@!!status:proved
@!!prover:smt
@!!meth:time-limit: 5; time-used: 1.1 (22%)
@!!already:false
@!!obl:
ASSUME NEW CONSTANT S,
       NEW CONSTANT n \in Nat,
       ExistsBijection(1..n, S) ,
       NEW CONSTANT CS1,
       NEW CONSTANT CS2,
       NEW CONSTANT i \in Nat,
       NEW CONSTANT T \in SUBSET S,
       ExistsBijection(1..i + 1, T) ,
       NEW CONSTANT t \in T,
       CS1[T \ {t}] = CS2[T \ {t}] ,
       CS1[T] = 1 + CS1[T \ {t}] ,
       CS2[T] = 1 + CS2[T \ {t}] 
PROVE  CS1[T] = CS2[T]

@!!END

@!!BEGIN
@!!type:obligation
@!!id:106
@!!loc:182:30:182:32
@!!status:proved
@!!prover:smt
@!!meth:time-limit: 5; time-used: 1.2 (24%)
@!!already:false
@!!obl:
ASSUME NEW CONSTANT S,
       NEW CONSTANT n \in Nat,
       ExistsBijection(1..n, S) ,
       NEW CONSTANT CS1,
       NEW CONSTANT CS2,
       NEW CONSTANT T \in SUBSET S,
       T = {} 
PROVE  (IF T = {} THEN 0 ELSE 1 + CS2[T \ {CHOOSE x : x \in T}]) = 0

@!!END

@!!BEGIN
@!!type:obligation
@!!id:104
@!!loc:181:30:181:32
@!!status:proved
@!!prover:smt
@!!meth:time-limit: 5; time-used: 1.3 (26%)
@!!already:false
@!!obl:
ASSUME NEW CONSTANT S,
       NEW CONSTANT n \in Nat,
       ExistsBijection(1..n, S) ,
       NEW CONSTANT CS1,
       NEW CONSTANT CS2,
       NEW CONSTANT T \in SUBSET S,
       T = {} 
PROVE  (IF T = {} THEN 0 ELSE 1 + CS1[T \ {CHOOSE x : x \in T}]) = 0

@!!END

@!!BEGIN
@!!type:obligation
@!!id:101
@!!loc:180:23:180:25
@!!status:proved
@!!prover:smt
@!!meth:time-limit: 5; time-used: 1.5 (29%)
@!!already:false
@!!obl:
ASSUME NEW CONSTANT S,
       NEW CONSTANT n \in Nat,
       ExistsBijection(1..n, S) ,
       NEW CONSTANT CS1,
       NEW CONSTANT CS2,
       NEW CONSTANT T \in SUBSET S,
       ExistsBijection(1..0, T) ,
       ASSUME NEW CONSTANT S_1
       PROVE  ExistsBijection(1..0, S_1) <=> S_1 = {} 
PROVE  T = {}

@!!END

@!!BEGIN
@!!type:obligation
@!!id:91
@!!loc:203:15:203:17
@!!status:proved
@!!prover:isabelle
@!!meth:auto; time-limit: 30; time-used: 1.9 (6%)
@!!already:false
@!!obl:
ASSUME NEW CONSTANT S,
       NEW CONSTANT n \in Nat,
       ExistsBijection(1..n, S) ,
       NEW CONSTANT CS1,
       NEW CONSTANT CS2,
       TRUE ,
       Prop(0) ,
       ASSUME NEW CONSTANT i \in Nat,
              Prop(i) 
       PROVE  Prop(i + 1) ,
       ASSUME NEW CONSTANT P(_),
              P(0) ,
              \A n_1 \in Nat : P(n_1) => P(n_1 + 1) 
       PROVE  \A n_1 \in Nat : P(n_1) 
PROVE  \A i \in Nat : Prop(i)

@!!END

@!!BEGIN
@!!type:obligation
@!!id:139
@!!loc:205:71:205:75
@!!status:trivial
@!!prover:tlapm
@!!already:false
@!!obl:ASSUME NEW CONSTANT S,
       NEW CONSTANT n \in Nat,
       ExistsBijection(1..n, S) ,
       NEW CONSTANT CS1,
       NEW CONSTANT CS2,
       /\ CS1 = [T \in SUBSET S |-> fn(CS1, T)]
       /\ CS2 = [T \in SUBSET S |-> fn(CS2, T)] ,
       ASSUME NEW CONSTANT T \in SUBSET S
       PROVE  CS1[T] = CS2[T] 
PROVE  /\ CS1 = [T \in SUBSET S |-> fn(CS1, T)]
       /\ CS2 = [T \in SUBSET S |-> fn(CS2, T)]

@!!END

@!!BEGIN
@!!type:obligation
@!!id:140
@!!loc:205:77:205:82
@!!status:trivial
@!!prover:tlapm
@!!already:false
@!!obl:ASSUME NEW CONSTANT S,
       NEW CONSTANT n \in Nat,
       ExistsBijection(1..n, S) ,
       NEW CONSTANT CS1,
       NEW CONSTANT CS2,
       ASSUME NEW CONSTANT T \in SUBSET S
       PROVE  CS1[T] = CS2[T] ,
       /\ CS1 = [T \in SUBSET S |-> fn(CS1, T)]
       /\ CS2 = [T \in SUBSET S |-> fn(CS2, T)] 
PROVE  TRUE

@!!END

@!!BEGIN
@!!type:obligation
@!!id:141
@!!loc:206:53:206:55
@!!status:normalized
@!!meth:time-limit: 10
@!!obl:ASSUME NEW CONSTANT S,
       NEW CONSTANT n \in Nat,
       ExistsBijection(1..n, S) ,
       NEW CONSTANT CS1,
       NEW CONSTANT CS2,
       NEW CONSTANT T \in SUBSET S,
       ASSUME NEW CONSTANT S_1,
              NEW CONSTANT m \in Nat,
              ExistsBijection(1..m, S_1) ,
              NEW CONSTANT T_1 \in SUBSET S_1
       PROVE  \E n_1 \in Nat : ExistsBijection(1..n_1, T_1) /\ n_1 =< m ,
       TRUE 
PROVE  \E i \in Nat : ExistsBijection(1..i, T)

@!!END

@!!BEGIN
@!!type:obligation
@!!id:142
@!!loc:206:56:206:72
@!!status:trivial
@!!prover:tlapm
@!!already:false
@!!obl:ASSUME ASSUME NEW CONSTANT S,
              NEW CONSTANT m \in Nat,
              ExistsBijection(1..m, S) ,
              NEW CONSTANT T \in SUBSET S
       PROVE  \E n \in Nat : ExistsBijection(1..n, T) /\ n =< m ,
       NEW CONSTANT S,
       NEW CONSTANT n \in Nat,
       ExistsBijection(1..n, S) ,
       NEW CONSTANT CS1,
       NEW CONSTANT CS2,
       NEW CONSTANT T \in SUBSET S
PROVE  ASSUME NEW CONSTANT S_1,
              NEW CONSTANT m \in Nat,
              ExistsBijection(1..m, S_1) ,
              NEW CONSTANT T_1 \in SUBSET S_1
       PROVE  \E n_1 \in Nat : ExistsBijection(1..n_1, T_1) /\ n_1 =< m

@!!END

@!!BEGIN
@!!type:obligation
@!!id:143
@!!loc:206:74:206:79
@!!status:trivial
@!!prover:tlapm
@!!already:false
@!!obl:ASSUME NEW CONSTANT S,
       NEW CONSTANT n \in Nat,
       ExistsBijection(1..n, S) ,
       NEW CONSTANT CS1,
       NEW CONSTANT CS2,
       NEW CONSTANT T \in SUBSET S,
       ASSUME NEW CONSTANT S_1,
              NEW CONSTANT m \in Nat,
              ExistsBijection(1..m, S_1) ,
              NEW CONSTANT T_1 \in SUBSET S_1
       PROVE  \E n_1 \in Nat : ExistsBijection(1..n_1, T_1) /\ n_1 =< m 
PROVE  TRUE

@!!END

@!!BEGIN
@!!type:obligation
@!!id:145
@!!loc:214:19:214:21
@!!status:normalized
@!!meth:time-limit: 5
@!!obl:ASSUME NEW CONSTANT S,
       NEW CONSTANT n \in Nat,
       ExistsBijection(1..n, S) ,
       SZ = [T \in SUBSET S |-> fn(SZ, T)] 
PROVE  (CHOOSE CS : CS = [T \in SUBSET S |-> fn(CS, T)])
       = [T \in SUBSET S |->
            fn(CHOOSE CS : CS = [T_1 \in SUBSET S |-> fn(CS, T_1)], T)]

@!!END

@!!BEGIN
@!!type:obligation
@!!id:146
@!!loc:214:22:214:26
@!!status:trivial
@!!prover:tlapm
@!!already:false
@!!obl:ASSUME NEW CONSTANT S,
       NEW CONSTANT n \in Nat,
       ExistsBijection(1..n, S) ,
       SZ = [T \in SUBSET S |-> fn(SZ, T)] 
PROVE  SZ = [T \in SUBSET S |-> fn(SZ, T)]

@!!END

@!!BEGIN
@!!type:obligation
@!!id:147
@!!loc:215:18:215:20
@!!status:normalized
@!!meth:time-limit: 10
@!!obl:ASSUME NEW CONSTANT S,
       NEW CONSTANT n \in Nat,
       ExistsBijection(1..n, S) ,
       SZ = [T \in SUBSET S |-> fn(SZ, T)] ,
       ASSUME NEW CONSTANT CS1,
              CS1 = [T \in SUBSET S |-> fn(CS1, T)] ,
              NEW CONSTANT CS2,
              CS2 = [T \in SUBSET S |-> fn(CS2, T)] 
       PROVE  CS1 = CS2 ,
       CS = [T \in SUBSET S |-> fn(CS, T)] ,
       TRUE 
PROVE  CS = SZ

@!!END

@!!BEGIN
@!!type:obligation
@!!id:148
@!!loc:215:21:215:25
@!!status:trivial
@!!prover:tlapm
@!!already:false
@!!obl:ASSUME NEW CONSTANT S,
       NEW CONSTANT n \in Nat,
       ExistsBijection(1..n, S) ,
       SZ = [T \in SUBSET S |-> fn(SZ, T)] 
PROVE  SZ = [T \in SUBSET S |-> fn(SZ, T)]

@!!END

@!!BEGIN
@!!type:obligation
@!!id:149
@!!loc:215:27:215:31
@!!status:trivial
@!!prover:tlapm
@!!already:false
@!!obl:ASSUME NEW CONSTANT S,
       NEW CONSTANT n \in Nat,
       ExistsBijection(1..n, S) ,
       ASSUME NEW CONSTANT CS1,
              CS1 = [T \in SUBSET S |-> fn(CS1, T)] ,
              NEW CONSTANT CS2,
              CS2 = [T \in SUBSET S |-> fn(CS2, T)] 
       PROVE  CS1 = CS2 ,
       SZ = [T \in SUBSET S |-> fn(SZ, T)] 
PROVE  ASSUME NEW CONSTANT CS1,
              CS1 = [T \in SUBSET S |-> fn(CS1, T)] ,
              NEW CONSTANT CS2,
              CS2 = [T \in SUBSET S |-> fn(CS2, T)] 
       PROVE  CS1 = CS2

@!!END

@!!BEGIN
@!!type:obligation
@!!id:150
@!!loc:215:33:215:37
@!!status:trivial
@!!prover:tlapm
@!!already:false
@!!obl:ASSUME NEW CONSTANT S,
       NEW CONSTANT n \in Nat,
       ExistsBijection(1..n, S) ,
       CS = [T \in SUBSET S |-> fn(CS, T)] ,
       SZ = [T \in SUBSET S |-> fn(SZ, T)] ,
       ASSUME NEW CONSTANT CS1,
              CS1 = [T \in SUBSET S |-> fn(CS1, T)] ,
              NEW CONSTANT CS2,
              CS2 = [T \in SUBSET S |-> fn(CS2, T)] 
       PROVE  CS1 = CS2 
PROVE  CS = [T \in SUBSET S |-> fn(CS, T)]

@!!END

@!!BEGIN
@!!type:obligation
@!!id:151
@!!loc:215:39:215:44
@!!status:trivial
@!!prover:tlapm
@!!already:false
@!!obl:ASSUME NEW CONSTANT S,
       NEW CONSTANT n \in Nat,
       ExistsBijection(1..n, S) ,
       SZ = [T \in SUBSET S |-> fn(SZ, T)] ,
       ASSUME NEW CONSTANT CS1,
              CS1 = [T \in SUBSET S |-> fn(CS1, T)] ,
              NEW CONSTANT CS2,
              CS2 = [T \in SUBSET S |-> fn(CS2, T)] 
       PROVE  CS1 = CS2 ,
       CS = [T \in SUBSET S |-> fn(CS, T)] 
PROVE  TRUE

@!!END

@!!BEGIN
@!!type:obligation
@!!id:152
@!!loc:218:33:218:35
@!!status:normalized
@!!meth:time-limit: 10
@!!obl:ASSUME NEW CONSTANT S,
       NEW CONSTANT n \in Nat,
       ExistsBijection(1..n, S) ,
       TRUE 
PROVE  (CHOOSE CS :
          CS
          = [T \in SUBSET S |->
               IF T = {} THEN 0 ELSE 1 + CS[T \ {CHOOSE x : x \in T}]])[S]
       = (CHOOSE CS :
            CS
            = [T \in SUBSET S |->
                 IF T = {} THEN 0 ELSE 1 + CS[T \ {CHOOSE x : x \in T}]])[S]

@!!END

@!!BEGIN
@!!type:obligation
@!!id:153
@!!loc:218:36:218:41
@!!status:trivial
@!!prover:tlapm
@!!already:false
@!!obl:ASSUME NEW CONSTANT S,
       NEW CONSTANT n \in Nat,
       ExistsBijection(1..n, S) 
PROVE  TRUE

@!!END

@!!BEGIN
@!!type:obligation
@!!id:154
@!!loc:219:26:219:28
@!!status:normalized
@!!meth:time-limit: 10
@!!obl:ASSUME NEW CONSTANT S,
       NEW CONSTANT n \in Nat,
       ExistsBijection(1..n, S) ,
       TRUE 
PROVE  [T \in SUBSET S |-> CHOOSE i \in Nat : ExistsBijection(1..i, T)][S]
       = (CHOOSE i \in Nat : ExistsBijection(1..i, S))

@!!END

@!!BEGIN
@!!type:obligation
@!!id:155
@!!loc:219:29:219:34
@!!status:trivial
@!!prover:tlapm
@!!already:false
@!!obl:ASSUME NEW CONSTANT S,
       NEW CONSTANT n \in Nat,
       ExistsBijection(1..n, S) 
PROVE  TRUE

@!!END

@!!BEGIN
@!!type:obligation
@!!id:156
@!!loc:220:22:220:24
@!!status:normalized
@!!meth:time-limit: 5
@!!obl:ASSUME NEW CONSTANT S,
       NEW CONSTANT n \in Nat,
       ExistsBijection(1..n, S) ,
       ASSUME NEW CONSTANT S_1,
              NEW CONSTANT n_1 \in Nat,
              ExistsBijection(1..n_1, S_1) ,
              NEW CONSTANT m \in Nat,
              ExistsBijection(1..m, S_1) 
       PROVE  n_1 = m 
PROVE  (CHOOSE i \in Nat : ExistsBijection(1..i, S)) = n

@!!END

@!!BEGIN
@!!type:obligation
@!!id:157
@!!loc:220:25:220:39
@!!status:trivial
@!!prover:tlapm
@!!already:false
@!!obl:ASSUME ASSUME NEW CONSTANT S,
              NEW CONSTANT n \in Nat,
              ExistsBijection(1..n, S) ,
              NEW CONSTANT m \in Nat,
              ExistsBijection(1..m, S) 
       PROVE  n = m ,
       NEW CONSTANT S,
       NEW CONSTANT n \in Nat,
       ExistsBijection(1..n, S) 
PROVE  ASSUME NEW CONSTANT S_1,
              NEW CONSTANT n_1 \in Nat,
              ExistsBijection(1..n_1, S_1) ,
              NEW CONSTANT m \in Nat,
              ExistsBijection(1..m, S_1) 
       PROVE  n_1 = m

@!!END

@!!BEGIN
@!!type:obligation
@!!id:158
@!!loc:230:1:230:3
@!!status:normalized
@!!meth:time-limit: 5
@!!obl:ASSUME NEW CONSTANT S,
       NEW CONSTANT n \in Nat,
       ExistsSurjection(1..n, S) ,
       ASSUME NEW CONSTANT S_1,
              NEW CONSTANT n_1 \in Nat,
              ExistsSurjection(1..n_1, S_1) 
       PROVE  \E m \in Nat : ExistsBijection(1..m, S_1) /\ m =< n_1 ,
       ASSUME NEW CONSTANT S_1,
              NEW CONSTANT n_1 \in Nat,
              ExistsBijection(1..n_1, S_1) 
       PROVE  Cardinality(S_1) = n_1 
PROVE  Cardinality(S) =< n

@!!END

@!!BEGIN
@!!type:obligation
@!!id:159
@!!loc:230:4:230:28
@!!status:trivial
@!!prover:tlapm
@!!already:false
@!!obl:ASSUME ASSUME NEW CONSTANT S,
              NEW CONSTANT n \in Nat,
              ExistsSurjection(1..n, S) 
       PROVE  \E m \in Nat : ExistsBijection(1..m, S) /\ m =< n ,
       NEW CONSTANT S,
       NEW CONSTANT n \in Nat,
       ExistsSurjection(1..n, S) 
PROVE  ASSUME NEW CONSTANT S_1,
              NEW CONSTANT n_1 \in Nat,
              ExistsSurjection(1..n_1, S_1) 
       PROVE  \E m \in Nat : ExistsBijection(1..m, S_1) /\ m =< n_1

@!!END

@!!BEGIN
@!!type:obligation
@!!id:160
@!!loc:230:30:230:49
@!!status:trivial
@!!prover:tlapm
@!!already:false
@!!obl:ASSUME ASSUME NEW CONSTANT S,
              NEW CONSTANT n \in Nat,
              ExistsBijection(1..n, S) 
       PROVE  Cardinality(S) = n ,
       NEW CONSTANT S,
       NEW CONSTANT n \in Nat,
       ExistsSurjection(1..n, S) ,
       ASSUME NEW CONSTANT S_1,
              NEW CONSTANT n_1 \in Nat,
              ExistsSurjection(1..n_1, S_1) 
       PROVE  \E m \in Nat : ExistsBijection(1..m, S_1) /\ m =< n_1 
PROVE  ASSUME NEW CONSTANT S_1,
              NEW CONSTANT n_1 \in Nat,
              ExistsBijection(1..n_1, S_1) 
       PROVE  Cardinality(S_1) = n_1

@!!END

@!!BEGIN
@!!type:obligation
@!!id:161
@!!loc:245:1:245:3
@!!status:normalized
@!!meth:time-limit: 5
@!!obl:ASSUME NEW CONSTANT S,
       IsFiniteSet(S) ,
       ASSUME NEW CONSTANT S_1
       PROVE  IsFiniteSet(S_1)
              <=> (\E n \in Nat : ExistsBijection(1..n, S_1)) ,
       ASSUME NEW CONSTANT S_1,
              NEW CONSTANT n \in Nat,
              ExistsBijection(1..n, S_1) 
       PROVE  Cardinality(S_1) = n 
PROVE  /\ Cardinality(S) \in Nat
       /\ ExistsBijection(1..Cardinality(S), S)

@!!END

@!!BEGIN
@!!type:obligation
@!!id:162
@!!loc:245:4:245:19
@!!status:trivial
@!!prover:tlapm
@!!already:false
@!!obl:ASSUME ASSUME NEW CONSTANT S
       PROVE  IsFiniteSet(S) <=> (\E n \in Nat : ExistsBijection(1..n, S)) ,
       NEW CONSTANT S,
       IsFiniteSet(S) 
PROVE  ASSUME NEW CONSTANT S_1
       PROVE  IsFiniteSet(S_1)
              <=> (\E n \in Nat : ExistsBijection(1..n, S_1))

@!!END

@!!BEGIN
@!!type:obligation
@!!id:163
@!!loc:245:21:245:40
@!!status:trivial
@!!prover:tlapm
@!!already:false
@!!obl:ASSUME ASSUME NEW CONSTANT S,
              NEW CONSTANT n \in Nat,
              ExistsBijection(1..n, S) 
       PROVE  Cardinality(S) = n ,
       NEW CONSTANT S,
       IsFiniteSet(S) ,
       ASSUME NEW CONSTANT S_1
       PROVE  IsFiniteSet(S_1)
              <=> (\E n \in Nat : ExistsBijection(1..n, S_1)) 
PROVE  ASSUME NEW CONSTANT S_1,
              NEW CONSTANT n \in Nat,
              ExistsBijection(1..n, S_1) 
       PROVE  Cardinality(S_1) = n

@!!END

@!!BEGIN
@!!type:obligation
@!!id:164
@!!loc:260:1:260:3
@!!status:normalized
@!!meth:time-limit: 5
@!!obl:ASSUME NEW CONSTANT S,
       NEW CONSTANT T,
       IsFiniteSet(S) ,
       ExistsBijection(S, T) ,
       ASSUME NEW CONSTANT S_1,
              IsFiniteSet(S_1) 
       PROVE  /\ Cardinality(S_1) \in Nat
              /\ ExistsBijection(1..Cardinality(S_1), S_1) ,
       ASSUME NEW CONSTANT S_1,
              NEW CONSTANT T_1,
              NEW CONSTANT U,
              ExistsBijection(S_1, T_1) ,
              ExistsBijection(T_1, U) 
       PROVE  ExistsBijection(S_1, U) ,
       ASSUME NEW CONSTANT S_1,
              NEW CONSTANT n \in Nat,
              ExistsBijection(1..n, S_1) 
       PROVE  Cardinality(S_1) = n ,
       ASSUME NEW CONSTANT S_1
       PROVE  IsFiniteSet(S_1)
              <=> (\E n \in Nat : ExistsBijection(1..n, S_1)) 
PROVE  /\ IsFiniteSet(T)
       /\ Cardinality(T) = Cardinality(S)

@!!END

@!!BEGIN
@!!type:obligation
@!!id:161
@!!loc:245:1:245:3
@!!status:proved
@!!prover:smt
@!!meth:time-limit: 5; time-used: 0.1 (2%)
@!!already:false
@!!obl:
ASSUME NEW CONSTANT S,
       IsFiniteSet(S) ,
       ASSUME NEW CONSTANT S_1
       PROVE  IsFiniteSet(S_1)
              <=> (\E n \in Nat : ExistsBijection(1..n, S_1)) ,
       ASSUME NEW CONSTANT S_1,
              NEW CONSTANT n \in Nat,
              ExistsBijection(1..n, S_1) 
       PROVE  Cardinality(S_1) = n 
PROVE  /\ Cardinality(S) \in Nat
       /\ ExistsBijection(1..Cardinality(S), S)

@!!END

@!!BEGIN
@!!type:obligation
@!!id:158
@!!loc:230:1:230:3
@!!status:proved
@!!prover:smt
@!!meth:time-limit: 5; time-used: 0.2 (5%)
@!!already:false
@!!obl:
ASSUME NEW CONSTANT S,
       NEW CONSTANT n \in Nat,
       ExistsSurjection(1..n, S) ,
       ASSUME NEW CONSTANT S_1,
              NEW CONSTANT n_1 \in Nat,
              ExistsSurjection(1..n_1, S_1) 
       PROVE  \E m \in Nat : ExistsBijection(1..m, S_1) /\ m =< n_1 ,
       ASSUME NEW CONSTANT S_1,
              NEW CONSTANT n_1 \in Nat,
              ExistsBijection(1..n_1, S_1) 
       PROVE  Cardinality(S_1) = n_1 
PROVE  Cardinality(S) =< n

@!!END

@!!BEGIN
@!!type:obligation
@!!id:156
@!!loc:220:22:220:24
@!!status:proved
@!!prover:smt
@!!meth:time-limit: 5; time-used: 0.3 (6%)
@!!already:false
@!!obl:
ASSUME NEW CONSTANT S,
       NEW CONSTANT n \in Nat,
       ExistsBijection(1..n, S) ,
       ASSUME NEW CONSTANT S_1,
              NEW CONSTANT n_1 \in Nat,
              ExistsBijection(1..n_1, S_1) ,
              NEW CONSTANT m \in Nat,
              ExistsBijection(1..m, S_1) 
       PROVE  n_1 = m 
PROVE  (CHOOSE i \in Nat : ExistsBijection(1..i, S)) = n

@!!END

@!!BEGIN
@!!type:obligation
@!!id:154
@!!loc:219:26:219:28
@!!status:proved
@!!prover:zenon
@!!meth:time-limit: 10; time-used: 0.4 (4%)
@!!already:false
@!!obl:
ASSUME NEW CONSTANT S,
       NEW CONSTANT n \in Nat,
       ExistsBijection(1..n, S) ,
       TRUE 
PROVE  [T \in SUBSET S |-> CHOOSE i \in Nat : ExistsBijection(1..i, T)][S]
       = (CHOOSE i \in Nat : ExistsBijection(1..i, S))

@!!END

@!!BEGIN
@!!type:obligation
@!!id:152
@!!loc:218:33:218:35
@!!status:proved
@!!prover:zenon
@!!meth:time-limit: 10; time-used: 0.5 (5%)
@!!already:false
@!!obl:
ASSUME NEW CONSTANT S,
       NEW CONSTANT n \in Nat,
       ExistsBijection(1..n, S) ,
       TRUE 
PROVE  (CHOOSE CS :
          CS
          = [T \in SUBSET S |->
               IF T = {} THEN 0 ELSE 1 + CS[T \ {CHOOSE x : x \in T}]])[S]
       = (CHOOSE CS :
            CS
            = [T \in SUBSET S |->
                 IF T = {} THEN 0 ELSE 1 + CS[T \ {CHOOSE x : x \in T}]])[S]

@!!END

@!!BEGIN
@!!type:obligation
@!!id:147
@!!loc:215:18:215:20
@!!status:proved
@!!prover:zenon
@!!meth:time-limit: 10; time-used: 0.6 (6%)
@!!already:false
@!!obl:
ASSUME NEW CONSTANT S,
       NEW CONSTANT n \in Nat,
       ExistsBijection(1..n, S) ,
       SZ = [T \in SUBSET S |-> fn(SZ, T)] ,
       ASSUME NEW CONSTANT CS1,
              CS1 = [T \in SUBSET S |-> fn(CS1, T)] ,
              NEW CONSTANT CS2,
              CS2 = [T \in SUBSET S |-> fn(CS2, T)] 
       PROVE  CS1 = CS2 ,
       CS = [T \in SUBSET S |-> fn(CS, T)] ,
       TRUE 
PROVE  CS = SZ

@!!END

@!!BEGIN
@!!type:obligation
@!!id:145
@!!loc:214:19:214:21
@!!status:proved
@!!prover:smt
@!!meth:time-limit: 5; time-used: 0.7 (14%)
@!!already:false
@!!obl:
ASSUME NEW CONSTANT S,
       NEW CONSTANT n \in Nat,
       ExistsBijection(1..n, S) ,
       SZ = [T \in SUBSET S |-> fn(SZ, T)] 
PROVE  (CHOOSE CS : CS = [T \in SUBSET S |-> fn(CS, T)])
       = [T \in SUBSET S |->
            fn(CHOOSE CS : CS = [T_1 \in SUBSET S |-> fn(CS, T_1)], T)]

@!!END

@!!BEGIN
@!!type:obligation
@!!id:141
@!!loc:206:53:206:55
@!!status:proved
@!!prover:zenon
@!!meth:time-limit: 10; time-used: 0.8 (8%)
@!!already:false
@!!obl:
ASSUME NEW CONSTANT S,
       NEW CONSTANT n \in Nat,
       ExistsBijection(1..n, S) ,
       NEW CONSTANT CS1,
       NEW CONSTANT CS2,
       NEW CONSTANT T \in SUBSET S,
       ASSUME NEW CONSTANT S_1,
              NEW CONSTANT m \in Nat,
              ExistsBijection(1..m, S_1) ,
              NEW CONSTANT T_1 \in SUBSET S_1
       PROVE  \E n_1 \in Nat : ExistsBijection(1..n_1, T_1) /\ n_1 =< m ,
       TRUE 
PROVE  \E i \in Nat : ExistsBijection(1..i, T)

@!!END

@!!BEGIN
@!!type:obligation
@!!id:138
@!!loc:205:68:205:70
@!!status:proved
@!!prover:zenon
@!!meth:time-limit: 10; time-used: 0.9 (9%)
@!!already:false
@!!obl:
ASSUME NEW CONSTANT S,
       NEW CONSTANT n \in Nat,
       ExistsBijection(1..n, S) ,
       NEW CONSTANT CS1,
       NEW CONSTANT CS2,
       ASSUME NEW CONSTANT T \in SUBSET S
       PROVE  CS1[T] = CS2[T] ,
       /\ CS1 = [T \in SUBSET S |-> fn(CS1, T)]
       /\ CS2 = [T \in SUBSET S |-> fn(CS2, T)] ,
       TRUE 
PROVE  CS1 = CS2

@!!END

@!!BEGIN
@!!type:obligation
@!!id:165
@!!loc:260:4:260:22
@!!status:trivial
@!!prover:tlapm
@!!already:false
@!!obl:ASSUME ASSUME NEW CONSTANT S,
              IsFiniteSet(S) 
       PROVE  /\ Cardinality(S) \in Nat
              /\ ExistsBijection(1..Cardinality(S), S) ,
       NEW CONSTANT S,
       NEW CONSTANT T,
       IsFiniteSet(S) ,
       ExistsBijection(S, T) 
PROVE  ASSUME NEW CONSTANT S_1,
              IsFiniteSet(S_1) 
       PROVE  /\ Cardinality(S_1) \in Nat
              /\ ExistsBijection(1..Cardinality(S_1), S_1)

@!!END

@!!BEGIN
@!!type:obligation
@!!id:166
@!!loc:260:24:260:47
@!!status:trivial
@!!prover:tlapm
@!!already:false
@!!obl:ASSUME ASSUME NEW CONSTANT S,
              NEW CONSTANT T,
              NEW CONSTANT U,
              ExistsBijection(S, T) ,
              ExistsBijection(T, U) 
       PROVE  ExistsBijection(S, U) ,
       NEW CONSTANT S,
       NEW CONSTANT T,
       IsFiniteSet(S) ,
       ExistsBijection(S, T) ,
       ASSUME NEW CONSTANT S_1,
              IsFiniteSet(S_1) 
       PROVE  /\ Cardinality(S_1) \in Nat
              /\ ExistsBijection(1..Cardinality(S_1), S_1) 
PROVE  ASSUME NEW CONSTANT S_1,
              NEW CONSTANT T_1,
              NEW CONSTANT U,
              ExistsBijection(S_1, T_1) ,
              ExistsBijection(T_1, U) 
       PROVE  ExistsBijection(S_1, U)

@!!END

@!!BEGIN
@!!type:obligation
@!!id:167
@!!loc:260:49:260:68
@!!status:trivial
@!!prover:tlapm
@!!already:false
@!!obl:ASSUME ASSUME NEW CONSTANT S,
              NEW CONSTANT n \in Nat,
              ExistsBijection(1..n, S) 
       PROVE  Cardinality(S) = n ,
       NEW CONSTANT S,
       NEW CONSTANT T,
       IsFiniteSet(S) ,
       ExistsBijection(S, T) ,
       ASSUME NEW CONSTANT S_1,
              IsFiniteSet(S_1) 
       PROVE  /\ Cardinality(S_1) \in Nat
              /\ ExistsBijection(1..Cardinality(S_1), S_1) ,
       ASSUME NEW CONSTANT S_1,
              NEW CONSTANT T_1,
              NEW CONSTANT U,
              ExistsBijection(S_1, T_1) ,
              ExistsBijection(T_1, U) 
       PROVE  ExistsBijection(S_1, U) 
PROVE  ASSUME NEW CONSTANT S_1,
              NEW CONSTANT n \in Nat,
              ExistsBijection(1..n, S_1) 
       PROVE  Cardinality(S_1) = n

@!!END

@!!BEGIN
@!!type:obligation
@!!id:168
@!!loc:261:4:261:19
@!!status:trivial
@!!prover:tlapm
@!!already:false
@!!obl:ASSUME ASSUME NEW CONSTANT S
       PROVE  IsFiniteSet(S) <=> (\E n \in Nat : ExistsBijection(1..n, S)) ,
       NEW CONSTANT S,
       NEW CONSTANT T,
       IsFiniteSet(S) ,
       ExistsBijection(S, T) ,
       ASSUME NEW CONSTANT S_1,
              IsFiniteSet(S_1) 
       PROVE  /\ Cardinality(S_1) \in Nat
              /\ ExistsBijection(1..Cardinality(S_1), S_1) ,
       ASSUME NEW CONSTANT S_1,
              NEW CONSTANT T_1,
              NEW CONSTANT U,
              ExistsBijection(S_1, T_1) ,
              ExistsBijection(T_1, U) 
       PROVE  ExistsBijection(S_1, U) ,
       ASSUME NEW CONSTANT S_1,
              NEW CONSTANT n \in Nat,
              ExistsBijection(1..n, S_1) 
       PROVE  Cardinality(S_1) = n 
PROVE  ASSUME NEW CONSTANT S_1
       PROVE  IsFiniteSet(S_1)
              <=> (\E n \in Nat : ExistsBijection(1..n, S_1))

@!!END

@!!BEGIN
@!!type:obligation
@!!id:169
@!!loc:268:1:268:3
@!!status:normalized
@!!meth:time-limit: 5
@!!obl:ASSUME NEW CONSTANT S,
       NEW CONSTANT T,
       IsFiniteSet(S) ,
       IsFiniteSet(T) ,
       Cardinality(S) = Cardinality(T) ,
       ASSUME NEW CONSTANT S_1,
              IsFiniteSet(S_1) 
       PROVE  /\ Cardinality(S_1) \in Nat
              /\ ExistsBijection(1..Cardinality(S_1), S_1) ,
       ASSUME NEW CONSTANT S_1,
              NEW CONSTANT T_1,
              ExistsBijection(S_1, T_1) 
       PROVE  ExistsBijection(T_1, S_1) ,
       ASSUME NEW CONSTANT S_1,
              NEW CONSTANT T_1,
              NEW CONSTANT U,
              ExistsBijection(S_1, T_1) ,
              ExistsBijection(T_1, U) 
       PROVE  ExistsBijection(S_1, U) 
PROVE  ExistsBijection(S, T)

@!!END

@!!BEGIN
@!!type:obligation
@!!id:170
@!!loc:268:4:268:22
@!!status:trivial
@!!prover:tlapm
@!!already:false
@!!obl:ASSUME ASSUME NEW CONSTANT S,
              IsFiniteSet(S) 
       PROVE  /\ Cardinality(S) \in Nat
              /\ ExistsBijection(1..Cardinality(S), S) ,
       NEW CONSTANT S,
       NEW CONSTANT T,
       IsFiniteSet(S) ,
       IsFiniteSet(T) ,
       Cardinality(S) = Cardinality(T) 
PROVE  ASSUME NEW CONSTANT S_1,
              IsFiniteSet(S_1) 
       PROVE  /\ Cardinality(S_1) \in Nat
              /\ ExistsBijection(1..Cardinality(S_1), S_1)

@!!END

@!!BEGIN
@!!type:obligation
@!!id:171
@!!loc:268:24:268:46
@!!status:trivial
@!!prover:tlapm
@!!already:false
@!!obl:ASSUME ASSUME NEW CONSTANT S,
              NEW CONSTANT T,
              ExistsBijection(S, T) 
       PROVE  ExistsBijection(T, S) ,
       NEW CONSTANT S,
       NEW CONSTANT T,
       IsFiniteSet(S) ,
       IsFiniteSet(T) ,
       Cardinality(S) = Cardinality(T) ,
       ASSUME NEW CONSTANT S_1,
              IsFiniteSet(S_1) 
       PROVE  /\ Cardinality(S_1) \in Nat
              /\ ExistsBijection(1..Cardinality(S_1), S_1) 
PROVE  ASSUME NEW CONSTANT S_1,
              NEW CONSTANT T_1,
              ExistsBijection(S_1, T_1) 
       PROVE  ExistsBijection(T_1, S_1)

@!!END

@!!BEGIN
@!!type:obligation
@!!id:172
@!!loc:268:48:268:71
@!!status:trivial
@!!prover:tlapm
@!!already:false
@!!obl:ASSUME ASSUME NEW CONSTANT S,
              NEW CONSTANT T,
              NEW CONSTANT U,
              ExistsBijection(S, T) ,
              ExistsBijection(T, U) 
       PROVE  ExistsBijection(S, U) ,
       NEW CONSTANT S,
       NEW CONSTANT T,
       IsFiniteSet(S) ,
       IsFiniteSet(T) ,
       Cardinality(S) = Cardinality(T) ,
       ASSUME NEW CONSTANT S_1,
              IsFiniteSet(S_1) 
       PROVE  /\ Cardinality(S_1) \in Nat
              /\ ExistsBijection(1..Cardinality(S_1), S_1) ,
       ASSUME NEW CONSTANT S_1,
              NEW CONSTANT T_1,
              ExistsBijection(S_1, T_1) 
       PROVE  ExistsBijection(T_1, S_1) 
PROVE  ASSUME NEW CONSTANT S_1,
              NEW CONSTANT T_1,
              NEW CONSTANT U,
              ExistsBijection(S_1, T_1) ,
              ExistsBijection(T_1, U) 
       PROVE  ExistsBijection(S_1, U)

@!!END

@!!BEGIN
@!!type:obligation
@!!id:173
@!!loc:323:11:323:13
@!!status:normalized
@!!meth:time-limit: 5
@!!obl:ASSUME NEW CONSTANT S,
       NEW CONSTANT T,
       IsFiniteSet(S) ,
       Cardinality(S) = Cardinality(T) ,
       NEW CONSTANT f \in Surjection(S, T),
       NEW CONSTANT a \in S,
       NEW CONSTANT b \in S,
       Cardinality(S) \in Nat ,
       NEW CONSTANT g \in Bijection(1..Cardinality(S), S),
       TRUE ,
       NEW CONSTANT i \in 1..Cardinality(S),
       NEW CONSTANT j \in 1..Cardinality(S),
       Cardinality(S) - 1 \in Nat ,
       Cardinality(T) =< Cardinality(S) - 1 
PROVE  FALSE

@!!END

@!!BEGIN
@!!type:obligation
@!!id:174
@!!loc:323:14:323:18
@!!status:trivial
@!!prover:tlapm
@!!already:false
@!!obl:ASSUME NEW CONSTANT S,
       NEW CONSTANT T,
       IsFiniteSet(S) ,
       Cardinality(S) = Cardinality(T) ,
       NEW CONSTANT f \in Surjection(S, T),
       NEW CONSTANT a \in S,
       NEW CONSTANT b \in S,
       Cardinality(S) \in Nat ,
       NEW CONSTANT g \in Bijection(1..Cardinality(S), S),
       TRUE ,
       NEW CONSTANT i \in 1..Cardinality(S),
       NEW CONSTANT j \in 1..Cardinality(S),
       Cardinality(S) - 1 \in Nat ,
       Cardinality(T) =< Cardinality(S) - 1 
PROVE  Cardinality(T) =< Cardinality(S) - 1

@!!END

@!!BEGIN
@!!type:obligation
@!!id:175
@!!loc:285:3:285:5
@!!status:normalized
@!!meth:time-limit: 5
@!!obl:ASSUME NEW CONSTANT S,
       NEW CONSTANT T,
       IsFiniteSet(S) ,
       Cardinality(S) = Cardinality(T) ,
       NEW CONSTANT f \in {M \in [S -> T] :
                             \A t \in T : \E s \in S : M[s] = t},
       ASSUME NEW CONSTANT a \in S,
              NEW CONSTANT b \in S,
              a # b ,
              f[a] = f[b] 
       PROVE  FALSE 
PROVE  f \in {M \in [S -> T] : \A a, b \in DOMAIN M : M[a] = M[b] => a = b}

@!!END

@!!BEGIN
@!!type:obligation
@!!id:176
@!!loc:287:17:287:19
@!!status:normalized
@!!meth:time-limit: 5
@!!obl:ASSUME NEW CONSTANT S,
       NEW CONSTANT T,
       IsFiniteSet(S) ,
       Cardinality(S) = Cardinality(T) ,
       NEW CONSTANT f \in Surjection(S, T),
       NEW CONSTANT a \in S,
       NEW CONSTANT b \in S,
       ASSUME NEW CONSTANT S_1,
              IsFiniteSet(S_1) 
       PROVE  /\ Cardinality(S_1) \in Nat
              /\ ExistsBijection(1..Cardinality(S_1), S_1) 
PROVE  Cardinality(S) \in Nat

@!!END

@!!BEGIN
@!!type:obligation
@!!id:177
@!!loc:287:20:287:38
@!!status:trivial
@!!prover:tlapm
@!!already:false
@!!obl:ASSUME ASSUME NEW CONSTANT S,
              IsFiniteSet(S) 
       PROVE  /\ Cardinality(S) \in Nat
              /\ ExistsBijection(1..Cardinality(S), S) ,
       NEW CONSTANT S,
       NEW CONSTANT T,
       IsFiniteSet(S) ,
       Cardinality(S) = Cardinality(T) ,
       NEW CONSTANT f \in Surjection(S, T),
       NEW CONSTANT a \in S,
       NEW CONSTANT b \in S
PROVE  ASSUME NEW CONSTANT S_1,
              IsFiniteSet(S_1) 
       PROVE  /\ Cardinality(S_1) \in Nat
              /\ ExistsBijection(1..Cardinality(S_1), S_1)

@!!END

@!!BEGIN
@!!type:obligation
@!!id:178
@!!loc:289:3:289:5
@!!status:normalized
@!!meth:time-limit: 10
@!!obl:ASSUME NEW CONSTANT S,
       NEW CONSTANT T,
       IsFiniteSet(S) ,
       Cardinality(S) = Cardinality(T) ,
       NEW CONSTANT f \in Surjection(S, T),
       NEW CONSTANT a \in S,
       NEW CONSTANT b \in S,
       Cardinality(S) \in Nat ,
       ASSUME NEW CONSTANT S_1,
              IsFiniteSet(S_1) 
       PROVE  /\ Cardinality(S_1) \in Nat
              /\ Bijection(1..Cardinality(S_1), S_1) # {} ,
       TRUE 
PROVE  \E g \in Bijection(1..Cardinality(S), S) : TRUE

@!!END

@!!BEGIN
@!!type:obligation
@!!id:179
@!!loc:289:6:289:24
@!!status:trivial
@!!prover:tlapm
@!!already:false
@!!obl:ASSUME ASSUME NEW CONSTANT S,
              IsFiniteSet(S) 
       PROVE  /\ Cardinality(S) \in Nat
              /\ Bijection(1..Cardinality(S), S) # {} ,
       NEW CONSTANT S,
       NEW CONSTANT T,
       IsFiniteSet(S) ,
       Cardinality(S) = Cardinality(T) ,
       NEW CONSTANT f \in Surjection(S, T),
       NEW CONSTANT a \in S,
       NEW CONSTANT b \in S,
       Cardinality(S) \in Nat 
PROVE  ASSUME NEW CONSTANT S_1,
              IsFiniteSet(S_1) 
       PROVE  /\ Cardinality(S_1) \in Nat
              /\ Bijection(1..Cardinality(S_1), S_1) # {}

@!!END

@!!BEGIN
@!!type:obligation
@!!id:180
@!!loc:289:26:289:31
@!!status:trivial
@!!prover:tlapm
@!!already:false
@!!obl:ASSUME NEW CONSTANT S,
       NEW CONSTANT T,
       IsFiniteSet(S) ,
       Cardinality(S) = Cardinality(T) ,
       NEW CONSTANT f \in Surjection(S, T),
       NEW CONSTANT a \in S,
       NEW CONSTANT b \in S,
       Cardinality(S) \in Nat ,
       ASSUME NEW CONSTANT S_1,
              IsFiniteSet(S_1) 
       PROVE  /\ Cardinality(S_1) \in Nat
              /\ Bijection(1..Cardinality(S_1), S_1) # {} 
PROVE  TRUE

@!!END

@!!BEGIN
@!!type:obligation
@!!id:182
@!!loc:298:13:298:15
@!!status:normalized
@!!meth:time-limit: 5
@!!obl:ASSUME NEW CONSTANT S,
       NEW CONSTANT T,
       IsFiniteSet(S) ,
       Cardinality(S) = Cardinality(T) ,
       NEW CONSTANT f \in Surjection(S, T),
       NEW CONSTANT a \in S,
       NEW CONSTANT b \in S,
       Cardinality(S) \in Nat ,
       NEW CONSTANT g \in Bijection(1..Cardinality(S), S),
       TRUE ,
       NEW CONSTANT i \in 1..Cardinality(S),
       NEW CONSTANT j \in 1..Cardinality(S),
       i # j /\ g[i] = a /\ g[j] = b ,
       ASSUME i < j 
       PROVE  \E i_1, j_1 \in 1..Cardinality(S) :
                 /\ i_1 < j_1
                 /\ \/ g[i_1] = a /\ g[j_1] = b
                    \/ g[i_1] = b /\ g[j_1] = a ,
       ASSUME i > j 
       PROVE  \E i_1, j_1 \in 1..Cardinality(S) :
                 /\ i_1 < j_1
                 /\ \/ g[i_1] = a /\ g[j_1] = b
                    \/ g[i_1] = b /\ g[j_1] = a 
PROVE  \E i_1, j_1 \in 1..Cardinality(S) :
          /\ i_1 < j_1
          /\ \/ g[i_1] = a /\ g[j_1] = b
             \/ g[i_1] = b /\ g[j_1] = a

@!!END

@!!BEGIN
@!!type:obligation
@!!id:183
@!!loc:298:16:298:20
@!!status:trivial
@!!prover:tlapm
@!!already:false
@!!obl:ASSUME NEW CONSTANT S,
       NEW CONSTANT T,
       IsFiniteSet(S) ,
       Cardinality(S) = Cardinality(T) ,
       NEW CONSTANT f \in Surjection(S, T),
       NEW CONSTANT a \in S,
       NEW CONSTANT b \in S,
       Cardinality(S) \in Nat ,
       NEW CONSTANT g \in Bijection(1..Cardinality(S), S),
       TRUE ,
       NEW CONSTANT i \in 1..Cardinality(S),
       NEW CONSTANT j \in 1..Cardinality(S),
       i # j /\ g[i] = a /\ g[j] = b 
PROVE  i # j /\ g[i] = a /\ g[j] = b

@!!END

@!!BEGIN
@!!type:obligation
@!!id:184
@!!loc:298:22:298:26
@!!status:trivial
@!!prover:tlapm
@!!already:false
@!!obl:ASSUME NEW CONSTANT S,
       NEW CONSTANT T,
       IsFiniteSet(S) ,
       Cardinality(S) = Cardinality(T) ,
       NEW CONSTANT f \in Surjection(S, T),
       NEW CONSTANT a \in S,
       NEW CONSTANT b \in S,
       Cardinality(S) \in Nat ,
       NEW CONSTANT g \in Bijection(1..Cardinality(S), S),
       TRUE ,
       NEW CONSTANT i \in 1..Cardinality(S),
       NEW CONSTANT j \in 1..Cardinality(S),
       ASSUME i < j 
       PROVE  \E i_1, j_1 \in 1..Cardinality(S) :
                 /\ i_1 < j_1
                 /\ \/ g[i_1] = a /\ g[j_1] = b
                    \/ g[i_1] = b /\ g[j_1] = a ,
       i # j /\ g[i] = a /\ g[j] = b 
PROVE  ASSUME i < j 
       PROVE  \E i_1, j_1 \in 1..Cardinality(S) :
                 /\ i_1 < j_1
                 /\ \/ g[i_1] = a /\ g[j_1] = b
                    \/ g[i_1] = b /\ g[j_1] = a

@!!END

@!!BEGIN
@!!type:obligation
@!!id:185
@!!loc:298:28:298:32
@!!status:trivial
@!!prover:tlapm
@!!already:false
@!!obl:ASSUME NEW CONSTANT S,
       NEW CONSTANT T,
       IsFiniteSet(S) ,
       Cardinality(S) = Cardinality(T) ,
       NEW CONSTANT f \in Surjection(S, T),
       NEW CONSTANT a \in S,
       NEW CONSTANT b \in S,
       Cardinality(S) \in Nat ,
       NEW CONSTANT g \in Bijection(1..Cardinality(S), S),
       TRUE ,
       NEW CONSTANT i \in 1..Cardinality(S),
       NEW CONSTANT j \in 1..Cardinality(S),
       ASSUME i > j 
       PROVE  \E i_1, j_1 \in 1..Cardinality(S) :
                 /\ i_1 < j_1
                 /\ \/ g[i_1] = a /\ g[j_1] = b
                    \/ g[i_1] = b /\ g[j_1] = a ,
       i # j /\ g[i] = a /\ g[j] = b ,
       ASSUME i < j 
       PROVE  \E i_1, j_1 \in 1..Cardinality(S) :
                 /\ i_1 < j_1
                 /\ \/ g[i_1] = a /\ g[j_1] = b
                    \/ g[i_1] = b /\ g[j_1] = a 
PROVE  ASSUME i > j 
       PROVE  \E i_1, j_1 \in 1..Cardinality(S) :
                 /\ i_1 < j_1
                 /\ \/ g[i_1] = a /\ g[j_1] = b
                    \/ g[i_1] = b /\ g[j_1] = a

@!!END

@!!BEGIN
@!!type:obligation
@!!id:186
@!!loc:295:5:295:7
@!!status:normalized
@!!meth:time-limit: 5
@!!obl:ASSUME NEW CONSTANT S,
       NEW CONSTANT T,
       IsFiniteSet(S) ,
       Cardinality(S) = Cardinality(T) ,
       NEW CONSTANT f \in {M \in [S -> T] :
                             \A t \in T : \E s \in S : M[s] = t},
       NEW CONSTANT a \in S,
       NEW CONSTANT b \in S,
       Cardinality(S) \in Nat ,
       NEW CONSTANT g \in Injection(1..Cardinality(S), S)
                          \cap {M \in [1..Cardinality(S) -> S] :
                                  \A t \in S :
                                     \E s \in 1..Cardinality(S) : M[s] = t},
       TRUE ,
       /\ a # b
       /\ f[a] = f[b] 
PROVE  \E i, j \in 1..Cardinality(S) : i # j /\ g[i] = a /\ g[j] = b

@!!END

@!!BEGIN
@!!type:obligation
@!!id:187
@!!loc:295:8:295:12
@!!status:trivial
@!!prover:tlapm
@!!already:false
@!!obl:ASSUME NEW CONSTANT S,
       NEW CONSTANT T,
       IsFiniteSet(S) ,
       Cardinality(S) = Cardinality(T) ,
       NEW CONSTANT f \in {M \in [S -> T] :
                             \A t \in T : \E s \in S : M[s] = t},
       NEW CONSTANT a \in S,
       NEW CONSTANT b \in S,
       /\ a # b
       /\ f[a] = f[b] ,
       Cardinality(S) \in Nat ,
       NEW CONSTANT g \in Injection(1..Cardinality(S), S)
                          \cap {M \in [1..Cardinality(S) -> S] :
                                  \A t \in S :
                                     \E s \in 1..Cardinality(S) : M[s] = t},
       TRUE 
PROVE  /\ a # b
       /\ f[a] = f[b]

@!!END

@!!BEGIN
@!!type:obligation
@!!id:189
@!!loc:296:21:296:23
@!!status:normalized
@!!meth:time-limit: 5
@!!obl:ASSUME NEW CONSTANT S,
       NEW CONSTANT T,
       IsFiniteSet(S) ,
       Cardinality(S) = Cardinality(T) ,
       NEW CONSTANT f \in Surjection(S, T),
       NEW CONSTANT a \in S,
       NEW CONSTANT b \in S,
       Cardinality(S) \in Nat ,
       NEW CONSTANT g \in Bijection(1..Cardinality(S), S),
       TRUE ,
       NEW CONSTANT i \in 1..Cardinality(S),
       NEW CONSTANT j \in 1..Cardinality(S),
       i # j /\ g[i] = a /\ g[j] = b ,
       i < j 
PROVE  \E i_1, j_1 \in 1..Cardinality(S) :
          /\ i_1 < j_1
          /\ \/ g[i_1] = a /\ g[j_1] = b
             \/ g[i_1] = b /\ g[j_1] = a

@!!END

@!!BEGIN
@!!type:obligation
@!!id:190
@!!loc:296:24:296:28
@!!status:trivial
@!!prover:tlapm
@!!already:false
@!!obl:ASSUME NEW CONSTANT S,
       NEW CONSTANT T,
       IsFiniteSet(S) ,
       Cardinality(S) = Cardinality(T) ,
       NEW CONSTANT f \in Surjection(S, T),
       NEW CONSTANT a \in S,
       NEW CONSTANT b \in S,
       Cardinality(S) \in Nat ,
       NEW CONSTANT g \in Bijection(1..Cardinality(S), S),
       TRUE ,
       NEW CONSTANT i \in 1..Cardinality(S),
       NEW CONSTANT j \in 1..Cardinality(S),
       i # j /\ g[i] = a /\ g[j] = b 
PROVE  i # j /\ g[i] = a /\ g[j] = b

@!!END

@!!BEGIN
@!!type:obligation
@!!id:191
@!!loc:296:30:296:34
@!!status:trivial
@!!prover:tlapm
@!!already:false
@!!obl:ASSUME NEW CONSTANT S,
       NEW CONSTANT T,
       IsFiniteSet(S) ,
       Cardinality(S) = Cardinality(T) ,
       NEW CONSTANT f \in Surjection(S, T),
       NEW CONSTANT a \in S,
       NEW CONSTANT b \in S,
       Cardinality(S) \in Nat ,
       NEW CONSTANT g \in Bijection(1..Cardinality(S), S),
       TRUE ,
       NEW CONSTANT i \in 1..Cardinality(S),
       NEW CONSTANT j \in 1..Cardinality(S),
       i < j ,
       i # j /\ g[i] = a /\ g[j] = b 
PROVE  i < j

@!!END

@!!BEGIN
@!!type:obligation
@!!id:192
@!!loc:297:21:297:23
@!!status:normalized
@!!meth:time-limit: 5
@!!obl:ASSUME NEW CONSTANT S,
       NEW CONSTANT T,
       IsFiniteSet(S) ,
       Cardinality(S) = Cardinality(T) ,
       NEW CONSTANT f \in Surjection(S, T),
       NEW CONSTANT a \in S,
       NEW CONSTANT b \in S,
       Cardinality(S) \in Nat ,
       NEW CONSTANT g \in Bijection(1..Cardinality(S), S),
       TRUE ,
       NEW CONSTANT i \in 1..Cardinality(S),
       NEW CONSTANT j \in 1..Cardinality(S),
       i # j /\ g[i] = a /\ g[j] = b ,
       i > j 
PROVE  \E i_1, j_1 \in 1..Cardinality(S) :
          /\ i_1 < j_1
          /\ \/ g[i_1] = a /\ g[j_1] = b
             \/ g[i_1] = b /\ g[j_1] = a

@!!END

@!!BEGIN
@!!type:obligation
@!!id:189
@!!loc:296:21:296:23
@!!status:proved
@!!prover:smt
@!!meth:time-limit: 5; time-used: 0.1 (3%)
@!!already:false
@!!obl:
ASSUME NEW CONSTANT S,
       NEW CONSTANT T,
       IsFiniteSet(S) ,
       Cardinality(S) = Cardinality(T) ,
       NEW CONSTANT f \in Surjection(S, T),
       NEW CONSTANT a \in S,
       NEW CONSTANT b \in S,
       Cardinality(S) \in Nat ,
       NEW CONSTANT g \in Bijection(1..Cardinality(S), S),
       TRUE ,
       NEW CONSTANT i \in 1..Cardinality(S),
       NEW CONSTANT j \in 1..Cardinality(S),
       i # j /\ g[i] = a /\ g[j] = b ,
       i < j 
PROVE  \E i_1, j_1 \in 1..Cardinality(S) :
          /\ i_1 < j_1
          /\ \/ g[i_1] = a /\ g[j_1] = b
             \/ g[i_1] = b /\ g[j_1] = a

@!!END

@!!BEGIN
@!!type:obligation
@!!id:186
@!!loc:295:5:295:7
@!!status:proved
@!!prover:smt
@!!meth:time-limit: 5; time-used: 0.2 (5%)
@!!already:false
@!!obl:
ASSUME NEW CONSTANT S,
       NEW CONSTANT T,
       IsFiniteSet(S) ,
       Cardinality(S) = Cardinality(T) ,
       NEW CONSTANT f \in {M \in [S -> T] :
                             \A t \in T : \E s \in S : M[s] = t},
       NEW CONSTANT a \in S,
       NEW CONSTANT b \in S,
       Cardinality(S) \in Nat ,
       NEW CONSTANT g \in Injection(1..Cardinality(S), S)
                          \cap {M \in [1..Cardinality(S) -> S] :
                                  \A t \in S :
                                     \E s \in 1..Cardinality(S) : M[s] = t},
       TRUE ,
       /\ a # b
       /\ f[a] = f[b] 
PROVE  \E i, j \in 1..Cardinality(S) : i # j /\ g[i] = a /\ g[j] = b

@!!END

@!!BEGIN
@!!type:obligation
@!!id:182
@!!loc:298:13:298:15
@!!status:proved
@!!prover:smt
@!!meth:time-limit: 5; time-used: 0.4 (8%)
@!!already:false
@!!obl:
ASSUME NEW CONSTANT S,
       NEW CONSTANT T,
       IsFiniteSet(S) ,
       Cardinality(S) = Cardinality(T) ,
       NEW CONSTANT f \in Surjection(S, T),
       NEW CONSTANT a \in S,
       NEW CONSTANT b \in S,
       Cardinality(S) \in Nat ,
       NEW CONSTANT g \in Bijection(1..Cardinality(S), S),
       TRUE ,
       NEW CONSTANT i \in 1..Cardinality(S),
       NEW CONSTANT j \in 1..Cardinality(S),
       i # j /\ g[i] = a /\ g[j] = b ,
       ASSUME i < j 
       PROVE  \E i_1, j_1 \in 1..Cardinality(S) :
                 /\ i_1 < j_1
                 /\ \/ g[i_1] = a /\ g[j_1] = b
                    \/ g[i_1] = b /\ g[j_1] = a ,
       ASSUME i > j 
       PROVE  \E i_1, j_1 \in 1..Cardinality(S) :
                 /\ i_1 < j_1
                 /\ \/ g[i_1] = a /\ g[j_1] = b
                    \/ g[i_1] = b /\ g[j_1] = a 
PROVE  \E i_1, j_1 \in 1..Cardinality(S) :
          /\ i_1 < j_1
          /\ \/ g[i_1] = a /\ g[j_1] = b
             \/ g[i_1] = b /\ g[j_1] = a

@!!END

@!!BEGIN
@!!type:obligation
@!!id:178
@!!loc:289:3:289:5
@!!status:proved
@!!prover:zenon
@!!meth:time-limit: 10; time-used: 0.6 (6%)
@!!already:false
@!!obl:
ASSUME NEW CONSTANT S,
       NEW CONSTANT T,
       IsFiniteSet(S) ,
       Cardinality(S) = Cardinality(T) ,
       NEW CONSTANT f \in Surjection(S, T),
       NEW CONSTANT a \in S,
       NEW CONSTANT b \in S,
       Cardinality(S) \in Nat ,
       ASSUME NEW CONSTANT S_1,
              IsFiniteSet(S_1) 
       PROVE  /\ Cardinality(S_1) \in Nat
              /\ Bijection(1..Cardinality(S_1), S_1) # {} ,
       TRUE 
PROVE  \E g \in Bijection(1..Cardinality(S), S) : TRUE

@!!END

@!!BEGIN
@!!type:obligation
@!!id:176
@!!loc:287:17:287:19
@!!status:proved
@!!prover:smt
@!!meth:time-limit: 5; time-used: 0.6 (12%)
@!!already:false
@!!obl:
ASSUME NEW CONSTANT S,
       NEW CONSTANT T,
       IsFiniteSet(S) ,
       Cardinality(S) = Cardinality(T) ,
       NEW CONSTANT f \in Surjection(S, T),
       NEW CONSTANT a \in S,
       NEW CONSTANT b \in S,
       ASSUME NEW CONSTANT S_1,
              IsFiniteSet(S_1) 
       PROVE  /\ Cardinality(S_1) \in Nat
              /\ ExistsBijection(1..Cardinality(S_1), S_1) 
PROVE  Cardinality(S) \in Nat

@!!END

@!!BEGIN
@!!type:obligation
@!!id:175
@!!loc:285:3:285:5
@!!status:proved
@!!prover:smt
@!!meth:time-limit: 5; time-used: 0.7 (14%)
@!!already:false
@!!obl:
ASSUME NEW CONSTANT S,
       NEW CONSTANT T,
       IsFiniteSet(S) ,
       Cardinality(S) = Cardinality(T) ,
       NEW CONSTANT f \in {M \in [S -> T] :
                             \A t \in T : \E s \in S : M[s] = t},
       ASSUME NEW CONSTANT a \in S,
              NEW CONSTANT b \in S,
              a # b ,
              f[a] = f[b] 
       PROVE  FALSE 
PROVE  f \in {M \in [S -> T] : \A a, b \in DOMAIN M : M[a] = M[b] => a = b}

@!!END

@!!BEGIN
@!!type:obligation
@!!id:173
@!!loc:323:11:323:13
@!!status:proved
@!!prover:smt
@!!meth:time-limit: 5; time-used: 0.8 (16%)
@!!already:false
@!!obl:
ASSUME NEW CONSTANT S,
       NEW CONSTANT T,
       IsFiniteSet(S) ,
       Cardinality(S) = Cardinality(T) ,
       NEW CONSTANT f \in Surjection(S, T),
       NEW CONSTANT a \in S,
       NEW CONSTANT b \in S,
       Cardinality(S) \in Nat ,
       NEW CONSTANT g \in Bijection(1..Cardinality(S), S),
       TRUE ,
       NEW CONSTANT i \in 1..Cardinality(S),
       NEW CONSTANT j \in 1..Cardinality(S),
       Cardinality(S) - 1 \in Nat ,
       Cardinality(T) =< Cardinality(S) - 1 
PROVE  FALSE

@!!END

@!!BEGIN
@!!type:obligation
@!!id:169
@!!loc:268:1:268:3
@!!status:proved
@!!prover:smt
@!!meth:time-limit: 5; time-used: 1.0 (19%)
@!!already:false
@!!obl:
ASSUME NEW CONSTANT S,
       NEW CONSTANT T,
       IsFiniteSet(S) ,
       IsFiniteSet(T) ,
       Cardinality(S) = Cardinality(T) ,
       ASSUME NEW CONSTANT S_1,
              IsFiniteSet(S_1) 
       PROVE  /\ Cardinality(S_1) \in Nat
              /\ ExistsBijection(1..Cardinality(S_1), S_1) ,
       ASSUME NEW CONSTANT S_1,
              NEW CONSTANT T_1,
              ExistsBijection(S_1, T_1) 
       PROVE  ExistsBijection(T_1, S_1) ,
       ASSUME NEW CONSTANT S_1,
              NEW CONSTANT T_1,
              NEW CONSTANT U,
              ExistsBijection(S_1, T_1) ,
              ExistsBijection(T_1, U) 
       PROVE  ExistsBijection(S_1, U) 
PROVE  ExistsBijection(S, T)

@!!END

@!!BEGIN
@!!type:obligation
@!!id:164
@!!loc:260:1:260:3
@!!status:proved
@!!prover:smt
@!!meth:time-limit: 5; time-used: 1.2 (23%)
@!!already:false
@!!obl:
ASSUME NEW CONSTANT S,
       NEW CONSTANT T,
       IsFiniteSet(S) ,
       ExistsBijection(S, T) ,
       ASSUME NEW CONSTANT S_1,
              IsFiniteSet(S_1) 
       PROVE  /\ Cardinality(S_1) \in Nat
              /\ ExistsBijection(1..Cardinality(S_1), S_1) ,
       ASSUME NEW CONSTANT S_1,
              NEW CONSTANT T_1,
              NEW CONSTANT U,
              ExistsBijection(S_1, T_1) ,
              ExistsBijection(T_1, U) 
       PROVE  ExistsBijection(S_1, U) ,
       ASSUME NEW CONSTANT S_1,
              NEW CONSTANT n \in Nat,
              ExistsBijection(1..n, S_1) 
       PROVE  Cardinality(S_1) = n ,
       ASSUME NEW CONSTANT S_1
       PROVE  IsFiniteSet(S_1)
              <=> (\E n \in Nat : ExistsBijection(1..n, S_1)) 
PROVE  /\ IsFiniteSet(T)
       /\ Cardinality(T) = Cardinality(S)

@!!END

@!!BEGIN
@!!type:obligation
@!!id:193
@!!loc:297:24:297:28
@!!status:trivial
@!!prover:tlapm
@!!already:false
@!!obl:ASSUME NEW CONSTANT S,
       NEW CONSTANT T,
       IsFiniteSet(S) ,
       Cardinality(S) = Cardinality(T) ,
       NEW CONSTANT f \in Surjection(S, T),
       NEW CONSTANT a \in S,
       NEW CONSTANT b \in S,
       Cardinality(S) \in Nat ,
       NEW CONSTANT g \in Bijection(1..Cardinality(S), S),
       TRUE ,
       NEW CONSTANT i \in 1..Cardinality(S),
       NEW CONSTANT j \in 1..Cardinality(S),
       i # j /\ g[i] = a /\ g[j] = b 
PROVE  i # j /\ g[i] = a /\ g[j] = b

@!!END

@!!BEGIN
@!!type:obligation
@!!id:194
@!!loc:297:30:297:34
@!!status:trivial
@!!prover:tlapm
@!!already:false
@!!obl:ASSUME NEW CONSTANT S,
       NEW CONSTANT T,
       IsFiniteSet(S) ,
       Cardinality(S) = Cardinality(T) ,
       NEW CONSTANT f \in Surjection(S, T),
       NEW CONSTANT a \in S,
       NEW CONSTANT b \in S,
       Cardinality(S) \in Nat ,
       NEW CONSTANT g \in Bijection(1..Cardinality(S), S),
       TRUE ,
       NEW CONSTANT i \in 1..Cardinality(S),
       NEW CONSTANT j \in 1..Cardinality(S),
       i > j ,
       i # j /\ g[i] = a /\ g[j] = b 
PROVE  i > j

@!!END

@!!BEGIN
@!!type:obligation
@!!id:196
@!!loc:299:19:299:21
@!!status:normalized
@!!meth:time-limit: 5
@!!obl:ASSUME NEW CONSTANT S,
       NEW CONSTANT T,
       IsFiniteSet(S) ,
       Cardinality(S) = Cardinality(T) ,
       NEW CONSTANT f \in Surjection(S, T),
       NEW CONSTANT a \in S,
       NEW CONSTANT b \in S,
       Cardinality(S) \in Nat ,
       NEW CONSTANT g \in Bijection(1..Cardinality(S), S),
       TRUE ,
       NEW CONSTANT i \in 1..Cardinality(S),
       NEW CONSTANT j \in 1..Cardinality(S),
       /\ i < j
       /\ \/ g[i] = a /\ g[j] = b
          \/ g[i] = b /\ g[j] = a 
PROVE  Cardinality(S) - 1 \in Nat

@!!END

@!!BEGIN
@!!type:obligation
@!!id:197
@!!loc:299:22:299:26
@!!status:trivial
@!!prover:tlapm
@!!already:false
@!!obl:ASSUME NEW CONSTANT S,
       NEW CONSTANT T,
       IsFiniteSet(S) ,
       Cardinality(S) = Cardinality(T) ,
       NEW CONSTANT f \in Surjection(S, T),
       NEW CONSTANT a \in S,
       NEW CONSTANT b \in S,
       Cardinality(S) \in Nat ,
       NEW CONSTANT g \in Bijection(1..Cardinality(S), S),
       TRUE ,
       NEW CONSTANT i \in 1..Cardinality(S),
       NEW CONSTANT j \in 1..Cardinality(S),
       /\ i < j
       /\ \/ g[i] = a /\ g[j] = b
          \/ g[i] = b /\ g[j] = a 
PROVE  /\ i < j
       /\ \/ g[i] = a /\ g[j] = b
          \/ g[i] = b /\ g[j] = a

@!!END

@!!BEGIN
@!!type:obligation
@!!id:198
@!!loc:321:13:321:15
@!!status:normalized
@!!meth:time-limit: 5
@!!obl:ASSUME NEW CONSTANT S,
       NEW CONSTANT T,
       IsFiniteSet(S) ,
       Cardinality(S) = Cardinality(T) ,
       NEW CONSTANT f \in {M \in [S -> T] :
                             \A t \in T : \E s \in S : M[s] = t},
       NEW CONSTANT a \in S,
       NEW CONSTANT b \in S,
       Cardinality(S) \in Nat ,
       NEW CONSTANT g \in Bijection(1..Cardinality(S), S),
       TRUE ,
       NEW CONSTANT i \in 1..Cardinality(S),
       NEW CONSTANT j \in 1..Cardinality(S),
       Cardinality(S) - 1 \in Nat ,
       [k \in 1..Cardinality(S) - 1 |->
          IF k = j THEN f[g[Cardinality(S)]] ELSE f[g[k]]]
       \in [1..Cardinality(S) - 1 -> T] ,
       ASSUME NEW CONSTANT t \in T
       PROVE  \E k \in 1..Cardinality(S) - 1 :
                 [k_1 \in 1..Cardinality(S) - 1 |->
                    IF k_1 = j THEN f[g[Cardinality(S)]] ELSE f[g[k_1]]][k]
                 = t 
PROVE  [k \in 1..Cardinality(S) - 1 |->
          IF k = j THEN f[g[Cardinality(S)]] ELSE f[g[k]]]
       \in {M \in [1..Cardinality(S) - 1 -> T] :
              \A t \in T : \E s \in 1..Cardinality(S) - 1 : M[s] = t}

@!!END

@!!BEGIN
@!!type:obligation
@!!id:199
@!!loc:321:16:321:20
@!!status:trivial
@!!prover:tlapm
@!!already:false
@!!obl:ASSUME NEW CONSTANT S,
       NEW CONSTANT T,
       IsFiniteSet(S) ,
       Cardinality(S) = Cardinality(T) ,
       NEW CONSTANT f \in {M \in [S -> T] :
                             \A t \in T : \E s \in S : M[s] = t},
       NEW CONSTANT a \in S,
       NEW CONSTANT b \in S,
       Cardinality(S) \in Nat ,
       NEW CONSTANT g \in Bijection(1..Cardinality(S), S),
       TRUE ,
       NEW CONSTANT i \in 1..Cardinality(S),
       NEW CONSTANT j \in 1..Cardinality(S),
       Cardinality(S) - 1 \in Nat ,
       [k \in 1..Cardinality(S) - 1 |->
          IF k = j THEN f[g[Cardinality(S)]] ELSE f[g[k]]]
       \in [1..Cardinality(S) - 1 -> T] 
PROVE  [k \in 1..Cardinality(S) - 1 |->
          IF k = j THEN f[g[Cardinality(S)]] ELSE f[g[k]]]
       \in [1..Cardinality(S) - 1 -> T]

@!!END

@!!BEGIN
@!!type:obligation
@!!id:200
@!!loc:321:22:321:26
@!!status:trivial
@!!prover:tlapm
@!!already:false
@!!obl:ASSUME NEW CONSTANT S,
       NEW CONSTANT T,
       IsFiniteSet(S) ,
       Cardinality(S) = Cardinality(T) ,
       NEW CONSTANT f \in {M \in [S -> T] :
                             \A t \in T : \E s \in S : M[s] = t},
       NEW CONSTANT a \in S,
       NEW CONSTANT b \in S,
       Cardinality(S) \in Nat ,
       NEW CONSTANT g \in Bijection(1..Cardinality(S), S),
       TRUE ,
       NEW CONSTANT i \in 1..Cardinality(S),
       NEW CONSTANT j \in 1..Cardinality(S),
       Cardinality(S) - 1 \in Nat ,
       ASSUME NEW CONSTANT t \in T
       PROVE  \E k \in 1..Cardinality(S) - 1 :
                 [k_1 \in 1..Cardinality(S) - 1 |->
                    IF k_1 = j THEN f[g[Cardinality(S)]] ELSE f[g[k_1]]][k]
                 = t ,
       [k \in 1..Cardinality(S) - 1 |->
          IF k = j THEN f[g[Cardinality(S)]] ELSE f[g[k]]]
       \in [1..Cardinality(S) - 1 -> T] 
PROVE  ASSUME NEW CONSTANT t \in T
       PROVE  \E k \in 1..Cardinality(S) - 1 :
                 [k_1 \in 1..Cardinality(S) - 1 |->
                    IF k_1 = j THEN f[g[Cardinality(S)]] ELSE f[g[k_1]]][k]
                 = t

@!!END

@!!BEGIN
@!!type:obligation
@!!id:201
@!!loc:302:30:302:32
@!!status:normalized
@!!meth:time-limit: 5
@!!obl:ASSUME NEW CONSTANT S,
       NEW CONSTANT T,
       IsFiniteSet(S) ,
       Cardinality(S) = Cardinality(T) ,
       NEW CONSTANT f \in {M \in [S -> T] :
                             \A t \in T : \E s \in S : M[s] = t},
       NEW CONSTANT a \in S,
       NEW CONSTANT b \in S,
       Cardinality(S) \in Nat ,
       NEW CONSTANT g \in Injection(1..Cardinality(S), S)
                          \cap {M \in [1..Cardinality(S) -> S] :
                                  \A t \in S :
                                     \E s \in 1..Cardinality(S) : M[s] = t},
       TRUE ,
       NEW CONSTANT i \in 1..Cardinality(S),
       NEW CONSTANT j \in 1..Cardinality(S),
       Cardinality(S) - 1 \in Nat 
PROVE  [k \in 1..Cardinality(S) - 1 |->
          IF k = j THEN f[g[Cardinality(S)]] ELSE f[g[k]]]
       \in [1..Cardinality(S) - 1 -> T]

@!!END

@!!BEGIN
@!!type:obligation
@!!id:202
@!!loc:320:15:320:17
@!!status:normalized
@!!meth:time-limit: 5
@!!obl:ASSUME NEW CONSTANT S,
       NEW CONSTANT T,
       IsFiniteSet(S) ,
       Cardinality(S) = Cardinality(T) ,
       NEW CONSTANT f \in Surjection(S, T),
       NEW CONSTANT a \in S,
       NEW CONSTANT b \in S,
       n \in Nat ,
       NEW CONSTANT g \in Bijection(1..n, S),
       TRUE ,
       NEW CONSTANT i \in 1..n,
       NEW CONSTANT j \in 1..n,
       n - 1 \in Nat ,
       NEW CONSTANT t \in T,
       NEW CONSTANT s \in S,
       NEW CONSTANT l \in 1..n,
       ASSUME l = j 
       PROVE  \E k \in 1..n - 1 :
                 [k_1 \in 1..n - 1 |->
                    IF k_1 = j THEN f[g[n]] ELSE f[g[k_1]]][k]
                 = t ,
       ASSUME l # j /\ l = n 
       PROVE  \E k \in 1..n - 1 :
                 [k_1 \in 1..n - 1 |->
                    IF k_1 = j THEN f[g[n]] ELSE f[g[k_1]]][k]
                 = t ,
       ASSUME l # j /\ l # n 
       PROVE  \E k \in 1..n - 1 :
                 [k_1 \in 1..n - 1 |->
                    IF k_1 = j THEN f[g[n]] ELSE f[g[k_1]]][k]
                 = t 
PROVE  \E k \in 1..n - 1 :
          [k_1 \in 1..n - 1 |-> IF k_1 = j THEN f[g[n]] ELSE f[g[k_1]]][k]
          = t

@!!END

@!!BEGIN
@!!type:obligation
@!!id:203
@!!loc:320:18:320:22
@!!status:trivial
@!!prover:tlapm
@!!already:false
@!!obl:ASSUME NEW CONSTANT S,
       NEW CONSTANT T,
       IsFiniteSet(S) ,
       Cardinality(S) = Cardinality(T) ,
       NEW CONSTANT f \in Surjection(S, T),
       NEW CONSTANT a \in S,
       NEW CONSTANT b \in S,
       n \in Nat ,
       NEW CONSTANT g \in Bijection(1..n, S),
       TRUE ,
       NEW CONSTANT i \in 1..n,
       NEW CONSTANT j \in 1..n,
       n - 1 \in Nat ,
       NEW CONSTANT t \in T,
       NEW CONSTANT s \in S,
       NEW CONSTANT l \in 1..n,
       ASSUME l = j 
       PROVE  \E k \in 1..n - 1 :
                 [k_1 \in 1..n - 1 |->
                    IF k_1 = j THEN f[g[n]] ELSE f[g[k_1]]][k]
                 = t 
PROVE  ASSUME l = j 
       PROVE  \E k \in 1..n - 1 :
                 [k_1 \in 1..n - 1 |->
                    IF k_1 = j THEN f[g[n]] ELSE f[g[k_1]]][k]
                 = t

@!!END

@!!BEGIN
@!!type:obligation
@!!id:204
@!!loc:320:24:320:28
@!!status:trivial
@!!prover:tlapm
@!!already:false
@!!obl:ASSUME NEW CONSTANT S,
       NEW CONSTANT T,
       IsFiniteSet(S) ,
       Cardinality(S) = Cardinality(T) ,
       NEW CONSTANT f \in Surjection(S, T),
       NEW CONSTANT a \in S,
       NEW CONSTANT b \in S,
       n \in Nat ,
       NEW CONSTANT g \in Bijection(1..n, S),
       TRUE ,
       NEW CONSTANT i \in 1..n,
       NEW CONSTANT j \in 1..n,
       n - 1 \in Nat ,
       NEW CONSTANT t \in T,
       NEW CONSTANT s \in S,
       NEW CONSTANT l \in 1..n,
       ASSUME l # j /\ l = n 
       PROVE  \E k \in 1..n - 1 :
                 [k_1 \in 1..n - 1 |->
                    IF k_1 = j THEN f[g[n]] ELSE f[g[k_1]]][k]
                 = t ,
       ASSUME l = j 
       PROVE  \E k \in 1..n - 1 :
                 [k_1 \in 1..n - 1 |->
                    IF k_1 = j THEN f[g[n]] ELSE f[g[k_1]]][k]
                 = t 
PROVE  ASSUME l # j /\ l = n 
       PROVE  \E k \in 1..n - 1 :
                 [k_1 \in 1..n - 1 |->
                    IF k_1 = j THEN f[g[n]] ELSE f[g[k_1]]][k]
                 = t

@!!END

@!!BEGIN
@!!type:obligation
@!!id:205
@!!loc:320:30:320:34
@!!status:trivial
@!!prover:tlapm
@!!already:false
@!!obl:ASSUME NEW CONSTANT S,
       NEW CONSTANT T,
       IsFiniteSet(S) ,
       Cardinality(S) = Cardinality(T) ,
       NEW CONSTANT f \in Surjection(S, T),
       NEW CONSTANT a \in S,
       NEW CONSTANT b \in S,
       n \in Nat ,
       NEW CONSTANT g \in Bijection(1..n, S),
       TRUE ,
       NEW CONSTANT i \in 1..n,
       NEW CONSTANT j \in 1..n,
       n - 1 \in Nat ,
       NEW CONSTANT t \in T,
       NEW CONSTANT s \in S,
       NEW CONSTANT l \in 1..n,
       ASSUME l # j /\ l # n 
       PROVE  \E k \in 1..n - 1 :
                 [k_1 \in 1..n - 1 |->
                    IF k_1 = j THEN f[g[n]] ELSE f[g[k_1]]][k]
                 = t ,
       ASSUME l = j 
       PROVE  \E k \in 1..n - 1 :
                 [k_1 \in 1..n - 1 |->
                    IF k_1 = j THEN f[g[n]] ELSE f[g[k_1]]][k]
                 = t ,
       ASSUME l # j /\ l = n 
       PROVE  \E k \in 1..n - 1 :
                 [k_1 \in 1..n - 1 |->
                    IF k_1 = j THEN f[g[n]] ELSE f[g[k_1]]][k]
                 = t 
PROVE  ASSUME l # j /\ l # n 
       PROVE  \E k \in 1..n - 1 :
                 [k_1 \in 1..n - 1 |->
                    IF k_1 = j THEN f[g[n]] ELSE f[g[k_1]]][k]
                 = t

@!!END

@!!BEGIN
@!!type:obligation
@!!id:206
@!!loc:304:36:304:38
@!!status:normalized
@!!meth:time-limit: 5
@!!obl:ASSUME NEW CONSTANT S,
       NEW CONSTANT T,
       IsFiniteSet(S) ,
       Cardinality(S) = Cardinality(T) ,
       NEW CONSTANT f \in {M \in [S -> T] :
                             \A t \in T : \E s \in S : M[s] = t},
       NEW CONSTANT a \in S,
       NEW CONSTANT b \in S,
       Cardinality(S) \in Nat ,
       NEW CONSTANT g \in Bijection(1..Cardinality(S), S),
       TRUE ,
       NEW CONSTANT i \in 1..Cardinality(S),
       NEW CONSTANT j \in 1..Cardinality(S),
       Cardinality(S) - 1 \in Nat ,
       NEW CONSTANT t \in T
PROVE  \E s \in S : f[s] = t

@!!END

@!!BEGIN
@!!type:obligation
@!!id:208
@!!loc:305:39:305:41
@!!status:normalized
@!!meth:time-limit: 5
@!!obl:ASSUME NEW CONSTANT S,
       NEW CONSTANT T,
       IsFiniteSet(S) ,
       Cardinality(S) = Cardinality(T) ,
       NEW CONSTANT f \in {M \in [S -> T] :
                             \A t \in T : \E s \in S : M[s] = t},
       NEW CONSTANT a \in S,
       NEW CONSTANT b \in S,
       Cardinality(S) \in Nat ,
       NEW CONSTANT g \in Injection(1..Cardinality(S), S)
                          \cap {M \in [1..Cardinality(S) -> S] :
                                  \A t \in S :
                                     \E s \in 1..Cardinality(S) : M[s] = t},
       TRUE ,
       NEW CONSTANT i \in 1..Cardinality(S),
       NEW CONSTANT j \in 1..Cardinality(S),
       Cardinality(S) - 1 \in Nat ,
       NEW CONSTANT t \in T,
       NEW CONSTANT s \in S
PROVE  \E l \in 1..Cardinality(S) : g[l] = s

@!!END

@!!BEGIN
@!!type:obligation
@!!id:210
@!!loc:312:17:312:24
@!!status:normalized
@!!meth:time-limit: 5
@!!obl:ASSUME NEW CONSTANT S,
       NEW CONSTANT T,
       IsFiniteSet(S) ,
       Cardinality(S) = Cardinality(T) ,
       NEW CONSTANT f \in Surjection(S, T),
       NEW CONSTANT a \in S,
       NEW CONSTANT b \in S,
       n \in Nat ,
       NEW CONSTANT g \in Bijection(1..n, S),
       TRUE ,
       NEW CONSTANT i \in 1..n,
       NEW CONSTANT j \in 1..n,
       n - 1 \in Nat ,
       NEW CONSTANT t \in T,
       NEW CONSTANT s \in S,
       NEW CONSTANT l \in 1..n,
       /\ i \in 1..n - 1
       /\ i # j
       /\ [k \in 1..n - 1 |-> IF k = j THEN f[g[n]] ELSE f[g[k]]][i] = t 
PROVE  \E k \in 1..n - 1 :
          [k_1 \in 1..n - 1 |-> IF k_1 = j THEN f[g[n]] ELSE f[g[k_1]]][k]
          = t

@!!END

@!!BEGIN
@!!type:obligation
@!!id:211
@!!loc:311:9:311:11
@!!status:normalized
@!!meth:time-limit: 5
@!!obl:ASSUME NEW CONSTANT S,
       NEW CONSTANT T,
       IsFiniteSet(S) ,
       Cardinality(S) = Cardinality(T) ,
       NEW CONSTANT f \in Surjection(S, T),
       NEW CONSTANT a \in S,
       NEW CONSTANT b \in S,
       n \in Nat ,
       NEW CONSTANT g \in Bijection(1..n, S),
       TRUE ,
       NEW CONSTANT i \in 1..n,
       NEW CONSTANT j \in 1..n,
       n - 1 \in Nat ,
       NEW CONSTANT t \in T,
       NEW CONSTANT s \in S,
       NEW CONSTANT l \in 1..n,
       /\ a # b
       /\ f[a] = f[b] ,
       /\ i < j
       /\ \/ g[i] = a /\ g[j] = b
          \/ g[i] = b /\ g[j] = a ,
       f[s] = t ,
       g[l] = s ,
       l = j 
PROVE  /\ i \in 1..n - 1
       /\ i # j
       /\ [k \in 1..n - 1 |-> IF k = j THEN f[g[n]] ELSE f[g[k]]][i] = t

@!!END

@!!BEGIN
@!!type:obligation
@!!id:212
@!!loc:311:12:311:16
@!!status:trivial
@!!prover:tlapm
@!!already:false
@!!obl:ASSUME NEW CONSTANT S,
       NEW CONSTANT T,
       IsFiniteSet(S) ,
       Cardinality(S) = Cardinality(T) ,
       NEW CONSTANT f \in Surjection(S, T),
       NEW CONSTANT a \in S,
       NEW CONSTANT b \in S,
       /\ a # b
       /\ f[a] = f[b] ,
       n \in Nat ,
       NEW CONSTANT g \in Bijection(1..n, S),
       TRUE ,
       NEW CONSTANT i \in 1..n,
       NEW CONSTANT j \in 1..n,
       n - 1 \in Nat ,
       NEW CONSTANT t \in T,
       NEW CONSTANT s \in S,
       NEW CONSTANT l \in 1..n
PROVE  /\ a # b
       /\ f[a] = f[b]

@!!END

@!!BEGIN
@!!type:obligation
@!!id:213
@!!loc:311:18:311:22
@!!status:trivial
@!!prover:tlapm
@!!already:false
@!!obl:ASSUME NEW CONSTANT S,
       NEW CONSTANT T,
       IsFiniteSet(S) ,
       Cardinality(S) = Cardinality(T) ,
       NEW CONSTANT f \in Surjection(S, T),
       NEW CONSTANT a \in S,
       NEW CONSTANT b \in S,
       n \in Nat ,
       NEW CONSTANT g \in Bijection(1..n, S),
       TRUE ,
       NEW CONSTANT i \in 1..n,
       NEW CONSTANT j \in 1..n,
       /\ i < j
       /\ \/ g[i] = a /\ g[j] = b
          \/ g[i] = b /\ g[j] = a ,
       n - 1 \in Nat ,
       NEW CONSTANT t \in T,
       NEW CONSTANT s \in S,
       NEW CONSTANT l \in 1..n,
       /\ a # b
       /\ f[a] = f[b] 
PROVE  /\ i < j
       /\ \/ g[i] = a /\ g[j] = b
          \/ g[i] = b /\ g[j] = a

@!!END

@!!BEGIN
@!!type:obligation
@!!id:214
@!!loc:311:24:311:28
@!!status:trivial
@!!prover:tlapm
@!!already:false
@!!obl:ASSUME NEW CONSTANT S,
       NEW CONSTANT T,
       IsFiniteSet(S) ,
       Cardinality(S) = Cardinality(T) ,
       NEW CONSTANT f \in Surjection(S, T),
       NEW CONSTANT a \in S,
       NEW CONSTANT b \in S,
       n \in Nat ,
       NEW CONSTANT g \in Bijection(1..n, S),
       TRUE ,
       NEW CONSTANT i \in 1..n,
       NEW CONSTANT j \in 1..n,
       n - 1 \in Nat ,
       NEW CONSTANT t \in T,
       NEW CONSTANT s \in S,
       f[s] = t ,
       NEW CONSTANT l \in 1..n,
       /\ a # b
       /\ f[a] = f[b] ,
       /\ i < j
       /\ \/ g[i] = a /\ g[j] = b
          \/ g[i] = b /\ g[j] = a 
PROVE  f[s] = t

@!!END

@!!BEGIN
@!!type:obligation
@!!id:215
@!!loc:311:30:311:34
@!!status:trivial
@!!prover:tlapm
@!!already:false
@!!obl:ASSUME NEW CONSTANT S,
       NEW CONSTANT T,
       IsFiniteSet(S) ,
       Cardinality(S) = Cardinality(T) ,
       NEW CONSTANT f \in Surjection(S, T),
       NEW CONSTANT a \in S,
       NEW CONSTANT b \in S,
       n \in Nat ,
       NEW CONSTANT g \in Bijection(1..n, S),
       TRUE ,
       NEW CONSTANT i \in 1..n,
       NEW CONSTANT j \in 1..n,
       n - 1 \in Nat ,
       NEW CONSTANT t \in T,
       NEW CONSTANT s \in S,
       NEW CONSTANT l \in 1..n,
       g[l] = s ,
       /\ a # b
       /\ f[a] = f[b] ,
       /\ i < j
       /\ \/ g[i] = a /\ g[j] = b
          \/ g[i] = b /\ g[j] = a ,
       f[s] = t 
PROVE  g[l] = s

@!!END

@!!BEGIN
@!!type:obligation
@!!id:216
@!!loc:311:36:311:40
@!!status:trivial
@!!prover:tlapm
@!!already:false
@!!obl:ASSUME NEW CONSTANT S,
       NEW CONSTANT T,
       IsFiniteSet(S) ,
       Cardinality(S) = Cardinality(T) ,
       NEW CONSTANT f \in Surjection(S, T),
       NEW CONSTANT a \in S,
       NEW CONSTANT b \in S,
       n \in Nat ,
       NEW CONSTANT g \in Bijection(1..n, S),
       TRUE ,
       NEW CONSTANT i \in 1..n,
       NEW CONSTANT j \in 1..n,
       n - 1 \in Nat ,
       NEW CONSTANT t \in T,
       NEW CONSTANT s \in S,
       NEW CONSTANT l \in 1..n,
       l = j ,
       /\ a # b
       /\ f[a] = f[b] ,
       /\ i < j
       /\ \/ g[i] = a /\ g[j] = b
          \/ g[i] = b /\ g[j] = a ,
       f[s] = t ,
       g[l] = s 
PROVE  l = j

@!!END

@!!BEGIN
@!!type:obligation
@!!id:217
@!!loc:317:17:317:24
@!!status:normalized
@!!meth:time-limit: 5
@!!obl:ASSUME NEW CONSTANT S,
       NEW CONSTANT T,
       IsFiniteSet(S) ,
       Cardinality(S) = Cardinality(T) ,
       NEW CONSTANT f \in Surjection(S, T),
       NEW CONSTANT a \in S,
       NEW CONSTANT b \in S,
       n \in Nat ,
       NEW CONSTANT g \in Bijection(1..n, S),
       TRUE ,
       NEW CONSTANT i \in 1..n,
       NEW CONSTANT j \in 1..n,
       n - 1 \in Nat ,
       NEW CONSTANT t \in T,
       NEW CONSTANT s \in S,
       NEW CONSTANT l \in 1..n,
       /\ j \in 1..n - 1
       /\ [k \in 1..n - 1 |-> IF k = j THEN f[g[n]] ELSE f[g[k]]][j] = t 
PROVE  \E k \in 1..n - 1 :
          [k_1 \in 1..n - 1 |-> IF k_1 = j THEN f[g[n]] ELSE f[g[k_1]]][k]
          = t

@!!END

@!!BEGIN
@!!type:obligation
@!!id:211
@!!loc:311:9:311:11
@!!status:proved
@!!prover:smt
@!!meth:time-limit: 5; time-used: 0.3 (5%)
@!!already:false
@!!obl:
ASSUME NEW CONSTANT S,
       NEW CONSTANT T,
       IsFiniteSet(S) ,
       Cardinality(S) = Cardinality(T) ,
       NEW CONSTANT f \in Surjection(S, T),
       NEW CONSTANT a \in S,
       NEW CONSTANT b \in S,
       n \in Nat ,
       NEW CONSTANT g \in Bijection(1..n, S),
       TRUE ,
       NEW CONSTANT i \in 1..n,
       NEW CONSTANT j \in 1..n,
       n - 1 \in Nat ,
       NEW CONSTANT t \in T,
       NEW CONSTANT s \in S,
       NEW CONSTANT l \in 1..n,
       /\ a # b
       /\ f[a] = f[b] ,
       /\ i < j
       /\ \/ g[i] = a /\ g[j] = b
          \/ g[i] = b /\ g[j] = a ,
       f[s] = t ,
       g[l] = s ,
       l = j 
PROVE  /\ i \in 1..n - 1
       /\ i # j
       /\ [k \in 1..n - 1 |-> IF k = j THEN f[g[n]] ELSE f[g[k]]][i] = t

@!!END

@!!BEGIN
@!!type:obligation
@!!id:210
@!!loc:312:17:312:24
@!!status:proved
@!!prover:smt
@!!meth:time-limit: 5; time-used: 0.3 (6%)
@!!already:false
@!!obl:
ASSUME NEW CONSTANT S,
       NEW CONSTANT T,
       IsFiniteSet(S) ,
       Cardinality(S) = Cardinality(T) ,
       NEW CONSTANT f \in Surjection(S, T),
       NEW CONSTANT a \in S,
       NEW CONSTANT b \in S,
       n \in Nat ,
       NEW CONSTANT g \in Bijection(1..n, S),
       TRUE ,
       NEW CONSTANT i \in 1..n,
       NEW CONSTANT j \in 1..n,
       n - 1 \in Nat ,
       NEW CONSTANT t \in T,
       NEW CONSTANT s \in S,
       NEW CONSTANT l \in 1..n,
       /\ i \in 1..n - 1
       /\ i # j
       /\ [k \in 1..n - 1 |-> IF k = j THEN f[g[n]] ELSE f[g[k]]][i] = t 
PROVE  \E k \in 1..n - 1 :
          [k_1 \in 1..n - 1 |-> IF k_1 = j THEN f[g[n]] ELSE f[g[k_1]]][k]
          = t

@!!END

@!!BEGIN
@!!type:obligation
@!!id:208
@!!loc:305:39:305:41
@!!status:proved
@!!prover:smt
@!!meth:time-limit: 5; time-used: 0.4 (8%)
@!!already:false
@!!obl:
ASSUME NEW CONSTANT S,
       NEW CONSTANT T,
       IsFiniteSet(S) ,
       Cardinality(S) = Cardinality(T) ,
       NEW CONSTANT f \in {M \in [S -> T] :
                             \A t \in T : \E s \in S : M[s] = t},
       NEW CONSTANT a \in S,
       NEW CONSTANT b \in S,
       Cardinality(S) \in Nat ,
       NEW CONSTANT g \in Injection(1..Cardinality(S), S)
                          \cap {M \in [1..Cardinality(S) -> S] :
                                  \A t \in S :
                                     \E s \in 1..Cardinality(S) : M[s] = t},
       TRUE ,
       NEW CONSTANT i \in 1..Cardinality(S),
       NEW CONSTANT j \in 1..Cardinality(S),
       Cardinality(S) - 1 \in Nat ,
       NEW CONSTANT t \in T,
       NEW CONSTANT s \in S
PROVE  \E l \in 1..Cardinality(S) : g[l] = s

@!!END

@!!BEGIN
@!!type:obligation
@!!id:206
@!!loc:304:36:304:38
@!!status:proved
@!!prover:smt
@!!meth:time-limit: 5; time-used: 0.5 (10%)
@!!already:false
@!!obl:
ASSUME NEW CONSTANT S,
       NEW CONSTANT T,
       IsFiniteSet(S) ,
       Cardinality(S) = Cardinality(T) ,
       NEW CONSTANT f \in {M \in [S -> T] :
                             \A t \in T : \E s \in S : M[s] = t},
       NEW CONSTANT a \in S,
       NEW CONSTANT b \in S,
       Cardinality(S) \in Nat ,
       NEW CONSTANT g \in Bijection(1..Cardinality(S), S),
       TRUE ,
       NEW CONSTANT i \in 1..Cardinality(S),
       NEW CONSTANT j \in 1..Cardinality(S),
       Cardinality(S) - 1 \in Nat ,
       NEW CONSTANT t \in T
PROVE  \E s \in S : f[s] = t

@!!END

@!!BEGIN
@!!type:obligation
@!!id:202
@!!loc:320:15:320:17
@!!status:proved
@!!prover:smt
@!!meth:time-limit: 5; time-used: 0.7 (14%)
@!!already:false
@!!obl:
ASSUME NEW CONSTANT S,
       NEW CONSTANT T,
       IsFiniteSet(S) ,
       Cardinality(S) = Cardinality(T) ,
       NEW CONSTANT f \in Surjection(S, T),
       NEW CONSTANT a \in S,
       NEW CONSTANT b \in S,
       n \in Nat ,
       NEW CONSTANT g \in Bijection(1..n, S),
       TRUE ,
       NEW CONSTANT i \in 1..n,
       NEW CONSTANT j \in 1..n,
       n - 1 \in Nat ,
       NEW CONSTANT t \in T,
       NEW CONSTANT s \in S,
       NEW CONSTANT l \in 1..n,
       ASSUME l = j 
       PROVE  \E k \in 1..n - 1 :
                 [k_1 \in 1..n - 1 |->
                    IF k_1 = j THEN f[g[n]] ELSE f[g[k_1]]][k]
                 = t ,
       ASSUME l # j /\ l = n 
       PROVE  \E k \in 1..n - 1 :
                 [k_1 \in 1..n - 1 |->
                    IF k_1 = j THEN f[g[n]] ELSE f[g[k_1]]][k]
                 = t ,
       ASSUME l # j /\ l # n 
       PROVE  \E k \in 1..n - 1 :
                 [k_1 \in 1..n - 1 |->
                    IF k_1 = j THEN f[g[n]] ELSE f[g[k_1]]][k]
                 = t 
PROVE  \E k \in 1..n - 1 :
          [k_1 \in 1..n - 1 |-> IF k_1 = j THEN f[g[n]] ELSE f[g[k_1]]][k]
          = t

@!!END

@!!BEGIN
@!!type:obligation
@!!id:201
@!!loc:302:30:302:32
@!!status:proved
@!!prover:smt
@!!meth:time-limit: 5; time-used: 0.8 (15%)
@!!already:false
@!!obl:
ASSUME NEW CONSTANT S,
       NEW CONSTANT T,
       IsFiniteSet(S) ,
       Cardinality(S) = Cardinality(T) ,
       NEW CONSTANT f \in {M \in [S -> T] :
                             \A t \in T : \E s \in S : M[s] = t},
       NEW CONSTANT a \in S,
       NEW CONSTANT b \in S,
       Cardinality(S) \in Nat ,
       NEW CONSTANT g \in Injection(1..Cardinality(S), S)
                          \cap {M \in [1..Cardinality(S) -> S] :
                                  \A t \in S :
                                     \E s \in 1..Cardinality(S) : M[s] = t},
       TRUE ,
       NEW CONSTANT i \in 1..Cardinality(S),
       NEW CONSTANT j \in 1..Cardinality(S),
       Cardinality(S) - 1 \in Nat 
PROVE  [k \in 1..Cardinality(S) - 1 |->
          IF k = j THEN f[g[Cardinality(S)]] ELSE f[g[k]]]
       \in [1..Cardinality(S) - 1 -> T]

@!!END

@!!BEGIN
@!!type:obligation
@!!id:198
@!!loc:321:13:321:15
@!!status:proved
@!!prover:smt
@!!meth:time-limit: 5; time-used: 0.9 (18%)
@!!already:false
@!!obl:
ASSUME NEW CONSTANT S,
       NEW CONSTANT T,
       IsFiniteSet(S) ,
       Cardinality(S) = Cardinality(T) ,
       NEW CONSTANT f \in {M \in [S -> T] :
                             \A t \in T : \E s \in S : M[s] = t},
       NEW CONSTANT a \in S,
       NEW CONSTANT b \in S,
       Cardinality(S) \in Nat ,
       NEW CONSTANT g \in Bijection(1..Cardinality(S), S),
       TRUE ,
       NEW CONSTANT i \in 1..Cardinality(S),
       NEW CONSTANT j \in 1..Cardinality(S),
       Cardinality(S) - 1 \in Nat ,
       [k \in 1..Cardinality(S) - 1 |->
          IF k = j THEN f[g[Cardinality(S)]] ELSE f[g[k]]]
       \in [1..Cardinality(S) - 1 -> T] ,
       ASSUME NEW CONSTANT t \in T
       PROVE  \E k \in 1..Cardinality(S) - 1 :
                 [k_1 \in 1..Cardinality(S) - 1 |->
                    IF k_1 = j THEN f[g[Cardinality(S)]] ELSE f[g[k_1]]][k]
                 = t 
PROVE  [k \in 1..Cardinality(S) - 1 |->
          IF k = j THEN f[g[Cardinality(S)]] ELSE f[g[k]]]
       \in {M \in [1..Cardinality(S) - 1 -> T] :
              \A t \in T : \E s \in 1..Cardinality(S) - 1 : M[s] = t}

@!!END

@!!BEGIN
@!!type:obligation
@!!id:196
@!!loc:299:19:299:21
@!!status:proved
@!!prover:smt
@!!meth:time-limit: 5; time-used: 1.0 (21%)
@!!already:false
@!!obl:
ASSUME NEW CONSTANT S,
       NEW CONSTANT T,
       IsFiniteSet(S) ,
       Cardinality(S) = Cardinality(T) ,
       NEW CONSTANT f \in Surjection(S, T),
       NEW CONSTANT a \in S,
       NEW CONSTANT b \in S,
       Cardinality(S) \in Nat ,
       NEW CONSTANT g \in Bijection(1..Cardinality(S), S),
       TRUE ,
       NEW CONSTANT i \in 1..Cardinality(S),
       NEW CONSTANT j \in 1..Cardinality(S),
       /\ i < j
       /\ \/ g[i] = a /\ g[j] = b
          \/ g[i] = b /\ g[j] = a 
PROVE  Cardinality(S) - 1 \in Nat

@!!END

@!!BEGIN
@!!type:obligation
@!!id:192
@!!loc:297:21:297:23
@!!status:proved
@!!prover:smt
@!!meth:time-limit: 5; time-used: 1.2 (23%)
@!!already:false
@!!obl:
ASSUME NEW CONSTANT S,
       NEW CONSTANT T,
       IsFiniteSet(S) ,
       Cardinality(S) = Cardinality(T) ,
       NEW CONSTANT f \in Surjection(S, T),
       NEW CONSTANT a \in S,
       NEW CONSTANT b \in S,
       Cardinality(S) \in Nat ,
       NEW CONSTANT g \in Bijection(1..Cardinality(S), S),
       TRUE ,
       NEW CONSTANT i \in 1..Cardinality(S),
       NEW CONSTANT j \in 1..Cardinality(S),
       i # j /\ g[i] = a /\ g[j] = b ,
       i > j 
PROVE  \E i_1, j_1 \in 1..Cardinality(S) :
          /\ i_1 < j_1
          /\ \/ g[i_1] = a /\ g[j_1] = b
             \/ g[i_1] = b /\ g[j_1] = a

@!!END

@!!BEGIN
@!!type:obligation
@!!id:218
@!!loc:316:9:316:11
@!!status:normalized
@!!meth:time-limit: 5
@!!obl:ASSUME NEW CONSTANT S,
       NEW CONSTANT T,
       IsFiniteSet(S) ,
       Cardinality(S) = Cardinality(T) ,
       NEW CONSTANT f \in Surjection(S, T),
       NEW CONSTANT a \in S,
       NEW CONSTANT b \in S,
       n \in Nat ,
       NEW CONSTANT g \in Bijection(1..n, S),
       TRUE ,
       NEW CONSTANT i \in 1..n,
       NEW CONSTANT j \in 1..n,
       n - 1 \in Nat ,
       NEW CONSTANT t \in T,
       NEW CONSTANT s \in S,
       NEW CONSTANT l \in 1..n,
       f[s] = t ,
       g[l] = s ,
       l # j /\ l = n 
PROVE  /\ j \in 1..n - 1
       /\ [k \in 1..n - 1 |-> IF k = j THEN f[g[n]] ELSE f[g[k]]][j] = t

@!!END

@!!BEGIN
@!!type:obligation
@!!id:219
@!!loc:316:12:316:16
@!!status:trivial
@!!prover:tlapm
@!!already:false
@!!obl:ASSUME NEW CONSTANT S,
       NEW CONSTANT T,
       IsFiniteSet(S) ,
       Cardinality(S) = Cardinality(T) ,
       NEW CONSTANT f \in Surjection(S, T),
       NEW CONSTANT a \in S,
       NEW CONSTANT b \in S,
       n \in Nat ,
       NEW CONSTANT g \in Bijection(1..n, S),
       TRUE ,
       NEW CONSTANT i \in 1..n,
       NEW CONSTANT j \in 1..n,
       n - 1 \in Nat ,
       NEW CONSTANT t \in T,
       NEW CONSTANT s \in S,
       f[s] = t ,
       NEW CONSTANT l \in 1..n
PROVE  f[s] = t

@!!END

@!!BEGIN
@!!type:obligation
@!!id:220
@!!loc:316:18:316:22
@!!status:trivial
@!!prover:tlapm
@!!already:false
@!!obl:ASSUME NEW CONSTANT S,
       NEW CONSTANT T,
       IsFiniteSet(S) ,
       Cardinality(S) = Cardinality(T) ,
       NEW CONSTANT f \in Surjection(S, T),
       NEW CONSTANT a \in S,
       NEW CONSTANT b \in S,
       n \in Nat ,
       NEW CONSTANT g \in Bijection(1..n, S),
       TRUE ,
       NEW CONSTANT i \in 1..n,
       NEW CONSTANT j \in 1..n,
       n - 1 \in Nat ,
       NEW CONSTANT t \in T,
       NEW CONSTANT s \in S,
       NEW CONSTANT l \in 1..n,
       g[l] = s ,
       f[s] = t 
PROVE  g[l] = s

@!!END

@!!BEGIN
@!!type:obligation
@!!id:221
@!!loc:316:24:316:28
@!!status:trivial
@!!prover:tlapm
@!!already:false
@!!obl:ASSUME NEW CONSTANT S,
       NEW CONSTANT T,
       IsFiniteSet(S) ,
       Cardinality(S) = Cardinality(T) ,
       NEW CONSTANT f \in Surjection(S, T),
       NEW CONSTANT a \in S,
       NEW CONSTANT b \in S,
       n \in Nat ,
       NEW CONSTANT g \in Bijection(1..n, S),
       TRUE ,
       NEW CONSTANT i \in 1..n,
       NEW CONSTANT j \in 1..n,
       n - 1 \in Nat ,
       NEW CONSTANT t \in T,
       NEW CONSTANT s \in S,
       NEW CONSTANT l \in 1..n,
       l # j /\ l = n ,
       f[s] = t ,
       g[l] = s 
PROVE  l # j /\ l = n

@!!END

@!!BEGIN
@!!type:obligation
@!!id:222
@!!loc:319:7:319:9
@!!status:normalized
@!!meth:time-limit: 5
@!!obl:ASSUME NEW CONSTANT S,
       NEW CONSTANT T,
       IsFiniteSet(S) ,
       Cardinality(S) = Cardinality(T) ,
       NEW CONSTANT f \in Surjection(S, T),
       NEW CONSTANT a \in S,
       NEW CONSTANT b \in S,
       n \in Nat ,
       NEW CONSTANT g \in Bijection(1..n, S),
       TRUE ,
       NEW CONSTANT i \in 1..n,
       NEW CONSTANT j \in 1..n,
       n - 1 \in Nat ,
       NEW CONSTANT t \in T,
       NEW CONSTANT s \in S,
       NEW CONSTANT l \in 1..n,
       f[s] = t ,
       g[l] = s ,
       l # j /\ l # n ,
       l \in 1..n - 1 
PROVE  \E k \in 1..n - 1 :
          [k_1 \in 1..n - 1 |-> IF k_1 = j THEN f[g[n]] ELSE f[g[k_1]]][k]
          = t

@!!END

@!!BEGIN
@!!type:obligation
@!!id:223
@!!loc:319:10:319:14
@!!status:trivial
@!!prover:tlapm
@!!already:false
@!!obl:ASSUME NEW CONSTANT S,
       NEW CONSTANT T,
       IsFiniteSet(S) ,
       Cardinality(S) = Cardinality(T) ,
       NEW CONSTANT f \in Surjection(S, T),
       NEW CONSTANT a \in S,
       NEW CONSTANT b \in S,
       n \in Nat ,
       NEW CONSTANT g \in Bijection(1..n, S),
       TRUE ,
       NEW CONSTANT i \in 1..n,
       NEW CONSTANT j \in 1..n,
       n - 1 \in Nat ,
       NEW CONSTANT t \in T,
       NEW CONSTANT s \in S,
       f[s] = t ,
       NEW CONSTANT l \in 1..n
PROVE  f[s] = t

@!!END

@!!BEGIN
@!!type:obligation
@!!id:224
@!!loc:319:16:319:20
@!!status:trivial
@!!prover:tlapm
@!!already:false
@!!obl:ASSUME NEW CONSTANT S,
       NEW CONSTANT T,
       IsFiniteSet(S) ,
       Cardinality(S) = Cardinality(T) ,
       NEW CONSTANT f \in Surjection(S, T),
       NEW CONSTANT a \in S,
       NEW CONSTANT b \in S,
       n \in Nat ,
       NEW CONSTANT g \in Bijection(1..n, S),
       TRUE ,
       NEW CONSTANT i \in 1..n,
       NEW CONSTANT j \in 1..n,
       n - 1 \in Nat ,
       NEW CONSTANT t \in T,
       NEW CONSTANT s \in S,
       NEW CONSTANT l \in 1..n,
       g[l] = s ,
       f[s] = t 
PROVE  g[l] = s

@!!END

@!!BEGIN
@!!type:obligation
@!!id:225
@!!loc:319:22:319:26
@!!status:trivial
@!!prover:tlapm
@!!already:false
@!!obl:ASSUME NEW CONSTANT S,
       NEW CONSTANT T,
       IsFiniteSet(S) ,
       Cardinality(S) = Cardinality(T) ,
       NEW CONSTANT f \in Surjection(S, T),
       NEW CONSTANT a \in S,
       NEW CONSTANT b \in S,
       n \in Nat ,
       NEW CONSTANT g \in Bijection(1..n, S),
       TRUE ,
       NEW CONSTANT i \in 1..n,
       NEW CONSTANT j \in 1..n,
       n - 1 \in Nat ,
       NEW CONSTANT t \in T,
       NEW CONSTANT s \in S,
       NEW CONSTANT l \in 1..n,
       l # j /\ l # n ,
       f[s] = t ,
       g[l] = s 
PROVE  l # j /\ l # n

@!!END

@!!BEGIN
@!!type:obligation
@!!id:226
@!!loc:319:28:319:42
@!!status:normalized
@!!meth:time-limit: 5
@!!obl:ASSUME NEW CONSTANT S,
       NEW CONSTANT T,
       IsFiniteSet(S) ,
       Cardinality(S) = Cardinality(T) ,
       NEW CONSTANT f \in Surjection(S, T),
       NEW CONSTANT a \in S,
       NEW CONSTANT b \in S,
       n \in Nat ,
       NEW CONSTANT g \in Bijection(1..n, S),
       TRUE ,
       NEW CONSTANT i \in 1..n,
       NEW CONSTANT j \in 1..n,
       n - 1 \in Nat ,
       NEW CONSTANT t \in T,
       NEW CONSTANT s \in S,
       NEW CONSTANT l \in 1..n,
       f[s] = t ,
       g[l] = s ,
       l # j /\ l # n 
PROVE  l \in 1..n - 1

@!!END

@!!BEGIN
@!!type:obligation
@!!id:227
@!!loc:322:30:322:32
@!!status:normalized
@!!meth:time-limit: 5
@!!obl:ASSUME NEW CONSTANT S,
       NEW CONSTANT T,
       IsFiniteSet(S) ,
       Cardinality(S) = Cardinality(T) ,
       NEW CONSTANT f \in Surjection(S, T),
       NEW CONSTANT a \in S,
       NEW CONSTANT b \in S,
       Cardinality(S) \in Nat ,
       NEW CONSTANT g \in Bijection(1..Cardinality(S), S),
       TRUE ,
       NEW CONSTANT i \in 1..Cardinality(S),
       NEW CONSTANT j \in 1..Cardinality(S),
       Cardinality(S) - 1 \in Nat ,
       [k \in 1..Cardinality(S) - 1 |->
          IF k = j THEN f[g[Cardinality(S)]] ELSE f[g[k]]]
       \in Surjection(1..Cardinality(S) - 1, T) ,
       ASSUME NEW CONSTANT S_1,
              NEW CONSTANT n \in Nat,
              Surjection(1..n, S_1) # {} 
       PROVE  Cardinality(S_1) =< n 
PROVE  Cardinality(T) =< Cardinality(S) - 1

@!!END

@!!BEGIN
@!!type:obligation
@!!id:228
@!!loc:322:33:322:37
@!!status:trivial
@!!prover:tlapm
@!!already:false
@!!obl:ASSUME NEW CONSTANT S,
       NEW CONSTANT T,
       IsFiniteSet(S) ,
       Cardinality(S) = Cardinality(T) ,
       NEW CONSTANT f \in Surjection(S, T),
       NEW CONSTANT a \in S,
       NEW CONSTANT b \in S,
       Cardinality(S) \in Nat ,
       NEW CONSTANT g \in Bijection(1..Cardinality(S), S),
       TRUE ,
       NEW CONSTANT i \in 1..Cardinality(S),
       NEW CONSTANT j \in 1..Cardinality(S),
       Cardinality(S) - 1 \in Nat ,
       [k \in 1..Cardinality(S) - 1 |->
          IF k = j THEN f[g[Cardinality(S)]] ELSE f[g[k]]]
       \in Surjection(1..Cardinality(S) - 1, T) 
PROVE  [k \in 1..Cardinality(S) - 1 |->
          IF k = j THEN f[g[Cardinality(S)]] ELSE f[g[k]]]
       \in Surjection(1..Cardinality(S) - 1, T)

@!!END

@!!BEGIN
@!!type:obligation
@!!id:229
@!!loc:322:39:322:62
@!!status:trivial
@!!prover:tlapm
@!!already:false
@!!obl:ASSUME ASSUME NEW CONSTANT S,
              NEW CONSTANT n \in Nat,
              Surjection(1..n, S) # {} 
       PROVE  Cardinality(S) =< n ,
       NEW CONSTANT S,
       NEW CONSTANT T,
       IsFiniteSet(S) ,
       Cardinality(S) = Cardinality(T) ,
       NEW CONSTANT f \in Surjection(S, T),
       NEW CONSTANT a \in S,
       NEW CONSTANT b \in S,
       Cardinality(S) \in Nat ,
       NEW CONSTANT g \in Bijection(1..Cardinality(S), S),
       TRUE ,
       NEW CONSTANT i \in 1..Cardinality(S),
       NEW CONSTANT j \in 1..Cardinality(S),
       Cardinality(S) - 1 \in Nat ,
       [k \in 1..Cardinality(S) - 1 |->
          IF k = j THEN f[g[Cardinality(S)]] ELSE f[g[k]]]
       \in Surjection(1..Cardinality(S) - 1, T) 
PROVE  ASSUME NEW CONSTANT S_1,
              NEW CONSTANT n \in Nat,
              Surjection(1..n, S_1) # {} 
       PROVE  Cardinality(S_1) =< n

@!!END

@!!BEGIN
@!!type:obligation
@!!id:230
@!!loc:342:11:342:13
@!!status:normalized
@!!meth:time-limit: 5
@!!obl:ASSUME IsFiniteSet({}) /\ Cardinality({}) = 0 ,
       ASSUME NEW CONSTANT S,
              IsFiniteSet(S) ,
              Cardinality(S) = 0 
       PROVE  S = {} 
PROVE  /\ IsFiniteSet({})
       /\ Cardinality({}) = 0
       /\ \A S : IsFiniteSet(S) => Cardinality(S) = 0 <=> S = {}

@!!END

@!!BEGIN
@!!type:obligation
@!!id:231
@!!loc:342:14:342:18
@!!status:trivial
@!!prover:tlapm
@!!already:false
@!!obl:ASSUME IsFiniteSet({}) /\ Cardinality({}) = 0 
PROVE  IsFiniteSet({}) /\ Cardinality({}) = 0

@!!END

@!!BEGIN
@!!type:obligation
@!!id:232
@!!loc:342:20:342:24
@!!status:trivial
@!!prover:tlapm
@!!already:false
@!!obl:ASSUME ASSUME NEW CONSTANT S,
              IsFiniteSet(S) ,
              Cardinality(S) = 0 
       PROVE  S = {} ,
       IsFiniteSet({}) /\ Cardinality({}) = 0 
PROVE  ASSUME NEW CONSTANT S,
              IsFiniteSet(S) ,
              Cardinality(S) = 0 
       PROVE  S = {}

@!!END

@!!BEGIN
@!!type:obligation
@!!id:233
@!!loc:338:3:338:5
@!!status:normalized
@!!meth:time-limit: 10
@!!obl:ASSUME ASSUME NEW CONSTANT S
       PROVE  ExistsBijection(1..0, S) <=> S = {} ,
       ASSUME NEW CONSTANT S
       PROVE  IsFiniteSet(S) <=> (\E n \in Nat : ExistsBijection(1..n, S)) ,
       ASSUME NEW CONSTANT S,
              NEW CONSTANT n \in Nat,
              ExistsBijection(1..n, S) 
       PROVE  Cardinality(S) = n ,
       TRUE 
PROVE  IsFiniteSet({}) /\ Cardinality({}) = 0

@!!END

@!!BEGIN
@!!type:obligation
@!!id:234
@!!loc:338:6:338:21
@!!status:trivial
@!!prover:tlapm
@!!already:false
@!!obl:ASSUME ASSUME NEW CONSTANT S
       PROVE  ExistsBijection(1..0, S) <=> S = {} 
PROVE  ASSUME NEW CONSTANT S
       PROVE  ExistsBijection(1..0, S) <=> S = {}

@!!END

@!!BEGIN
@!!type:obligation
@!!id:235
@!!loc:338:23:338:38
@!!status:trivial
@!!prover:tlapm
@!!already:false
@!!obl:ASSUME ASSUME NEW CONSTANT S
       PROVE  IsFiniteSet(S) <=> (\E n \in Nat : ExistsBijection(1..n, S)) ,
       ASSUME NEW CONSTANT S
       PROVE  ExistsBijection(1..0, S) <=> S = {} 
PROVE  ASSUME NEW CONSTANT S
       PROVE  IsFiniteSet(S) <=> (\E n \in Nat : ExistsBijection(1..n, S))

@!!END

@!!BEGIN
@!!type:obligation
@!!id:236
@!!loc:338:40:338:59
@!!status:trivial
@!!prover:tlapm
@!!already:false
@!!obl:ASSUME ASSUME NEW CONSTANT S,
              NEW CONSTANT n \in Nat,
              ExistsBijection(1..n, S) 
       PROVE  Cardinality(S) = n ,
       ASSUME NEW CONSTANT S
       PROVE  ExistsBijection(1..0, S) <=> S = {} ,
       ASSUME NEW CONSTANT S
       PROVE  IsFiniteSet(S) <=> (\E n \in Nat : ExistsBijection(1..n, S)) 
PROVE  ASSUME NEW CONSTANT S,
              NEW CONSTANT n \in Nat,
              ExistsBijection(1..n, S) 
       PROVE  Cardinality(S) = n

@!!END

@!!BEGIN
@!!type:obligation
@!!id:237
@!!loc:338:61:338:66
@!!status:trivial
@!!prover:tlapm
@!!already:false
@!!obl:ASSUME ASSUME NEW CONSTANT S
       PROVE  ExistsBijection(1..0, S) <=> S = {} ,
       ASSUME NEW CONSTANT S
       PROVE  IsFiniteSet(S) <=> (\E n \in Nat : ExistsBijection(1..n, S)) ,
       ASSUME NEW CONSTANT S,
              NEW CONSTANT n \in Nat,
              ExistsBijection(1..n, S) 
       PROVE  Cardinality(S) = n 
PROVE  TRUE

@!!END

@!!BEGIN
@!!type:obligation
@!!id:238
@!!loc:341:3:341:5
@!!status:normalized
@!!meth:time-limit: 5
@!!obl:ASSUME NEW CONSTANT S,
       /\ IsFiniteSet(S)
       /\ Cardinality(S) = 0 ,
       ASSUME NEW CONSTANT S_1,
              IsFiniteSet(S_1) 
       PROVE  /\ Cardinality(S_1) \in Nat
              /\ ExistsBijection(1..Cardinality(S_1), S_1) ,
       ASSUME NEW CONSTANT S_1
       PROVE  ExistsBijection(1..0, S_1) <=> S_1 = {} 
PROVE  S = {}

@!!END

@!!BEGIN
@!!type:obligation
@!!id:239
@!!loc:341:6:341:10
@!!status:trivial
@!!prover:tlapm
@!!already:false
@!!obl:ASSUME NEW CONSTANT S,
       /\ IsFiniteSet(S)
       /\ Cardinality(S) = 0 
PROVE  /\ IsFiniteSet(S)
       /\ Cardinality(S) = 0

@!!END

@!!BEGIN
@!!type:obligation
@!!id:240
@!!loc:341:12:341:30
@!!status:trivial
@!!prover:tlapm
@!!already:false
@!!obl:ASSUME ASSUME NEW CONSTANT S,
              IsFiniteSet(S) 
       PROVE  /\ Cardinality(S) \in Nat
              /\ ExistsBijection(1..Cardinality(S), S) ,
       NEW CONSTANT S,
       /\ IsFiniteSet(S)
       /\ Cardinality(S) = 0 
PROVE  ASSUME NEW CONSTANT S_1,
              IsFiniteSet(S_1) 
       PROVE  /\ Cardinality(S_1) \in Nat
              /\ ExistsBijection(1..Cardinality(S_1), S_1)

@!!END

@!!BEGIN
@!!type:obligation
@!!id:241
@!!loc:341:32:341:47
@!!status:trivial
@!!prover:tlapm
@!!already:false
@!!obl:ASSUME ASSUME NEW CONSTANT S
       PROVE  ExistsBijection(1..0, S) <=> S = {} ,
       NEW CONSTANT S,
       /\ IsFiniteSet(S)
       /\ Cardinality(S) = 0 ,
       ASSUME NEW CONSTANT S_1,
              IsFiniteSet(S_1) 
       PROVE  /\ Cardinality(S_1) \in Nat
              /\ ExistsBijection(1..Cardinality(S_1), S_1) 
PROVE  ASSUME NEW CONSTANT S_1
       PROVE  ExistsBijection(1..0, S_1) <=> S_1 = {}

@!!END

@!!BEGIN
@!!type:obligation
@!!id:242
@!!loc:361:11:361:13
@!!status:normalized
@!!meth:time-limit: 10
@!!obl:ASSUME NEW CONSTANT S,
       NEW CONSTANT x,
       IsFiniteSet(S) ,
       ASSUME x \notin S 
       PROVE  /\ IsFiniteSet(S \cup {x})
              /\ Cardinality(S \cup {x})
                 = (IF x \in S THEN Cardinality(S) ELSE Cardinality(S) + 1) ,
       TRUE 
PROVE  /\ IsFiniteSet(S \cup {x})
       /\ Cardinality(S \cup {x})
          = (IF x \in S THEN Cardinality(S) ELSE Cardinality(S) + 1)

@!!END

@!!BEGIN
@!!type:obligation
@!!id:243
@!!loc:361:14:361:18
@!!status:trivial
@!!prover:tlapm
@!!already:false
@!!obl:ASSUME NEW CONSTANT S,
       NEW CONSTANT x,
       IsFiniteSet(S) ,
       ASSUME x \notin S 
       PROVE  /\ IsFiniteSet(S \cup {x})
              /\ Cardinality(S \cup {x})
                 = (IF x \in S THEN Cardinality(S) ELSE Cardinality(S) + 1) 
PROVE  ASSUME x \notin S 
       PROVE  /\ IsFiniteSet(S \cup {x})
              /\ Cardinality(S \cup {x})
                 = (IF x \in S THEN Cardinality(S) ELSE Cardinality(S) + 1)

@!!END

@!!BEGIN
@!!type:obligation
@!!id:244
@!!loc:361:20:361:25
@!!status:trivial
@!!prover:tlapm
@!!already:false
@!!obl:ASSUME NEW CONSTANT S,
       NEW CONSTANT x,
       IsFiniteSet(S) ,
       ASSUME x \notin S 
       PROVE  /\ IsFiniteSet(S \cup {x})
              /\ Cardinality(S \cup {x})
                 = (IF x \in S THEN Cardinality(S) ELSE Cardinality(S) + 1) 
PROVE  TRUE

@!!END

@!!BEGIN
@!!type:obligation
@!!id:245
@!!loc:359:3:359:5
@!!status:normalized
@!!meth:time-limit: 5
@!!obl:ASSUME NEW CONSTANT S,
       NEW CONSTANT x,
       IsFiniteSet(S) ,
       x \notin S ,
       ASSUME NEW CONSTANT S_1,
              IsFiniteSet(S_1) 
       PROVE  /\ Cardinality(S_1) \in Nat
              /\ ExistsBijection(1..Cardinality(S_1), S_1) ,
       ASSUME NEW CONSTANT S_1,
              NEW CONSTANT m \in Nat,
              ExistsBijection(1..m, S_1) ,
              NEW CONSTANT x_1,
              x_1 \notin S_1 
       PROVE  ExistsBijection(1..m + 1, S_1 \cup {x_1}) ,
       ASSUME NEW CONSTANT S_1
       PROVE  IsFiniteSet(S_1)
              <=> (\E n \in Nat : ExistsBijection(1..n, S_1)) ,
       ASSUME NEW CONSTANT S_1,
              NEW CONSTANT n \in Nat,
              ExistsBijection(1..n, S_1) 
       PROVE  Cardinality(S_1) = n 
PROVE  /\ IsFiniteSet(S \cup {x})
       /\ Cardinality(S \cup {x})
          = (IF x \in S THEN Cardinality(S) ELSE Cardinality(S) + 1)

@!!END

@!!BEGIN
@!!type:obligation
@!!id:242
@!!loc:361:11:361:13
@!!status:proved
@!!prover:zenon
@!!meth:time-limit: 10; time-used: 0.2 (2%)
@!!already:false
@!!obl:
ASSUME NEW CONSTANT S,
       NEW CONSTANT x,
       IsFiniteSet(S) ,
       ASSUME x \notin S 
       PROVE  /\ IsFiniteSet(S \cup {x})
              /\ Cardinality(S \cup {x})
                 = (IF x \in S THEN Cardinality(S) ELSE Cardinality(S) + 1) ,
       TRUE 
PROVE  /\ IsFiniteSet(S \cup {x})
       /\ Cardinality(S \cup {x})
          = (IF x \in S THEN Cardinality(S) ELSE Cardinality(S) + 1)

@!!END

@!!BEGIN
@!!type:obligation
@!!id:238
@!!loc:341:3:341:5
@!!status:proved
@!!prover:smt
@!!meth:time-limit: 5; time-used: 0.3 (5%)
@!!already:false
@!!obl:
ASSUME NEW CONSTANT S,
       /\ IsFiniteSet(S)
       /\ Cardinality(S) = 0 ,
       ASSUME NEW CONSTANT S_1,
              IsFiniteSet(S_1) 
       PROVE  /\ Cardinality(S_1) \in Nat
              /\ ExistsBijection(1..Cardinality(S_1), S_1) ,
       ASSUME NEW CONSTANT S_1
       PROVE  ExistsBijection(1..0, S_1) <=> S_1 = {} 
PROVE  S = {}

@!!END

@!!BEGIN
@!!type:obligation
@!!id:233
@!!loc:338:3:338:5
@!!status:proved
@!!prover:zenon
@!!meth:time-limit: 10; time-used: 0.5 (5%)
@!!already:false
@!!obl:
ASSUME ASSUME NEW CONSTANT S
       PROVE  ExistsBijection(1..0, S) <=> S = {} ,
       ASSUME NEW CONSTANT S
       PROVE  IsFiniteSet(S) <=> (\E n \in Nat : ExistsBijection(1..n, S)) ,
       ASSUME NEW CONSTANT S,
              NEW CONSTANT n \in Nat,
              ExistsBijection(1..n, S) 
       PROVE  Cardinality(S) = n ,
       TRUE 
PROVE  IsFiniteSet({}) /\ Cardinality({}) = 0

@!!END

@!!BEGIN
@!!type:obligation
@!!id:230
@!!loc:342:11:342:13
@!!status:proved
@!!prover:smt
@!!meth:time-limit: 5; time-used: 0.6 (12%)
@!!already:false
@!!obl:
ASSUME IsFiniteSet({}) /\ Cardinality({}) = 0 ,
       ASSUME NEW CONSTANT S,
              IsFiniteSet(S) ,
              Cardinality(S) = 0 
       PROVE  S = {} 
PROVE  /\ IsFiniteSet({})
       /\ Cardinality({}) = 0
       /\ \A S : IsFiniteSet(S) => Cardinality(S) = 0 <=> S = {}

@!!END

@!!BEGIN
@!!type:obligation
@!!id:227
@!!loc:322:30:322:32
@!!status:proved
@!!prover:smt
@!!meth:time-limit: 5; time-used: 0.7 (15%)
@!!already:false
@!!obl:
ASSUME NEW CONSTANT S,
       NEW CONSTANT T,
       IsFiniteSet(S) ,
       Cardinality(S) = Cardinality(T) ,
       NEW CONSTANT f \in Surjection(S, T),
       NEW CONSTANT a \in S,
       NEW CONSTANT b \in S,
       Cardinality(S) \in Nat ,
       NEW CONSTANT g \in Bijection(1..Cardinality(S), S),
       TRUE ,
       NEW CONSTANT i \in 1..Cardinality(S),
       NEW CONSTANT j \in 1..Cardinality(S),
       Cardinality(S) - 1 \in Nat ,
       [k \in 1..Cardinality(S) - 1 |->
          IF k = j THEN f[g[Cardinality(S)]] ELSE f[g[k]]]
       \in Surjection(1..Cardinality(S) - 1, T) ,
       ASSUME NEW CONSTANT S_1,
              NEW CONSTANT n \in Nat,
              Surjection(1..n, S_1) # {} 
       PROVE  Cardinality(S_1) =< n 
PROVE  Cardinality(T) =< Cardinality(S) - 1

@!!END

@!!BEGIN
@!!type:obligation
@!!id:226
@!!loc:319:28:319:42
@!!status:proved
@!!prover:smt
@!!meth:time-limit: 5; time-used: 0.8 (16%)
@!!already:false
@!!obl:
ASSUME NEW CONSTANT S,
       NEW CONSTANT T,
       IsFiniteSet(S) ,
       Cardinality(S) = Cardinality(T) ,
       NEW CONSTANT f \in Surjection(S, T),
       NEW CONSTANT a \in S,
       NEW CONSTANT b \in S,
       n \in Nat ,
       NEW CONSTANT g \in Bijection(1..n, S),
       TRUE ,
       NEW CONSTANT i \in 1..n,
       NEW CONSTANT j \in 1..n,
       n - 1 \in Nat ,
       NEW CONSTANT t \in T,
       NEW CONSTANT s \in S,
       NEW CONSTANT l \in 1..n,
       f[s] = t ,
       g[l] = s ,
       l # j /\ l # n 
PROVE  l \in 1..n - 1

@!!END

@!!BEGIN
@!!type:obligation
@!!id:222
@!!loc:319:7:319:9
@!!status:proved
@!!prover:smt
@!!meth:time-limit: 5; time-used: 1.0 (20%)
@!!already:false
@!!obl:
ASSUME NEW CONSTANT S,
       NEW CONSTANT T,
       IsFiniteSet(S) ,
       Cardinality(S) = Cardinality(T) ,
       NEW CONSTANT f \in Surjection(S, T),
       NEW CONSTANT a \in S,
       NEW CONSTANT b \in S,
       n \in Nat ,
       NEW CONSTANT g \in Bijection(1..n, S),
       TRUE ,
       NEW CONSTANT i \in 1..n,
       NEW CONSTANT j \in 1..n,
       n - 1 \in Nat ,
       NEW CONSTANT t \in T,
       NEW CONSTANT s \in S,
       NEW CONSTANT l \in 1..n,
       f[s] = t ,
       g[l] = s ,
       l # j /\ l # n ,
       l \in 1..n - 1 
PROVE  \E k \in 1..n - 1 :
          [k_1 \in 1..n - 1 |-> IF k_1 = j THEN f[g[n]] ELSE f[g[k_1]]][k]
          = t

@!!END

@!!BEGIN
@!!type:obligation
@!!id:218
@!!loc:316:9:316:11
@!!status:proved
@!!prover:smt
@!!meth:time-limit: 5; time-used: 1.2 (24%)
@!!already:false
@!!obl:
ASSUME NEW CONSTANT S,
       NEW CONSTANT T,
       IsFiniteSet(S) ,
       Cardinality(S) = Cardinality(T) ,
       NEW CONSTANT f \in Surjection(S, T),
       NEW CONSTANT a \in S,
       NEW CONSTANT b \in S,
       n \in Nat ,
       NEW CONSTANT g \in Bijection(1..n, S),
       TRUE ,
       NEW CONSTANT i \in 1..n,
       NEW CONSTANT j \in 1..n,
       n - 1 \in Nat ,
       NEW CONSTANT t \in T,
       NEW CONSTANT s \in S,
       NEW CONSTANT l \in 1..n,
       f[s] = t ,
       g[l] = s ,
       l # j /\ l = n 
PROVE  /\ j \in 1..n - 1
       /\ [k \in 1..n - 1 |-> IF k = j THEN f[g[n]] ELSE f[g[k]]][j] = t

@!!END

@!!BEGIN
@!!type:obligation
@!!id:217
@!!loc:317:17:317:24
@!!status:proved
@!!prover:smt
@!!meth:time-limit: 5; time-used: 1.3 (25%)
@!!already:false
@!!obl:
ASSUME NEW CONSTANT S,
       NEW CONSTANT T,
       IsFiniteSet(S) ,
       Cardinality(S) = Cardinality(T) ,
       NEW CONSTANT f \in Surjection(S, T),
       NEW CONSTANT a \in S,
       NEW CONSTANT b \in S,
       n \in Nat ,
       NEW CONSTANT g \in Bijection(1..n, S),
       TRUE ,
       NEW CONSTANT i \in 1..n,
       NEW CONSTANT j \in 1..n,
       n - 1 \in Nat ,
       NEW CONSTANT t \in T,
       NEW CONSTANT s \in S,
       NEW CONSTANT l \in 1..n,
       /\ j \in 1..n - 1
       /\ [k \in 1..n - 1 |-> IF k = j THEN f[g[n]] ELSE f[g[k]]][j] = t 
PROVE  \E k \in 1..n - 1 :
          [k_1 \in 1..n - 1 |-> IF k_1 = j THEN f[g[n]] ELSE f[g[k_1]]][k]
          = t

@!!END

@!!BEGIN
@!!type:obligation
@!!id:246
@!!loc:359:6:359:10
@!!status:trivial
@!!prover:tlapm
@!!already:false
@!!obl:ASSUME NEW CONSTANT S,
       NEW CONSTANT x,
       IsFiniteSet(S) ,
       x \notin S 
PROVE  x \notin S

@!!END

@!!BEGIN
@!!type:obligation
@!!id:247
@!!loc:359:12:359:30
@!!status:trivial
@!!prover:tlapm
@!!already:false
@!!obl:ASSUME ASSUME NEW CONSTANT S,
              IsFiniteSet(S) 
       PROVE  /\ Cardinality(S) \in Nat
              /\ ExistsBijection(1..Cardinality(S), S) ,
       NEW CONSTANT S,
       NEW CONSTANT x,
       IsFiniteSet(S) ,
       x \notin S 
PROVE  ASSUME NEW CONSTANT S_1,
              IsFiniteSet(S_1) 
       PROVE  /\ Cardinality(S_1) \in Nat
              /\ ExistsBijection(1..Cardinality(S_1), S_1)

@!!END

@!!BEGIN
@!!type:obligation
@!!id:248
@!!loc:359:32:359:49
@!!status:trivial
@!!prover:tlapm
@!!already:false
@!!obl:ASSUME ASSUME NEW CONSTANT S,
              NEW CONSTANT m \in Nat,
              ExistsBijection(1..m, S) ,
              NEW CONSTANT x,
              x \notin S 
       PROVE  ExistsBijection(1..m + 1, S \cup {x}) ,
       NEW CONSTANT S,
       NEW CONSTANT x,
       IsFiniteSet(S) ,
       x \notin S ,
       ASSUME NEW CONSTANT S_1,
              IsFiniteSet(S_1) 
       PROVE  /\ Cardinality(S_1) \in Nat
              /\ ExistsBijection(1..Cardinality(S_1), S_1) 
PROVE  ASSUME NEW CONSTANT S_1,
              NEW CONSTANT m \in Nat,
              ExistsBijection(1..m, S_1) ,
              NEW CONSTANT x_1,
              x_1 \notin S_1 
       PROVE  ExistsBijection(1..m + 1, S_1 \cup {x_1})

@!!END

@!!BEGIN
@!!type:obligation
@!!id:249
@!!loc:359:51:359:66
@!!status:trivial
@!!prover:tlapm
@!!already:false
@!!obl:ASSUME ASSUME NEW CONSTANT S
       PROVE  IsFiniteSet(S) <=> (\E n \in Nat : ExistsBijection(1..n, S)) ,
       NEW CONSTANT S,
       NEW CONSTANT x,
       IsFiniteSet(S) ,
       x \notin S ,
       ASSUME NEW CONSTANT S_1,
              IsFiniteSet(S_1) 
       PROVE  /\ Cardinality(S_1) \in Nat
              /\ ExistsBijection(1..Cardinality(S_1), S_1) ,
       ASSUME NEW CONSTANT S_1,
              NEW CONSTANT m \in Nat,
              ExistsBijection(1..m, S_1) ,
              NEW CONSTANT x_1,
              x_1 \notin S_1 
       PROVE  ExistsBijection(1..m + 1, S_1 \cup {x_1}) 
PROVE  ASSUME NEW CONSTANT S_1
       PROVE  IsFiniteSet(S_1)
              <=> (\E n \in Nat : ExistsBijection(1..n, S_1))

@!!END

@!!BEGIN
@!!type:obligation
@!!id:250
@!!loc:360:6:360:25
@!!status:trivial
@!!prover:tlapm
@!!already:false
@!!obl:ASSUME ASSUME NEW CONSTANT S,
              NEW CONSTANT n \in Nat,
              ExistsBijection(1..n, S) 
       PROVE  Cardinality(S) = n ,
       NEW CONSTANT S,
       NEW CONSTANT x,
       IsFiniteSet(S) ,
       x \notin S ,
       ASSUME NEW CONSTANT S_1,
              IsFiniteSet(S_1) 
       PROVE  /\ Cardinality(S_1) \in Nat
              /\ ExistsBijection(1..Cardinality(S_1), S_1) ,
       ASSUME NEW CONSTANT S_1,
              NEW CONSTANT m \in Nat,
              ExistsBijection(1..m, S_1) ,
              NEW CONSTANT x_1,
              x_1 \notin S_1 
       PROVE  ExistsBijection(1..m + 1, S_1 \cup {x_1}) ,
       ASSUME NEW CONSTANT S_1
       PROVE  IsFiniteSet(S_1)
              <=> (\E n \in Nat : ExistsBijection(1..n, S_1)) 
PROVE  ASSUME NEW CONSTANT S_1,
              NEW CONSTANT n \in Nat,
              ExistsBijection(1..n, S_1) 
       PROVE  Cardinality(S_1) = n

@!!END

@!!BEGIN
@!!type:obligation
@!!id:251
@!!loc:372:11:372:13
@!!status:normalized
@!!meth:time-limit: 10
@!!obl:ASSUME NEW CONSTANT S,
       NEW CONSTANT x,
       IsFiniteSet(S) ,
       ASSUME x \in S 
       PROVE  /\ IsFiniteSet(S \ {x})
              /\ Cardinality(S \ {x})
                 = (IF x \in S THEN Cardinality(S) - 1 ELSE Cardinality(S)) ,
       TRUE 
PROVE  /\ IsFiniteSet(S \ {x})
       /\ Cardinality(S \ {x})
          = (IF x \in S THEN Cardinality(S) - 1 ELSE Cardinality(S))

@!!END

@!!BEGIN
@!!type:obligation
@!!id:252
@!!loc:372:14:372:18
@!!status:trivial
@!!prover:tlapm
@!!already:false
@!!obl:ASSUME NEW CONSTANT S,
       NEW CONSTANT x,
       IsFiniteSet(S) ,
       ASSUME x \in S 
       PROVE  /\ IsFiniteSet(S \ {x})
              /\ Cardinality(S \ {x})
                 = (IF x \in S THEN Cardinality(S) - 1 ELSE Cardinality(S)) 
PROVE  ASSUME x \in S 
       PROVE  /\ IsFiniteSet(S \ {x})
              /\ Cardinality(S \ {x})
                 = (IF x \in S THEN Cardinality(S) - 1 ELSE Cardinality(S))

@!!END

@!!BEGIN
@!!type:obligation
@!!id:253
@!!loc:372:20:372:25
@!!status:trivial
@!!prover:tlapm
@!!already:false
@!!obl:ASSUME NEW CONSTANT S,
       NEW CONSTANT x,
       IsFiniteSet(S) ,
       ASSUME x \in S 
       PROVE  /\ IsFiniteSet(S \ {x})
              /\ Cardinality(S \ {x})
                 = (IF x \in S THEN Cardinality(S) - 1 ELSE Cardinality(S)) 
PROVE  TRUE

@!!END

@!!BEGIN
@!!type:obligation
@!!id:254
@!!loc:370:3:370:5
@!!status:normalized
@!!meth:time-limit: 5
@!!obl:ASSUME NEW CONSTANT S,
       NEW CONSTANT x,
       IsFiniteSet(S) ,
       x \in S ,
       ASSUME NEW CONSTANT S_1,
              IsFiniteSet(S_1) 
       PROVE  /\ Cardinality(S_1) \in Nat
              /\ ExistsBijection(1..Cardinality(S_1), S_1) ,
       ASSUME NEW CONSTANT S_1,
              NEW CONSTANT m \in Nat,
              ExistsBijection(1..m, S_1) ,
              NEW CONSTANT x_1,
              x_1 \in S_1 
       PROVE  ExistsBijection(1..m - 1, S_1 \ {x_1}) ,
       ASSUME NEW CONSTANT S_1
       PROVE  IsFiniteSet(S_1)
              <=> (\E n \in Nat : ExistsBijection(1..n, S_1)) ,
       ASSUME NEW CONSTANT S_1,
              NEW CONSTANT n \in Nat,
              ExistsBijection(1..n, S_1) 
       PROVE  Cardinality(S_1) = n ,
       /\ IsFiniteSet({})
       /\ Cardinality({}) = 0
       /\ \A S_1 : IsFiniteSet(S_1) => Cardinality(S_1) = 0 <=> S_1 = {} 
PROVE  /\ IsFiniteSet(S \ {x})
       /\ Cardinality(S \ {x})
          = (IF x \in S THEN Cardinality(S) - 1 ELSE Cardinality(S))

@!!END

@!!BEGIN
@!!type:obligation
@!!id:255
@!!loc:370:6:370:10
@!!status:trivial
@!!prover:tlapm
@!!already:false
@!!obl:ASSUME NEW CONSTANT S,
       NEW CONSTANT x,
       IsFiniteSet(S) ,
       x \in S 
PROVE  x \in S

@!!END

@!!BEGIN
@!!type:obligation
@!!id:256
@!!loc:370:12:370:30
@!!status:trivial
@!!prover:tlapm
@!!already:false
@!!obl:ASSUME ASSUME NEW CONSTANT S,
              IsFiniteSet(S) 
       PROVE  /\ Cardinality(S) \in Nat
              /\ ExistsBijection(1..Cardinality(S), S) ,
       NEW CONSTANT S,
       NEW CONSTANT x,
       IsFiniteSet(S) ,
       x \in S 
PROVE  ASSUME NEW CONSTANT S_1,
              IsFiniteSet(S_1) 
       PROVE  /\ Cardinality(S_1) \in Nat
              /\ ExistsBijection(1..Cardinality(S_1), S_1)

@!!END

@!!BEGIN
@!!type:obligation
@!!id:257
@!!loc:370:32:370:49
@!!status:trivial
@!!prover:tlapm
@!!already:false
@!!obl:ASSUME ASSUME NEW CONSTANT S,
              NEW CONSTANT m \in Nat,
              ExistsBijection(1..m, S) ,
              NEW CONSTANT x,
              x \in S 
       PROVE  ExistsBijection(1..m - 1, S \ {x}) ,
       NEW CONSTANT S,
       NEW CONSTANT x,
       IsFiniteSet(S) ,
       x \in S ,
       ASSUME NEW CONSTANT S_1,
              IsFiniteSet(S_1) 
       PROVE  /\ Cardinality(S_1) \in Nat
              /\ ExistsBijection(1..Cardinality(S_1), S_1) 
PROVE  ASSUME NEW CONSTANT S_1,
              NEW CONSTANT m \in Nat,
              ExistsBijection(1..m, S_1) ,
              NEW CONSTANT x_1,
              x_1 \in S_1 
       PROVE  ExistsBijection(1..m - 1, S_1 \ {x_1})

@!!END

@!!BEGIN
@!!type:obligation
@!!id:258
@!!loc:370:51:370:66
@!!status:trivial
@!!prover:tlapm
@!!already:false
@!!obl:ASSUME ASSUME NEW CONSTANT S
       PROVE  IsFiniteSet(S) <=> (\E n \in Nat : ExistsBijection(1..n, S)) ,
       NEW CONSTANT S,
       NEW CONSTANT x,
       IsFiniteSet(S) ,
       x \in S ,
       ASSUME NEW CONSTANT S_1,
              IsFiniteSet(S_1) 
       PROVE  /\ Cardinality(S_1) \in Nat
              /\ ExistsBijection(1..Cardinality(S_1), S_1) ,
       ASSUME NEW CONSTANT S_1,
              NEW CONSTANT m \in Nat,
              ExistsBijection(1..m, S_1) ,
              NEW CONSTANT x_1,
              x_1 \in S_1 
       PROVE  ExistsBijection(1..m - 1, S_1 \ {x_1}) 
PROVE  ASSUME NEW CONSTANT S_1
       PROVE  IsFiniteSet(S_1)
              <=> (\E n \in Nat : ExistsBijection(1..n, S_1))

@!!END

@!!BEGIN
@!!type:obligation
@!!id:259
@!!loc:371:6:371:25
@!!status:trivial
@!!prover:tlapm
@!!already:false
@!!obl:ASSUME ASSUME NEW CONSTANT S,
              NEW CONSTANT n \in Nat,
              ExistsBijection(1..n, S) 
       PROVE  Cardinality(S) = n ,
       NEW CONSTANT S,
       NEW CONSTANT x,
       IsFiniteSet(S) ,
       x \in S ,
       ASSUME NEW CONSTANT S_1,
              IsFiniteSet(S_1) 
       PROVE  /\ Cardinality(S_1) \in Nat
              /\ ExistsBijection(1..Cardinality(S_1), S_1) ,
       ASSUME NEW CONSTANT S_1,
              NEW CONSTANT m \in Nat,
              ExistsBijection(1..m, S_1) ,
              NEW CONSTANT x_1,
              x_1 \in S_1 
       PROVE  ExistsBijection(1..m - 1, S_1 \ {x_1}) ,
       ASSUME NEW CONSTANT S_1
       PROVE  IsFiniteSet(S_1)
              <=> (\E n \in Nat : ExistsBijection(1..n, S_1)) 
PROVE  ASSUME NEW CONSTANT S_1,
              NEW CONSTANT n \in Nat,
              ExistsBijection(1..n, S_1) 
       PROVE  Cardinality(S_1) = n

@!!END

@!!BEGIN
@!!type:obligation
@!!id:260
@!!loc:371:27:371:38
@!!status:trivial
@!!prover:tlapm
@!!already:false
@!!obl:ASSUME /\ IsFiniteSet({})
       /\ Cardinality({}) = 0
       /\ \A S : IsFiniteSet(S) => Cardinality(S) = 0 <=> S = {} ,
       NEW CONSTANT S,
       NEW CONSTANT x,
       IsFiniteSet(S) ,
       x \in S ,
       ASSUME NEW CONSTANT S_1,
              IsFiniteSet(S_1) 
       PROVE  /\ Cardinality(S_1) \in Nat
              /\ ExistsBijection(1..Cardinality(S_1), S_1) ,
       ASSUME NEW CONSTANT S_1,
              NEW CONSTANT m \in Nat,
              ExistsBijection(1..m, S_1) ,
              NEW CONSTANT x_1,
              x_1 \in S_1 
       PROVE  ExistsBijection(1..m - 1, S_1 \ {x_1}) ,
       ASSUME NEW CONSTANT S_1
       PROVE  IsFiniteSet(S_1)
              <=> (\E n \in Nat : ExistsBijection(1..n, S_1)) ,
       ASSUME NEW CONSTANT S_1,
              NEW CONSTANT n \in Nat,
              ExistsBijection(1..n, S_1) 
       PROVE  Cardinality(S_1) = n 
PROVE  /\ IsFiniteSet({})
       /\ Cardinality({}) = 0
       /\ \A S_1 : IsFiniteSet(S_1) => Cardinality(S_1) = 0 <=> S_1 = {}

@!!END

@!!BEGIN
@!!type:obligation
@!!id:261
@!!loc:394:11:394:13
@!!status:normalized
@!!meth:time-limit: 10
@!!obl:ASSUME ASSUME NEW CONSTANT x
       PROVE  IsFiniteSet({x}) /\ Cardinality({x}) = 1 ,
       ASSUME NEW CONSTANT S,
              IsFiniteSet(S) ,
              Cardinality(S) = 1 
       PROVE  \E x : S = {x} ,
       TRUE 
PROVE  /\ \A x : IsFiniteSet({x}) /\ Cardinality({x}) = 1
       /\ \A S : IsFiniteSet(S) => Cardinality(S) = 1 <=> (\E x : S = {x})

@!!END

@!!BEGIN
@!!type:obligation
@!!id:262
@!!loc:394:14:394:18
@!!status:trivial
@!!prover:tlapm
@!!already:false
@!!obl:ASSUME ASSUME NEW CONSTANT x
       PROVE  IsFiniteSet({x}) /\ Cardinality({x}) = 1 
PROVE  ASSUME NEW CONSTANT x
       PROVE  IsFiniteSet({x}) /\ Cardinality({x}) = 1

@!!END

@!!BEGIN
@!!type:obligation
@!!id:263
@!!loc:394:20:394:24
@!!status:trivial
@!!prover:tlapm
@!!already:false
@!!obl:ASSUME ASSUME NEW CONSTANT S,
              IsFiniteSet(S) ,
              Cardinality(S) = 1 
       PROVE  \E x : S = {x} ,
       ASSUME NEW CONSTANT x
       PROVE  IsFiniteSet({x}) /\ Cardinality({x}) = 1 
PROVE  ASSUME NEW CONSTANT S,
              IsFiniteSet(S) ,
              Cardinality(S) = 1 
       PROVE  \E x : S = {x}

@!!END

@!!BEGIN
@!!type:obligation
@!!id:264
@!!loc:394:26:394:31
@!!status:trivial
@!!prover:tlapm
@!!already:false
@!!obl:ASSUME ASSUME NEW CONSTANT x
       PROVE  IsFiniteSet({x}) /\ Cardinality({x}) = 1 ,
       ASSUME NEW CONSTANT S,
              IsFiniteSet(S) ,
              Cardinality(S) = 1 
       PROVE  \E x : S = {x} 
PROVE  TRUE

@!!END

@!!BEGIN
@!!type:obligation
@!!id:265
@!!loc:390:13:390:15
@!!status:normalized
@!!meth:time-limit: 5
@!!obl:ASSUME NEW CONSTANT x,
       /\ IsFiniteSet({} \cup {x})
       /\ Cardinality({} \cup {x}) = 0 + 1 ,
       {x} = {} \cup {x} 
PROVE  IsFiniteSet({x}) /\ Cardinality({x}) = 1

@!!END

@!!BEGIN
@!!type:obligation
@!!id:266
@!!loc:390:16:390:20
@!!status:trivial
@!!prover:tlapm
@!!already:false
@!!obl:ASSUME NEW CONSTANT x,
       /\ IsFiniteSet({} \cup {x})
       /\ Cardinality({} \cup {x}) = 0 + 1 
PROVE  /\ IsFiniteSet({} \cup {x})
       /\ Cardinality({} \cup {x}) = 0 + 1

@!!END

@!!BEGIN
@!!type:obligation
@!!id:267
@!!loc:390:22:390:39
@!!status:normalized
@!!meth:time-limit: 5
@!!obl:ASSUME NEW CONSTANT x,
       /\ IsFiniteSet({} \cup {x})
       /\ Cardinality({} \cup {x}) = 0 + 1 
PROVE  {x} = {} \cup {x}

@!!END

@!!BEGIN
@!!type:obligation
@!!id:268
@!!loc:389:5:389:7
@!!status:normalized
@!!meth:time-limit: 10
@!!obl:ASSUME NEW CONSTANT x,
       /\ IsFiniteSet({})
       /\ Cardinality({}) = 0
       /\ \A S : IsFiniteSet(S) => Cardinality(S) = 0 <=> S = {} ,
       ASSUME NEW CONSTANT S,
              NEW CONSTANT x_1,
              IsFiniteSet(S) 
       PROVE  /\ IsFiniteSet(S \cup {x_1})
              /\ Cardinality(S \cup {x_1})
                 = (IF x_1 \in S THEN Cardinality(S) ELSE Cardinality(S) + 1) ,
       TRUE 
PROVE  /\ IsFiniteSet({} \cup {x})
       /\ Cardinality({} \cup {x}) = 0 + 1

@!!END

@!!BEGIN
@!!type:obligation
@!!id:269
@!!loc:389:8:389:19
@!!status:trivial
@!!prover:tlapm
@!!already:false
@!!obl:ASSUME /\ IsFiniteSet({})
       /\ Cardinality({}) = 0
       /\ \A S : IsFiniteSet(S) => Cardinality(S) = 0 <=> S = {} ,
       NEW CONSTANT x
PROVE  /\ IsFiniteSet({})
       /\ Cardinality({}) = 0
       /\ \A S : IsFiniteSet(S) => Cardinality(S) = 0 <=> S = {}

@!!END

@!!BEGIN
@!!type:obligation
@!!id:270
@!!loc:389:21:389:34
@!!status:trivial
@!!prover:tlapm
@!!already:false
@!!obl:ASSUME ASSUME NEW CONSTANT S,
              NEW CONSTANT x,
              IsFiniteSet(S) 
       PROVE  /\ IsFiniteSet(S \cup {x})
              /\ Cardinality(S \cup {x})
                 = (IF x \in S THEN Cardinality(S) ELSE Cardinality(S) + 1) ,
       NEW CONSTANT x,
       /\ IsFiniteSet({})
       /\ Cardinality({}) = 0
       /\ \A S : IsFiniteSet(S) => Cardinality(S) = 0 <=> S = {} 
PROVE  ASSUME NEW CONSTANT S,
              NEW CONSTANT x_1,
              IsFiniteSet(S) 
       PROVE  /\ IsFiniteSet(S \cup {x_1})
              /\ Cardinality(S \cup {x_1})
                 = (IF x_1 \in S THEN Cardinality(S) ELSE Cardinality(S) + 1)

@!!END

@!!BEGIN
@!!type:obligation
@!!id:271
@!!loc:389:36:389:41
@!!status:trivial
@!!prover:tlapm
@!!already:false
@!!obl:ASSUME NEW CONSTANT x,
       /\ IsFiniteSet({})
       /\ Cardinality({}) = 0
       /\ \A S : IsFiniteSet(S) => Cardinality(S) = 0 <=> S = {} ,
       ASSUME NEW CONSTANT S,
              NEW CONSTANT x_1,
              IsFiniteSet(S) 
       PROVE  /\ IsFiniteSet(S \cup {x_1})
              /\ Cardinality(S \cup {x_1})
                 = (IF x_1 \in S THEN Cardinality(S) ELSE Cardinality(S) + 1) 
PROVE  TRUE

@!!END

@!!BEGIN
@!!type:obligation
@!!id:272
@!!loc:393:3:393:5
@!!status:normalized
@!!meth:time-limit: 10
@!!obl:ASSUME NEW CONSTANT S,
       /\ IsFiniteSet(S)
       /\ Cardinality(S) = 1 ,
       ASSUME NEW CONSTANT S_1,
              IsFiniteSet(S_1) 
       PROVE  /\ Cardinality(S_1) \in Nat
              /\ ExistsBijection(1..Cardinality(S_1), S_1) ,
       ASSUME NEW CONSTANT S_1
       PROVE  ExistsBijection(1..1, S_1) <=> (\E s : S_1 = {s}) ,
       TRUE 
PROVE  \E x : S = {x}

@!!END

@!!BEGIN
@!!type:obligation
@!!id:273
@!!loc:393:6:393:10
@!!status:trivial
@!!prover:tlapm
@!!already:false
@!!obl:ASSUME NEW CONSTANT S,
       /\ IsFiniteSet(S)
       /\ Cardinality(S) = 1 
PROVE  /\ IsFiniteSet(S)
       /\ Cardinality(S) = 1

@!!END

@!!BEGIN
@!!type:obligation
@!!id:274
@!!loc:393:12:393:30
@!!status:trivial
@!!prover:tlapm
@!!already:false
@!!obl:ASSUME ASSUME NEW CONSTANT S,
              IsFiniteSet(S) 
       PROVE  /\ Cardinality(S) \in Nat
              /\ ExistsBijection(1..Cardinality(S), S) ,
       NEW CONSTANT S,
       /\ IsFiniteSet(S)
       /\ Cardinality(S) = 1 
PROVE  ASSUME NEW CONSTANT S_1,
              IsFiniteSet(S_1) 
       PROVE  /\ Cardinality(S_1) \in Nat
              /\ ExistsBijection(1..Cardinality(S_1), S_1)

@!!END

@!!BEGIN
@!!type:obligation
@!!id:275
@!!loc:393:32:393:51
@!!status:trivial
@!!prover:tlapm
@!!already:false
@!!obl:ASSUME ASSUME NEW CONSTANT S
       PROVE  ExistsBijection(1..1, S) <=> (\E s : S = {s}) ,
       NEW CONSTANT S,
       /\ IsFiniteSet(S)
       /\ Cardinality(S) = 1 ,
       ASSUME NEW CONSTANT S_1,
              IsFiniteSet(S_1) 
       PROVE  /\ Cardinality(S_1) \in Nat
              /\ ExistsBijection(1..Cardinality(S_1), S_1) 
PROVE  ASSUME NEW CONSTANT S_1
       PROVE  ExistsBijection(1..1, S_1) <=> (\E s : S_1 = {s})

@!!END

@!!BEGIN
@!!type:obligation
@!!id:276
@!!loc:393:53:393:58
@!!status:trivial
@!!prover:tlapm
@!!already:false
@!!obl:ASSUME NEW CONSTANT S,
       /\ IsFiniteSet(S)
       /\ Cardinality(S) = 1 ,
       ASSUME NEW CONSTANT S_1,
              IsFiniteSet(S_1) 
       PROVE  /\ Cardinality(S_1) \in Nat
              /\ ExistsBijection(1..Cardinality(S_1), S_1) ,
       ASSUME NEW CONSTANT S_1
       PROVE  ExistsBijection(1..1, S_1) <=> (\E s : S_1 = {s}) 
PROVE  TRUE

@!!END

@!!BEGIN
@!!type:obligation
@!!id:277
@!!loc:427:11:427:13
@!!status:normalized
@!!meth:time-limit: 5
@!!obl:ASSUME NEW CONSTANT S,
       IsFiniteSet(S) ,
       NEW CONSTANT T \in SUBSET S,
       NEW CONSTANT n \in Nat,
       ExistsBijection(1..n, T) /\ n =< Cardinality(S) ,
       ASSUME Cardinality(S) = Cardinality(T) ,
              S # T 
       PROVE  FALSE ,
       ASSUME NEW CONSTANT S_1
       PROVE  IsFiniteSet(S_1)
              <=> (\E n_1 \in Nat : ExistsBijection(1..n_1, S_1)) ,
       ASSUME NEW CONSTANT S_1,
              NEW CONSTANT n_1 \in Nat,
              ExistsBijection(1..n_1, S_1) 
       PROVE  Cardinality(S_1) = n_1 
PROVE  /\ IsFiniteSet(T)
       /\ Cardinality(T) =< Cardinality(S)
       /\ Cardinality(S) = Cardinality(T) => S = T

@!!END

@!!BEGIN
@!!type:obligation
@!!id:278
@!!loc:427:14:427:18
@!!status:trivial
@!!prover:tlapm
@!!already:false
@!!obl:ASSUME NEW CONSTANT S,
       IsFiniteSet(S) ,
       NEW CONSTANT T \in SUBSET S,
       NEW CONSTANT n \in Nat,
       ExistsBijection(1..n, T) /\ n =< Cardinality(S) 
PROVE  ExistsBijection(1..n, T) /\ n =< Cardinality(S)

@!!END

@!!BEGIN
@!!type:obligation
@!!id:279
@!!loc:427:20:427:24
@!!status:trivial
@!!prover:tlapm
@!!already:false
@!!obl:ASSUME NEW CONSTANT S,
       IsFiniteSet(S) ,
       NEW CONSTANT T \in SUBSET S,
       NEW CONSTANT n \in Nat,
       ASSUME Cardinality(S) = Cardinality(T) ,
              S # T 
       PROVE  FALSE ,
       ExistsBijection(1..n, T) /\ n =< Cardinality(S) 
PROVE  ASSUME Cardinality(S) = Cardinality(T) ,
              S # T 
       PROVE  FALSE

@!!END

@!!BEGIN
@!!type:obligation
@!!id:280
@!!loc:427:26:427:41
@!!status:trivial
@!!prover:tlapm
@!!already:false
@!!obl:ASSUME ASSUME NEW CONSTANT S
       PROVE  IsFiniteSet(S) <=> (\E n \in Nat : ExistsBijection(1..n, S)) ,
       NEW CONSTANT S,
       IsFiniteSet(S) ,
       NEW CONSTANT T \in SUBSET S,
       NEW CONSTANT n \in Nat,
       ExistsBijection(1..n, T) /\ n =< Cardinality(S) ,
       ASSUME Cardinality(S) = Cardinality(T) ,
              S # T 
       PROVE  FALSE 
PROVE  ASSUME NEW CONSTANT S_1
       PROVE  IsFiniteSet(S_1)
              <=> (\E n_1 \in Nat : ExistsBijection(1..n_1, S_1))

@!!END

@!!BEGIN
@!!type:obligation
@!!id:281
@!!loc:427:43:427:62
@!!status:trivial
@!!prover:tlapm
@!!already:false
@!!obl:ASSUME ASSUME NEW CONSTANT S,
              NEW CONSTANT n \in Nat,
              ExistsBijection(1..n, S) 
       PROVE  Cardinality(S) = n ,
       NEW CONSTANT S,
       IsFiniteSet(S) ,
       NEW CONSTANT T \in SUBSET S,
       NEW CONSTANT n \in Nat,
       ExistsBijection(1..n, T) /\ n =< Cardinality(S) ,
       ASSUME Cardinality(S) = Cardinality(T) ,
              S # T 
       PROVE  FALSE ,
       ASSUME NEW CONSTANT S_1
       PROVE  IsFiniteSet(S_1)
              <=> (\E n_1 \in Nat : ExistsBijection(1..n_1, S_1)) 
PROVE  ASSUME NEW CONSTANT S_1,
              NEW CONSTANT n_1 \in Nat,
              ExistsBijection(1..n_1, S_1) 
       PROVE  Cardinality(S_1) = n_1

@!!END

@!!BEGIN
@!!type:obligation
@!!id:282
@!!loc:414:3:414:5
@!!status:normalized
@!!meth:time-limit: 5
@!!obl:ASSUME NEW CONSTANT S,
       IsFiniteSet(S) ,
       NEW CONSTANT T \in SUBSET S,
       ASSUME NEW CONSTANT S_1,
              IsFiniteSet(S_1) 
       PROVE  /\ Cardinality(S_1) \in Nat
              /\ ExistsBijection(1..Cardinality(S_1), S_1) 
PROVE  /\ Cardinality(S) \in Nat
       /\ ExistsBijection(1..Cardinality(S), S)

@!!END

@!!BEGIN
@!!type:obligation
@!!id:277
@!!loc:427:11:427:13
@!!status:proved
@!!prover:smt
@!!meth:time-limit: 5; time-used: 0.2 (5%)
@!!already:false
@!!obl:
ASSUME NEW CONSTANT S,
       IsFiniteSet(S) ,
       NEW CONSTANT T \in SUBSET S,
       NEW CONSTANT n \in Nat,
       ExistsBijection(1..n, T) /\ n =< Cardinality(S) ,
       ASSUME Cardinality(S) = Cardinality(T) ,
              S # T 
       PROVE  FALSE ,
       ASSUME NEW CONSTANT S_1
       PROVE  IsFiniteSet(S_1)
              <=> (\E n_1 \in Nat : ExistsBijection(1..n_1, S_1)) ,
       ASSUME NEW CONSTANT S_1,
              NEW CONSTANT n_1 \in Nat,
              ExistsBijection(1..n_1, S_1) 
       PROVE  Cardinality(S_1) = n_1 
PROVE  /\ IsFiniteSet(T)
       /\ Cardinality(T) =< Cardinality(S)
       /\ Cardinality(S) = Cardinality(T) => S = T

@!!END

@!!BEGIN
@!!type:obligation
@!!id:272
@!!loc:393:3:393:5
@!!status:proved
@!!prover:zenon
@!!meth:time-limit: 10; time-used: 0.4 (4%)
@!!already:false
@!!obl:
ASSUME NEW CONSTANT S,
       /\ IsFiniteSet(S)
       /\ Cardinality(S) = 1 ,
       ASSUME NEW CONSTANT S_1,
              IsFiniteSet(S_1) 
       PROVE  /\ Cardinality(S_1) \in Nat
              /\ ExistsBijection(1..Cardinality(S_1), S_1) ,
       ASSUME NEW CONSTANT S_1
       PROVE  ExistsBijection(1..1, S_1) <=> (\E s : S_1 = {s}) ,
       TRUE 
PROVE  \E x : S = {x}

@!!END

@!!BEGIN
@!!type:obligation
@!!id:268
@!!loc:389:5:389:7
@!!status:proved
@!!prover:zenon
@!!meth:time-limit: 10; time-used: 0.6 (6%)
@!!already:false
@!!obl:
ASSUME NEW CONSTANT x,
       /\ IsFiniteSet({})
       /\ Cardinality({}) = 0
       /\ \A S : IsFiniteSet(S) => Cardinality(S) = 0 <=> S = {} ,
       ASSUME NEW CONSTANT S,
              NEW CONSTANT x_1,
              IsFiniteSet(S) 
       PROVE  /\ IsFiniteSet(S \cup {x_1})
              /\ Cardinality(S \cup {x_1})
                 = (IF x_1 \in S THEN Cardinality(S) ELSE Cardinality(S) + 1) ,
       TRUE 
PROVE  /\ IsFiniteSet({} \cup {x})
       /\ Cardinality({} \cup {x}) = 0 + 1

@!!END

@!!BEGIN
@!!type:obligation
@!!id:267
@!!loc:390:22:390:39
@!!status:proved
@!!prover:smt
@!!meth:time-limit: 5; time-used: 0.6 (12%)
@!!already:false
@!!obl:
ASSUME NEW CONSTANT x,
       /\ IsFiniteSet({} \cup {x})
       /\ Cardinality({} \cup {x}) = 0 + 1 
PROVE  {x} = {} \cup {x}

@!!END

@!!BEGIN
@!!type:obligation
@!!id:265
@!!loc:390:13:390:15
@!!status:proved
@!!prover:smt
@!!meth:time-limit: 5; time-used: 0.7 (14%)
@!!already:false
@!!obl:
ASSUME NEW CONSTANT x,
       /\ IsFiniteSet({} \cup {x})
       /\ Cardinality({} \cup {x}) = 0 + 1 ,
       {x} = {} \cup {x} 
PROVE  IsFiniteSet({x}) /\ Cardinality({x}) = 1

@!!END

@!!BEGIN
@!!type:obligation
@!!id:261
@!!loc:394:11:394:13
@!!status:proved
@!!prover:zenon
@!!meth:time-limit: 10; time-used: 0.9 (9%)
@!!already:false
@!!obl:
ASSUME ASSUME NEW CONSTANT x
       PROVE  IsFiniteSet({x}) /\ Cardinality({x}) = 1 ,
       ASSUME NEW CONSTANT S,
              IsFiniteSet(S) ,
              Cardinality(S) = 1 
       PROVE  \E x : S = {x} ,
       TRUE 
PROVE  /\ \A x : IsFiniteSet({x}) /\ Cardinality({x}) = 1
       /\ \A S : IsFiniteSet(S) => Cardinality(S) = 1 <=> (\E x : S = {x})

@!!END

@!!BEGIN
@!!type:obligation
@!!id:254
@!!loc:370:3:370:5
@!!status:proved
@!!prover:smt
@!!meth:time-limit: 5; time-used: 1.1 (22%)
@!!already:false
@!!obl:
ASSUME NEW CONSTANT S,
       NEW CONSTANT x,
       IsFiniteSet(S) ,
       x \in S ,
       ASSUME NEW CONSTANT S_1,
              IsFiniteSet(S_1) 
       PROVE  /\ Cardinality(S_1) \in Nat
              /\ ExistsBijection(1..Cardinality(S_1), S_1) ,
       ASSUME NEW CONSTANT S_1,
              NEW CONSTANT m \in Nat,
              ExistsBijection(1..m, S_1) ,
              NEW CONSTANT x_1,
              x_1 \in S_1 
       PROVE  ExistsBijection(1..m - 1, S_1 \ {x_1}) ,
       ASSUME NEW CONSTANT S_1
       PROVE  IsFiniteSet(S_1)
              <=> (\E n \in Nat : ExistsBijection(1..n, S_1)) ,
       ASSUME NEW CONSTANT S_1,
              NEW CONSTANT n \in Nat,
              ExistsBijection(1..n, S_1) 
       PROVE  Cardinality(S_1) = n ,
       /\ IsFiniteSet({})
       /\ Cardinality({}) = 0
       /\ \A S_1 : IsFiniteSet(S_1) => Cardinality(S_1) = 0 <=> S_1 = {} 
PROVE  /\ IsFiniteSet(S \ {x})
       /\ Cardinality(S \ {x})
          = (IF x \in S THEN Cardinality(S) - 1 ELSE Cardinality(S))

@!!END

@!!BEGIN
@!!type:obligation
@!!id:251
@!!loc:372:11:372:13
@!!status:proved
@!!prover:zenon
@!!meth:time-limit: 10; time-used: 1.3 (13%)
@!!already:false
@!!obl:
ASSUME NEW CONSTANT S,
       NEW CONSTANT x,
       IsFiniteSet(S) ,
       ASSUME x \in S 
       PROVE  /\ IsFiniteSet(S \ {x})
              /\ Cardinality(S \ {x})
                 = (IF x \in S THEN Cardinality(S) - 1 ELSE Cardinality(S)) ,
       TRUE 
PROVE  /\ IsFiniteSet(S \ {x})
       /\ Cardinality(S \ {x})
          = (IF x \in S THEN Cardinality(S) - 1 ELSE Cardinality(S))

@!!END

@!!BEGIN
@!!type:obligation
@!!id:245
@!!loc:359:3:359:5
@!!status:proved
@!!prover:smt
@!!meth:time-limit: 5; time-used: 1.4 (29%)
@!!already:false
@!!obl:
ASSUME NEW CONSTANT S,
       NEW CONSTANT x,
       IsFiniteSet(S) ,
       x \notin S ,
       ASSUME NEW CONSTANT S_1,
              IsFiniteSet(S_1) 
       PROVE  /\ Cardinality(S_1) \in Nat
              /\ ExistsBijection(1..Cardinality(S_1), S_1) ,
       ASSUME NEW CONSTANT S_1,
              NEW CONSTANT m \in Nat,
              ExistsBijection(1..m, S_1) ,
              NEW CONSTANT x_1,
              x_1 \notin S_1 
       PROVE  ExistsBijection(1..m + 1, S_1 \cup {x_1}) ,
       ASSUME NEW CONSTANT S_1
       PROVE  IsFiniteSet(S_1)
              <=> (\E n \in Nat : ExistsBijection(1..n, S_1)) ,
       ASSUME NEW CONSTANT S_1,
              NEW CONSTANT n \in Nat,
              ExistsBijection(1..n, S_1) 
       PROVE  Cardinality(S_1) = n 
PROVE  /\ IsFiniteSet(S \cup {x})
       /\ Cardinality(S \cup {x})
          = (IF x \in S THEN Cardinality(S) ELSE Cardinality(S) + 1)

@!!END

@!!BEGIN
@!!type:obligation
@!!id:283
@!!loc:414:6:414:24
@!!status:trivial
@!!prover:tlapm
@!!already:false
@!!obl:ASSUME ASSUME NEW CONSTANT S,
              IsFiniteSet(S) 
       PROVE  /\ Cardinality(S) \in Nat
              /\ ExistsBijection(1..Cardinality(S), S) ,
       NEW CONSTANT S,
       IsFiniteSet(S) ,
       NEW CONSTANT T \in SUBSET S
PROVE  ASSUME NEW CONSTANT S_1,
              IsFiniteSet(S_1) 
       PROVE  /\ Cardinality(S_1) \in Nat
              /\ ExistsBijection(1..Cardinality(S_1), S_1)

@!!END

@!!BEGIN
@!!type:obligation
@!!id:284
@!!loc:416:3:416:5
@!!status:normalized
@!!meth:time-limit: 10
@!!obl:ASSUME NEW CONSTANT S,
       IsFiniteSet(S) ,
       NEW CONSTANT T \in SUBSET S,
       /\ Cardinality(S) \in Nat
       /\ ExistsBijection(1..Cardinality(S), S) ,
       ASSUME NEW CONSTANT S_1,
              NEW CONSTANT m \in Nat,
              ExistsBijection(1..m, S_1) ,
              NEW CONSTANT T_1 \in SUBSET S_1
       PROVE  \E n \in Nat : ExistsBijection(1..n, T_1) /\ n =< m ,
       TRUE 
PROVE  \E n \in Nat : ExistsBijection(1..n, T) /\ n =< Cardinality(S)

@!!END

@!!BEGIN
@!!type:obligation
@!!id:285
@!!loc:416:6:416:10
@!!status:trivial
@!!prover:tlapm
@!!already:false
@!!obl:ASSUME NEW CONSTANT S,
       IsFiniteSet(S) ,
       NEW CONSTANT T \in SUBSET S,
       /\ Cardinality(S) \in Nat
       /\ ExistsBijection(1..Cardinality(S), S) 
PROVE  /\ Cardinality(S) \in Nat
       /\ ExistsBijection(1..Cardinality(S), S)

@!!END

@!!BEGIN
@!!type:obligation
@!!id:286
@!!loc:416:12:416:28
@!!status:trivial
@!!prover:tlapm
@!!already:false
@!!obl:ASSUME ASSUME NEW CONSTANT S,
              NEW CONSTANT m \in Nat,
              ExistsBijection(1..m, S) ,
              NEW CONSTANT T \in SUBSET S
       PROVE  \E n \in Nat : ExistsBijection(1..n, T) /\ n =< m ,
       NEW CONSTANT S,
       IsFiniteSet(S) ,
       NEW CONSTANT T \in SUBSET S,
       /\ Cardinality(S) \in Nat
       /\ ExistsBijection(1..Cardinality(S), S) 
PROVE  ASSUME NEW CONSTANT S_1,
              NEW CONSTANT m \in Nat,
              ExistsBijection(1..m, S_1) ,
              NEW CONSTANT T_1 \in SUBSET S_1
       PROVE  \E n \in Nat : ExistsBijection(1..n, T_1) /\ n =< m

@!!END

@!!BEGIN
@!!type:obligation
@!!id:287
@!!loc:416:30:416:35
@!!status:trivial
@!!prover:tlapm
@!!already:false
@!!obl:ASSUME NEW CONSTANT S,
       IsFiniteSet(S) ,
       NEW CONSTANT T \in SUBSET S,
       /\ Cardinality(S) \in Nat
       /\ ExistsBijection(1..Cardinality(S), S) ,
       ASSUME NEW CONSTANT S_1,
              NEW CONSTANT m \in Nat,
              ExistsBijection(1..m, S_1) ,
              NEW CONSTANT T_1 \in SUBSET S_1
       PROVE  \E n \in Nat : ExistsBijection(1..n, T_1) /\ n =< m 
PROVE  TRUE

@!!END

@!!BEGIN
@!!type:obligation
@!!id:289
@!!loc:426:13:426:15
@!!status:normalized
@!!meth:time-limit: 5
@!!obl:ASSUME NEW CONSTANT S,
       IsFiniteSet(S) ,
       NEW CONSTANT T \in SUBSET S,
       NEW CONSTANT n \in Nat,
       NEW CONSTANT x \in S \ T,
       NEW CONSTANT m \in Nat,
       ExistsBijection(1..m, T) /\ m =< Cardinality(S) - 1 ,
       /\ Cardinality(S) = Cardinality(T)
       /\ S # T ,
       ASSUME NEW CONSTANT S_1,
              NEW CONSTANT n_1 \in Nat,
              ExistsBijection(1..n_1, S_1) 
       PROVE  Cardinality(S_1) = n_1 
PROVE  FALSE

@!!END

@!!BEGIN
@!!type:obligation
@!!id:290
@!!loc:426:16:426:20
@!!status:trivial
@!!prover:tlapm
@!!already:false
@!!obl:ASSUME NEW CONSTANT S,
       IsFiniteSet(S) ,
       NEW CONSTANT T \in SUBSET S,
       NEW CONSTANT n \in Nat,
       NEW CONSTANT x \in S \ T,
       NEW CONSTANT m \in Nat,
       ExistsBijection(1..m, T) /\ m =< Cardinality(S) - 1 
PROVE  ExistsBijection(1..m, T) /\ m =< Cardinality(S) - 1

@!!END

@!!BEGIN
@!!type:obligation
@!!id:291
@!!loc:426:22:426:26
@!!status:trivial
@!!prover:tlapm
@!!already:false
@!!obl:ASSUME NEW CONSTANT S,
       IsFiniteSet(S) ,
       NEW CONSTANT T \in SUBSET S,
       NEW CONSTANT n \in Nat,
       /\ Cardinality(S) = Cardinality(T)
       /\ S # T ,
       NEW CONSTANT x \in S \ T,
       NEW CONSTANT m \in Nat,
       ExistsBijection(1..m, T) /\ m =< Cardinality(S) - 1 
PROVE  /\ Cardinality(S) = Cardinality(T)
       /\ S # T

@!!END

@!!BEGIN
@!!type:obligation
@!!id:292
@!!loc:426:28:426:47
@!!status:trivial
@!!prover:tlapm
@!!already:false
@!!obl:ASSUME ASSUME NEW CONSTANT S,
              NEW CONSTANT n \in Nat,
              ExistsBijection(1..n, S) 
       PROVE  Cardinality(S) = n ,
       NEW CONSTANT S,
       IsFiniteSet(S) ,
       NEW CONSTANT T \in SUBSET S,
       NEW CONSTANT n \in Nat,
       NEW CONSTANT x \in S \ T,
       NEW CONSTANT m \in Nat,
       ExistsBijection(1..m, T) /\ m =< Cardinality(S) - 1 ,
       /\ Cardinality(S) = Cardinality(T)
       /\ S # T 
PROVE  ASSUME NEW CONSTANT S_1,
              NEW CONSTANT n_1 \in Nat,
              ExistsBijection(1..n_1, S_1) 
       PROVE  Cardinality(S_1) = n_1

@!!END

@!!BEGIN
@!!type:obligation
@!!id:293
@!!loc:419:34:419:36
@!!status:normalized
@!!meth:time-limit: 10
@!!obl:ASSUME NEW CONSTANT S,
       IsFiniteSet(S) ,
       NEW CONSTANT T \in SUBSET S,
       NEW CONSTANT n \in Nat,
       /\ Cardinality(S) = Cardinality(T)
       /\ S # T ,
       TRUE 
PROVE  \E x \in S \ T : TRUE

@!!END

@!!BEGIN
@!!type:obligation
@!!id:294
@!!loc:419:37:419:41
@!!status:trivial
@!!prover:tlapm
@!!already:false
@!!obl:ASSUME NEW CONSTANT S,
       IsFiniteSet(S) ,
       NEW CONSTANT T \in SUBSET S,
       NEW CONSTANT n \in Nat,
       /\ Cardinality(S) = Cardinality(T)
       /\ S # T 
PROVE  /\ Cardinality(S) = Cardinality(T)
       /\ S # T

@!!END

@!!BEGIN
@!!type:obligation
@!!id:295
@!!loc:419:43:419:48
@!!status:trivial
@!!prover:tlapm
@!!already:false
@!!obl:ASSUME NEW CONSTANT S,
       IsFiniteSet(S) ,
       NEW CONSTANT T \in SUBSET S,
       NEW CONSTANT n \in Nat,
       /\ Cardinality(S) = Cardinality(T)
       /\ S # T 
PROVE  TRUE

@!!END

@!!BEGIN
@!!type:obligation
@!!id:297
@!!loc:422:5:422:7
@!!status:normalized
@!!meth:time-limit: 5
@!!obl:ASSUME NEW CONSTANT S,
       IsFiniteSet(S) ,
       NEW CONSTANT T \in SUBSET S,
       NEW CONSTANT n \in Nat,
       NEW CONSTANT x \in S \ T,
       TRUE ,
       ASSUME NEW CONSTANT S_1,
              NEW CONSTANT x_1,
              IsFiniteSet(S_1) 
       PROVE  /\ IsFiniteSet(S_1 \ {x_1})
              /\ Cardinality(S_1 \ {x_1})
                 = (IF x_1 \in S_1
                      THEN Cardinality(S_1) - 1
                      ELSE Cardinality(S_1)) 
PROVE  /\ IsFiniteSet(S \ {x})
       /\ Cardinality(S \ {x}) = Cardinality(S) - 1

@!!END

@!!BEGIN
@!!type:obligation
@!!id:298
@!!loc:422:8:422:12
@!!status:trivial
@!!prover:tlapm
@!!already:false
@!!obl:ASSUME NEW CONSTANT S,
       IsFiniteSet(S) ,
       NEW CONSTANT T \in SUBSET S,
       NEW CONSTANT n \in Nat,
       NEW CONSTANT x \in S \ T,
       TRUE 
PROVE  TRUE

@!!END

@!!BEGIN
@!!type:obligation
@!!id:299
@!!loc:422:14:422:30
@!!status:trivial
@!!prover:tlapm
@!!already:false
@!!obl:ASSUME ASSUME NEW CONSTANT S,
              NEW CONSTANT x,
              IsFiniteSet(S) 
       PROVE  /\ IsFiniteSet(S \ {x})
              /\ Cardinality(S \ {x})
                 = (IF x \in S THEN Cardinality(S) - 1 ELSE Cardinality(S)) ,
       NEW CONSTANT S,
       IsFiniteSet(S) ,
       NEW CONSTANT T \in SUBSET S,
       NEW CONSTANT n \in Nat,
       NEW CONSTANT x \in S \ T,
       TRUE 
PROVE  ASSUME NEW CONSTANT S_1,
              NEW CONSTANT x_1,
              IsFiniteSet(S_1) 
       PROVE  /\ IsFiniteSet(S_1 \ {x_1})
              /\ Cardinality(S_1 \ {x_1})
                 = (IF x_1 \in S_1
                      THEN Cardinality(S_1) - 1
                      ELSE Cardinality(S_1))

@!!END

@!!BEGIN
@!!type:obligation
@!!id:300
@!!loc:423:30:423:32
@!!status:normalized
@!!meth:time-limit: 5
@!!obl:ASSUME NEW CONSTANT S,
       IsFiniteSet(S) ,
       NEW CONSTANT T \in SUBSET S,
       NEW CONSTANT n \in Nat,
       NEW CONSTANT x \in S \ T,
       TRUE 
PROVE  T \subseteq S \ {x}

@!!END

@!!BEGIN
@!!type:obligation
@!!id:301
@!!loc:423:33:423:37
@!!status:trivial
@!!prover:tlapm
@!!already:false
@!!obl:ASSUME NEW CONSTANT S,
       IsFiniteSet(S) ,
       NEW CONSTANT T \in SUBSET S,
       NEW CONSTANT n \in Nat,
       NEW CONSTANT x \in S \ T,
       TRUE 
PROVE  TRUE

@!!END

@!!BEGIN
@!!type:obligation
@!!id:302
@!!loc:425:5:425:7
@!!status:normalized
@!!meth:time-limit: 10
@!!obl:ASSUME NEW CONSTANT S,
       IsFiniteSet(S) ,
       NEW CONSTANT T \in SUBSET S,
       NEW CONSTANT n \in Nat,
       NEW CONSTANT x \in S \ T,
       /\ IsFiniteSet(S \ {x})
       /\ Cardinality(S \ {x}) = Cardinality(S) - 1 ,
       T \subseteq S \ {x} ,
       ASSUME NEW CONSTANT S_1,
              IsFiniteSet(S_1) 
       PROVE  /\ Cardinality(S_1) \in Nat
              /\ ExistsBijection(1..Cardinality(S_1), S_1) ,
       ASSUME NEW CONSTANT S_1,
              NEW CONSTANT m \in Nat,
              ExistsBijection(1..m, S_1) ,
              NEW CONSTANT T_1 \in SUBSET S_1
       PROVE  \E n_1 \in Nat : ExistsBijection(1..n_1, T_1) /\ n_1 =< m ,
       TRUE 
PROVE  \E m \in Nat : ExistsBijection(1..m, T) /\ m =< Cardinality(S) - 1

@!!END

@!!BEGIN
@!!type:obligation
@!!id:303
@!!loc:425:8:425:12
@!!status:trivial
@!!prover:tlapm
@!!already:false
@!!obl:ASSUME NEW CONSTANT S,
       IsFiniteSet(S) ,
       NEW CONSTANT T \in SUBSET S,
       NEW CONSTANT n \in Nat,
       NEW CONSTANT x \in S \ T,
       /\ IsFiniteSet(S \ {x})
       /\ Cardinality(S \ {x}) = Cardinality(S) - 1 
PROVE  /\ IsFiniteSet(S \ {x})
       /\ Cardinality(S \ {x}) = Cardinality(S) - 1

@!!END

@!!BEGIN
@!!type:obligation
@!!id:304
@!!loc:425:14:425:18
@!!status:trivial
@!!prover:tlapm
@!!already:false
@!!obl:ASSUME NEW CONSTANT S,
       IsFiniteSet(S) ,
       NEW CONSTANT T \in SUBSET S,
       NEW CONSTANT n \in Nat,
       NEW CONSTANT x \in S \ T,
       T \subseteq S \ {x} ,
       /\ IsFiniteSet(S \ {x})
       /\ Cardinality(S \ {x}) = Cardinality(S) - 1 
PROVE  T \subseteq S \ {x}

@!!END

@!!BEGIN
@!!type:obligation
@!!id:305
@!!loc:425:20:425:38
@!!status:trivial
@!!prover:tlapm
@!!already:false
@!!obl:ASSUME ASSUME NEW CONSTANT S,
              IsFiniteSet(S) 
       PROVE  /\ Cardinality(S) \in Nat
              /\ ExistsBijection(1..Cardinality(S), S) ,
       NEW CONSTANT S,
       IsFiniteSet(S) ,
       NEW CONSTANT T \in SUBSET S,
       NEW CONSTANT n \in Nat,
       NEW CONSTANT x \in S \ T,
       /\ IsFiniteSet(S \ {x})
       /\ Cardinality(S \ {x}) = Cardinality(S) - 1 ,
       T \subseteq S \ {x} 
PROVE  ASSUME NEW CONSTANT S_1,
              IsFiniteSet(S_1) 
       PROVE  /\ Cardinality(S_1) \in Nat
              /\ ExistsBijection(1..Cardinality(S_1), S_1)

@!!END

@!!BEGIN
@!!type:obligation
@!!id:306
@!!loc:425:40:425:56
@!!status:trivial
@!!prover:tlapm
@!!already:false
@!!obl:ASSUME ASSUME NEW CONSTANT S,
              NEW CONSTANT m \in Nat,
              ExistsBijection(1..m, S) ,
              NEW CONSTANT T \in SUBSET S
       PROVE  \E n \in Nat : ExistsBijection(1..n, T) /\ n =< m ,
       NEW CONSTANT S,
       IsFiniteSet(S) ,
       NEW CONSTANT T \in SUBSET S,
       NEW CONSTANT n \in Nat,
       NEW CONSTANT x \in S \ T,
       /\ IsFiniteSet(S \ {x})
       /\ Cardinality(S \ {x}) = Cardinality(S) - 1 ,
       T \subseteq S \ {x} ,
       ASSUME NEW CONSTANT S_1,
              IsFiniteSet(S_1) 
       PROVE  /\ Cardinality(S_1) \in Nat
              /\ ExistsBijection(1..Cardinality(S_1), S_1) 
PROVE  ASSUME NEW CONSTANT S_1,
              NEW CONSTANT m \in Nat,
              ExistsBijection(1..m, S_1) ,
              NEW CONSTANT T_1 \in SUBSET S_1
       PROVE  \E n_1 \in Nat : ExistsBijection(1..n_1, T_1) /\ n_1 =< m

@!!END

@!!BEGIN
@!!type:obligation
@!!id:307
@!!loc:425:58:425:63
@!!status:trivial
@!!prover:tlapm
@!!already:false
@!!obl:ASSUME NEW CONSTANT S,
       IsFiniteSet(S) ,
       NEW CONSTANT T \in SUBSET S,
       NEW CONSTANT n \in Nat,
       NEW CONSTANT x \in S \ T,
       /\ IsFiniteSet(S \ {x})
       /\ Cardinality(S \ {x}) = Cardinality(S) - 1 ,
       T \subseteq S \ {x} ,
       ASSUME NEW CONSTANT S_1,
              IsFiniteSet(S_1) 
       PROVE  /\ Cardinality(S_1) \in Nat
              /\ ExistsBijection(1..Cardinality(S_1), S_1) ,
       ASSUME NEW CONSTANT S_1,
              NEW CONSTANT m \in Nat,
              ExistsBijection(1..m, S_1) ,
              NEW CONSTANT T_1 \in SUBSET S_1
       PROVE  \E n_1 \in Nat : ExistsBijection(1..n_1, T_1) /\ n_1 =< m 
PROVE  TRUE

@!!END

@!!BEGIN
@!!type:obligation
@!!id:309
@!!loc:459:11:459:13
@!!status:normalized
@!!meth:time-limit: 5
@!!obl:ASSUME NEW CONSTANT S,
       NEW CONSTANT T,
       NEW CONSTANT f \in Surjection(S, T),
       IsFiniteSet(S) ,
       IsFiniteSet(T) /\ Cardinality(T) =< Cardinality(S) ,
       ASSUME Cardinality(T) = Cardinality(S) 
       PROVE  f \in Injection(S, T) ,
       ASSUME f \in Injection(S, T) 
       PROVE  Cardinality(T) = Cardinality(S) 
PROVE  /\ IsFiniteSet(T)
       /\ Cardinality(T) =< Cardinality(S)
       /\ Cardinality(T) = Cardinality(S) <=> f \in Injection(S, T)

@!!END

@!!BEGIN
@!!type:obligation
@!!id:310
@!!loc:459:14:459:18
@!!status:trivial
@!!prover:tlapm
@!!already:false
@!!obl:ASSUME NEW CONSTANT S,
       NEW CONSTANT T,
       NEW CONSTANT f \in Surjection(S, T),
       IsFiniteSet(S) ,
       IsFiniteSet(T) /\ Cardinality(T) =< Cardinality(S) 
PROVE  IsFiniteSet(T) /\ Cardinality(T) =< Cardinality(S)

@!!END

@!!BEGIN
@!!type:obligation
@!!id:311
@!!loc:459:20:459:24
@!!status:trivial
@!!prover:tlapm
@!!already:false
@!!obl:ASSUME NEW CONSTANT S,
       NEW CONSTANT T,
       NEW CONSTANT f \in Surjection(S, T),
       IsFiniteSet(S) ,
       ASSUME Cardinality(T) = Cardinality(S) 
       PROVE  f \in Injection(S, T) ,
       IsFiniteSet(T) /\ Cardinality(T) =< Cardinality(S) 
PROVE  ASSUME Cardinality(T) = Cardinality(S) 
       PROVE  f \in Injection(S, T)

@!!END

@!!BEGIN
@!!type:obligation
@!!id:312
@!!loc:459:26:459:30
@!!status:trivial
@!!prover:tlapm
@!!already:false
@!!obl:ASSUME NEW CONSTANT S,
       NEW CONSTANT T,
       NEW CONSTANT f \in Surjection(S, T),
       IsFiniteSet(S) ,
       ASSUME f \in Injection(S, T) 
       PROVE  Cardinality(T) = Cardinality(S) ,
       IsFiniteSet(T) /\ Cardinality(T) =< Cardinality(S) ,
       ASSUME Cardinality(T) = Cardinality(S) 
       PROVE  f \in Injection(S, T) 
PROVE  ASSUME f \in Injection(S, T) 
       PROVE  Cardinality(T) = Cardinality(S)

@!!END

@!!BEGIN
@!!type:obligation
@!!id:313
@!!loc:447:3:447:5
@!!status:normalized
@!!meth:time-limit: 5
@!!obl:ASSUME NEW CONSTANT S,
       NEW CONSTANT T,
       NEW CONSTANT f \in Surjection(S, T),
       IsFiniteSet(S) ,
       ASSUME NEW CONSTANT S_1,
              IsFiniteSet(S_1) 
       PROVE  /\ Cardinality(S_1) \in Nat
              /\ ExistsBijection(1..Cardinality(S_1), S_1) 
PROVE  /\ Cardinality(S) \in Nat
       /\ ExistsBijection(1..Cardinality(S), S)

@!!END

@!!BEGIN
@!!type:obligation
@!!id:314
@!!loc:447:6:447:24
@!!status:trivial
@!!prover:tlapm
@!!already:false
@!!obl:ASSUME ASSUME NEW CONSTANT S,
              IsFiniteSet(S) 
       PROVE  /\ Cardinality(S) \in Nat
              /\ ExistsBijection(1..Cardinality(S), S) ,
       NEW CONSTANT S,
       NEW CONSTANT T,
       NEW CONSTANT f \in Surjection(S, T),
       IsFiniteSet(S) 
PROVE  ASSUME NEW CONSTANT S_1,
              IsFiniteSet(S_1) 
       PROVE  /\ Cardinality(S_1) \in Nat
              /\ ExistsBijection(1..Cardinality(S_1), S_1)

@!!END

@!!BEGIN
@!!type:obligation
@!!id:315
@!!loc:449:3:449:5
@!!status:normalized
@!!meth:time-limit: 5
@!!obl:ASSUME NEW CONSTANT S,
       NEW CONSTANT T,
       NEW CONSTANT f \in Surjection(S, T),
       IsFiniteSet(S) ,
       /\ Cardinality(S) \in Nat
       /\ ExistsBijection(1..Cardinality(S), S) ,
       ASSUME NEW CONSTANT S_1,
              NEW CONSTANT T_1
       PROVE  /\ ExistsBijection(S_1, T_1) <=> ExistsBijection(T_1, S_1)
              /\ ExistsBijection(S_1, T_1)
                 <=> ExistsInjection(S_1, T_1) /\ ExistsInjection(T_1, S_1)
              /\ ExistsBijection(S_1, T_1)
                 <=> ExistsInjection(S_1, T_1) /\ Surjection(S_1, T_1) # {}
              /\ ExistsBijection(S_1, T_1)
                 <=> ExistsInjection(T_1, S_1) /\ Surjection(T_1, S_1) # {}
              /\ ExistsBijection(S_1, T_1)
                 <=> Surjection(S_1, T_1) # {} /\ Surjection(T_1, S_1) # {} ,
       ASSUME NEW CONSTANT S_1,
              NEW CONSTANT T_1,
              NEW CONSTANT U,
              Surjection(S_1, T_1) # {} ,
              Surjection(T_1, U) # {} 
       PROVE  Surjection(S_1, U) # {} 
PROVE  Surjection(1..Cardinality(S), T) # {}

@!!END

@!!BEGIN
@!!type:obligation
@!!id:313
@!!loc:447:3:447:5
@!!status:proved
@!!prover:smt
@!!meth:time-limit: 5; time-used: 0.1 (2%)
@!!already:false
@!!obl:
ASSUME NEW CONSTANT S,
       NEW CONSTANT T,
       NEW CONSTANT f \in Surjection(S, T),
       IsFiniteSet(S) ,
       ASSUME NEW CONSTANT S_1,
              IsFiniteSet(S_1) 
       PROVE  /\ Cardinality(S_1) \in Nat
              /\ ExistsBijection(1..Cardinality(S_1), S_1) 
PROVE  /\ Cardinality(S) \in Nat
       /\ ExistsBijection(1..Cardinality(S), S)

@!!END

@!!BEGIN
@!!type:obligation
@!!id:309
@!!loc:459:11:459:13
@!!status:proved
@!!prover:smt
@!!meth:time-limit: 5; time-used: 0.3 (5%)
@!!already:false
@!!obl:
ASSUME NEW CONSTANT S,
       NEW CONSTANT T,
       NEW CONSTANT f \in Surjection(S, T),
       IsFiniteSet(S) ,
       IsFiniteSet(T) /\ Cardinality(T) =< Cardinality(S) ,
       ASSUME Cardinality(T) = Cardinality(S) 
       PROVE  f \in Injection(S, T) ,
       ASSUME f \in Injection(S, T) 
       PROVE  Cardinality(T) = Cardinality(S) 
PROVE  /\ IsFiniteSet(T)
       /\ Cardinality(T) =< Cardinality(S)
       /\ Cardinality(T) = Cardinality(S) <=> f \in Injection(S, T)

@!!END

@!!BEGIN
@!!type:obligation
@!!id:302
@!!loc:425:5:425:7
@!!status:proved
@!!prover:zenon
@!!meth:time-limit: 10; time-used: 0.5 (5%)
@!!already:false
@!!obl:
ASSUME NEW CONSTANT S,
       IsFiniteSet(S) ,
       NEW CONSTANT T \in SUBSET S,
       NEW CONSTANT n \in Nat,
       NEW CONSTANT x \in S \ T,
       /\ IsFiniteSet(S \ {x})
       /\ Cardinality(S \ {x}) = Cardinality(S) - 1 ,
       T \subseteq S \ {x} ,
       ASSUME NEW CONSTANT S_1,
              IsFiniteSet(S_1) 
       PROVE  /\ Cardinality(S_1) \in Nat
              /\ ExistsBijection(1..Cardinality(S_1), S_1) ,
       ASSUME NEW CONSTANT S_1,
              NEW CONSTANT m \in Nat,
              ExistsBijection(1..m, S_1) ,
              NEW CONSTANT T_1 \in SUBSET S_1
       PROVE  \E n_1 \in Nat : ExistsBijection(1..n_1, T_1) /\ n_1 =< m ,
       TRUE 
PROVE  \E m \in Nat : ExistsBijection(1..m, T) /\ m =< Cardinality(S) - 1

@!!END

@!!BEGIN
@!!type:obligation
@!!id:300
@!!loc:423:30:423:32
@!!status:proved
@!!prover:smt
@!!meth:time-limit: 5; time-used: 0.6 (12%)
@!!already:false
@!!obl:
ASSUME NEW CONSTANT S,
       IsFiniteSet(S) ,
       NEW CONSTANT T \in SUBSET S,
       NEW CONSTANT n \in Nat,
       NEW CONSTANT x \in S \ T,
       TRUE 
PROVE  T \subseteq S \ {x}

@!!END

@!!BEGIN
@!!type:obligation
@!!id:297
@!!loc:422:5:422:7
@!!status:proved
@!!prover:smt
@!!meth:time-limit: 5; time-used: 0.7 (14%)
@!!already:false
@!!obl:
ASSUME NEW CONSTANT S,
       IsFiniteSet(S) ,
       NEW CONSTANT T \in SUBSET S,
       NEW CONSTANT n \in Nat,
       NEW CONSTANT x \in S \ T,
       TRUE ,
       ASSUME NEW CONSTANT S_1,
              NEW CONSTANT x_1,
              IsFiniteSet(S_1) 
       PROVE  /\ IsFiniteSet(S_1 \ {x_1})
              /\ Cardinality(S_1 \ {x_1})
                 = (IF x_1 \in S_1
                      THEN Cardinality(S_1) - 1
                      ELSE Cardinality(S_1)) 
PROVE  /\ IsFiniteSet(S \ {x})
       /\ Cardinality(S \ {x}) = Cardinality(S) - 1

@!!END

@!!BEGIN
@!!type:obligation
@!!id:293
@!!loc:419:34:419:36
@!!status:proved
@!!prover:zenon
@!!meth:time-limit: 10; time-used: 0.9 (9%)
@!!already:false
@!!obl:
ASSUME NEW CONSTANT S,
       IsFiniteSet(S) ,
       NEW CONSTANT T \in SUBSET S,
       NEW CONSTANT n \in Nat,
       /\ Cardinality(S) = Cardinality(T)
       /\ S # T ,
       TRUE 
PROVE  \E x \in S \ T : TRUE

@!!END

@!!BEGIN
@!!type:obligation
@!!id:289
@!!loc:426:13:426:15
@!!status:proved
@!!prover:smt
@!!meth:time-limit: 5; time-used: 1.0 (20%)
@!!already:false
@!!obl:
ASSUME NEW CONSTANT S,
       IsFiniteSet(S) ,
       NEW CONSTANT T \in SUBSET S,
       NEW CONSTANT n \in Nat,
       NEW CONSTANT x \in S \ T,
       NEW CONSTANT m \in Nat,
       ExistsBijection(1..m, T) /\ m =< Cardinality(S) - 1 ,
       /\ Cardinality(S) = Cardinality(T)
       /\ S # T ,
       ASSUME NEW CONSTANT S_1,
              NEW CONSTANT n_1 \in Nat,
              ExistsBijection(1..n_1, S_1) 
       PROVE  Cardinality(S_1) = n_1 
PROVE  FALSE

@!!END

@!!BEGIN
@!!type:obligation
@!!id:284
@!!loc:416:3:416:5
@!!status:proved
@!!prover:zenon
@!!meth:time-limit: 10; time-used: 1.2 (12%)
@!!already:false
@!!obl:
ASSUME NEW CONSTANT S,
       IsFiniteSet(S) ,
       NEW CONSTANT T \in SUBSET S,
       /\ Cardinality(S) \in Nat
       /\ ExistsBijection(1..Cardinality(S), S) ,
       ASSUME NEW CONSTANT S_1,
              NEW CONSTANT m \in Nat,
              ExistsBijection(1..m, S_1) ,
              NEW CONSTANT T_1 \in SUBSET S_1
       PROVE  \E n \in Nat : ExistsBijection(1..n, T_1) /\ n =< m ,
       TRUE 
PROVE  \E n \in Nat : ExistsBijection(1..n, T) /\ n =< Cardinality(S)

@!!END

@!!BEGIN
@!!type:obligation
@!!id:282
@!!loc:414:3:414:5
@!!status:proved
@!!prover:smt
@!!meth:time-limit: 5; time-used: 1.3 (26%)
@!!already:false
@!!obl:
ASSUME NEW CONSTANT S,
       IsFiniteSet(S) ,
       NEW CONSTANT T \in SUBSET S,
       ASSUME NEW CONSTANT S_1,
              IsFiniteSet(S_1) 
       PROVE  /\ Cardinality(S_1) \in Nat
              /\ ExistsBijection(1..Cardinality(S_1), S_1) 
PROVE  /\ Cardinality(S) \in Nat
       /\ ExistsBijection(1..Cardinality(S), S)

@!!END

@!!BEGIN
@!!type:obligation
@!!id:316
@!!loc:449:6:449:10
@!!status:trivial
@!!prover:tlapm
@!!already:false
@!!obl:ASSUME NEW CONSTANT S,
       NEW CONSTANT T,
       NEW CONSTANT f \in Surjection(S, T),
       IsFiniteSet(S) ,
       /\ Cardinality(S) \in Nat
       /\ ExistsBijection(1..Cardinality(S), S) 
PROVE  /\ Cardinality(S) \in Nat
       /\ ExistsBijection(1..Cardinality(S), S)

@!!END

@!!BEGIN
@!!type:obligation
@!!id:317
@!!loc:449:12:449:30
@!!status:trivial
@!!prover:tlapm
@!!already:false
@!!obl:ASSUME ASSUME NEW CONSTANT S,
              NEW CONSTANT T
       PROVE  /\ ExistsBijection(S, T) <=> ExistsBijection(T, S)
              /\ ExistsBijection(S, T)
                 <=> ExistsInjection(S, T) /\ ExistsInjection(T, S)
              /\ ExistsBijection(S, T)
                 <=> ExistsInjection(S, T) /\ Surjection(S, T) # {}
              /\ ExistsBijection(S, T)
                 <=> ExistsInjection(T, S) /\ Surjection(T, S) # {}
              /\ ExistsBijection(S, T)
                 <=> Surjection(S, T) # {} /\ Surjection(T, S) # {} ,
       NEW CONSTANT S,
       NEW CONSTANT T,
       NEW CONSTANT f \in Surjection(S, T),
       IsFiniteSet(S) ,
       /\ Cardinality(S) \in Nat
       /\ ExistsBijection(1..Cardinality(S), S) 
PROVE  ASSUME NEW CONSTANT S_1,
              NEW CONSTANT T_1
       PROVE  /\ ExistsBijection(S_1, T_1) <=> ExistsBijection(T_1, S_1)
              /\ ExistsBijection(S_1, T_1)
                 <=> ExistsInjection(S_1, T_1) /\ ExistsInjection(T_1, S_1)
              /\ ExistsBijection(S_1, T_1)
                 <=> ExistsInjection(S_1, T_1) /\ Surjection(S_1, T_1) # {}
              /\ ExistsBijection(S_1, T_1)
                 <=> ExistsInjection(T_1, S_1) /\ Surjection(T_1, S_1) # {}
              /\ ExistsBijection(S_1, T_1)
                 <=> Surjection(S_1, T_1) # {} /\ Surjection(T_1, S_1) # {}

@!!END

@!!BEGIN
@!!type:obligation
@!!id:318
@!!loc:449:32:449:56
@!!status:trivial
@!!prover:tlapm
@!!already:false
@!!obl:ASSUME ASSUME NEW CONSTANT S,
              NEW CONSTANT T,
              NEW CONSTANT U,
              Surjection(S, T) # {} ,
              Surjection(T, U) # {} 
       PROVE  Surjection(S, U) # {} ,
       NEW CONSTANT S,
       NEW CONSTANT T,
       NEW CONSTANT f \in Surjection(S, T),
       IsFiniteSet(S) ,
       /\ Cardinality(S) \in Nat
       /\ ExistsBijection(1..Cardinality(S), S) ,
       ASSUME NEW CONSTANT S_1,
              NEW CONSTANT T_1
       PROVE  /\ ExistsBijection(S_1, T_1) <=> ExistsBijection(T_1, S_1)
              /\ ExistsBijection(S_1, T_1)
                 <=> ExistsInjection(S_1, T_1) /\ ExistsInjection(T_1, S_1)
              /\ ExistsBijection(S_1, T_1)
                 <=> ExistsInjection(S_1, T_1) /\ Surjection(S_1, T_1) # {}
              /\ ExistsBijection(S_1, T_1)
                 <=> ExistsInjection(T_1, S_1) /\ Surjection(T_1, S_1) # {}
              /\ ExistsBijection(S_1, T_1)
                 <=> Surjection(S_1, T_1) # {} /\ Surjection(T_1, S_1) # {} 
PROVE  ASSUME NEW CONSTANT S_1,
              NEW CONSTANT T_1,
              NEW CONSTANT U,
              Surjection(S_1, T_1) # {} ,
              Surjection(T_1, U) # {} 
       PROVE  Surjection(S_1, U) # {}

@!!END

@!!BEGIN
@!!type:obligation
@!!id:319
@!!loc:451:3:451:5
@!!status:normalized
@!!meth:time-limit: 5
@!!obl:ASSUME NEW CONSTANT S,
       NEW CONSTANT T,
       NEW CONSTANT f \in Surjection(S, T),
       IsFiniteSet(S) ,
       /\ Cardinality(S) \in Nat
       /\ ExistsBijection(1..Cardinality(S), S) ,
       ExistsSurjection(1..Cardinality(S), T) ,
       ASSUME NEW CONSTANT S_1
       PROVE  IsFiniteSet(S_1)
              <=> (\E n \in Nat : ExistsSurjection(1..n, S_1)) ,
       ASSUME NEW CONSTANT S_1,
              NEW CONSTANT n \in Nat,
              ExistsSurjection(1..n, S_1) 
       PROVE  Cardinality(S_1) =< n 
PROVE  IsFiniteSet(T) /\ Cardinality(T) =< Cardinality(S)

@!!END

@!!BEGIN
@!!type:obligation
@!!id:320
@!!loc:451:6:451:10
@!!status:trivial
@!!prover:tlapm
@!!already:false
@!!obl:ASSUME NEW CONSTANT S,
       NEW CONSTANT T,
       NEW CONSTANT f \in Surjection(S, T),
       IsFiniteSet(S) ,
       /\ Cardinality(S) \in Nat
       /\ ExistsBijection(1..Cardinality(S), S) 
PROVE  /\ Cardinality(S) \in Nat
       /\ ExistsBijection(1..Cardinality(S), S)

@!!END

@!!BEGIN
@!!type:obligation
@!!id:321
@!!loc:451:12:451:16
@!!status:trivial
@!!prover:tlapm
@!!already:false
@!!obl:ASSUME NEW CONSTANT S,
       NEW CONSTANT T,
       NEW CONSTANT f \in Surjection(S, T),
       IsFiniteSet(S) ,
       ExistsSurjection(1..Cardinality(S), T) ,
       /\ Cardinality(S) \in Nat
       /\ ExistsBijection(1..Cardinality(S), S) 
PROVE  ExistsSurjection(1..Cardinality(S), T)

@!!END

@!!BEGIN
@!!type:obligation
@!!id:322
@!!loc:451:18:451:34
@!!status:trivial
@!!prover:tlapm
@!!already:false
@!!obl:ASSUME ASSUME NEW CONSTANT S
       PROVE  IsFiniteSet(S) <=> (\E n \in Nat : ExistsSurjection(1..n, S)) ,
       NEW CONSTANT S,
       NEW CONSTANT T,
       NEW CONSTANT f \in Surjection(S, T),
       IsFiniteSet(S) ,
       /\ Cardinality(S) \in Nat
       /\ ExistsBijection(1..Cardinality(S), S) ,
       ExistsSurjection(1..Cardinality(S), T) 
PROVE  ASSUME NEW CONSTANT S_1
       PROVE  IsFiniteSet(S_1)
              <=> (\E n \in Nat : ExistsSurjection(1..n, S_1))

@!!END

@!!BEGIN
@!!type:obligation
@!!id:323
@!!loc:451:36:451:59
@!!status:trivial
@!!prover:tlapm
@!!already:false
@!!obl:ASSUME ASSUME NEW CONSTANT S,
              NEW CONSTANT n \in Nat,
              ExistsSurjection(1..n, S) 
       PROVE  Cardinality(S) =< n ,
       NEW CONSTANT S,
       NEW CONSTANT T,
       NEW CONSTANT f \in Surjection(S, T),
       IsFiniteSet(S) ,
       /\ Cardinality(S) \in Nat
       /\ ExistsBijection(1..Cardinality(S), S) ,
       ExistsSurjection(1..Cardinality(S), T) ,
       ASSUME NEW CONSTANT S_1
       PROVE  IsFiniteSet(S_1)
              <=> (\E n \in Nat : ExistsSurjection(1..n, S_1)) 
PROVE  ASSUME NEW CONSTANT S_1,
              NEW CONSTANT n \in Nat,
              ExistsSurjection(1..n, S_1) 
       PROVE  Cardinality(S_1) =< n

@!!END

@!!BEGIN
@!!type:obligation
@!!id:324
@!!loc:453:3:453:5
@!!status:normalized
@!!meth:time-limit: 5
@!!obl:ASSUME NEW CONSTANT S,
       NEW CONSTANT T,
       NEW CONSTANT f \in Surjection(S, T),
       IsFiniteSet(S) ,
       Cardinality(T) = Cardinality(S) ,
       ASSUME NEW CONSTANT S_1,
              NEW CONSTANT T_1,
              IsFiniteSet(S_1) ,
              Cardinality(S_1) = Cardinality(T_1) ,
              NEW CONSTANT f_1 \in Surjection(S_1, T_1)
       PROVE  f_1 \in Injection(S_1, T_1) 
PROVE  f \in Injection(S, T)

@!!END

@!!BEGIN
@!!type:obligation
@!!id:325
@!!loc:453:6:453:10
@!!status:trivial
@!!prover:tlapm
@!!already:false
@!!obl:ASSUME NEW CONSTANT S,
       NEW CONSTANT T,
       NEW CONSTANT f \in Surjection(S, T),
       IsFiniteSet(S) ,
       Cardinality(T) = Cardinality(S) 
PROVE  Cardinality(T) = Cardinality(S)

@!!END

@!!BEGIN
@!!type:obligation
@!!id:326
@!!loc:453:12:453:44
@!!status:trivial
@!!prover:tlapm
@!!already:false
@!!obl:ASSUME ASSUME NEW CONSTANT S,
              NEW CONSTANT T,
              IsFiniteSet(S) ,
              Cardinality(S) = Cardinality(T) ,
              NEW CONSTANT f \in Surjection(S, T)
       PROVE  f \in Injection(S, T) ,
       NEW CONSTANT S,
       NEW CONSTANT T,
       NEW CONSTANT f \in Surjection(S, T),
       IsFiniteSet(S) ,
       Cardinality(T) = Cardinality(S) 
PROVE  ASSUME NEW CONSTANT S_1,
              NEW CONSTANT T_1,
              IsFiniteSet(S_1) ,
              Cardinality(S_1) = Cardinality(T_1) ,
              NEW CONSTANT f_1 \in Surjection(S_1, T_1)
       PROVE  f_1 \in Injection(S_1, T_1)

@!!END

@!!BEGIN
@!!type:obligation
@!!id:327
@!!loc:458:13:458:15
@!!status:normalized
@!!meth:time-limit: 5
@!!obl:ASSUME NEW CONSTANT S,
       NEW CONSTANT T,
       NEW CONSTANT f \in Surjection(S, T),
       IsFiniteSet(S) ,
       /\ Cardinality(S) \in Nat
       /\ ExistsBijection(1..Cardinality(S), S) ,
       ExistsBijection(1..Cardinality(S), T) ,
       ASSUME NEW CONSTANT S_1,
              NEW CONSTANT n \in Nat,
              ExistsBijection(1..n, S_1) 
       PROVE  Cardinality(S_1) = n 
PROVE  Cardinality(T) = Cardinality(S)

@!!END

@!!BEGIN
@!!type:obligation
@!!id:328
@!!loc:458:16:458:20
@!!status:trivial
@!!prover:tlapm
@!!already:false
@!!obl:ASSUME NEW CONSTANT S,
       NEW CONSTANT T,
       NEW CONSTANT f \in Surjection(S, T),
       IsFiniteSet(S) ,
       /\ Cardinality(S) \in Nat
       /\ ExistsBijection(1..Cardinality(S), S) 
PROVE  /\ Cardinality(S) \in Nat
       /\ ExistsBijection(1..Cardinality(S), S)

@!!END

@!!BEGIN
@!!type:obligation
@!!id:329
@!!loc:458:22:458:26
@!!status:trivial
@!!prover:tlapm
@!!already:false
@!!obl:ASSUME NEW CONSTANT S,
       NEW CONSTANT T,
       NEW CONSTANT f \in Surjection(S, T),
       IsFiniteSet(S) ,
       ExistsBijection(1..Cardinality(S), T) ,
       /\ Cardinality(S) \in Nat
       /\ ExistsBijection(1..Cardinality(S), S) 
PROVE  ExistsBijection(1..Cardinality(S), T)

@!!END

@!!BEGIN
@!!type:obligation
@!!id:330
@!!loc:458:28:458:47
@!!status:trivial
@!!prover:tlapm
@!!already:false
@!!obl:ASSUME ASSUME NEW CONSTANT S,
              NEW CONSTANT n \in Nat,
              ExistsBijection(1..n, S) 
       PROVE  Cardinality(S) = n ,
       NEW CONSTANT S,
       NEW CONSTANT T,
       NEW CONSTANT f \in Surjection(S, T),
       IsFiniteSet(S) ,
       /\ Cardinality(S) \in Nat
       /\ ExistsBijection(1..Cardinality(S), S) ,
       ExistsBijection(1..Cardinality(S), T) 
PROVE  ASSUME NEW CONSTANT S_1,
              NEW CONSTANT n \in Nat,
              ExistsBijection(1..n, S_1) 
       PROVE  Cardinality(S_1) = n

@!!END

@!!BEGIN
@!!type:obligation
@!!id:331
@!!loc:455:32:455:34
@!!status:normalized
@!!meth:time-limit: 5
@!!obl:ASSUME NEW CONSTANT S,
       NEW CONSTANT T,
       NEW CONSTANT f \in Surjection(S, T),
       IsFiniteSet(S) ,
       f \in Injection(S, T) 
PROVE  Injection(S, T) \cap Surjection(S, T) # {}

@!!END

@!!BEGIN
@!!type:obligation
@!!id:332
@!!loc:455:35:455:39
@!!status:trivial
@!!prover:tlapm
@!!already:false
@!!obl:ASSUME NEW CONSTANT S,
       NEW CONSTANT T,
       NEW CONSTANT f \in Surjection(S, T),
       IsFiniteSet(S) ,
       f \in Injection(S, T) 
PROVE  f \in Injection(S, T)

@!!END

@!!BEGIN
@!!type:obligation
@!!id:333
@!!loc:457:5:457:7
@!!status:normalized
@!!meth:time-limit: 5
@!!obl:ASSUME NEW CONSTANT S,
       NEW CONSTANT T,
       NEW CONSTANT f \in Surjection(S, T),
       IsFiniteSet(S) ,
       /\ Cardinality(S) \in Nat
       /\ ExistsBijection(1..Cardinality(S), S) ,
       ExistsBijection(S, T) ,
       ASSUME NEW CONSTANT S_1,
              NEW CONSTANT T_1,
              NEW CONSTANT U,
              ExistsBijection(S_1, T_1) ,
              ExistsBijection(T_1, U) 
       PROVE  ExistsBijection(S_1, U) 
PROVE  ExistsBijection(1..Cardinality(S), T)

@!!END

@!!BEGIN
@!!type:obligation
@!!id:334
@!!loc:457:8:457:12
@!!status:trivial
@!!prover:tlapm
@!!already:false
@!!obl:ASSUME NEW CONSTANT S,
       NEW CONSTANT T,
       NEW CONSTANT f \in Surjection(S, T),
       IsFiniteSet(S) ,
       /\ Cardinality(S) \in Nat
       /\ ExistsBijection(1..Cardinality(S), S) 
PROVE  /\ Cardinality(S) \in Nat
       /\ ExistsBijection(1..Cardinality(S), S)

@!!END

@!!BEGIN
@!!type:obligation
@!!id:335
@!!loc:457:14:457:18
@!!status:trivial
@!!prover:tlapm
@!!already:false
@!!obl:ASSUME NEW CONSTANT S,
       NEW CONSTANT T,
       NEW CONSTANT f \in Surjection(S, T),
       IsFiniteSet(S) ,
       ExistsBijection(S, T) ,
       /\ Cardinality(S) \in Nat
       /\ ExistsBijection(1..Cardinality(S), S) 
PROVE  ExistsBijection(S, T)

@!!END

@!!BEGIN
@!!type:obligation
@!!id:336
@!!loc:457:20:457:43
@!!status:trivial
@!!prover:tlapm
@!!already:false
@!!obl:ASSUME ASSUME NEW CONSTANT S,
              NEW CONSTANT T,
              NEW CONSTANT U,
              ExistsBijection(S, T) ,
              ExistsBijection(T, U) 
       PROVE  ExistsBijection(S, U) ,
       NEW CONSTANT S,
       NEW CONSTANT T,
       NEW CONSTANT f \in Surjection(S, T),
       IsFiniteSet(S) ,
       /\ Cardinality(S) \in Nat
       /\ ExistsBijection(1..Cardinality(S), S) ,
       ExistsBijection(S, T) 
PROVE  ASSUME NEW CONSTANT S_1,
              NEW CONSTANT T_1,
              NEW CONSTANT U,
              ExistsBijection(S_1, T_1) ,
              ExistsBijection(T_1, U) 
       PROVE  ExistsBijection(S_1, U)

@!!END

@!!BEGIN
@!!type:obligation
@!!id:337
@!!loc:468:11:468:13
@!!status:normalized
@!!meth:time-limit: 5
@!!obl:ASSUME NEW CONSTANT S,
       IsFiniteSet(S) ,
       NEW CONSTANT Op(_),
       [x \in S |-> Op(x)] \in Surjection(S, {Op(x) : x \in S}) ,
       ASSUME NEW CONSTANT S_1,
              NEW CONSTANT T,
              NEW CONSTANT f \in Surjection(S_1, T),
              IsFiniteSet(S_1) 
       PROVE  /\ IsFiniteSet(T)
              /\ Cardinality(T) =< Cardinality(S_1)
              /\ Cardinality(T) = Cardinality(S_1)
                 <=> f \in Injection(S_1, T) 
PROVE  /\ IsFiniteSet({Op(x) : x \in S})
       /\ Cardinality({Op(x) : x \in S}) =< Cardinality(S)

@!!END

@!!BEGIN
@!!type:obligation
@!!id:338
@!!loc:468:14:468:27
@!!status:trivial
@!!prover:tlapm
@!!already:false
@!!obl:ASSUME ASSUME NEW CONSTANT S,
              NEW CONSTANT T,
              NEW CONSTANT f \in Surjection(S, T),
              IsFiniteSet(S) 
       PROVE  /\ IsFiniteSet(T)
              /\ Cardinality(T) =< Cardinality(S)
              /\ Cardinality(T) = Cardinality(S) <=> f \in Injection(S, T) ,
       NEW CONSTANT S,
       IsFiniteSet(S) ,
       NEW CONSTANT Op(_),
       [x \in S |-> Op(x)] \in Surjection(S, {Op(x) : x \in S}) 
PROVE  ASSUME NEW CONSTANT S_1,
              NEW CONSTANT T,
              NEW CONSTANT f \in Surjection(S_1, T),
              IsFiniteSet(S_1) 
       PROVE  /\ IsFiniteSet(T)
              /\ Cardinality(T) =< Cardinality(S_1)
              /\ Cardinality(T) = Cardinality(S_1)
                 <=> f \in Injection(S_1, T)

@!!END

@!!BEGIN
@!!type:obligation
@!!id:339
@!!loc:467:46:467:48
@!!status:normalized
@!!meth:time-limit: 5
@!!obl:ASSUME NEW CONSTANT S,
       IsFiniteSet(S) ,
       NEW CONSTANT Op(_)
PROVE  [x \in S |-> Op(x)]
       \in {M \in [S -> {Op(x) : x \in S}] :
              \A t \in {Op(x) : x \in S} : \E s \in S : M[s] = t}

@!!END

@!!BEGIN
@!!type:obligation
@!!id:340
@!!loc:518:11:518:13
@!!status:normalized
@!!meth:time-limit: 5
@!!obl:ASSUME NEW CONSTANT S,
       NEW CONSTANT T,
       NEW CONSTANT f \in Injection(S, T),
       IsFiniteSet(T) ,
       ASSUME S = {} 
       PROVE  /\ IsFiniteSet(S)
              /\ Cardinality(S) =< Cardinality(T)
              /\ Cardinality(S) = Cardinality(T) <=> f \in Surjection(S, T) ,
       ASSUME S # {} 
       PROVE  /\ IsFiniteSet(S)
              /\ Cardinality(S) =< Cardinality(T)
              /\ Cardinality(S) = Cardinality(T) <=> f \in Surjection(S, T) 
PROVE  /\ IsFiniteSet(S)
       /\ Cardinality(S) =< Cardinality(T)
       /\ Cardinality(S) = Cardinality(T) <=> f \in Surjection(S, T)

@!!END

@!!BEGIN
@!!type:obligation
@!!id:341
@!!loc:518:14:518:18
@!!status:trivial
@!!prover:tlapm
@!!already:false
@!!obl:ASSUME NEW CONSTANT S,
       NEW CONSTANT T,
       NEW CONSTANT f \in Injection(S, T),
       IsFiniteSet(T) ,
       ASSUME S = {} 
       PROVE  /\ IsFiniteSet(S)
              /\ Cardinality(S) =< Cardinality(T)
              /\ Cardinality(S) = Cardinality(T) <=> f \in Surjection(S, T) 
PROVE  ASSUME S = {} 
       PROVE  /\ IsFiniteSet(S)
              /\ Cardinality(S) =< Cardinality(T)
              /\ Cardinality(S) = Cardinality(T) <=> f \in Surjection(S, T)

@!!END

@!!BEGIN
@!!type:obligation
@!!id:342
@!!loc:518:20:518:24
@!!status:trivial
@!!prover:tlapm
@!!already:false
@!!obl:ASSUME NEW CONSTANT S,
       NEW CONSTANT T,
       NEW CONSTANT f \in Injection(S, T),
       IsFiniteSet(T) ,
       ASSUME S # {} 
       PROVE  /\ IsFiniteSet(S)
              /\ Cardinality(S) =< Cardinality(T)
              /\ Cardinality(S) = Cardinality(T) <=> f \in Surjection(S, T) ,
       ASSUME S = {} 
       PROVE  /\ IsFiniteSet(S)
              /\ Cardinality(S) =< Cardinality(T)
              /\ Cardinality(S) = Cardinality(T) <=> f \in Surjection(S, T) 
PROVE  ASSUME S # {} 
       PROVE  /\ IsFiniteSet(S)
              /\ Cardinality(S) =< Cardinality(T)
              /\ Cardinality(S) = Cardinality(T) <=> f \in Surjection(S, T)

@!!END

@!!BEGIN
@!!type:obligation
@!!id:343
@!!loc:488:13:488:15
@!!status:normalized
@!!meth:time-limit: 5
@!!obl:ASSUME NEW CONSTANT S,
       NEW CONSTANT T,
       NEW CONSTANT f \in Injection(S, T),
       IsFiniteSet(T) ,
       IsFiniteSet(S) /\ Cardinality(S) =< Cardinality(T) ,
       Cardinality(S) = Cardinality(T) <=> f \in Surjection(S, T) 
PROVE  /\ IsFiniteSet(S)
       /\ Cardinality(S) =< Cardinality(T)
       /\ Cardinality(S) = Cardinality(T) <=> f \in Surjection(S, T)

@!!END

@!!BEGIN
@!!type:obligation
@!!id:340
@!!loc:518:11:518:13
@!!status:proved
@!!prover:smt
@!!meth:time-limit: 5; time-used: 0.1 (2%)
@!!already:false
@!!obl:
ASSUME NEW CONSTANT S,
       NEW CONSTANT T,
       NEW CONSTANT f \in Injection(S, T),
       IsFiniteSet(T) ,
       ASSUME S = {} 
       PROVE  /\ IsFiniteSet(S)
              /\ Cardinality(S) =< Cardinality(T)
              /\ Cardinality(S) = Cardinality(T) <=> f \in Surjection(S, T) ,
       ASSUME S # {} 
       PROVE  /\ IsFiniteSet(S)
              /\ Cardinality(S) =< Cardinality(T)
              /\ Cardinality(S) = Cardinality(T) <=> f \in Surjection(S, T) 
PROVE  /\ IsFiniteSet(S)
       /\ Cardinality(S) =< Cardinality(T)
       /\ Cardinality(S) = Cardinality(T) <=> f \in Surjection(S, T)

@!!END

@!!BEGIN
@!!type:obligation
@!!id:339
@!!loc:467:46:467:48
@!!status:proved
@!!prover:smt
@!!meth:time-limit: 5; time-used: 0.2 (3%)
@!!already:false
@!!obl:
ASSUME NEW CONSTANT S,
       IsFiniteSet(S) ,
       NEW CONSTANT Op(_)
PROVE  [x \in S |-> Op(x)]
       \in {M \in [S -> {Op(x) : x \in S}] :
              \A t \in {Op(x) : x \in S} : \E s \in S : M[s] = t}

@!!END

@!!BEGIN
@!!type:obligation
@!!id:337
@!!loc:468:11:468:13
@!!status:proved
@!!prover:smt
@!!meth:time-limit: 5; time-used: 0.3 (7%)
@!!already:false
@!!obl:
ASSUME NEW CONSTANT S,
       IsFiniteSet(S) ,
       NEW CONSTANT Op(_),
       [x \in S |-> Op(x)] \in Surjection(S, {Op(x) : x \in S}) ,
       ASSUME NEW CONSTANT S_1,
              NEW CONSTANT T,
              NEW CONSTANT f \in Surjection(S_1, T),
              IsFiniteSet(S_1) 
       PROVE  /\ IsFiniteSet(T)
              /\ Cardinality(T) =< Cardinality(S_1)
              /\ Cardinality(T) = Cardinality(S_1)
                 <=> f \in Injection(S_1, T) 
PROVE  /\ IsFiniteSet({Op(x) : x \in S})
       /\ Cardinality({Op(x) : x \in S}) =< Cardinality(S)

@!!END

@!!BEGIN
@!!type:obligation
@!!id:333
@!!loc:457:5:457:7
@!!status:proved
@!!prover:smt
@!!meth:time-limit: 5; time-used: 0.5 (9%)
@!!already:false
@!!obl:
ASSUME NEW CONSTANT S,
       NEW CONSTANT T,
       NEW CONSTANT f \in Surjection(S, T),
       IsFiniteSet(S) ,
       /\ Cardinality(S) \in Nat
       /\ ExistsBijection(1..Cardinality(S), S) ,
       ExistsBijection(S, T) ,
       ASSUME NEW CONSTANT S_1,
              NEW CONSTANT T_1,
              NEW CONSTANT U,
              ExistsBijection(S_1, T_1) ,
              ExistsBijection(T_1, U) 
       PROVE  ExistsBijection(S_1, U) 
PROVE  ExistsBijection(1..Cardinality(S), T)

@!!END

@!!BEGIN
@!!type:obligation
@!!id:331
@!!loc:455:32:455:34
@!!status:proved
@!!prover:smt
@!!meth:time-limit: 5; time-used: 0.6 (12%)
@!!already:false
@!!obl:
ASSUME NEW CONSTANT S,
       NEW CONSTANT T,
       NEW CONSTANT f \in Surjection(S, T),
       IsFiniteSet(S) ,
       f \in Injection(S, T) 
PROVE  Injection(S, T) \cap Surjection(S, T) # {}

@!!END

@!!BEGIN
@!!type:obligation
@!!id:327
@!!loc:458:13:458:15
@!!status:proved
@!!prover:smt
@!!meth:time-limit: 5; time-used: 0.8 (15%)
@!!already:false
@!!obl:
ASSUME NEW CONSTANT S,
       NEW CONSTANT T,
       NEW CONSTANT f \in Surjection(S, T),
       IsFiniteSet(S) ,
       /\ Cardinality(S) \in Nat
       /\ ExistsBijection(1..Cardinality(S), S) ,
       ExistsBijection(1..Cardinality(S), T) ,
       ASSUME NEW CONSTANT S_1,
              NEW CONSTANT n \in Nat,
              ExistsBijection(1..n, S_1) 
       PROVE  Cardinality(S_1) = n 
PROVE  Cardinality(T) = Cardinality(S)

@!!END

@!!BEGIN
@!!type:obligation
@!!id:324
@!!loc:453:3:453:5
@!!status:proved
@!!prover:smt
@!!meth:time-limit: 5; time-used: 0.9 (18%)
@!!already:false
@!!obl:
ASSUME NEW CONSTANT S,
       NEW CONSTANT T,
       NEW CONSTANT f \in Surjection(S, T),
       IsFiniteSet(S) ,
       Cardinality(T) = Cardinality(S) ,
       ASSUME NEW CONSTANT S_1,
              NEW CONSTANT T_1,
              IsFiniteSet(S_1) ,
              Cardinality(S_1) = Cardinality(T_1) ,
              NEW CONSTANT f_1 \in Surjection(S_1, T_1)
       PROVE  f_1 \in Injection(S_1, T_1) 
PROVE  f \in Injection(S, T)

@!!END

@!!BEGIN
@!!type:obligation
@!!id:319
@!!loc:451:3:451:5
@!!status:proved
@!!prover:smt
@!!meth:time-limit: 5; time-used: 1.1 (22%)
@!!already:false
@!!obl:
ASSUME NEW CONSTANT S,
       NEW CONSTANT T,
       NEW CONSTANT f \in Surjection(S, T),
       IsFiniteSet(S) ,
       /\ Cardinality(S) \in Nat
       /\ ExistsBijection(1..Cardinality(S), S) ,
       ExistsSurjection(1..Cardinality(S), T) ,
       ASSUME NEW CONSTANT S_1
       PROVE  IsFiniteSet(S_1)
              <=> (\E n \in Nat : ExistsSurjection(1..n, S_1)) ,
       ASSUME NEW CONSTANT S_1,
              NEW CONSTANT n \in Nat,
              ExistsSurjection(1..n, S_1) 
       PROVE  Cardinality(S_1) =< n 
PROVE  IsFiniteSet(T) /\ Cardinality(T) =< Cardinality(S)

@!!END

@!!BEGIN
@!!type:obligation
@!!id:315
@!!loc:449:3:449:5
@!!status:proved
@!!prover:smt
@!!meth:time-limit: 5; time-used: 1.3 (26%)
@!!already:false
@!!obl:
ASSUME NEW CONSTANT S,
       NEW CONSTANT T,
       NEW CONSTANT f \in Surjection(S, T),
       IsFiniteSet(S) ,
       /\ Cardinality(S) \in Nat
       /\ ExistsBijection(1..Cardinality(S), S) ,
       ASSUME NEW CONSTANT S_1,
              NEW CONSTANT T_1
       PROVE  /\ ExistsBijection(S_1, T_1) <=> ExistsBijection(T_1, S_1)
              /\ ExistsBijection(S_1, T_1)
                 <=> ExistsInjection(S_1, T_1) /\ ExistsInjection(T_1, S_1)
              /\ ExistsBijection(S_1, T_1)
                 <=> ExistsInjection(S_1, T_1) /\ Surjection(S_1, T_1) # {}
              /\ ExistsBijection(S_1, T_1)
                 <=> ExistsInjection(T_1, S_1) /\ Surjection(T_1, S_1) # {}
              /\ ExistsBijection(S_1, T_1)
                 <=> Surjection(S_1, T_1) # {} /\ Surjection(T_1, S_1) # {} ,
       ASSUME NEW CONSTANT S_1,
              NEW CONSTANT T_1,
              NEW CONSTANT U,
              Surjection(S_1, T_1) # {} ,
              Surjection(T_1, U) # {} 
       PROVE  Surjection(S_1, U) # {} 
PROVE  Surjection(1..Cardinality(S), T) # {}

@!!END

@!!BEGIN
@!!type:obligation
@!!id:344
@!!loc:488:16:488:20
@!!status:trivial
@!!prover:tlapm
@!!already:false
@!!obl:ASSUME NEW CONSTANT S,
       NEW CONSTANT T,
       NEW CONSTANT f \in Injection(S, T),
       IsFiniteSet(T) ,
       IsFiniteSet(S) /\ Cardinality(S) =< Cardinality(T) 
PROVE  IsFiniteSet(S) /\ Cardinality(S) =< Cardinality(T)

@!!END

@!!BEGIN
@!!type:obligation
@!!id:345
@!!loc:488:22:488:26
@!!status:trivial
@!!prover:tlapm
@!!already:false
@!!obl:ASSUME NEW CONSTANT S,
       NEW CONSTANT T,
       NEW CONSTANT f \in Injection(S, T),
       IsFiniteSet(T) ,
       Cardinality(S) = Cardinality(T) <=> f \in Surjection(S, T) ,
       IsFiniteSet(S) /\ Cardinality(S) =< Cardinality(T) 
PROVE  Cardinality(S) = Cardinality(T) <=> f \in Surjection(S, T)

@!!END

@!!BEGIN
@!!type:obligation
@!!id:346
@!!loc:484:5:484:7
@!!status:normalized
@!!meth:time-limit: 5
@!!obl:ASSUME NEW CONSTANT S,
       NEW CONSTANT T,
       NEW CONSTANT f \in Injection(S, T),
       IsFiniteSet(T) ,
       S = {} ,
       ASSUME NEW CONSTANT S_1,
              IsFiniteSet(S_1) 
       PROVE  /\ Cardinality(S_1) \in Nat
              /\ ExistsBijection(1..Cardinality(S_1), S_1) ,
       /\ IsFiniteSet({})
       /\ Cardinality({}) = 0
       /\ \A S_1 : IsFiniteSet(S_1) => Cardinality(S_1) = 0 <=> S_1 = {} 
PROVE  IsFiniteSet(S) /\ Cardinality(S) =< Cardinality(T)

@!!END

@!!BEGIN
@!!type:obligation
@!!id:347
@!!loc:484:8:484:12
@!!status:trivial
@!!prover:tlapm
@!!already:false
@!!obl:ASSUME NEW CONSTANT S,
       NEW CONSTANT T,
       NEW CONSTANT f \in Injection(S, T),
       IsFiniteSet(T) ,
       S = {} 
PROVE  S = {}

@!!END

@!!BEGIN
@!!type:obligation
@!!id:348
@!!loc:484:14:484:32
@!!status:trivial
@!!prover:tlapm
@!!already:false
@!!obl:ASSUME ASSUME NEW CONSTANT S,
              IsFiniteSet(S) 
       PROVE  /\ Cardinality(S) \in Nat
              /\ ExistsBijection(1..Cardinality(S), S) ,
       NEW CONSTANT S,
       NEW CONSTANT T,
       NEW CONSTANT f \in Injection(S, T),
       IsFiniteSet(T) ,
       S = {} 
PROVE  ASSUME NEW CONSTANT S_1,
              IsFiniteSet(S_1) 
       PROVE  /\ Cardinality(S_1) \in Nat
              /\ ExistsBijection(1..Cardinality(S_1), S_1)

@!!END

@!!BEGIN
@!!type:obligation
@!!id:349
@!!loc:484:34:484:45
@!!status:trivial
@!!prover:tlapm
@!!already:false
@!!obl:ASSUME /\ IsFiniteSet({})
       /\ Cardinality({}) = 0
       /\ \A S : IsFiniteSet(S) => Cardinality(S) = 0 <=> S = {} ,
       NEW CONSTANT S,
       NEW CONSTANT T,
       NEW CONSTANT f \in Injection(S, T),
       IsFiniteSet(T) ,
       S = {} ,
       ASSUME NEW CONSTANT S_1,
              IsFiniteSet(S_1) 
       PROVE  /\ Cardinality(S_1) \in Nat
              /\ ExistsBijection(1..Cardinality(S_1), S_1) 
PROVE  /\ IsFiniteSet({})
       /\ Cardinality({}) = 0
       /\ \A S_1 : IsFiniteSet(S_1) => Cardinality(S_1) = 0 <=> S_1 = {}

@!!END

@!!BEGIN
@!!type:obligation
@!!id:350
@!!loc:486:5:486:7
@!!status:normalized
@!!meth:time-limit: 10
@!!obl:ASSUME NEW CONSTANT S,
       NEW CONSTANT T,
       NEW CONSTANT f \in {M \in [S -> T] : IsInjective(M)},
       IsFiniteSet(T) ,
       S = {} ,
       ASSUME NEW CONSTANT S_1,
              IsFiniteSet(S_1) 
       PROVE  /\ Cardinality(S_1) \in Nat
              /\ ExistsBijection(1..Cardinality(S_1), S_1) ,
       /\ IsFiniteSet({})
       /\ Cardinality({}) = 0
       /\ \A S_1 : IsFiniteSet(S_1) => Cardinality(S_1) = 0 <=> S_1 = {} ,
       ASSUME NEW CONSTANT S_1,
              NEW CONSTANT T_1,
              NEW CONSTANT F \in [S_1 -> T_1],
              \A t \in T_1 : \E s \in S_1 : F[s] = t 
       PROVE  F \in Surjection(S_1, T_1) ,
       ASSUME NEW CONSTANT S_1,
              NEW CONSTANT T_1,
              NEW CONSTANT F \in Surjection(S_1, T_1)
       PROVE  /\ F \in [S_1 -> T_1]
              /\ \A t \in T_1 : \E s \in S_1 : F[s] = t
              /\ Range(F) = T_1 ,
       TRUE 
PROVE  Cardinality(S) = Cardinality(T) <=> f \in Surjection(S, T)

@!!END

@!!BEGIN
@!!type:obligation
@!!id:351
@!!loc:486:8:486:12
@!!status:trivial
@!!prover:tlapm
@!!already:false
@!!obl:ASSUME NEW CONSTANT S,
       NEW CONSTANT T,
       NEW CONSTANT f \in {M \in [S -> T] : IsInjective(M)},
       IsFiniteSet(T) ,
       S = {} 
PROVE  S = {}

@!!END

@!!BEGIN
@!!type:obligation
@!!id:352
@!!loc:486:14:486:32
@!!status:trivial
@!!prover:tlapm
@!!already:false
@!!obl:ASSUME ASSUME NEW CONSTANT S,
              IsFiniteSet(S) 
       PROVE  /\ Cardinality(S) \in Nat
              /\ ExistsBijection(1..Cardinality(S), S) ,
       NEW CONSTANT S,
       NEW CONSTANT T,
       NEW CONSTANT f \in {M \in [S -> T] : IsInjective(M)},
       IsFiniteSet(T) ,
       S = {} 
PROVE  ASSUME NEW CONSTANT S_1,
              IsFiniteSet(S_1) 
       PROVE  /\ Cardinality(S_1) \in Nat
              /\ ExistsBijection(1..Cardinality(S_1), S_1)

@!!END

@!!BEGIN
@!!type:obligation
@!!id:353
@!!loc:486:34:486:45
@!!status:trivial
@!!prover:tlapm
@!!already:false
@!!obl:ASSUME /\ IsFiniteSet({})
       /\ Cardinality({}) = 0
       /\ \A S : IsFiniteSet(S) => Cardinality(S) = 0 <=> S = {} ,
       NEW CONSTANT S,
       NEW CONSTANT T,
       NEW CONSTANT f \in {M \in [S -> T] : IsInjective(M)},
       IsFiniteSet(T) ,
       S = {} ,
       ASSUME NEW CONSTANT S_1,
              IsFiniteSet(S_1) 
       PROVE  /\ Cardinality(S_1) \in Nat
              /\ ExistsBijection(1..Cardinality(S_1), S_1) 
PROVE  /\ IsFiniteSet({})
       /\ Cardinality({}) = 0
       /\ \A S_1 : IsFiniteSet(S_1) => Cardinality(S_1) = 0 <=> S_1 = {}

@!!END

@!!BEGIN
@!!type:obligation
@!!id:354
@!!loc:486:47:486:57
@!!status:trivial
@!!prover:tlapm
@!!already:false
@!!obl:ASSUME ASSUME NEW CONSTANT S,
              NEW CONSTANT T,
              NEW CONSTANT F \in [S -> T],
              \A t \in T : \E s \in S : F[s] = t 
       PROVE  F \in Surjection(S, T) ,
       NEW CONSTANT S,
       NEW CONSTANT T,
       NEW CONSTANT f \in {M \in [S -> T] : IsInjective(M)},
       IsFiniteSet(T) ,
       S = {} ,
       ASSUME NEW CONSTANT S_1,
              IsFiniteSet(S_1) 
       PROVE  /\ Cardinality(S_1) \in Nat
              /\ ExistsBijection(1..Cardinality(S_1), S_1) ,
       /\ IsFiniteSet({})
       /\ Cardinality({}) = 0
       /\ \A S_1 : IsFiniteSet(S_1) => Cardinality(S_1) = 0 <=> S_1 = {} 
PROVE  ASSUME NEW CONSTANT S_1,
              NEW CONSTANT T_1,
              NEW CONSTANT F \in [S_1 -> T_1],
              \A t \in T_1 : \E s \in S_1 : F[s] = t 
       PROVE  F \in Surjection(S_1, T_1)

@!!END

@!!BEGIN
@!!type:obligation
@!!id:355
@!!loc:486:59:486:83
@!!status:trivial
@!!prover:tlapm
@!!already:false
@!!obl:ASSUME ASSUME NEW CONSTANT S,
              NEW CONSTANT T,
              NEW CONSTANT F \in Surjection(S, T)
       PROVE  /\ F \in [S -> T]
              /\ \A t \in T : \E s \in S : F[s] = t
              /\ Range(F) = T ,
       NEW CONSTANT S,
       NEW CONSTANT T,
       NEW CONSTANT f \in {M \in [S -> T] : IsInjective(M)},
       IsFiniteSet(T) ,
       S = {} ,
       ASSUME NEW CONSTANT S_1,
              IsFiniteSet(S_1) 
       PROVE  /\ Cardinality(S_1) \in Nat
              /\ ExistsBijection(1..Cardinality(S_1), S_1) ,
       /\ IsFiniteSet({})
       /\ Cardinality({}) = 0
       /\ \A S_1 : IsFiniteSet(S_1) => Cardinality(S_1) = 0 <=> S_1 = {} ,
       ASSUME NEW CONSTANT S_1,
              NEW CONSTANT T_1,
              NEW CONSTANT F \in [S_1 -> T_1],
              \A t \in T_1 : \E s \in S_1 : F[s] = t 
       PROVE  F \in Surjection(S_1, T_1) 
PROVE  ASSUME NEW CONSTANT S_1,
              NEW CONSTANT T_1,
              NEW CONSTANT F \in Surjection(S_1, T_1)
       PROVE  /\ F \in [S_1 -> T_1]
              /\ \A t \in T_1 : \E s \in S_1 : F[s] = t
              /\ Range(F) = T_1

@!!END

@!!BEGIN
@!!type:obligation
@!!id:356
@!!loc:486:85:486:90
@!!status:trivial
@!!prover:tlapm
@!!already:false
@!!obl:ASSUME NEW CONSTANT S,
       NEW CONSTANT T,
       NEW CONSTANT f \in {M \in [S -> T] : IsInjective(M)},
       IsFiniteSet(T) ,
       S = {} ,
       ASSUME NEW CONSTANT S_1,
              IsFiniteSet(S_1) 
       PROVE  /\ Cardinality(S_1) \in Nat
              /\ ExistsBijection(1..Cardinality(S_1), S_1) ,
       /\ IsFiniteSet({})
       /\ Cardinality({}) = 0
       /\ \A S_1 : IsFiniteSet(S_1) => Cardinality(S_1) = 0 <=> S_1 = {} ,
       ASSUME NEW CONSTANT S_1,
              NEW CONSTANT T_1,
              NEW CONSTANT F \in [S_1 -> T_1],
              \A t \in T_1 : \E s \in S_1 : F[s] = t 
       PROVE  F \in Surjection(S_1, T_1) ,
       ASSUME NEW CONSTANT S_1,
              NEW CONSTANT T_1,
              NEW CONSTANT F \in Surjection(S_1, T_1)
       PROVE  /\ F \in [S_1 -> T_1]
              /\ \A t \in T_1 : \E s \in S_1 : F[s] = t
              /\ Range(F) = T_1 
PROVE  TRUE

@!!END

@!!BEGIN
@!!type:obligation
@!!id:357
@!!loc:517:13:517:15
@!!status:normalized
@!!meth:time-limit: 5
@!!obl:ASSUME NEW CONSTANT S,
       NEW CONSTANT T,
       NEW CONSTANT f \in Injection(S, T),
       IsFiniteSet(T) ,
       /\ IsFiniteSet(S)
       /\ Cardinality(S) =< Cardinality(T)
       /\ Cardinality(S) = Cardinality(T)
          <=> Inverse(f, S, T) \in Injection(T, S) ,
       ASSUME Cardinality(S) = Cardinality(T) 
       PROVE  f \in Surjection(S, T) ,
       ASSUME f \in Surjection(S, T) 
       PROVE  Cardinality(S) = Cardinality(T) 
PROVE  /\ IsFiniteSet(S)
       /\ Cardinality(S) =< Cardinality(T)
       /\ Cardinality(S) = Cardinality(T) <=> f \in Surjection(S, T)

@!!END

@!!BEGIN
@!!type:obligation
@!!id:358
@!!loc:517:16:517:20
@!!status:trivial
@!!prover:tlapm
@!!already:false
@!!obl:ASSUME NEW CONSTANT S,
       NEW CONSTANT T,
       NEW CONSTANT f \in Injection(S, T),
       IsFiniteSet(T) ,
       /\ IsFiniteSet(S)
       /\ Cardinality(S) =< Cardinality(T)
       /\ Cardinality(S) = Cardinality(T)
          <=> Inverse(f, S, T) \in Injection(T, S) 
PROVE  /\ IsFiniteSet(S)
       /\ Cardinality(S) =< Cardinality(T)
       /\ Cardinality(S) = Cardinality(T)
          <=> Inverse(f, S, T) \in Injection(T, S)

@!!END

@!!BEGIN
@!!type:obligation
@!!id:359
@!!loc:517:22:517:26
@!!status:trivial
@!!prover:tlapm
@!!already:false
@!!obl:ASSUME NEW CONSTANT S,
       NEW CONSTANT T,
       NEW CONSTANT f \in Injection(S, T),
       IsFiniteSet(T) ,
       ASSUME Cardinality(S) = Cardinality(T) 
       PROVE  f \in Surjection(S, T) ,
       /\ IsFiniteSet(S)
       /\ Cardinality(S) =< Cardinality(T)
       /\ Cardinality(S) = Cardinality(T)
          <=> Inverse(f, S, T) \in Injection(T, S) 
PROVE  ASSUME Cardinality(S) = Cardinality(T) 
       PROVE  f \in Surjection(S, T)

@!!END

@!!BEGIN
@!!type:obligation
@!!id:360
@!!loc:517:28:517:32
@!!status:trivial
@!!prover:tlapm
@!!already:false
@!!obl:ASSUME NEW CONSTANT S,
       NEW CONSTANT T,
       NEW CONSTANT f \in Injection(S, T),
       IsFiniteSet(T) ,
       ASSUME f \in Surjection(S, T) 
       PROVE  Cardinality(S) = Cardinality(T) ,
       /\ IsFiniteSet(S)
       /\ Cardinality(S) =< Cardinality(T)
       /\ Cardinality(S) = Cardinality(T)
          <=> Inverse(f, S, T) \in Injection(T, S) ,
       ASSUME Cardinality(S) = Cardinality(T) 
       PROVE  f \in Surjection(S, T) 
PROVE  ASSUME f \in Surjection(S, T) 
       PROVE  Cardinality(S) = Cardinality(T)

@!!END

@!!BEGIN
@!!type:obligation
@!!id:361
@!!loc:491:5:491:7
@!!status:normalized
@!!meth:time-limit: 5
@!!obl:ASSUME NEW CONSTANT S,
       NEW CONSTANT T,
       NEW CONSTANT f \in Injection(S, T),
       IsFiniteSet(T) ,
       S # {} ,
       ASSUME NEW CONSTANT S_1,
              NEW CONSTANT T_1,
              NEW CONSTANT f_1 \in Injection(S_1, T_1),
              S_1 = {} => T_1 = {} 
       PROVE  Inverse(f_1, S_1, T_1) \in Surjection(T_1, S_1) 
PROVE  Inverse(f, S, T) \in Surjection(T, S)

@!!END

@!!BEGIN
@!!type:obligation
@!!id:362
@!!loc:491:8:491:12
@!!status:trivial
@!!prover:tlapm
@!!already:false
@!!obl:ASSUME NEW CONSTANT S,
       NEW CONSTANT T,
       NEW CONSTANT f \in Injection(S, T),
       IsFiniteSet(T) ,
       S # {} 
PROVE  S # {}

@!!END

@!!BEGIN
@!!type:obligation
@!!id:363
@!!loc:491:14:491:28
@!!status:trivial
@!!prover:tlapm
@!!already:false
@!!obl:ASSUME ASSUME NEW CONSTANT S,
              NEW CONSTANT T,
              NEW CONSTANT f \in Injection(S, T),
              S = {} => T = {} 
       PROVE  Inverse(f, S, T) \in Surjection(T, S) ,
       NEW CONSTANT S,
       NEW CONSTANT T,
       NEW CONSTANT f \in Injection(S, T),
       IsFiniteSet(T) ,
       S # {} 
PROVE  ASSUME NEW CONSTANT S_1,
              NEW CONSTANT T_1,
              NEW CONSTANT f_1 \in Injection(S_1, T_1),
              S_1 = {} => T_1 = {} 
       PROVE  Inverse(f_1, S_1, T_1) \in Surjection(T_1, S_1)

@!!END

@!!BEGIN
@!!type:obligation
@!!id:364
@!!loc:495:5:495:7
@!!status:normalized
@!!meth:time-limit: 5
@!!obl:ASSUME NEW CONSTANT S,
       NEW CONSTANT T,
       NEW CONSTANT f \in Injection(S, T),
       IsFiniteSet(T) ,
       Inverse(f, S, T) \in Surjection(T, S) ,
       ASSUME NEW CONSTANT S_1,
              NEW CONSTANT T_1,
              NEW CONSTANT f_1 \in Surjection(S_1, T_1),
              IsFiniteSet(S_1) 
       PROVE  /\ IsFiniteSet(T_1)
              /\ Cardinality(T_1) =< Cardinality(S_1)
              /\ Cardinality(T_1) = Cardinality(S_1)
                 <=> f_1 \in Injection(S_1, T_1) 
PROVE  /\ IsFiniteSet(S)
       /\ Cardinality(S) =< Cardinality(T)
       /\ Cardinality(S) = Cardinality(T)
          <=> Inverse(f, S, T) \in Injection(T, S)

@!!END

@!!BEGIN
@!!type:obligation
@!!id:365
@!!loc:495:8:495:12
@!!status:trivial
@!!prover:tlapm
@!!already:false
@!!obl:ASSUME NEW CONSTANT S,
       NEW CONSTANT T,
       NEW CONSTANT f \in Injection(S, T),
       IsFiniteSet(T) ,
       Inverse(f, S, T) \in Surjection(T, S) 
PROVE  Inverse(f, S, T) \in Surjection(T, S)

@!!END

@!!BEGIN
@!!type:obligation
@!!id:366
@!!loc:495:14:495:27
@!!status:trivial
@!!prover:tlapm
@!!already:false
@!!obl:ASSUME ASSUME NEW CONSTANT S,
              NEW CONSTANT T,
              NEW CONSTANT f \in Surjection(S, T),
              IsFiniteSet(S) 
       PROVE  /\ IsFiniteSet(T)
              /\ Cardinality(T) =< Cardinality(S)
              /\ Cardinality(T) = Cardinality(S) <=> f \in Injection(S, T) ,
       NEW CONSTANT S,
       NEW CONSTANT T,
       NEW CONSTANT f \in Injection(S, T),
       IsFiniteSet(T) ,
       Inverse(f, S, T) \in Surjection(T, S) 
PROVE  ASSUME NEW CONSTANT S_1,
              NEW CONSTANT T_1,
              NEW CONSTANT f_1 \in Surjection(S_1, T_1),
              IsFiniteSet(S_1) 
       PROVE  /\ IsFiniteSet(T_1)
              /\ Cardinality(T_1) =< Cardinality(S_1)
              /\ Cardinality(T_1) = Cardinality(S_1)
                 <=> f_1 \in Injection(S_1, T_1)

@!!END

@!!BEGIN
@!!type:obligation
@!!id:367
@!!loc:513:15:513:17
@!!status:normalized
@!!meth:time-limit: 5
@!!obl:ASSUME NEW CONSTANT S,
       NEW CONSTANT T,
       NEW CONSTANT f \in {M \in [S -> T] : IsInjective(M)},
       IsFiniteSet(T) ,
       NEW CONSTANT t \in T,
       \A s \in S : f[s] # t ,
       {f[x] : x \in DOMAIN f} = T 
PROVE  FALSE

@!!END

@!!BEGIN
@!!type:obligation
@!!id:368
@!!loc:513:18:513:22
@!!status:trivial
@!!prover:tlapm
@!!already:false
@!!obl:ASSUME NEW CONSTANT S,
       NEW CONSTANT T,
       NEW CONSTANT f \in {M \in [S -> T] : IsInjective(M)},
       IsFiniteSet(T) ,
       NEW CONSTANT t \in T,
       \A s \in S : f[s] # t ,
       {f[x] : x \in DOMAIN f} = T 
PROVE  {f[x] : x \in DOMAIN f} = T

@!!END

@!!BEGIN
@!!type:obligation
@!!id:369
@!!loc:500:7:500:9
@!!status:normalized
@!!meth:time-limit: 5
@!!obl:ASSUME NEW CONSTANT S,
       NEW CONSTANT T,
       NEW CONSTANT f \in {M \in [S -> T] : IsInjective(M)},
       IsFiniteSet(T) ,
       ASSUME NEW CONSTANT t \in T,
              \A s \in S : f[s] # t 
       PROVE  FALSE 
PROVE  f \in {M \in [S -> T] : \A t \in T : \E s \in S : M[s] = t}

@!!END

@!!BEGIN
@!!type:obligation
@!!id:370
@!!loc:502:7:502:9
@!!status:normalized
@!!meth:time-limit: 5
@!!obl:ASSUME NEW CONSTANT S,
       NEW CONSTANT T,
       NEW CONSTANT f \in Injection(S, T),
       IsFiniteSet(T) ,
       NEW CONSTANT t \in T,
       \A s \in S : f[s] # t ,
       Inverse(f, S, T) \in Surjection(T, S) ,
       /\ IsFiniteSet(S)
       /\ Cardinality(S) =< Cardinality(T)
       /\ Cardinality(S) = Cardinality(T)
          <=> Inverse(f, S, T) \in Injection(T, S) ,
       Cardinality(S) = Cardinality(T) 
PROVE  Injection(T, S) \cap Surjection(T, S) # {}

@!!END

@!!BEGIN
@!!type:obligation
@!!id:371
@!!loc:502:10:502:14
@!!status:trivial
@!!prover:tlapm
@!!already:false
@!!obl:ASSUME NEW CONSTANT S,
       NEW CONSTANT T,
       NEW CONSTANT f \in Injection(S, T),
       IsFiniteSet(T) ,
       Inverse(f, S, T) \in Surjection(T, S) ,
       NEW CONSTANT t \in T,
       \A s \in S : f[s] # t 
PROVE  Inverse(f, S, T) \in Surjection(T, S)

@!!END

@!!BEGIN
@!!type:obligation
@!!id:372
@!!loc:502:16:502:20
@!!status:trivial
@!!prover:tlapm
@!!already:false
@!!obl:ASSUME NEW CONSTANT S,
       NEW CONSTANT T,
       NEW CONSTANT f \in Injection(S, T),
       IsFiniteSet(T) ,
       /\ IsFiniteSet(S)
       /\ Cardinality(S) =< Cardinality(T)
       /\ Cardinality(S) = Cardinality(T)
          <=> Inverse(f, S, T) \in Injection(T, S) ,
       NEW CONSTANT t \in T,
       \A s \in S : f[s] # t ,
       Inverse(f, S, T) \in Surjection(T, S) 
PROVE  /\ IsFiniteSet(S)
       /\ Cardinality(S) =< Cardinality(T)
       /\ Cardinality(S) = Cardinality(T)
          <=> Inverse(f, S, T) \in Injection(T, S)

@!!END

@!!BEGIN
@!!type:obligation
@!!id:373
@!!loc:502:22:502:26
@!!status:trivial
@!!prover:tlapm
@!!already:false
@!!obl:ASSUME NEW CONSTANT S,
       NEW CONSTANT T,
       NEW CONSTANT f \in Injection(S, T),
       IsFiniteSet(T) ,
       Cardinality(S) = Cardinality(T) ,
       NEW CONSTANT t \in T,
       \A s \in S : f[s] # t ,
       Inverse(f, S, T) \in Surjection(T, S) ,
       /\ IsFiniteSet(S)
       /\ Cardinality(S) =< Cardinality(T)
       /\ Cardinality(S) = Cardinality(T)
          <=> Inverse(f, S, T) \in Injection(T, S) 
PROVE  Cardinality(S) = Cardinality(T)

@!!END

@!!BEGIN
@!!type:obligation
@!!id:374
@!!loc:504:7:504:9
@!!status:normalized
@!!meth:time-limit: 5
@!!obl:ASSUME NEW CONSTANT S,
       NEW CONSTANT T,
       NEW CONSTANT f \in Injection(S, T),
       IsFiniteSet(T) ,
       NEW CONSTANT t \in T,
       \A s \in S : f[s] # t ,
       ASSUME NEW CONSTANT S_1,
              NEW CONSTANT T_1,
              NEW CONSTANT F \in Injection(S_1, T_1)
       PROVE  F \in Bijection(S_1, Range(F)) 
PROVE  f \in Bijection(S, Range(f))

@!!END

@!!BEGIN
@!!type:obligation
@!!id:370
@!!loc:502:7:502:9
@!!status:proved
@!!prover:smt
@!!meth:time-limit: 5; time-used: 0.2 (3%)
@!!already:false
@!!obl:
ASSUME NEW CONSTANT S,
       NEW CONSTANT T,
       NEW CONSTANT f \in Injection(S, T),
       IsFiniteSet(T) ,
       NEW CONSTANT t \in T,
       \A s \in S : f[s] # t ,
       Inverse(f, S, T) \in Surjection(T, S) ,
       /\ IsFiniteSet(S)
       /\ Cardinality(S) =< Cardinality(T)
       /\ Cardinality(S) = Cardinality(T)
          <=> Inverse(f, S, T) \in Injection(T, S) ,
       Cardinality(S) = Cardinality(T) 
PROVE  Injection(T, S) \cap Surjection(T, S) # {}

@!!END

@!!BEGIN
@!!type:obligation
@!!id:369
@!!loc:500:7:500:9
@!!status:proved
@!!prover:smt
@!!meth:time-limit: 5; time-used: 0.2 (4%)
@!!already:false
@!!obl:
ASSUME NEW CONSTANT S,
       NEW CONSTANT T,
       NEW CONSTANT f \in {M \in [S -> T] : IsInjective(M)},
       IsFiniteSet(T) ,
       ASSUME NEW CONSTANT t \in T,
              \A s \in S : f[s] # t 
       PROVE  FALSE 
PROVE  f \in {M \in [S -> T] : \A t \in T : \E s \in S : M[s] = t}

@!!END

@!!BEGIN
@!!type:obligation
@!!id:367
@!!loc:513:15:513:17
@!!status:proved
@!!prover:smt
@!!meth:time-limit: 5; time-used: 0.4 (8%)
@!!already:false
@!!obl:
ASSUME NEW CONSTANT S,
       NEW CONSTANT T,
       NEW CONSTANT f \in {M \in [S -> T] : IsInjective(M)},
       IsFiniteSet(T) ,
       NEW CONSTANT t \in T,
       \A s \in S : f[s] # t ,
       {f[x] : x \in DOMAIN f} = T 
PROVE  FALSE

@!!END

@!!BEGIN
@!!type:obligation
@!!id:364
@!!loc:495:5:495:7
@!!status:proved
@!!prover:smt
@!!meth:time-limit: 5; time-used: 0.5 (10%)
@!!already:false
@!!obl:
ASSUME NEW CONSTANT S,
       NEW CONSTANT T,
       NEW CONSTANT f \in Injection(S, T),
       IsFiniteSet(T) ,
       Inverse(f, S, T) \in Surjection(T, S) ,
       ASSUME NEW CONSTANT S_1,
              NEW CONSTANT T_1,
              NEW CONSTANT f_1 \in Surjection(S_1, T_1),
              IsFiniteSet(S_1) 
       PROVE  /\ IsFiniteSet(T_1)
              /\ Cardinality(T_1) =< Cardinality(S_1)
              /\ Cardinality(T_1) = Cardinality(S_1)
                 <=> f_1 \in Injection(S_1, T_1) 
PROVE  /\ IsFiniteSet(S)
       /\ Cardinality(S) =< Cardinality(T)
       /\ Cardinality(S) = Cardinality(T)
          <=> Inverse(f, S, T) \in Injection(T, S)

@!!END

@!!BEGIN
@!!type:obligation
@!!id:361
@!!loc:491:5:491:7
@!!status:proved
@!!prover:smt
@!!meth:time-limit: 5; time-used: 0.6 (13%)
@!!already:false
@!!obl:
ASSUME NEW CONSTANT S,
       NEW CONSTANT T,
       NEW CONSTANT f \in Injection(S, T),
       IsFiniteSet(T) ,
       S # {} ,
       ASSUME NEW CONSTANT S_1,
              NEW CONSTANT T_1,
              NEW CONSTANT f_1 \in Injection(S_1, T_1),
              S_1 = {} => T_1 = {} 
       PROVE  Inverse(f_1, S_1, T_1) \in Surjection(T_1, S_1) 
PROVE  Inverse(f, S, T) \in Surjection(T, S)

@!!END

@!!BEGIN
@!!type:obligation
@!!id:357
@!!loc:517:13:517:15
@!!status:proved
@!!prover:smt
@!!meth:time-limit: 5; time-used: 0.8 (17%)
@!!already:false
@!!obl:
ASSUME NEW CONSTANT S,
       NEW CONSTANT T,
       NEW CONSTANT f \in Injection(S, T),
       IsFiniteSet(T) ,
       /\ IsFiniteSet(S)
       /\ Cardinality(S) =< Cardinality(T)
       /\ Cardinality(S) = Cardinality(T)
          <=> Inverse(f, S, T) \in Injection(T, S) ,
       ASSUME Cardinality(S) = Cardinality(T) 
       PROVE  f \in Surjection(S, T) ,
       ASSUME f \in Surjection(S, T) 
       PROVE  Cardinality(S) = Cardinality(T) 
PROVE  /\ IsFiniteSet(S)
       /\ Cardinality(S) =< Cardinality(T)
       /\ Cardinality(S) = Cardinality(T) <=> f \in Surjection(S, T)

@!!END

@!!BEGIN
@!!type:obligation
@!!id:350
@!!loc:486:5:486:7
@!!status:proved
@!!prover:zenon
@!!meth:time-limit: 10; time-used: 1.1 (11%)
@!!already:false
@!!obl:
ASSUME NEW CONSTANT S,
       NEW CONSTANT T,
       NEW CONSTANT f \in {M \in [S -> T] : IsInjective(M)},
       IsFiniteSet(T) ,
       S = {} ,
       ASSUME NEW CONSTANT S_1,
              IsFiniteSet(S_1) 
       PROVE  /\ Cardinality(S_1) \in Nat
              /\ ExistsBijection(1..Cardinality(S_1), S_1) ,
       /\ IsFiniteSet({})
       /\ Cardinality({}) = 0
       /\ \A S_1 : IsFiniteSet(S_1) => Cardinality(S_1) = 0 <=> S_1 = {} ,
       ASSUME NEW CONSTANT S_1,
              NEW CONSTANT T_1,
              NEW CONSTANT F \in [S_1 -> T_1],
              \A t \in T_1 : \E s \in S_1 : F[s] = t 
       PROVE  F \in Surjection(S_1, T_1) ,
       ASSUME NEW CONSTANT S_1,
              NEW CONSTANT T_1,
              NEW CONSTANT F \in Surjection(S_1, T_1)
       PROVE  /\ F \in [S_1 -> T_1]
              /\ \A t \in T_1 : \E s \in S_1 : F[s] = t
              /\ Range(F) = T_1 ,
       TRUE 
PROVE  Cardinality(S) = Cardinality(T) <=> f \in Surjection(S, T)

@!!END

@!!BEGIN
@!!type:obligation
@!!id:346
@!!loc:484:5:484:7
@!!status:proved
@!!prover:smt
@!!meth:time-limit: 5; time-used: 1.2 (25%)
@!!already:false
@!!obl:
ASSUME NEW CONSTANT S,
       NEW CONSTANT T,
       NEW CONSTANT f \in Injection(S, T),
       IsFiniteSet(T) ,
       S = {} ,
       ASSUME NEW CONSTANT S_1,
              IsFiniteSet(S_1) 
       PROVE  /\ Cardinality(S_1) \in Nat
              /\ ExistsBijection(1..Cardinality(S_1), S_1) ,
       /\ IsFiniteSet({})
       /\ Cardinality({}) = 0
       /\ \A S_1 : IsFiniteSet(S_1) => Cardinality(S_1) = 0 <=> S_1 = {} 
PROVE  IsFiniteSet(S) /\ Cardinality(S) =< Cardinality(T)

@!!END

@!!BEGIN
@!!type:obligation
@!!id:343
@!!loc:488:13:488:15
@!!status:proved
@!!prover:smt
@!!meth:time-limit: 5; time-used: 1.4 (29%)
@!!already:false
@!!obl:
ASSUME NEW CONSTANT S,
       NEW CONSTANT T,
       NEW CONSTANT f \in Injection(S, T),
       IsFiniteSet(T) ,
       IsFiniteSet(S) /\ Cardinality(S) =< Cardinality(T) ,
       Cardinality(S) = Cardinality(T) <=> f \in Surjection(S, T) 
PROVE  /\ IsFiniteSet(S)
       /\ Cardinality(S) =< Cardinality(T)
       /\ Cardinality(S) = Cardinality(T) <=> f \in Surjection(S, T)

@!!END

@!!BEGIN
@!!type:obligation
@!!id:375
@!!loc:504:10:504:30
@!!status:trivial
@!!prover:tlapm
@!!already:false
@!!obl:ASSUME ASSUME NEW CONSTANT S,
              NEW CONSTANT T,
              NEW CONSTANT F \in Injection(S, T)
       PROVE  F \in Bijection(S, Range(F)) ,
       NEW CONSTANT S,
       NEW CONSTANT T,
       NEW CONSTANT f \in Injection(S, T),
       IsFiniteSet(T) ,
       NEW CONSTANT t \in T,
       \A s \in S : f[s] # t 
PROVE  ASSUME NEW CONSTANT S_1,
              NEW CONSTANT T_1,
              NEW CONSTANT F \in Injection(S_1, T_1)
       PROVE  F \in Bijection(S_1, Range(F))

@!!END

@!!BEGIN
@!!type:obligation
@!!id:376
@!!loc:506:7:506:9
@!!status:normalized
@!!meth:time-limit: 5
@!!obl:ASSUME NEW CONSTANT S,
       NEW CONSTANT T,
       NEW CONSTANT f \in Injection(S, T),
       IsFiniteSet(T) ,
       NEW CONSTANT t \in T,
       \A s \in S : f[s] # t ,
       Bijection(T, S) # {} ,
       f \in Bijection(S, Range(f)) ,
       ASSUME NEW CONSTANT S_1,
              NEW CONSTANT T_1,
              NEW CONSTANT U,
              Bijection(S_1, T_1) # {} ,
              Bijection(T_1, U) # {} 
       PROVE  Bijection(S_1, U) # {} 
PROVE  Bijection(T, Range(f)) # {}

@!!END

@!!BEGIN
@!!type:obligation
@!!id:377
@!!loc:506:10:506:14
@!!status:trivial
@!!prover:tlapm
@!!already:false
@!!obl:ASSUME NEW CONSTANT S,
       NEW CONSTANT T,
       NEW CONSTANT f \in Injection(S, T),
       IsFiniteSet(T) ,
       NEW CONSTANT t \in T,
       \A s \in S : f[s] # t ,
       Bijection(T, S) # {} 
PROVE  Bijection(T, S) # {}

@!!END

@!!BEGIN
@!!type:obligation
@!!id:378
@!!loc:506:16:506:20
@!!status:trivial
@!!prover:tlapm
@!!already:false
@!!obl:ASSUME NEW CONSTANT S,
       NEW CONSTANT T,
       NEW CONSTANT f \in Injection(S, T),
       IsFiniteSet(T) ,
       NEW CONSTANT t \in T,
       \A s \in S : f[s] # t ,
       f \in Bijection(S, Range(f)) ,
       Bijection(T, S) # {} 
PROVE  f \in Bijection(S, Range(f))

@!!END

@!!BEGIN
@!!type:obligation
@!!id:379
@!!loc:506:22:506:45
@!!status:trivial
@!!prover:tlapm
@!!already:false
@!!obl:ASSUME ASSUME NEW CONSTANT S,
              NEW CONSTANT T,
              NEW CONSTANT U,
              Bijection(S, T) # {} ,
              Bijection(T, U) # {} 
       PROVE  Bijection(S, U) # {} ,
       NEW CONSTANT S,
       NEW CONSTANT T,
       NEW CONSTANT f \in Injection(S, T),
       IsFiniteSet(T) ,
       NEW CONSTANT t \in T,
       \A s \in S : f[s] # t ,
       Bijection(T, S) # {} ,
       f \in Bijection(S, Range(f)) 
PROVE  ASSUME NEW CONSTANT S_1,
              NEW CONSTANT T_1,
              NEW CONSTANT U,
              Bijection(S_1, T_1) # {} ,
              Bijection(T_1, U) # {} 
       PROVE  Bijection(S_1, U) # {}

@!!END

@!!BEGIN
@!!type:obligation
@!!id:380
@!!loc:508:7:508:9
@!!status:normalized
@!!meth:time-limit: 5
@!!obl:ASSUME NEW CONSTANT S,
       NEW CONSTANT T,
       NEW CONSTANT f \in Injection(S, T),
       IsFiniteSet(T) ,
       NEW CONSTANT t \in T,
       \A s \in S : f[s] # t ,
       ExistsBijection(T, Range(f)) ,
       ASSUME NEW CONSTANT S_1,
              NEW CONSTANT T_1,
              IsFiniteSet(S_1) ,
              ExistsBijection(S_1, T_1) 
       PROVE  /\ IsFiniteSet(T_1)
              /\ Cardinality(T_1) = Cardinality(S_1) 
PROVE  Cardinality(T) = Cardinality(Range(f))

@!!END

@!!BEGIN
@!!type:obligation
@!!id:381
@!!loc:508:10:508:14
@!!status:trivial
@!!prover:tlapm
@!!already:false
@!!obl:ASSUME NEW CONSTANT S,
       NEW CONSTANT T,
       NEW CONSTANT f \in Injection(S, T),
       IsFiniteSet(T) ,
       NEW CONSTANT t \in T,
       \A s \in S : f[s] # t ,
       ExistsBijection(T, Range(f)) 
PROVE  ExistsBijection(T, Range(f))

@!!END

@!!BEGIN
@!!type:obligation
@!!id:382
@!!loc:508:16:508:28
@!!status:trivial
@!!prover:tlapm
@!!already:false
@!!obl:ASSUME ASSUME NEW CONSTANT S,
              NEW CONSTANT T,
              IsFiniteSet(S) ,
              ExistsBijection(S, T) 
       PROVE  /\ IsFiniteSet(T)
              /\ Cardinality(T) = Cardinality(S) ,
       NEW CONSTANT S,
       NEW CONSTANT T,
       NEW CONSTANT f \in Injection(S, T),
       IsFiniteSet(T) ,
       NEW CONSTANT t \in T,
       \A s \in S : f[s] # t ,
       ExistsBijection(T, Range(f)) 
PROVE  ASSUME NEW CONSTANT S_1,
              NEW CONSTANT T_1,
              IsFiniteSet(S_1) ,
              ExistsBijection(S_1, T_1) 
       PROVE  /\ IsFiniteSet(T_1)
              /\ Cardinality(T_1) = Cardinality(S_1)

@!!END

@!!BEGIN
@!!type:obligation
@!!id:383
@!!loc:510:7:510:9
@!!status:normalized
@!!meth:time-limit: 5
@!!obl:ASSUME NEW CONSTANT S,
       NEW CONSTANT T,
       NEW CONSTANT f \in {M \in [S -> T] : IsInjective(M)},
       IsFiniteSet(T) ,
       NEW CONSTANT t \in T,
       \A s \in S : f[s] # t 
PROVE  {f[x] : x \in DOMAIN f} \subseteq T

@!!END

@!!BEGIN
@!!type:obligation
@!!id:384
@!!loc:512:7:512:9
@!!status:normalized
@!!meth:time-limit: 10
@!!obl:ASSUME NEW CONSTANT S,
       NEW CONSTANT T,
       NEW CONSTANT f \in Injection(S, T),
       IsFiniteSet(T) ,
       NEW CONSTANT t \in T,
       \A s \in S : f[s] # t ,
       Cardinality(T) = Cardinality(Range(f)) ,
       Range(f) \subseteq T ,
       ASSUME NEW CONSTANT S_1,
              IsFiniteSet(S_1) ,
              NEW CONSTANT T_1 \in SUBSET S_1
       PROVE  /\ IsFiniteSet(T_1)
              /\ Cardinality(T_1) =< Cardinality(S_1)
              /\ Cardinality(S_1) = Cardinality(T_1) => S_1 = T_1 ,
       TRUE 
PROVE  Range(f) = T

@!!END

@!!BEGIN
@!!type:obligation
@!!id:385
@!!loc:512:10:512:14
@!!status:trivial
@!!prover:tlapm
@!!already:false
@!!obl:ASSUME NEW CONSTANT S,
       NEW CONSTANT T,
       NEW CONSTANT f \in Injection(S, T),
       IsFiniteSet(T) ,
       NEW CONSTANT t \in T,
       \A s \in S : f[s] # t ,
       Cardinality(T) = Cardinality(Range(f)) 
PROVE  Cardinality(T) = Cardinality(Range(f))

@!!END

@!!BEGIN
@!!type:obligation
@!!id:386
@!!loc:512:16:512:20
@!!status:trivial
@!!prover:tlapm
@!!already:false
@!!obl:ASSUME NEW CONSTANT S,
       NEW CONSTANT T,
       NEW CONSTANT f \in Injection(S, T),
       IsFiniteSet(T) ,
       NEW CONSTANT t \in T,
       \A s \in S : f[s] # t ,
       Range(f) \subseteq T ,
       Cardinality(T) = Cardinality(Range(f)) 
PROVE  Range(f) \subseteq T

@!!END

@!!BEGIN
@!!type:obligation
@!!id:387
@!!loc:512:22:512:31
@!!status:trivial
@!!prover:tlapm
@!!already:false
@!!obl:ASSUME ASSUME NEW CONSTANT S,
              IsFiniteSet(S) ,
              NEW CONSTANT T \in SUBSET S
       PROVE  /\ IsFiniteSet(T)
              /\ Cardinality(T) =< Cardinality(S)
              /\ Cardinality(S) = Cardinality(T) => S = T ,
       NEW CONSTANT S,
       NEW CONSTANT T,
       NEW CONSTANT f \in Injection(S, T),
       IsFiniteSet(T) ,
       NEW CONSTANT t \in T,
       \A s \in S : f[s] # t ,
       Cardinality(T) = Cardinality(Range(f)) ,
       Range(f) \subseteq T 
PROVE  ASSUME NEW CONSTANT S_1,
              IsFiniteSet(S_1) ,
              NEW CONSTANT T_1 \in SUBSET S_1
       PROVE  /\ IsFiniteSet(T_1)
              /\ Cardinality(T_1) =< Cardinality(S_1)
              /\ Cardinality(S_1) = Cardinality(T_1) => S_1 = T_1

@!!END

@!!BEGIN
@!!type:obligation
@!!id:388
@!!loc:512:33:512:38
@!!status:trivial
@!!prover:tlapm
@!!already:false
@!!obl:ASSUME NEW CONSTANT S,
       NEW CONSTANT T,
       NEW CONSTANT f \in Injection(S, T),
       IsFiniteSet(T) ,
       NEW CONSTANT t \in T,
       \A s \in S : f[s] # t ,
       Cardinality(T) = Cardinality(Range(f)) ,
       Range(f) \subseteq T ,
       ASSUME NEW CONSTANT S_1,
              IsFiniteSet(S_1) ,
              NEW CONSTANT T_1 \in SUBSET S_1
       PROVE  /\ IsFiniteSet(T_1)
              /\ Cardinality(T_1) =< Cardinality(S_1)
              /\ Cardinality(S_1) = Cardinality(T_1) => S_1 = T_1 
PROVE  TRUE

@!!END

@!!BEGIN
@!!type:obligation
@!!id:389
@!!loc:516:5:516:7
@!!status:normalized
@!!meth:time-limit: 5
@!!obl:ASSUME NEW CONSTANT S,
       NEW CONSTANT T,
       NEW CONSTANT f \in Injection(S, T),
       IsFiniteSet(T) ,
       /\ IsFiniteSet(S)
       /\ Cardinality(S) =< Cardinality(T)
       /\ Cardinality(S) = Cardinality(T)
          <=> Inverse(f, S, T) \in Injection(T, S) ,
       f \in Surjection(S, T) ,
       ASSUME NEW CONSTANT S_1,
              NEW CONSTANT T_1,
              NEW CONSTANT f_1 \in Surjection(S_1, T_1),
              IsFiniteSet(S_1) 
       PROVE  /\ IsFiniteSet(T_1)
              /\ Cardinality(T_1) =< Cardinality(S_1)
              /\ Cardinality(T_1) = Cardinality(S_1)
                 <=> f_1 \in Injection(S_1, T_1) ,
       ASSUME NEW CONSTANT S_1,
              IsFiniteSet(S_1) 
       PROVE  /\ Cardinality(S_1) \in Nat
              /\ ExistsBijection(1..Cardinality(S_1), S_1) 
PROVE  Cardinality(S) = Cardinality(T)

@!!END

@!!BEGIN
@!!type:obligation
@!!id:390
@!!loc:516:8:516:12
@!!status:trivial
@!!prover:tlapm
@!!already:false
@!!obl:ASSUME NEW CONSTANT S,
       NEW CONSTANT T,
       NEW CONSTANT f \in Injection(S, T),
       IsFiniteSet(T) ,
       /\ IsFiniteSet(S)
       /\ Cardinality(S) =< Cardinality(T)
       /\ Cardinality(S) = Cardinality(T)
          <=> Inverse(f, S, T) \in Injection(T, S) 
PROVE  /\ IsFiniteSet(S)
       /\ Cardinality(S) =< Cardinality(T)
       /\ Cardinality(S) = Cardinality(T)
          <=> Inverse(f, S, T) \in Injection(T, S)

@!!END

@!!BEGIN
@!!type:obligation
@!!id:391
@!!loc:516:14:516:18
@!!status:trivial
@!!prover:tlapm
@!!already:false
@!!obl:ASSUME NEW CONSTANT S,
       NEW CONSTANT T,
       NEW CONSTANT f \in Injection(S, T),
       IsFiniteSet(T) ,
       f \in Surjection(S, T) ,
       /\ IsFiniteSet(S)
       /\ Cardinality(S) =< Cardinality(T)
       /\ Cardinality(S) = Cardinality(T)
          <=> Inverse(f, S, T) \in Injection(T, S) 
PROVE  f \in Surjection(S, T)

@!!END

@!!BEGIN
@!!type:obligation
@!!id:392
@!!loc:516:20:516:33
@!!status:trivial
@!!prover:tlapm
@!!already:false
@!!obl:ASSUME ASSUME NEW CONSTANT S,
              NEW CONSTANT T,
              NEW CONSTANT f \in Surjection(S, T),
              IsFiniteSet(S) 
       PROVE  /\ IsFiniteSet(T)
              /\ Cardinality(T) =< Cardinality(S)
              /\ Cardinality(T) = Cardinality(S) <=> f \in Injection(S, T) ,
       NEW CONSTANT S,
       NEW CONSTANT T,
       NEW CONSTANT f \in Injection(S, T),
       IsFiniteSet(T) ,
       /\ IsFiniteSet(S)
       /\ Cardinality(S) =< Cardinality(T)
       /\ Cardinality(S) = Cardinality(T)
          <=> Inverse(f, S, T) \in Injection(T, S) ,
       f \in Surjection(S, T) 
PROVE  ASSUME NEW CONSTANT S_1,
              NEW CONSTANT T_1,
              NEW CONSTANT f_1 \in Surjection(S_1, T_1),
              IsFiniteSet(S_1) 
       PROVE  /\ IsFiniteSet(T_1)
              /\ Cardinality(T_1) =< Cardinality(S_1)
              /\ Cardinality(T_1) = Cardinality(S_1)
                 <=> f_1 \in Injection(S_1, T_1)

@!!END

@!!BEGIN
@!!type:obligation
@!!id:393
@!!loc:516:35:516:53
@!!status:trivial
@!!prover:tlapm
@!!already:false
@!!obl:ASSUME ASSUME NEW CONSTANT S,
              IsFiniteSet(S) 
       PROVE  /\ Cardinality(S) \in Nat
              /\ ExistsBijection(1..Cardinality(S), S) ,
       NEW CONSTANT S,
       NEW CONSTANT T,
       NEW CONSTANT f \in Injection(S, T),
       IsFiniteSet(T) ,
       /\ IsFiniteSet(S)
       /\ Cardinality(S) =< Cardinality(T)
       /\ Cardinality(S) = Cardinality(T)
          <=> Inverse(f, S, T) \in Injection(T, S) ,
       f \in Surjection(S, T) ,
       ASSUME NEW CONSTANT S_1,
              NEW CONSTANT T_1,
              NEW CONSTANT f_1 \in Surjection(S_1, T_1),
              IsFiniteSet(S_1) 
       PROVE  /\ IsFiniteSet(T_1)
              /\ Cardinality(T_1) =< Cardinality(S_1)
              /\ Cardinality(T_1) = Cardinality(S_1)
                 <=> f_1 \in Injection(S_1, T_1) 
PROVE  ASSUME NEW CONSTANT S_1,
              IsFiniteSet(S_1) 
       PROVE  /\ Cardinality(S_1) \in Nat
              /\ ExistsBijection(1..Cardinality(S_1), S_1)

@!!END

@!!BEGIN
@!!type:obligation
@!!id:394
@!!loc:528:11:528:13
@!!status:normalized
@!!meth:time-limit: 5
@!!obl:ASSUME NEW CONSTANT S,
       IsFiniteSet(S) ,
       NEW CONSTANT T,
       IsFiniteSet(T) ,
       Cardinality(T) < Cardinality(S) ,
       NEW CONSTANT f \in [S -> T],
       f \in Injection(S, T) ,
       ASSUME NEW CONSTANT S_1,
              NEW CONSTANT T_1,
              NEW CONSTANT f_1 \in Injection(S_1, T_1),
              IsFiniteSet(T_1) 
       PROVE  /\ IsFiniteSet(S_1)
              /\ Cardinality(S_1) =< Cardinality(T_1)
              /\ Cardinality(S_1) = Cardinality(T_1)
                 <=> f_1 \in Surjection(S_1, T_1) ,
       ASSUME NEW CONSTANT S_1,
              IsFiniteSet(S_1) 
       PROVE  /\ Cardinality(S_1) \in Nat
              /\ ExistsBijection(1..Cardinality(S_1), S_1) 
PROVE  FALSE

@!!END

@!!BEGIN
@!!type:obligation
@!!id:395
@!!loc:528:14:528:26
@!!status:trivial
@!!prover:tlapm
@!!already:false
@!!obl:ASSUME ASSUME NEW CONSTANT S,
              NEW CONSTANT T,
              NEW CONSTANT f \in Injection(S, T),
              IsFiniteSet(T) 
       PROVE  /\ IsFiniteSet(S)
              /\ Cardinality(S) =< Cardinality(T)
              /\ Cardinality(S) = Cardinality(T) <=> f \in Surjection(S, T) ,
       NEW CONSTANT S,
       IsFiniteSet(S) ,
       NEW CONSTANT T,
       IsFiniteSet(T) ,
       Cardinality(T) < Cardinality(S) ,
       NEW CONSTANT f \in [S -> T],
       f \in Injection(S, T) 
PROVE  ASSUME NEW CONSTANT S_1,
              NEW CONSTANT T_1,
              NEW CONSTANT f_1 \in Injection(S_1, T_1),
              IsFiniteSet(T_1) 
       PROVE  /\ IsFiniteSet(S_1)
              /\ Cardinality(S_1) =< Cardinality(T_1)
              /\ Cardinality(S_1) = Cardinality(T_1)
                 <=> f_1 \in Surjection(S_1, T_1)

@!!END

@!!BEGIN
@!!type:obligation
@!!id:396
@!!loc:528:28:528:46
@!!status:trivial
@!!prover:tlapm
@!!already:false
@!!obl:ASSUME ASSUME NEW CONSTANT S,
              IsFiniteSet(S) 
       PROVE  /\ Cardinality(S) \in Nat
              /\ ExistsBijection(1..Cardinality(S), S) ,
       NEW CONSTANT S,
       IsFiniteSet(S) ,
       NEW CONSTANT T,
       IsFiniteSet(T) ,
       Cardinality(T) < Cardinality(S) ,
       NEW CONSTANT f \in [S -> T],
       f \in Injection(S, T) ,
       ASSUME NEW CONSTANT S_1,
              NEW CONSTANT T_1,
              NEW CONSTANT f_1 \in Injection(S_1, T_1),
              IsFiniteSet(T_1) 
       PROVE  /\ IsFiniteSet(S_1)
              /\ Cardinality(S_1) =< Cardinality(T_1)
              /\ Cardinality(S_1) = Cardinality(T_1)
                 <=> f_1 \in Surjection(S_1, T_1) 
PROVE  ASSUME NEW CONSTANT S_1,
              IsFiniteSet(S_1) 
       PROVE  /\ Cardinality(S_1) \in Nat
              /\ ExistsBijection(1..Cardinality(S_1), S_1)

@!!END

@!!BEGIN
@!!type:obligation
@!!id:397
@!!loc:527:3:527:5
@!!status:normalized
@!!meth:time-limit: 5
@!!obl:ASSUME NEW CONSTANT S,
       IsFiniteSet(S) ,
       NEW CONSTANT T,
       IsFiniteSet(T) ,
       Cardinality(T) < Cardinality(S) ,
       NEW CONSTANT f \in [S -> T],
       ASSUME f
              \in {M \in [S -> T] :
                     \A a, b \in DOMAIN M : M[a] = M[b] => a = b} 
       PROVE  FALSE 
PROVE  \E x, y \in S : x # y /\ f[x] = f[y]

@!!END

@!!BEGIN
@!!type:obligation
@!!id:398
@!!loc:546:11:546:13
@!!status:normalized
@!!meth:time-limit: 5
@!!obl:ASSUME NEW CONSTANT a \in Int,
       NEW CONSTANT b \in Int,
       ASSUME a =< b 
       PROVE  /\ IsFiniteSet(a..b)
              /\ Cardinality(a..b) = (IF a > b THEN 0 ELSE b - a + 1) ,
       ASSUME a > b 
       PROVE  /\ IsFiniteSet(a..b)
              /\ Cardinality(a..b) = (IF a > b THEN 0 ELSE b - a + 1) 
PROVE  /\ IsFiniteSet(a..b)
       /\ Cardinality(a..b) = (IF a > b THEN 0 ELSE b - a + 1)

@!!END

@!!BEGIN
@!!type:obligation
@!!id:399
@!!loc:546:14:546:18
@!!status:trivial
@!!prover:tlapm
@!!already:false
@!!obl:ASSUME NEW CONSTANT a \in Int,
       NEW CONSTANT b \in Int,
       ASSUME a =< b 
       PROVE  /\ IsFiniteSet(a..b)
              /\ Cardinality(a..b) = (IF a > b THEN 0 ELSE b - a + 1) 
PROVE  ASSUME a =< b 
       PROVE  /\ IsFiniteSet(a..b)
              /\ Cardinality(a..b) = (IF a > b THEN 0 ELSE b - a + 1)

@!!END

@!!BEGIN
@!!type:obligation
@!!id:400
@!!loc:546:20:546:24
@!!status:trivial
@!!prover:tlapm
@!!already:false
@!!obl:ASSUME NEW CONSTANT a \in Int,
       NEW CONSTANT b \in Int,
       ASSUME a > b 
       PROVE  /\ IsFiniteSet(a..b)
              /\ Cardinality(a..b) = (IF a > b THEN 0 ELSE b - a + 1) ,
       ASSUME a =< b 
       PROVE  /\ IsFiniteSet(a..b)
              /\ Cardinality(a..b) = (IF a > b THEN 0 ELSE b - a + 1) 
PROVE  ASSUME a > b 
       PROVE  /\ IsFiniteSet(a..b)
              /\ Cardinality(a..b) = (IF a > b THEN 0 ELSE b - a + 1)

@!!END

@!!BEGIN
@!!type:obligation
@!!id:401
@!!loc:543:3:543:5
@!!status:normalized
@!!meth:time-limit: 5
@!!obl:ASSUME NEW CONSTANT a \in Int,
       NEW CONSTANT b \in Int,
       a =< b ,
       ASSUME NEW CONSTANT a_1 \in Int,
              NEW CONSTANT b_1 \in Int,
              a_1 =< b_1 
       PROVE  ExistsBijection(1..b_1 - a_1 + 1, a_1..b_1) ,
       ASSUME NEW CONSTANT S
       PROVE  IsFiniteSet(S) <=> (\E n \in Nat : ExistsBijection(1..n, S)) ,
       ASSUME NEW CONSTANT S,
              NEW CONSTANT n \in Nat,
              ExistsBijection(1..n, S) 
       PROVE  Cardinality(S) = n 
PROVE  /\ IsFiniteSet(a..b)
       /\ Cardinality(a..b) = (IF a > b THEN 0 ELSE b - a + 1)

@!!END

@!!BEGIN
@!!type:obligation
@!!id:398
@!!loc:546:11:546:13
@!!status:proved
@!!prover:smt
@!!meth:time-limit: 5; time-used: 0.1 (3%)
@!!already:false
@!!obl:
ASSUME NEW CONSTANT a \in Int,
       NEW CONSTANT b \in Int,
       ASSUME a =< b 
       PROVE  /\ IsFiniteSet(a..b)
              /\ Cardinality(a..b) = (IF a > b THEN 0 ELSE b - a + 1) ,
       ASSUME a > b 
       PROVE  /\ IsFiniteSet(a..b)
              /\ Cardinality(a..b) = (IF a > b THEN 0 ELSE b - a + 1) 
PROVE  /\ IsFiniteSet(a..b)
       /\ Cardinality(a..b) = (IF a > b THEN 0 ELSE b - a + 1)

@!!END

@!!BEGIN
@!!type:obligation
@!!id:397
@!!loc:527:3:527:5
@!!status:proved
@!!prover:smt
@!!meth:time-limit: 5; time-used: 0.2 (5%)
@!!already:false
@!!obl:
ASSUME NEW CONSTANT S,
       IsFiniteSet(S) ,
       NEW CONSTANT T,
       IsFiniteSet(T) ,
       Cardinality(T) < Cardinality(S) ,
       NEW CONSTANT f \in [S -> T],
       ASSUME f
              \in {M \in [S -> T] :
                     \A a, b \in DOMAIN M : M[a] = M[b] => a = b} 
       PROVE  FALSE 
PROVE  \E x, y \in S : x # y /\ f[x] = f[y]

@!!END

@!!BEGIN
@!!type:obligation
@!!id:394
@!!loc:528:11:528:13
@!!status:proved
@!!prover:smt
@!!meth:time-limit: 5; time-used: 0.4 (8%)
@!!already:false
@!!obl:
ASSUME NEW CONSTANT S,
       IsFiniteSet(S) ,
       NEW CONSTANT T,
       IsFiniteSet(T) ,
       Cardinality(T) < Cardinality(S) ,
       NEW CONSTANT f \in [S -> T],
       f \in Injection(S, T) ,
       ASSUME NEW CONSTANT S_1,
              NEW CONSTANT T_1,
              NEW CONSTANT f_1 \in Injection(S_1, T_1),
              IsFiniteSet(T_1) 
       PROVE  /\ IsFiniteSet(S_1)
              /\ Cardinality(S_1) =< Cardinality(T_1)
              /\ Cardinality(S_1) = Cardinality(T_1)
                 <=> f_1 \in Surjection(S_1, T_1) ,
       ASSUME NEW CONSTANT S_1,
              IsFiniteSet(S_1) 
       PROVE  /\ Cardinality(S_1) \in Nat
              /\ ExistsBijection(1..Cardinality(S_1), S_1) 
PROVE  FALSE

@!!END

@!!BEGIN
@!!type:obligation
@!!id:389
@!!loc:516:5:516:7
@!!status:proved
@!!prover:smt
@!!meth:time-limit: 5; time-used: 0.6 (13%)
@!!already:false
@!!obl:
ASSUME NEW CONSTANT S,
       NEW CONSTANT T,
       NEW CONSTANT f \in Injection(S, T),
       IsFiniteSet(T) ,
       /\ IsFiniteSet(S)
       /\ Cardinality(S) =< Cardinality(T)
       /\ Cardinality(S) = Cardinality(T)
          <=> Inverse(f, S, T) \in Injection(T, S) ,
       f \in Surjection(S, T) ,
       ASSUME NEW CONSTANT S_1,
              NEW CONSTANT T_1,
              NEW CONSTANT f_1 \in Surjection(S_1, T_1),
              IsFiniteSet(S_1) 
       PROVE  /\ IsFiniteSet(T_1)
              /\ Cardinality(T_1) =< Cardinality(S_1)
              /\ Cardinality(T_1) = Cardinality(S_1)
                 <=> f_1 \in Injection(S_1, T_1) ,
       ASSUME NEW CONSTANT S_1,
              IsFiniteSet(S_1) 
       PROVE  /\ Cardinality(S_1) \in Nat
              /\ ExistsBijection(1..Cardinality(S_1), S_1) 
PROVE  Cardinality(S) = Cardinality(T)

@!!END

@!!BEGIN
@!!type:obligation
@!!id:384
@!!loc:512:7:512:9
@!!status:proved
@!!prover:zenon
@!!meth:time-limit: 10; time-used: 0.8 (8%)
@!!already:false
@!!obl:
ASSUME NEW CONSTANT S,
       NEW CONSTANT T,
       NEW CONSTANT f \in Injection(S, T),
       IsFiniteSet(T) ,
       NEW CONSTANT t \in T,
       \A s \in S : f[s] # t ,
       Cardinality(T) = Cardinality(Range(f)) ,
       Range(f) \subseteq T ,
       ASSUME NEW CONSTANT S_1,
              IsFiniteSet(S_1) ,
              NEW CONSTANT T_1 \in SUBSET S_1
       PROVE  /\ IsFiniteSet(T_1)
              /\ Cardinality(T_1) =< Cardinality(S_1)
              /\ Cardinality(S_1) = Cardinality(T_1) => S_1 = T_1 ,
       TRUE 
PROVE  Range(f) = T

@!!END

@!!BEGIN
@!!type:obligation
@!!id:383
@!!loc:510:7:510:9
@!!status:proved
@!!prover:smt
@!!meth:time-limit: 5; time-used: 0.9 (17%)
@!!already:false
@!!obl:
ASSUME NEW CONSTANT S,
       NEW CONSTANT T,
       NEW CONSTANT f \in {M \in [S -> T] : IsInjective(M)},
       IsFiniteSet(T) ,
       NEW CONSTANT t \in T,
       \A s \in S : f[s] # t 
PROVE  {f[x] : x \in DOMAIN f} \subseteq T

@!!END

@!!BEGIN
@!!type:obligation
@!!id:380
@!!loc:508:7:508:9
@!!status:proved
@!!prover:smt
@!!meth:time-limit: 5; time-used: 1.1 (21%)
@!!already:false
@!!obl:
ASSUME NEW CONSTANT S,
       NEW CONSTANT T,
       NEW CONSTANT f \in Injection(S, T),
       IsFiniteSet(T) ,
       NEW CONSTANT t \in T,
       \A s \in S : f[s] # t ,
       ExistsBijection(T, Range(f)) ,
       ASSUME NEW CONSTANT S_1,
              NEW CONSTANT T_1,
              IsFiniteSet(S_1) ,
              ExistsBijection(S_1, T_1) 
       PROVE  /\ IsFiniteSet(T_1)
              /\ Cardinality(T_1) = Cardinality(S_1) 
PROVE  Cardinality(T) = Cardinality(Range(f))

@!!END

@!!BEGIN
@!!type:obligation
@!!id:376
@!!loc:506:7:506:9
@!!status:proved
@!!prover:smt
@!!meth:time-limit: 5; time-used: 1.2 (24%)
@!!already:false
@!!obl:
ASSUME NEW CONSTANT S,
       NEW CONSTANT T,
       NEW CONSTANT f \in Injection(S, T),
       IsFiniteSet(T) ,
       NEW CONSTANT t \in T,
       \A s \in S : f[s] # t ,
       Bijection(T, S) # {} ,
       f \in Bijection(S, Range(f)) ,
       ASSUME NEW CONSTANT S_1,
              NEW CONSTANT T_1,
              NEW CONSTANT U,
              Bijection(S_1, T_1) # {} ,
              Bijection(T_1, U) # {} 
       PROVE  Bijection(S_1, U) # {} 
PROVE  Bijection(T, Range(f)) # {}

@!!END

@!!BEGIN
@!!type:obligation
@!!id:374
@!!loc:504:7:504:9
@!!status:proved
@!!prover:smt
@!!meth:time-limit: 5; time-used: 1.4 (27%)
@!!already:false
@!!obl:
ASSUME NEW CONSTANT S,
       NEW CONSTANT T,
       NEW CONSTANT f \in Injection(S, T),
       IsFiniteSet(T) ,
       NEW CONSTANT t \in T,
       \A s \in S : f[s] # t ,
       ASSUME NEW CONSTANT S_1,
              NEW CONSTANT T_1,
              NEW CONSTANT F \in Injection(S_1, T_1)
       PROVE  F \in Bijection(S_1, Range(F)) 
PROVE  f \in Bijection(S, Range(f))

@!!END

@!!BEGIN
@!!type:obligation
@!!id:402
@!!loc:543:6:543:10
@!!status:trivial
@!!prover:tlapm
@!!already:false
@!!obl:ASSUME NEW CONSTANT a \in Int,
       NEW CONSTANT b \in Int,
       a =< b 
PROVE  a =< b

@!!END

@!!BEGIN
@!!type:obligation
@!!id:403
@!!loc:543:12:543:33
@!!status:trivial
@!!prover:tlapm
@!!already:false
@!!obl:ASSUME ASSUME NEW CONSTANT a \in Int,
              NEW CONSTANT b \in Int,
              a =< b 
       PROVE  ExistsBijection(1..b - a + 1, a..b) ,
       NEW CONSTANT a \in Int,
       NEW CONSTANT b \in Int,
       a =< b 
PROVE  ASSUME NEW CONSTANT a_1 \in Int,
              NEW CONSTANT b_1 \in Int,
              a_1 =< b_1 
       PROVE  ExistsBijection(1..b_1 - a_1 + 1, a_1..b_1)

@!!END

@!!BEGIN
@!!type:obligation
@!!id:404
@!!loc:543:35:543:50
@!!status:trivial
@!!prover:tlapm
@!!already:false
@!!obl:ASSUME ASSUME NEW CONSTANT S
       PROVE  IsFiniteSet(S) <=> (\E n \in Nat : ExistsBijection(1..n, S)) ,
       NEW CONSTANT a \in Int,
       NEW CONSTANT b \in Int,
       a =< b ,
       ASSUME NEW CONSTANT a_1 \in Int,
              NEW CONSTANT b_1 \in Int,
              a_1 =< b_1 
       PROVE  ExistsBijection(1..b_1 - a_1 + 1, a_1..b_1) 
PROVE  ASSUME NEW CONSTANT S
       PROVE  IsFiniteSet(S) <=> (\E n \in Nat : ExistsBijection(1..n, S))

@!!END

@!!BEGIN
@!!type:obligation
@!!id:405
@!!loc:543:52:543:71
@!!status:trivial
@!!prover:tlapm
@!!already:false
@!!obl:ASSUME ASSUME NEW CONSTANT S,
              NEW CONSTANT n \in Nat,
              ExistsBijection(1..n, S) 
       PROVE  Cardinality(S) = n ,
       NEW CONSTANT a \in Int,
       NEW CONSTANT b \in Int,
       a =< b ,
       ASSUME NEW CONSTANT a_1 \in Int,
              NEW CONSTANT b_1 \in Int,
              a_1 =< b_1 
       PROVE  ExistsBijection(1..b_1 - a_1 + 1, a_1..b_1) ,
       ASSUME NEW CONSTANT S
       PROVE  IsFiniteSet(S) <=> (\E n \in Nat : ExistsBijection(1..n, S)) 
PROVE  ASSUME NEW CONSTANT S,
              NEW CONSTANT n \in Nat,
              ExistsBijection(1..n, S) 
       PROVE  Cardinality(S) = n

@!!END

@!!BEGIN
@!!type:obligation
@!!id:406
@!!loc:545:3:545:5
@!!status:normalized
@!!meth:time-limit: 5
@!!obl:ASSUME NEW CONSTANT a \in Int,
       NEW CONSTANT b \in Int,
       a > b ,
       /\ IsFiniteSet({})
       /\ Cardinality({}) = 0
       /\ \A S : IsFiniteSet(S) => Cardinality(S) = 0 <=> S = {} 
PROVE  /\ IsFiniteSet(a..b)
       /\ Cardinality(a..b) = (IF a > b THEN 0 ELSE b - a + 1)

@!!END

@!!BEGIN
@!!type:obligation
@!!id:407
@!!loc:545:6:545:10
@!!status:trivial
@!!prover:tlapm
@!!already:false
@!!obl:ASSUME NEW CONSTANT a \in Int,
       NEW CONSTANT b \in Int,
       a > b 
PROVE  a > b

@!!END

@!!BEGIN
@!!type:obligation
@!!id:408
@!!loc:545:12:545:23
@!!status:trivial
@!!prover:tlapm
@!!already:false
@!!obl:ASSUME /\ IsFiniteSet({})
       /\ Cardinality({}) = 0
       /\ \A S : IsFiniteSet(S) => Cardinality(S) = 0 <=> S = {} ,
       NEW CONSTANT a \in Int,
       NEW CONSTANT b \in Int,
       a > b 
PROVE  /\ IsFiniteSet({})
       /\ Cardinality({}) = 0
       /\ \A S : IsFiniteSet(S) => Cardinality(S) = 0 <=> S = {}

@!!END

@!!BEGIN
@!!type:obligation
@!!id:409
@!!loc:557:11:557:13
@!!status:normalized
@!!meth:time-limit: 10
@!!obl:ASSUME NEW CONSTANT S \in SUBSET Nat,
       NEW CONSTANT n \in Nat,
       \A s \in S : s =< n ,
       S \subseteq 0..n ,
       IsFiniteSet(0..n) /\ Cardinality(0..n) = n + 1 ,
       ASSUME NEW CONSTANT S_1,
              IsFiniteSet(S_1) ,
              NEW CONSTANT T \in SUBSET S_1
       PROVE  /\ IsFiniteSet(T)
              /\ Cardinality(T) =< Cardinality(S_1)
              /\ Cardinality(S_1) = Cardinality(T) => S_1 = T ,
       TRUE 
PROVE  /\ IsFiniteSet(S)
       /\ Cardinality(S) =< n + 1

@!!END

@!!BEGIN
@!!type:obligation
@!!id:410
@!!loc:557:14:557:18
@!!status:trivial
@!!prover:tlapm
@!!already:false
@!!obl:ASSUME NEW CONSTANT S \in SUBSET Nat,
       NEW CONSTANT n \in Nat,
       \A s \in S : s =< n ,
       S \subseteq 0..n 
PROVE  S \subseteq 0..n

@!!END

@!!BEGIN
@!!type:obligation
@!!id:411
@!!loc:557:20:557:24
@!!status:trivial
@!!prover:tlapm
@!!already:false
@!!obl:ASSUME NEW CONSTANT S \in SUBSET Nat,
       NEW CONSTANT n \in Nat,
       \A s \in S : s =< n ,
       IsFiniteSet(0..n) /\ Cardinality(0..n) = n + 1 ,
       S \subseteq 0..n 
PROVE  IsFiniteSet(0..n) /\ Cardinality(0..n) = n + 1

@!!END

@!!BEGIN
@!!type:obligation
@!!id:412
@!!loc:557:26:557:35
@!!status:trivial
@!!prover:tlapm
@!!already:false
@!!obl:ASSUME ASSUME NEW CONSTANT S,
              IsFiniteSet(S) ,
              NEW CONSTANT T \in SUBSET S
       PROVE  /\ IsFiniteSet(T)
              /\ Cardinality(T) =< Cardinality(S)
              /\ Cardinality(S) = Cardinality(T) => S = T ,
       NEW CONSTANT S \in SUBSET Nat,
       NEW CONSTANT n \in Nat,
       \A s \in S : s =< n ,
       S \subseteq 0..n ,
       IsFiniteSet(0..n) /\ Cardinality(0..n) = n + 1 
PROVE  ASSUME NEW CONSTANT S_1,
              IsFiniteSet(S_1) ,
              NEW CONSTANT T \in SUBSET S_1
       PROVE  /\ IsFiniteSet(T)
              /\ Cardinality(T) =< Cardinality(S_1)
              /\ Cardinality(S_1) = Cardinality(T) => S_1 = T

@!!END

@!!BEGIN
@!!type:obligation
@!!id:413
@!!loc:557:37:557:42
@!!status:trivial
@!!prover:tlapm
@!!already:false
@!!obl:ASSUME NEW CONSTANT S \in SUBSET Nat,
       NEW CONSTANT n \in Nat,
       \A s \in S : s =< n ,
       S \subseteq 0..n ,
       IsFiniteSet(0..n) /\ Cardinality(0..n) = n + 1 ,
       ASSUME NEW CONSTANT S_1,
              IsFiniteSet(S_1) ,
              NEW CONSTANT T \in SUBSET S_1
       PROVE  /\ IsFiniteSet(T)
              /\ Cardinality(T) =< Cardinality(S_1)
              /\ Cardinality(S_1) = Cardinality(T) => S_1 = T 
PROVE  TRUE

@!!END

@!!BEGIN
@!!type:obligation
@!!id:414
@!!loc:555:3:555:10
@!!status:normalized
@!!meth:time-limit: 5
@!!obl:ASSUME NEW CONSTANT S \in SUBSET Nat,
       NEW CONSTANT n \in Nat,
       \A s \in S : s =< n 
PROVE  S \subseteq 0..n

@!!END

@!!BEGIN
@!!type:obligation
@!!id:415
@!!loc:556:53:556:55
@!!status:normalized
@!!meth:time-limit: 5
@!!obl:ASSUME NEW CONSTANT S \in SUBSET Nat,
       NEW CONSTANT n \in Nat,
       \A s \in S : s =< n ,
       ASSUME NEW CONSTANT a \in Int,
              NEW CONSTANT b \in Int
       PROVE  /\ IsFiniteSet(a..b)
              /\ Cardinality(a..b) = (IF a > b THEN 0 ELSE b - a + 1) 
PROVE  IsFiniteSet(0..n) /\ Cardinality(0..n) = n + 1

@!!END

@!!BEGIN
@!!type:obligation
@!!id:416
@!!loc:556:56:556:67
@!!status:trivial
@!!prover:tlapm
@!!already:false
@!!obl:ASSUME ASSUME NEW CONSTANT a \in Int,
              NEW CONSTANT b \in Int
       PROVE  /\ IsFiniteSet(a..b)
              /\ Cardinality(a..b) = (IF a > b THEN 0 ELSE b - a + 1) ,
       NEW CONSTANT S \in SUBSET Nat,
       NEW CONSTANT n \in Nat,
       \A s \in S : s =< n 
PROVE  ASSUME NEW CONSTANT a \in Int,
              NEW CONSTANT b \in Int
       PROVE  /\ IsFiniteSet(a..b)
              /\ Cardinality(a..b) = (IF a > b THEN 0 ELSE b - a + 1)

@!!END

@!!BEGIN
@!!type:obligation
@!!id:417
@!!loc:587:12:587:14
@!!status:normalized
@!!meth:time-limit: 30
@!!obl:ASSUME NEW CONSTANT S,
       IsFiniteSet(S) ,
       NEW CONSTANT P(_),
       P({}) ,
       ASSUME NEW CONSTANT T \in SUBSET S,
              IsFiniteSet(T) ,
              P(T) ,
              NEW CONSTANT x \in S \ T
       PROVE  P(T \cup {x}) ,
       \A T \in SUBSET S : Cardinality(T) = 0 => P(T) ,
       ASSUME NEW CONSTANT n \in Nat,
              \A T \in SUBSET S : Cardinality(T) = n => P(T) ,
              NEW CONSTANT T \in SUBSET S,
              Cardinality(T) = n + 1 
       PROVE  P(T) ,
       ASSUME NEW CONSTANT P_1(_),
              P_1(0) ,
              \A n \in Nat : P_1(n) => P_1(n + 1) 
       PROVE  \A n \in Nat : P_1(n) ,
       TRUE 
PROVE  \A n \in Nat : \A T \in SUBSET S : Cardinality(T) = n => P(T)

@!!END

@!!BEGIN
@!!type:obligation
@!!id:418
@!!loc:587:15:587:19
@!!status:trivial
@!!prover:tlapm
@!!already:false
@!!obl:ASSUME NEW CONSTANT S,
       IsFiniteSet(S) ,
       NEW CONSTANT P(_),
       P({}) ,
       ASSUME NEW CONSTANT T \in SUBSET S,
              IsFiniteSet(T) ,
              P(T) ,
              NEW CONSTANT x \in S \ T
       PROVE  P(T \cup {x}) ,
       \A T \in SUBSET S : Cardinality(T) = 0 => P(T) 
PROVE  \A T \in SUBSET S : Cardinality(T) = 0 => P(T)

@!!END

@!!BEGIN
@!!type:obligation
@!!id:419
@!!loc:587:21:587:25
@!!status:trivial
@!!prover:tlapm
@!!already:false
@!!obl:ASSUME NEW CONSTANT S,
       IsFiniteSet(S) ,
       NEW CONSTANT P(_),
       P({}) ,
       ASSUME NEW CONSTANT T \in SUBSET S,
              IsFiniteSet(T) ,
              P(T) ,
              NEW CONSTANT x \in S \ T
       PROVE  P(T \cup {x}) ,
       ASSUME NEW CONSTANT n \in Nat,
              \A T \in SUBSET S : Cardinality(T) = n => P(T) ,
              NEW CONSTANT T \in SUBSET S,
              Cardinality(T) = n + 1 
       PROVE  P(T) ,
       \A T \in SUBSET S : Cardinality(T) = 0 => P(T) 
PROVE  ASSUME NEW CONSTANT n \in Nat,
              \A T \in SUBSET S : Cardinality(T) = n => P(T) ,
              NEW CONSTANT T \in SUBSET S,
              Cardinality(T) = n + 1 
       PROVE  P(T)

@!!END

@!!BEGIN
@!!type:obligation
@!!id:420
@!!loc:587:27:587:39
@!!status:trivial
@!!prover:tlapm
@!!already:false
@!!obl:ASSUME ASSUME NEW CONSTANT P(_),
              P(0) ,
              \A n \in Nat : P(n) => P(n + 1) 
       PROVE  \A n \in Nat : P(n) ,
       NEW CONSTANT S,
       IsFiniteSet(S) ,
       NEW CONSTANT P(_),
       P({}) ,
       ASSUME NEW CONSTANT T \in SUBSET S,
              IsFiniteSet(T) ,
              P(T) ,
              NEW CONSTANT x \in S \ T
       PROVE  P(T \cup {x}) ,
       \A T \in SUBSET S : Cardinality(T) = 0 => P(T) ,
       ASSUME NEW CONSTANT n \in Nat,
              \A T \in SUBSET S : Cardinality(T) = n => P(T) ,
              NEW CONSTANT T \in SUBSET S,
              Cardinality(T) = n + 1 
       PROVE  P(T) 
PROVE  ASSUME NEW CONSTANT P_1(_),
              P_1(0) ,
              \A n \in Nat : P_1(n) => P_1(n + 1) 
       PROVE  \A n \in Nat : P_1(n)

@!!END

@!!BEGIN
@!!type:obligation
@!!id:421
@!!loc:587:41:587:44
@!!status:trivial
@!!prover:tlapm
@!!already:false
@!!obl:ASSUME NEW CONSTANT S,
       IsFiniteSet(S) ,
       NEW CONSTANT P(_),
       P({}) ,
       ASSUME NEW CONSTANT T \in SUBSET S,
              IsFiniteSet(T) ,
              P(T) ,
              NEW CONSTANT x \in S \ T
       PROVE  P(T \cup {x}) ,
       \A T \in SUBSET S : Cardinality(T) = 0 => P(T) ,
       ASSUME NEW CONSTANT n \in Nat,
              \A T \in SUBSET S : Cardinality(T) = n => P(T) ,
              NEW CONSTANT T \in SUBSET S,
              Cardinality(T) = n + 1 
       PROVE  P(T) ,
       ASSUME NEW CONSTANT P_1(_),
              P_1(0) ,
              \A n \in Nat : P_1(n) => P_1(n + 1) 
       PROVE  \A n \in Nat : P_1(n) 
PROVE  TRUE

@!!END

@!!BEGIN
@!!type:obligation
@!!id:422
@!!loc:575:37:575:39
@!!status:normalized
@!!meth:time-limit: 5
@!!obl:ASSUME NEW CONSTANT S,
       IsFiniteSet(S) ,
       NEW CONSTANT P(_),
       P({}) ,
       ASSUME NEW CONSTANT T \in SUBSET S,
              IsFiniteSet(T) ,
              P(T) ,
              NEW CONSTANT x \in S \ T
       PROVE  P(T \cup {x}) ,
       \A n \in Nat : \A T \in SUBSET S : Cardinality(T) = n => P(T) ,
       ASSUME NEW CONSTANT S_1,
              IsFiniteSet(S_1) 
       PROVE  /\ Cardinality(S_1) \in Nat
              /\ ExistsBijection(1..Cardinality(S_1), S_1) 
PROVE  P(S)

@!!END

@!!BEGIN
@!!type:obligation
@!!id:423
@!!loc:575:40:575:58
@!!status:trivial
@!!prover:tlapm
@!!already:false
@!!obl:ASSUME ASSUME NEW CONSTANT S,
              IsFiniteSet(S) 
       PROVE  /\ Cardinality(S) \in Nat
              /\ ExistsBijection(1..Cardinality(S), S) ,
       NEW CONSTANT S,
       IsFiniteSet(S) ,
       NEW CONSTANT P(_),
       P({}) ,
       ASSUME NEW CONSTANT T \in SUBSET S,
              IsFiniteSet(T) ,
              P(T) ,
              NEW CONSTANT x \in S \ T
       PROVE  P(T \cup {x}) ,
       \A n \in Nat : \A T \in SUBSET S : Cardinality(T) = n => P(T) 
PROVE  ASSUME NEW CONSTANT S_1,
              IsFiniteSet(S_1) 
       PROVE  /\ Cardinality(S_1) \in Nat
              /\ ExistsBijection(1..Cardinality(S_1), S_1)

@!!END

@!!BEGIN
@!!type:obligation
@!!id:424
@!!loc:576:13:576:15
@!!status:normalized
@!!meth:time-limit: 5
@!!obl:ASSUME NEW CONSTANT S,
       IsFiniteSet(S) ,
       NEW CONSTANT P(_),
       P({}) ,
       ASSUME NEW CONSTANT T \in SUBSET S,
              IsFiniteSet(T) ,
              P(T) ,
              NEW CONSTANT x \in S \ T
       PROVE  P(T \cup {x}) ,
       /\ IsFiniteSet({})
       /\ Cardinality({}) = 0
       /\ \A S_1 : IsFiniteSet(S_1) => Cardinality(S_1) = 0 <=> S_1 = {} ,
       ASSUME NEW CONSTANT S_1,
              IsFiniteSet(S_1) ,
              NEW CONSTANT T \in SUBSET S_1
       PROVE  /\ IsFiniteSet(T)
              /\ Cardinality(T) =< Cardinality(S_1)
              /\ Cardinality(S_1) = Cardinality(T) => S_1 = T 
PROVE  \A T \in SUBSET S : Cardinality(T) = 0 => P(T)

@!!END

@!!BEGIN
@!!type:obligation
@!!id:425
@!!loc:576:16:576:27
@!!status:trivial
@!!prover:tlapm
@!!already:false
@!!obl:ASSUME /\ IsFiniteSet({})
       /\ Cardinality({}) = 0
       /\ \A S : IsFiniteSet(S) => Cardinality(S) = 0 <=> S = {} ,
       NEW CONSTANT S,
       IsFiniteSet(S) ,
       NEW CONSTANT P(_),
       P({}) ,
       ASSUME NEW CONSTANT T \in SUBSET S,
              IsFiniteSet(T) ,
              P(T) ,
              NEW CONSTANT x \in S \ T
       PROVE  P(T \cup {x}) 
PROVE  /\ IsFiniteSet({})
       /\ Cardinality({}) = 0
       /\ \A S_1 : IsFiniteSet(S_1) => Cardinality(S_1) = 0 <=> S_1 = {}

@!!END

@!!BEGIN
@!!type:obligation
@!!id:426
@!!loc:576:29:576:38
@!!status:trivial
@!!prover:tlapm
@!!already:false
@!!obl:ASSUME ASSUME NEW CONSTANT S,
              IsFiniteSet(S) ,
              NEW CONSTANT T \in SUBSET S
       PROVE  /\ IsFiniteSet(T)
              /\ Cardinality(T) =< Cardinality(S)
              /\ Cardinality(S) = Cardinality(T) => S = T ,
       NEW CONSTANT S,
       IsFiniteSet(S) ,
       NEW CONSTANT P(_),
       P({}) ,
       ASSUME NEW CONSTANT T \in SUBSET S,
              IsFiniteSet(T) ,
              P(T) ,
              NEW CONSTANT x \in S \ T
       PROVE  P(T \cup {x}) ,
       /\ IsFiniteSet({})
       /\ Cardinality({}) = 0
       /\ \A S_1 : IsFiniteSet(S_1) => Cardinality(S_1) = 0 <=> S_1 = {} 
PROVE  ASSUME NEW CONSTANT S_1,
              IsFiniteSet(S_1) ,
              NEW CONSTANT T \in SUBSET S_1
       PROVE  /\ IsFiniteSet(T)
              /\ Cardinality(T) =< Cardinality(S_1)
              /\ Cardinality(S_1) = Cardinality(T) => S_1 = T

@!!END

@!!BEGIN
@!!type:obligation
@!!id:427
@!!loc:586:13:586:15
@!!status:normalized
@!!meth:time-limit: 10
@!!obl:ASSUME NEW CONSTANT S,
       IsFiniteSet(S) ,
       NEW CONSTANT P(_),
       P({}) ,
       ASSUME NEW CONSTANT T \in SUBSET S,
              IsFiniteSet(T) ,
              P(T) ,
              NEW CONSTANT x \in S \ T
       PROVE  P(T \cup {x}) ,
       NEW CONSTANT n \in Nat,
       NEW CONSTANT T \in SUBSET S,
       NEW CONSTANT x \in T,
       /\ T \ {x} \in SUBSET S
       /\ IsFiniteSet(T \ {x})
       /\ Cardinality(T \ {x}) = n ,
       P(T \ {x}) ,
       TRUE 
PROVE  P(T)

@!!END

@!!BEGIN
@!!type:obligation
@!!id:428
@!!loc:586:16:586:20
@!!status:trivial
@!!prover:tlapm
@!!already:false
@!!obl:ASSUME NEW CONSTANT S,
       IsFiniteSet(S) ,
       NEW CONSTANT P(_),
       P({}) ,
       ASSUME NEW CONSTANT T \in SUBSET S,
              IsFiniteSet(T) ,
              P(T) ,
              NEW CONSTANT x \in S \ T
       PROVE  P(T \cup {x}) ,
       NEW CONSTANT n \in Nat,
       NEW CONSTANT T \in SUBSET S,
       NEW CONSTANT x \in T,
       /\ T \ {x} \in SUBSET S
       /\ IsFiniteSet(T \ {x})
       /\ Cardinality(T \ {x}) = n 
PROVE  /\ T \ {x} \in SUBSET S
       /\ IsFiniteSet(T \ {x})
       /\ Cardinality(T \ {x}) = n

@!!END

@!!BEGIN
@!!type:obligation
@!!id:429
@!!loc:586:22:586:26
@!!status:trivial
@!!prover:tlapm
@!!already:false
@!!obl:ASSUME NEW CONSTANT S,
       IsFiniteSet(S) ,
       NEW CONSTANT P(_),
       P({}) ,
       ASSUME NEW CONSTANT T \in SUBSET S,
              IsFiniteSet(T) ,
              P(T) ,
              NEW CONSTANT x \in S \ T
       PROVE  P(T \cup {x}) ,
       NEW CONSTANT n \in Nat,
       NEW CONSTANT T \in SUBSET S,
       NEW CONSTANT x \in T,
       P(T \ {x}) ,
       /\ T \ {x} \in SUBSET S
       /\ IsFiniteSet(T \ {x})
       /\ Cardinality(T \ {x}) = n 
PROVE  P(T \ {x})

@!!END

@!!BEGIN
@!!type:obligation
@!!id:430
@!!loc:586:28:586:33
@!!status:trivial
@!!prover:tlapm
@!!already:false
@!!obl:ASSUME NEW CONSTANT S,
       IsFiniteSet(S) ,
       NEW CONSTANT P(_),
       P({}) ,
       ASSUME NEW CONSTANT T \in SUBSET S,
              IsFiniteSet(T) ,
              P(T) ,
              NEW CONSTANT x \in S \ T
       PROVE  P(T \cup {x}) ,
       NEW CONSTANT n \in Nat,
       NEW CONSTANT T \in SUBSET S,
       NEW CONSTANT x \in T,
       /\ T \ {x} \in SUBSET S
       /\ IsFiniteSet(T \ {x})
       /\ Cardinality(T \ {x}) = n ,
       P(T \ {x}) 
PROVE  TRUE

@!!END

@!!BEGIN
@!!type:obligation
@!!id:431
@!!loc:580:30:580:32
@!!status:normalized
@!!meth:time-limit: 5
@!!obl:ASSUME NEW CONSTANT S,
       IsFiniteSet(S) ,
       NEW CONSTANT P(_),
       P({}) ,
       ASSUME NEW CONSTANT T \in SUBSET S,
              IsFiniteSet(T) ,
              P(T) ,
              NEW CONSTANT x \in S \ T
       PROVE  P(T \cup {x}) ,
       NEW CONSTANT n \in Nat,
       NEW CONSTANT T \in SUBSET S,
       /\ \A T_1 \in SUBSET S : Cardinality(T_1) = n => P(T_1)
       /\ Cardinality(T) = n + 1 ,
       /\ IsFiniteSet({})
       /\ Cardinality({}) = 0
       /\ \A S_1 : IsFiniteSet(S_1) => Cardinality(S_1) = 0 <=> S_1 = {} ,
       ASSUME NEW CONSTANT S_1,
              IsFiniteSet(S_1) ,
              NEW CONSTANT T_1 \in SUBSET S_1
       PROVE  /\ IsFiniteSet(T_1)
              /\ Cardinality(T_1) =< Cardinality(S_1)
              /\ Cardinality(S_1) = Cardinality(T_1) => S_1 = T_1 
PROVE  \E x \in T : TRUE

@!!END

@!!BEGIN
@!!type:obligation
@!!id:424
@!!loc:576:13:576:15
@!!status:proved
@!!prover:smt
@!!meth:time-limit: 5; time-used: 0.3 (6%)
@!!already:false
@!!obl:
ASSUME NEW CONSTANT S,
       IsFiniteSet(S) ,
       NEW CONSTANT P(_),
       P({}) ,
       ASSUME NEW CONSTANT T \in SUBSET S,
              IsFiniteSet(T) ,
              P(T) ,
              NEW CONSTANT x \in S \ T
       PROVE  P(T \cup {x}) ,
       /\ IsFiniteSet({})
       /\ Cardinality({}) = 0
       /\ \A S_1 : IsFiniteSet(S_1) => Cardinality(S_1) = 0 <=> S_1 = {} ,
       ASSUME NEW CONSTANT S_1,
              IsFiniteSet(S_1) ,
              NEW CONSTANT T \in SUBSET S_1
       PROVE  /\ IsFiniteSet(T)
              /\ Cardinality(T) =< Cardinality(S_1)
              /\ Cardinality(S_1) = Cardinality(T) => S_1 = T 
PROVE  \A T \in SUBSET S : Cardinality(T) = 0 => P(T)

@!!END

@!!BEGIN
@!!type:obligation
@!!id:422
@!!loc:575:37:575:39
@!!status:proved
@!!prover:smt
@!!meth:time-limit: 5; time-used: 0.5 (10%)
@!!already:false
@!!obl:
ASSUME NEW CONSTANT S,
       IsFiniteSet(S) ,
       NEW CONSTANT P(_),
       P({}) ,
       ASSUME NEW CONSTANT T \in SUBSET S,
              IsFiniteSet(T) ,
              P(T) ,
              NEW CONSTANT x \in S \ T
       PROVE  P(T \cup {x}) ,
       \A n \in Nat : \A T \in SUBSET S : Cardinality(T) = n => P(T) ,
       ASSUME NEW CONSTANT S_1,
              IsFiniteSet(S_1) 
       PROVE  /\ Cardinality(S_1) \in Nat
              /\ ExistsBijection(1..Cardinality(S_1), S_1) 
PROVE  P(S)

@!!END

@!!BEGIN
@!!type:obligation
@!!id:415
@!!loc:556:53:556:55
@!!status:proved
@!!prover:smt
@!!meth:time-limit: 5; time-used: 0.8 (16%)
@!!already:false
@!!obl:
ASSUME NEW CONSTANT S \in SUBSET Nat,
       NEW CONSTANT n \in Nat,
       \A s \in S : s =< n ,
       ASSUME NEW CONSTANT a \in Int,
              NEW CONSTANT b \in Int
       PROVE  /\ IsFiniteSet(a..b)
              /\ Cardinality(a..b) = (IF a > b THEN 0 ELSE b - a + 1) 
PROVE  IsFiniteSet(0..n) /\ Cardinality(0..n) = n + 1

@!!END

@!!BEGIN
@!!type:obligation
@!!id:414
@!!loc:555:3:555:10
@!!status:proved
@!!prover:smt
@!!meth:time-limit: 5; time-used: 0.9 (18%)
@!!already:false
@!!obl:
ASSUME NEW CONSTANT S \in SUBSET Nat,
       NEW CONSTANT n \in Nat,
       \A s \in S : s =< n 
PROVE  S \subseteq 0..n

@!!END

@!!BEGIN
@!!type:obligation
@!!id:409
@!!loc:557:11:557:13
@!!status:proved
@!!prover:zenon
@!!meth:time-limit: 10; time-used: 1.1 (11%)
@!!already:false
@!!obl:
ASSUME NEW CONSTANT S \in SUBSET Nat,
       NEW CONSTANT n \in Nat,
       \A s \in S : s =< n ,
       S \subseteq 0..n ,
       IsFiniteSet(0..n) /\ Cardinality(0..n) = n + 1 ,
       ASSUME NEW CONSTANT S_1,
              IsFiniteSet(S_1) ,
              NEW CONSTANT T \in SUBSET S_1
       PROVE  /\ IsFiniteSet(T)
              /\ Cardinality(T) =< Cardinality(S_1)
              /\ Cardinality(S_1) = Cardinality(T) => S_1 = T ,
       TRUE 
PROVE  /\ IsFiniteSet(S)
       /\ Cardinality(S) =< n + 1

@!!END

@!!BEGIN
@!!type:obligation
@!!id:406
@!!loc:545:3:545:5
@!!status:proved
@!!prover:smt
@!!meth:time-limit: 5; time-used: 1.2 (25%)
@!!already:false
@!!obl:
ASSUME NEW CONSTANT a \in Int,
       NEW CONSTANT b \in Int,
       a > b ,
       /\ IsFiniteSet({})
       /\ Cardinality({}) = 0
       /\ \A S : IsFiniteSet(S) => Cardinality(S) = 0 <=> S = {} 
PROVE  /\ IsFiniteSet(a..b)
       /\ Cardinality(a..b) = (IF a > b THEN 0 ELSE b - a + 1)

@!!END

@!!BEGIN
@!!type:obligation
@!!id:401
@!!loc:543:3:543:5
@!!status:proved
@!!prover:smt
@!!meth:time-limit: 5; time-used: 1.5 (29%)
@!!already:false
@!!obl:
ASSUME NEW CONSTANT a \in Int,
       NEW CONSTANT b \in Int,
       a =< b ,
       ASSUME NEW CONSTANT a_1 \in Int,
              NEW CONSTANT b_1 \in Int,
              a_1 =< b_1 
       PROVE  ExistsBijection(1..b_1 - a_1 + 1, a_1..b_1) ,
       ASSUME NEW CONSTANT S
       PROVE  IsFiniteSet(S) <=> (\E n \in Nat : ExistsBijection(1..n, S)) ,
       ASSUME NEW CONSTANT S,
              NEW CONSTANT n \in Nat,
              ExistsBijection(1..n, S) 
       PROVE  Cardinality(S) = n 
PROVE  /\ IsFiniteSet(a..b)
       /\ Cardinality(a..b) = (IF a > b THEN 0 ELSE b - a + 1)

@!!END

@!!BEGIN
@!!type:obligation
@!!id:432
@!!loc:580:33:580:37
@!!status:trivial
@!!prover:tlapm
@!!already:false
@!!obl:ASSUME NEW CONSTANT S,
       IsFiniteSet(S) ,
       NEW CONSTANT P(_),
       P({}) ,
       ASSUME NEW CONSTANT T \in SUBSET S,
              IsFiniteSet(T) ,
              P(T) ,
              NEW CONSTANT x \in S \ T
       PROVE  P(T \cup {x}) ,
       NEW CONSTANT n \in Nat,
       NEW CONSTANT T \in SUBSET S,
       /\ \A T_1 \in SUBSET S : Cardinality(T_1) = n => P(T_1)
       /\ Cardinality(T) = n + 1 
PROVE  /\ \A T_1 \in SUBSET S : Cardinality(T_1) = n => P(T_1)
       /\ Cardinality(T) = n + 1

@!!END

@!!BEGIN
@!!type:obligation
@!!id:433
@!!loc:580:39:580:50
@!!status:trivial
@!!prover:tlapm
@!!already:false
@!!obl:ASSUME /\ IsFiniteSet({})
       /\ Cardinality({}) = 0
       /\ \A S : IsFiniteSet(S) => Cardinality(S) = 0 <=> S = {} ,
       NEW CONSTANT S,
       IsFiniteSet(S) ,
       NEW CONSTANT P(_),
       P({}) ,
       ASSUME NEW CONSTANT T \in SUBSET S,
              IsFiniteSet(T) ,
              P(T) ,
              NEW CONSTANT x \in S \ T
       PROVE  P(T \cup {x}) ,
       NEW CONSTANT n \in Nat,
       NEW CONSTANT T \in SUBSET S,
       /\ \A T_1 \in SUBSET S : Cardinality(T_1) = n => P(T_1)
       /\ Cardinality(T) = n + 1 
PROVE  /\ IsFiniteSet({})
       /\ Cardinality({}) = 0
       /\ \A S_1 : IsFiniteSet(S_1) => Cardinality(S_1) = 0 <=> S_1 = {}

@!!END

@!!BEGIN
@!!type:obligation
@!!id:434
@!!loc:580:52:580:61
@!!status:trivial
@!!prover:tlapm
@!!already:false
@!!obl:ASSUME ASSUME NEW CONSTANT S,
              IsFiniteSet(S) ,
              NEW CONSTANT T \in SUBSET S
       PROVE  /\ IsFiniteSet(T)
              /\ Cardinality(T) =< Cardinality(S)
              /\ Cardinality(S) = Cardinality(T) => S = T ,
       NEW CONSTANT S,
       IsFiniteSet(S) ,
       NEW CONSTANT P(_),
       P({}) ,
       ASSUME NEW CONSTANT T \in SUBSET S,
              IsFiniteSet(T) ,
              P(T) ,
              NEW CONSTANT x \in S \ T
       PROVE  P(T \cup {x}) ,
       NEW CONSTANT n \in Nat,
       NEW CONSTANT T \in SUBSET S,
       /\ \A T_1 \in SUBSET S : Cardinality(T_1) = n => P(T_1)
       /\ Cardinality(T) = n + 1 ,
       /\ IsFiniteSet({})
       /\ Cardinality({}) = 0
       /\ \A S_1 : IsFiniteSet(S_1) => Cardinality(S_1) = 0 <=> S_1 = {} 
PROVE  ASSUME NEW CONSTANT S_1,
              IsFiniteSet(S_1) ,
              NEW CONSTANT T_1 \in SUBSET S_1
       PROVE  /\ IsFiniteSet(T_1)
              /\ Cardinality(T_1) =< Cardinality(S_1)
              /\ Cardinality(S_1) = Cardinality(T_1) => S_1 = T_1

@!!END

@!!BEGIN
@!!type:obligation
@!!id:436
@!!loc:584:5:584:7
@!!status:normalized
@!!meth:time-limit: 5
@!!obl:ASSUME NEW CONSTANT S,
       IsFiniteSet(S) ,
       NEW CONSTANT P(_),
       P({}) ,
       ASSUME NEW CONSTANT T \in SUBSET S,
              IsFiniteSet(T) ,
              P(T) ,
              NEW CONSTANT x \in S \ T
       PROVE  P(T \cup {x}) ,
       NEW CONSTANT n \in Nat,
       NEW CONSTANT T \in SUBSET S,
       NEW CONSTANT x \in T,
       /\ \A T_1 \in SUBSET S : Cardinality(T_1) = n => P(T_1)
       /\ Cardinality(T) = n + 1 ,
       ASSUME NEW CONSTANT S_1,
              NEW CONSTANT x_1,
              IsFiniteSet(S_1) 
       PROVE  /\ IsFiniteSet(S_1 \ {x_1})
              /\ Cardinality(S_1 \ {x_1})
                 = (IF x_1 \in S_1
                      THEN Cardinality(S_1) - 1
                      ELSE Cardinality(S_1)) ,
       ASSUME NEW CONSTANT S_1,
              IsFiniteSet(S_1) ,
              NEW CONSTANT T_1 \in SUBSET S_1
       PROVE  /\ IsFiniteSet(T_1)
              /\ Cardinality(T_1) =< Cardinality(S_1)
              /\ Cardinality(S_1) = Cardinality(T_1) => S_1 = T_1 
PROVE  /\ T \ {x} \in SUBSET S
       /\ IsFiniteSet(T \ {x})
       /\ Cardinality(T \ {x}) = n

@!!END

@!!BEGIN
@!!type:obligation
@!!id:437
@!!loc:584:8:584:12
@!!status:trivial
@!!prover:tlapm
@!!already:false
@!!obl:ASSUME NEW CONSTANT S,
       IsFiniteSet(S) ,
       NEW CONSTANT P(_),
       P({}) ,
       ASSUME NEW CONSTANT T \in SUBSET S,
              IsFiniteSet(T) ,
              P(T) ,
              NEW CONSTANT x \in S \ T
       PROVE  P(T \cup {x}) ,
       NEW CONSTANT n \in Nat,
       NEW CONSTANT T \in SUBSET S,
       /\ \A T_1 \in SUBSET S : Cardinality(T_1) = n => P(T_1)
       /\ Cardinality(T) = n + 1 ,
       NEW CONSTANT x \in T
PROVE  /\ \A T_1 \in SUBSET S : Cardinality(T_1) = n => P(T_1)
       /\ Cardinality(T) = n + 1

@!!END

@!!BEGIN
@!!type:obligation
@!!id:438
@!!loc:584:14:584:30
@!!status:trivial
@!!prover:tlapm
@!!already:false
@!!obl:ASSUME ASSUME NEW CONSTANT S,
              NEW CONSTANT x,
              IsFiniteSet(S) 
       PROVE  /\ IsFiniteSet(S \ {x})
              /\ Cardinality(S \ {x})
                 = (IF x \in S THEN Cardinality(S) - 1 ELSE Cardinality(S)) ,
       NEW CONSTANT S,
       IsFiniteSet(S) ,
       NEW CONSTANT P(_),
       P({}) ,
       ASSUME NEW CONSTANT T \in SUBSET S,
              IsFiniteSet(T) ,
              P(T) ,
              NEW CONSTANT x \in S \ T
       PROVE  P(T \cup {x}) ,
       NEW CONSTANT n \in Nat,
       NEW CONSTANT T \in SUBSET S,
       NEW CONSTANT x \in T,
       /\ \A T_1 \in SUBSET S : Cardinality(T_1) = n => P(T_1)
       /\ Cardinality(T) = n + 1 
PROVE  ASSUME NEW CONSTANT S_1,
              NEW CONSTANT x_1,
              IsFiniteSet(S_1) 
       PROVE  /\ IsFiniteSet(S_1 \ {x_1})
              /\ Cardinality(S_1 \ {x_1})
                 = (IF x_1 \in S_1
                      THEN Cardinality(S_1) - 1
                      ELSE Cardinality(S_1))

@!!END

@!!BEGIN
@!!type:obligation
@!!id:439
@!!loc:584:32:584:41
@!!status:trivial
@!!prover:tlapm
@!!already:false
@!!obl:ASSUME ASSUME NEW CONSTANT S,
              IsFiniteSet(S) ,
              NEW CONSTANT T \in SUBSET S
       PROVE  /\ IsFiniteSet(T)
              /\ Cardinality(T) =< Cardinality(S)
              /\ Cardinality(S) = Cardinality(T) => S = T ,
       NEW CONSTANT S,
       IsFiniteSet(S) ,
       NEW CONSTANT P(_),
       P({}) ,
       ASSUME NEW CONSTANT T \in SUBSET S,
              IsFiniteSet(T) ,
              P(T) ,
              NEW CONSTANT x \in S \ T
       PROVE  P(T \cup {x}) ,
       NEW CONSTANT n \in Nat,
       NEW CONSTANT T \in SUBSET S,
       NEW CONSTANT x \in T,
       /\ \A T_1 \in SUBSET S : Cardinality(T_1) = n => P(T_1)
       /\ Cardinality(T) = n + 1 ,
       ASSUME NEW CONSTANT S_1,
              NEW CONSTANT x_1,
              IsFiniteSet(S_1) 
       PROVE  /\ IsFiniteSet(S_1 \ {x_1})
              /\ Cardinality(S_1 \ {x_1})
                 = (IF x_1 \in S_1
                      THEN Cardinality(S_1) - 1
                      ELSE Cardinality(S_1)) 
PROVE  ASSUME NEW CONSTANT S_1,
              IsFiniteSet(S_1) ,
              NEW CONSTANT T_1 \in SUBSET S_1
       PROVE  /\ IsFiniteSet(T_1)
              /\ Cardinality(T_1) =< Cardinality(S_1)
              /\ Cardinality(S_1) = Cardinality(T_1) => S_1 = T_1

@!!END

@!!BEGIN
@!!type:obligation
@!!id:440
@!!loc:585:21:585:23
@!!status:normalized
@!!meth:time-limit: 5
@!!obl:ASSUME NEW CONSTANT S,
       IsFiniteSet(S) ,
       NEW CONSTANT P(_),
       P({}) ,
       ASSUME NEW CONSTANT T \in SUBSET S,
              IsFiniteSet(T) ,
              P(T) ,
              NEW CONSTANT x \in S \ T
       PROVE  P(T \cup {x}) ,
       NEW CONSTANT n \in Nat,
       NEW CONSTANT T \in SUBSET S,
       NEW CONSTANT x \in T,
       /\ T \ {x} \in SUBSET S
       /\ IsFiniteSet(T \ {x})
       /\ Cardinality(T \ {x}) = n ,
       \A T_1 \in SUBSET S : Cardinality(T_1) = n => P(T_1) 
PROVE  P(T \ {x})

@!!END

@!!BEGIN
@!!type:obligation
@!!id:441
@!!loc:585:24:585:28
@!!status:trivial
@!!prover:tlapm
@!!already:false
@!!obl:ASSUME NEW CONSTANT S,
       IsFiniteSet(S) ,
       NEW CONSTANT P(_),
       P({}) ,
       ASSUME NEW CONSTANT T \in SUBSET S,
              IsFiniteSet(T) ,
              P(T) ,
              NEW CONSTANT x \in S \ T
       PROVE  P(T \cup {x}) ,
       NEW CONSTANT n \in Nat,
       NEW CONSTANT T \in SUBSET S,
       NEW CONSTANT x \in T,
       /\ T \ {x} \in SUBSET S
       /\ IsFiniteSet(T \ {x})
       /\ Cardinality(T \ {x}) = n 
PROVE  /\ T \ {x} \in SUBSET S
       /\ IsFiniteSet(T \ {x})
       /\ Cardinality(T \ {x}) = n

@!!END

@!!BEGIN
@!!type:obligation
@!!id:442
@!!loc:585:30:585:34
@!!status:trivial
@!!prover:tlapm
@!!already:false
@!!obl:ASSUME NEW CONSTANT S,
       IsFiniteSet(S) ,
       NEW CONSTANT P(_),
       P({}) ,
       ASSUME NEW CONSTANT T \in SUBSET S,
              IsFiniteSet(T) ,
              P(T) ,
              NEW CONSTANT x \in S \ T
       PROVE  P(T \cup {x}) ,
       NEW CONSTANT n \in Nat,
       \A T \in SUBSET S : Cardinality(T) = n => P(T) ,
       NEW CONSTANT T \in SUBSET S,
       NEW CONSTANT x \in T,
       /\ T \ {x} \in SUBSET S
       /\ IsFiniteSet(T \ {x})
       /\ Cardinality(T \ {x}) = n 
PROVE  \A T_1 \in SUBSET S : Cardinality(T_1) = n => P(T_1)

@!!END

@!!BEGIN
@!!type:obligation
@!!id:443
@!!loc:607:1:607:3
@!!status:normalized
@!!meth:time-limit: 5
@!!obl:ASSUME NEW CONSTANT S,
       IsFiniteSet(S) ,
       ASSUME NEW CONSTANT S_1,
              IsFiniteSet(S_1) ,
              NEW CONSTANT T \in SUBSET S_1
       PROVE  /\ IsFiniteSet(T)
              /\ Cardinality(T) =< Cardinality(S_1)
              /\ Cardinality(S_1) = Cardinality(T) => S_1 = T 
PROVE  {T \in SUBSET S : IsFiniteSet(T)} = SUBSET S

@!!END

@!!BEGIN
@!!type:obligation
@!!id:444
@!!loc:607:4:607:13
@!!status:trivial
@!!prover:tlapm
@!!already:false
@!!obl:ASSUME ASSUME NEW CONSTANT S,
              IsFiniteSet(S) ,
              NEW CONSTANT T \in SUBSET S
       PROVE  /\ IsFiniteSet(T)
              /\ Cardinality(T) =< Cardinality(S)
              /\ Cardinality(S) = Cardinality(T) => S = T ,
       NEW CONSTANT S,
       IsFiniteSet(S) 
PROVE  ASSUME NEW CONSTANT S_1,
              IsFiniteSet(S_1) ,
              NEW CONSTANT T \in SUBSET S_1
       PROVE  /\ IsFiniteSet(T)
              /\ Cardinality(T) =< Cardinality(S_1)
              /\ Cardinality(S_1) = Cardinality(T) => S_1 = T

@!!END

@!!BEGIN
@!!type:obligation
@!!id:445
@!!loc:629:11:629:13
@!!status:normalized
@!!meth:time-limit: 10
@!!obl:ASSUME NEW CONSTANT S,
       IsWellFoundedOn(PreImage(Cardinality, FiniteSubsetsOf(S),
                                OpToRel(LAMBDA x1, x2 : x1 < x2, Nat)),
                       FiniteSubsetsOf(S)) ,
       StrictSubsetOrdering(S) \cap FiniteSubsetsOf(S) \X FiniteSubsetsOf(S)
       \subseteq PreImage(Cardinality, FiniteSubsetsOf(S),
                          OpToRel(LAMBDA x1, x2 : x1 < x2, Nat)) ,
       ASSUME NEW CONSTANT S_1,
              NEW CONSTANT R,
              NEW CONSTANT RR,
              RR \cap S_1 \X S_1 \subseteq R ,
              IsWellFoundedOn(R, S_1) 
       PROVE  IsWellFoundedOn(RR, S_1) ,
       TRUE 
PROVE  IsWellFoundedOn(StrictSubsetOrdering(S), FiniteSubsetsOf(S))

@!!END

@!!BEGIN
@!!type:obligation
@!!id:446
@!!loc:629:14:629:18
@!!status:trivial
@!!prover:tlapm
@!!already:false
@!!obl:ASSUME NEW CONSTANT S,
       IsWellFoundedOn(PreImage(Cardinality, FiniteSubsetsOf(S),
                                OpToRel(LAMBDA x1, x2 : x1 < x2, Nat)),
                       FiniteSubsetsOf(S)) 
PROVE  IsWellFoundedOn(PreImage(Cardinality, FiniteSubsetsOf(S),
                                OpToRel(LAMBDA x1, x2 : x1 < x2, Nat)),
                       FiniteSubsetsOf(S))

@!!END

@!!BEGIN
@!!type:obligation
@!!id:447
@!!loc:629:20:629:24
@!!status:trivial
@!!prover:tlapm
@!!already:false
@!!obl:ASSUME NEW CONSTANT S,
       StrictSubsetOrdering(S) \cap FiniteSubsetsOf(S) \X FiniteSubsetsOf(S)
       \subseteq PreImage(Cardinality, FiniteSubsetsOf(S),
                          OpToRel(LAMBDA x1, x2 : x1 < x2, Nat)) ,
       IsWellFoundedOn(PreImage(Cardinality, FiniteSubsetsOf(S),
                                OpToRel(LAMBDA x1, x2 : x1 < x2, Nat)),
                       FiniteSubsetsOf(S)) 
PROVE  StrictSubsetOrdering(S) \cap FiniteSubsetsOf(S) \X FiniteSubsetsOf(S)
       \subseteq PreImage(Cardinality, FiniteSubsetsOf(S),
                          OpToRel(LAMBDA x1, x2 : x1 < x2, Nat))

@!!END

@!!BEGIN
@!!type:obligation
@!!id:448
@!!loc:629:26:629:52
@!!status:trivial
@!!prover:tlapm
@!!already:false
@!!obl:ASSUME ASSUME NEW CONSTANT S,
              NEW CONSTANT R,
              NEW CONSTANT RR,
              RR \cap S \X S \subseteq R ,
              IsWellFoundedOn(R, S) 
       PROVE  IsWellFoundedOn(RR, S) ,
       NEW CONSTANT S,
       IsWellFoundedOn(PreImage(Cardinality, FiniteSubsetsOf(S),
                                OpToRel(LAMBDA x1, x2 : x1 < x2, Nat)),
                       FiniteSubsetsOf(S)) ,
       StrictSubsetOrdering(S) \cap FiniteSubsetsOf(S) \X FiniteSubsetsOf(S)
       \subseteq PreImage(Cardinality, FiniteSubsetsOf(S),
                          OpToRel(LAMBDA x1, x2 : x1 < x2, Nat)) 
PROVE  ASSUME NEW CONSTANT S_1,
              NEW CONSTANT R,
              NEW CONSTANT RR,
              RR \cap S_1 \X S_1 \subseteq R ,
              IsWellFoundedOn(R, S_1) 
       PROVE  IsWellFoundedOn(RR, S_1)

@!!END

@!!BEGIN
@!!type:obligation
@!!id:449
@!!loc:629:54:629:59
@!!status:trivial
@!!prover:tlapm
@!!already:false
@!!obl:ASSUME NEW CONSTANT S,
       IsWellFoundedOn(PreImage(Cardinality, FiniteSubsetsOf(S),
                                OpToRel(LAMBDA x1, x2 : x1 < x2, Nat)),
                       FiniteSubsetsOf(S)) ,
       StrictSubsetOrdering(S) \cap FiniteSubsetsOf(S) \X FiniteSubsetsOf(S)
       \subseteq PreImage(Cardinality, FiniteSubsetsOf(S),
                          OpToRel(LAMBDA x1, x2 : x1 < x2, Nat)) ,
       ASSUME NEW CONSTANT S_1,
              NEW CONSTANT R,
              NEW CONSTANT RR,
              RR \cap S_1 \X S_1 \subseteq R ,
              IsWellFoundedOn(R, S_1) 
       PROVE  IsWellFoundedOn(RR, S_1) 
PROVE  TRUE

@!!END

@!!BEGIN
@!!type:obligation
@!!id:450
@!!loc:621:3:621:5
@!!status:normalized
@!!meth:time-limit: 5
@!!obl:ASSUME NEW CONSTANT S,
       ASSUME NEW CONSTANT S_1,
              IsFiniteSet(S_1) 
       PROVE  /\ Cardinality(S_1) \in Nat
              /\ ExistsBijection(1..Cardinality(S_1), S_1) ,
       ASSUME NEW CONSTANT S_1,
              IsFiniteSet(S_1) ,
              NEW CONSTANT T \in SUBSET S_1
       PROVE  /\ IsFiniteSet(T)
              /\ Cardinality(T) =< Cardinality(S_1)
              /\ Cardinality(S_1) = Cardinality(T) => S_1 = T 
PROVE  \A T \in {T \in SUBSET S : IsFiniteSet(T)} : Cardinality(T) \in Nat

@!!END

@!!BEGIN
@!!type:obligation
@!!id:451
@!!loc:621:6:621:24
@!!status:trivial
@!!prover:tlapm
@!!already:false
@!!obl:ASSUME ASSUME NEW CONSTANT S,
              IsFiniteSet(S) 
       PROVE  /\ Cardinality(S) \in Nat
              /\ ExistsBijection(1..Cardinality(S), S) ,
       NEW CONSTANT S
PROVE  ASSUME NEW CONSTANT S_1,
              IsFiniteSet(S_1) 
       PROVE  /\ Cardinality(S_1) \in Nat
              /\ ExistsBijection(1..Cardinality(S_1), S_1)

@!!END

@!!BEGIN
@!!type:obligation
@!!id:452
@!!loc:621:26:621:35
@!!status:trivial
@!!prover:tlapm
@!!already:false
@!!obl:ASSUME ASSUME NEW CONSTANT S,
              IsFiniteSet(S) ,
              NEW CONSTANT T \in SUBSET S
       PROVE  /\ IsFiniteSet(T)
              /\ Cardinality(T) =< Cardinality(S)
              /\ Cardinality(S) = Cardinality(T) => S = T ,
       NEW CONSTANT S,
       ASSUME NEW CONSTANT S_1,
              IsFiniteSet(S_1) 
       PROVE  /\ Cardinality(S_1) \in Nat
              /\ ExistsBijection(1..Cardinality(S_1), S_1) 
PROVE  ASSUME NEW CONSTANT S_1,
              IsFiniteSet(S_1) ,
              NEW CONSTANT T \in SUBSET S_1
       PROVE  /\ IsFiniteSet(T)
              /\ Cardinality(T) =< Cardinality(S_1)
              /\ Cardinality(S_1) = Cardinality(T) => S_1 = T

@!!END

@!!BEGIN
@!!type:obligation
@!!id:453
@!!loc:624:3:624:5
@!!status:normalized
@!!meth:time-limit: 30
@!!obl:ASSUME NEW CONSTANT S,
       \A T \in FiniteSubsetsOf(S) : Cardinality(T) \in Nat ,
       ASSUME NEW CONSTANT S_1,
              NEW CONSTANT T,
              NEW CONSTANT R,
              NEW CONSTANT f(_),
              \A s \in S_1 : f(s) \in T ,
              IsWellFoundedOn(R, T) 
       PROVE  IsWellFoundedOn(PreImage(f, S_1, R), S_1) ,
       IsWellFoundedOn(OpToRel(LAMBDA x1, x2 : x1 < x2, Nat), Nat) ,
       TRUE 
PROVE  IsWellFoundedOn(PreImage(Cardinality, FiniteSubsetsOf(S),
                                OpToRel(LAMBDA x1, x2 : x1 < x2, Nat)),
                       FiniteSubsetsOf(S))

@!!END

@!!BEGIN
@!!type:obligation
@!!id:454
@!!loc:624:6:624:10
@!!status:trivial
@!!prover:tlapm
@!!already:false
@!!obl:ASSUME NEW CONSTANT S,
       \A T \in FiniteSubsetsOf(S) : Cardinality(T) \in Nat 
PROVE  \A T \in FiniteSubsetsOf(S) : Cardinality(T) \in Nat

@!!END

@!!BEGIN
@!!type:obligation
@!!id:455
@!!loc:624:12:624:31
@!!status:trivial
@!!prover:tlapm
@!!already:false
@!!obl:ASSUME ASSUME NEW CONSTANT S,
              NEW CONSTANT T,
              NEW CONSTANT R,
              NEW CONSTANT f(_),
              \A s \in S : f(s) \in T ,
              IsWellFoundedOn(R, T) 
       PROVE  IsWellFoundedOn(PreImage(f, S, R), S) ,
       NEW CONSTANT S,
       \A T \in FiniteSubsetsOf(S) : Cardinality(T) \in Nat 
PROVE  ASSUME NEW CONSTANT S_1,
              NEW CONSTANT T,
              NEW CONSTANT R,
              NEW CONSTANT f(_),
              \A s \in S_1 : f(s) \in T ,
              IsWellFoundedOn(R, T) 
       PROVE  IsWellFoundedOn(PreImage(f, S_1, R), S_1)

@!!END

@!!BEGIN
@!!type:obligation
@!!id:456
@!!loc:624:33:624:55
@!!status:trivial
@!!prover:tlapm
@!!already:false
@!!obl:ASSUME IsWellFoundedOn(OpToRel(LAMBDA x1, x2 : x1 < x2, Nat), Nat) ,
       NEW CONSTANT S,
       \A T \in FiniteSubsetsOf(S) : Cardinality(T) \in Nat ,
       ASSUME NEW CONSTANT S_1,
              NEW CONSTANT T,
              NEW CONSTANT R,
              NEW CONSTANT f(_),
              \A s \in S_1 : f(s) \in T ,
              IsWellFoundedOn(R, T) 
       PROVE  IsWellFoundedOn(PreImage(f, S_1, R), S_1) 
PROVE  IsWellFoundedOn(OpToRel(LAMBDA x1, x2 : x1 < x2, Nat), Nat)

@!!END

@!!BEGIN
@!!type:obligation
@!!id:457
@!!loc:624:57:624:70
@!!status:trivial
@!!prover:tlapm
@!!already:false
@!!obl:ASSUME NEW CONSTANT S,
       \A T \in FiniteSubsetsOf(S) : Cardinality(T) \in Nat ,
       ASSUME NEW CONSTANT S_1,
              NEW CONSTANT T,
              NEW CONSTANT R,
              NEW CONSTANT f(_),
              \A s \in S_1 : f(s) \in T ,
              IsWellFoundedOn(R, T) 
       PROVE  IsWellFoundedOn(PreImage(f, S_1, R), S_1) ,
       IsWellFoundedOn(OpToRel(LAMBDA x1, x2 : x1 < x2, Nat), Nat) 
PROVE  TRUE

@!!END

@!!BEGIN
@!!type:obligation
@!!id:458
@!!loc:627:3:627:5
@!!status:normalized
@!!meth:time-limit: 5
@!!obl:ASSUME NEW CONSTANT S,
       ASSUME NEW CONSTANT S_1,
              IsFiniteSet(S_1) ,
              NEW CONSTANT T \in SUBSET S_1
       PROVE  /\ IsFiniteSet(T)
              /\ Cardinality(T) =< Cardinality(S_1)
              /\ Cardinality(S_1) = Cardinality(T) => S_1 = T ,
       \A T \in {T \in SUBSET S : IsFiniteSet(T)} : Cardinality(T) \in Nat 
PROVE  {ss \in (SUBSET S) \X (SUBSET S) :
          ss[1] \subseteq ss[2] /\ ss[1] # ss[2]}
       \cap {T \in SUBSET S : IsFiniteSet(T)}
            \X {T \in SUBSET S : IsFiniteSet(T)}
       \subseteq {ss \in
                    {T \in SUBSET S : IsFiniteSet(T)}
                    \X {T \in SUBSET S : IsFiniteSet(T)} :
                    <<Cardinality(ss[1]), Cardinality(ss[2])>>
                    \in {ss_1 \in Nat \X Nat : ss_1[1] < ss_1[2]}}

@!!END

@!!BEGIN
@!!type:obligation
@!!id:450
@!!loc:621:3:621:5
@!!status:proved
@!!prover:smt
@!!meth:time-limit: 5; time-used: 0.4 (8%)
@!!already:false
@!!obl:
ASSUME NEW CONSTANT S,
       ASSUME NEW CONSTANT S_1,
              IsFiniteSet(S_1) 
       PROVE  /\ Cardinality(S_1) \in Nat
              /\ ExistsBijection(1..Cardinality(S_1), S_1) ,
       ASSUME NEW CONSTANT S_1,
              IsFiniteSet(S_1) ,
              NEW CONSTANT T \in SUBSET S_1
       PROVE  /\ IsFiniteSet(T)
              /\ Cardinality(T) =< Cardinality(S_1)
              /\ Cardinality(S_1) = Cardinality(T) => S_1 = T 
PROVE  \A T \in {T \in SUBSET S : IsFiniteSet(T)} : Cardinality(T) \in Nat

@!!END

@!!BEGIN
@!!type:obligation
@!!id:445
@!!loc:629:11:629:13
@!!status:proved
@!!prover:zenon
@!!meth:time-limit: 10; time-used: 0.7 (7%)
@!!already:false
@!!obl:
ASSUME NEW CONSTANT S,
       IsWellFoundedOn(PreImage(Cardinality, FiniteSubsetsOf(S),
                                OpToRel(LAMBDA x1, x2 : x1 < x2, Nat)),
                       FiniteSubsetsOf(S)) ,
       StrictSubsetOrdering(S) \cap FiniteSubsetsOf(S) \X FiniteSubsetsOf(S)
       \subseteq PreImage(Cardinality, FiniteSubsetsOf(S),
                          OpToRel(LAMBDA x1, x2 : x1 < x2, Nat)) ,
       ASSUME NEW CONSTANT S_1,
              NEW CONSTANT R,
              NEW CONSTANT RR,
              RR \cap S_1 \X S_1 \subseteq R ,
              IsWellFoundedOn(R, S_1) 
       PROVE  IsWellFoundedOn(RR, S_1) ,
       TRUE 
PROVE  IsWellFoundedOn(StrictSubsetOrdering(S), FiniteSubsetsOf(S))

@!!END

@!!BEGIN
@!!type:obligation
@!!id:443
@!!loc:607:1:607:3
@!!status:proved
@!!prover:smt
@!!meth:time-limit: 5; time-used: 0.8 (16%)
@!!already:false
@!!obl:
ASSUME NEW CONSTANT S,
       IsFiniteSet(S) ,
       ASSUME NEW CONSTANT S_1,
              IsFiniteSet(S_1) ,
              NEW CONSTANT T \in SUBSET S_1
       PROVE  /\ IsFiniteSet(T)
              /\ Cardinality(T) =< Cardinality(S_1)
              /\ Cardinality(S_1) = Cardinality(T) => S_1 = T 
PROVE  {T \in SUBSET S : IsFiniteSet(T)} = SUBSET S

@!!END

@!!BEGIN
@!!type:obligation
@!!id:440
@!!loc:585:21:585:23
@!!status:proved
@!!prover:smt
@!!meth:time-limit: 5; time-used: 1.0 (20%)
@!!already:false
@!!obl:
ASSUME NEW CONSTANT S,
       IsFiniteSet(S) ,
       NEW CONSTANT P(_),
       P({}) ,
       ASSUME NEW CONSTANT T \in SUBSET S,
              IsFiniteSet(T) ,
              P(T) ,
              NEW CONSTANT x \in S \ T
       PROVE  P(T \cup {x}) ,
       NEW CONSTANT n \in Nat,
       NEW CONSTANT T \in SUBSET S,
       NEW CONSTANT x \in T,
       /\ T \ {x} \in SUBSET S
       /\ IsFiniteSet(T \ {x})
       /\ Cardinality(T \ {x}) = n ,
       \A T_1 \in SUBSET S : Cardinality(T_1) = n => P(T_1) 
PROVE  P(T \ {x})

@!!END

@!!BEGIN
@!!type:obligation
@!!id:436
@!!loc:584:5:584:7
@!!status:proved
@!!prover:smt
@!!meth:time-limit: 5; time-used: 1.2 (24%)
@!!already:false
@!!obl:
ASSUME NEW CONSTANT S,
       IsFiniteSet(S) ,
       NEW CONSTANT P(_),
       P({}) ,
       ASSUME NEW CONSTANT T \in SUBSET S,
              IsFiniteSet(T) ,
              P(T) ,
              NEW CONSTANT x \in S \ T
       PROVE  P(T \cup {x}) ,
       NEW CONSTANT n \in Nat,
       NEW CONSTANT T \in SUBSET S,
       NEW CONSTANT x \in T,
       /\ \A T_1 \in SUBSET S : Cardinality(T_1) = n => P(T_1)
       /\ Cardinality(T) = n + 1 ,
       ASSUME NEW CONSTANT S_1,
              NEW CONSTANT x_1,
              IsFiniteSet(S_1) 
       PROVE  /\ IsFiniteSet(S_1 \ {x_1})
              /\ Cardinality(S_1 \ {x_1})
                 = (IF x_1 \in S_1
                      THEN Cardinality(S_1) - 1
                      ELSE Cardinality(S_1)) ,
       ASSUME NEW CONSTANT S_1,
              IsFiniteSet(S_1) ,
              NEW CONSTANT T_1 \in SUBSET S_1
       PROVE  /\ IsFiniteSet(T_1)
              /\ Cardinality(T_1) =< Cardinality(S_1)
              /\ Cardinality(S_1) = Cardinality(T_1) => S_1 = T_1 
PROVE  /\ T \ {x} \in SUBSET S
       /\ IsFiniteSet(T \ {x})
       /\ Cardinality(T \ {x}) = n

@!!END

@!!BEGIN
@!!type:obligation
@!!id:431
@!!loc:580:30:580:32
@!!status:proved
@!!prover:smt
@!!meth:time-limit: 5; time-used: 1.4 (28%)
@!!already:false
@!!obl:
ASSUME NEW CONSTANT S,
       IsFiniteSet(S) ,
       NEW CONSTANT P(_),
       P({}) ,
       ASSUME NEW CONSTANT T \in SUBSET S,
              IsFiniteSet(T) ,
              P(T) ,
              NEW CONSTANT x \in S \ T
       PROVE  P(T \cup {x}) ,
       NEW CONSTANT n \in Nat,
       NEW CONSTANT T \in SUBSET S,
       /\ \A T_1 \in SUBSET S : Cardinality(T_1) = n => P(T_1)
       /\ Cardinality(T) = n + 1 ,
       /\ IsFiniteSet({})
       /\ Cardinality({}) = 0
       /\ \A S_1 : IsFiniteSet(S_1) => Cardinality(S_1) = 0 <=> S_1 = {} ,
       ASSUME NEW CONSTANT S_1,
              IsFiniteSet(S_1) ,
              NEW CONSTANT T_1 \in SUBSET S_1
       PROVE  /\ IsFiniteSet(T_1)
              /\ Cardinality(T_1) =< Cardinality(S_1)
              /\ Cardinality(S_1) = Cardinality(T_1) => S_1 = T_1 
PROVE  \E x \in T : TRUE

@!!END

@!!BEGIN
@!!type:obligation
@!!id:459
@!!loc:627:6:627:15
@!!status:trivial
@!!prover:tlapm
@!!already:false
@!!obl:ASSUME ASSUME NEW CONSTANT S,
              IsFiniteSet(S) ,
              NEW CONSTANT T \in SUBSET S
       PROVE  /\ IsFiniteSet(T)
              /\ Cardinality(T) =< Cardinality(S)
              /\ Cardinality(S) = Cardinality(T) => S = T ,
       NEW CONSTANT S
PROVE  ASSUME NEW CONSTANT S_1,
              IsFiniteSet(S_1) ,
              NEW CONSTANT T \in SUBSET S_1
       PROVE  /\ IsFiniteSet(T)
              /\ Cardinality(T) =< Cardinality(S_1)
              /\ Cardinality(S_1) = Cardinality(T) => S_1 = T

@!!END

@!!BEGIN
@!!type:obligation
@!!id:460
@!!loc:627:17:627:21
@!!status:trivial
@!!prover:tlapm
@!!already:false
@!!obl:ASSUME NEW CONSTANT S,
       \A T \in {T \in SUBSET S : IsFiniteSet(T)} : Cardinality(T) \in Nat ,
       ASSUME NEW CONSTANT S_1,
              IsFiniteSet(S_1) ,
              NEW CONSTANT T \in SUBSET S_1
       PROVE  /\ IsFiniteSet(T)
              /\ Cardinality(T) =< Cardinality(S_1)
              /\ Cardinality(S_1) = Cardinality(T) => S_1 = T 
PROVE  \A T \in {T \in SUBSET S : IsFiniteSet(T)} : Cardinality(T) \in Nat

@!!END

@!!BEGIN
@!!type:obligation
@!!id:461
@!!loc:656:11:656:13
@!!status:normalized
@!!meth:time-limit: 5
@!!obl:ASSUME NEW CONSTANT P(_),
       NEW CONSTANT S,
       IsFiniteSet(S) ,
       ASSUME NEW CONSTANT T \in SUBSET S,
              \A U \in (SUBSET T) \ {T} : P(U) 
       PROVE  P(T) ,
       \A T \in SUBSET S : P(T) 
PROVE  P(S)

@!!END

@!!BEGIN
@!!type:obligation
@!!id:462
@!!loc:656:14:656:18
@!!status:trivial
@!!prover:tlapm
@!!already:false
@!!obl:ASSUME NEW CONSTANT P(_),
       NEW CONSTANT S,
       IsFiniteSet(S) ,
       ASSUME NEW CONSTANT T \in SUBSET S,
              \A U \in (SUBSET T) \ {T} : P(U) 
       PROVE  P(T) ,
       \A T \in SUBSET S : P(T) 
PROVE  \A T \in SUBSET S : P(T)

@!!END

@!!BEGIN
@!!type:obligation
@!!id:463
@!!loc:649:3:649:5
@!!status:normalized
@!!meth:time-limit: 10
@!!obl:ASSUME NEW CONSTANT P(_),
       NEW CONSTANT S,
       IsFiniteSet(S) ,
       ASSUME NEW CONSTANT T \in SUBSET S,
              \A U \in (SUBSET T) \ {T} : P(U) 
       PROVE  P(T) ,
       ASSUME NEW CONSTANT S_1,
              IsFiniteSet(S_1) 
       PROVE  FiniteSubsetsOf(S_1) = SUBSET S_1 ,
       ASSUME NEW CONSTANT S_1
       PROVE  IsWellFoundedOn(StrictSubsetOrdering(S_1),
                              FiniteSubsetsOf(S_1)) ,
       TRUE 
PROVE  IsWellFoundedOn(StrictSubsetOrdering(S), SUBSET S)

@!!END

@!!BEGIN
@!!type:obligation
@!!id:464
@!!loc:649:6:649:30
@!!status:trivial
@!!prover:tlapm
@!!already:false
@!!obl:ASSUME ASSUME NEW CONSTANT S,
              IsFiniteSet(S) 
       PROVE  FiniteSubsetsOf(S) = SUBSET S ,
       NEW CONSTANT P(_),
       NEW CONSTANT S,
       IsFiniteSet(S) ,
       ASSUME NEW CONSTANT T \in SUBSET S,
              \A U \in (SUBSET T) \ {T} : P(U) 
       PROVE  P(T) 
PROVE  ASSUME NEW CONSTANT S_1,
              IsFiniteSet(S_1) 
       PROVE  FiniteSubsetsOf(S_1) = SUBSET S_1

@!!END

@!!BEGIN
@!!type:obligation
@!!id:465
@!!loc:649:32:649:66
@!!status:trivial
@!!prover:tlapm
@!!already:false
@!!obl:ASSUME ASSUME NEW CONSTANT S
       PROVE  IsWellFoundedOn(StrictSubsetOrdering(S), FiniteSubsetsOf(S)) ,
       NEW CONSTANT P(_),
       NEW CONSTANT S,
       IsFiniteSet(S) ,
       ASSUME NEW CONSTANT T \in SUBSET S,
              \A U \in (SUBSET T) \ {T} : P(U) 
       PROVE  P(T) ,
       ASSUME NEW CONSTANT S_1,
              IsFiniteSet(S_1) 
       PROVE  FiniteSubsetsOf(S_1) = SUBSET S_1 
PROVE  ASSUME NEW CONSTANT S_1
       PROVE  IsWellFoundedOn(StrictSubsetOrdering(S_1),
                              FiniteSubsetsOf(S_1))

@!!END

@!!BEGIN
@!!type:obligation
@!!id:466
@!!loc:649:68:649:73
@!!status:trivial
@!!prover:tlapm
@!!already:false
@!!obl:ASSUME NEW CONSTANT P(_),
       NEW CONSTANT S,
       IsFiniteSet(S) ,
       ASSUME NEW CONSTANT T \in SUBSET S,
              \A U \in (SUBSET T) \ {T} : P(U) 
       PROVE  P(T) ,
       ASSUME NEW CONSTANT S_1,
              IsFiniteSet(S_1) 
       PROVE  FiniteSubsetsOf(S_1) = SUBSET S_1 ,
       ASSUME NEW CONSTANT S_1
       PROVE  IsWellFoundedOn(StrictSubsetOrdering(S_1),
                              FiniteSubsetsOf(S_1)) 
PROVE  TRUE

@!!END

@!!BEGIN
@!!type:obligation
@!!id:467
@!!loc:653:3:653:5
@!!status:normalized
@!!meth:time-limit: 10
@!!obl:ASSUME NEW CONSTANT P(_),
       NEW CONSTANT S,
       IsFiniteSet(S) ,
       ASSUME NEW CONSTANT T \in SUBSET S,
              \A U \in (SUBSET T) \ {T} : P(U) 
       PROVE  P(T) ,
       TRUE 
PROVE  \A T \in SUBSET S :
          (\A U
              \in {y \in SUBSET S :
                     <<y, T>>
                     \in {ss \in (SUBSET S) \X (SUBSET S) :
                            ss[1] \subseteq ss[2] /\ ss[1] # ss[2]}} :
              P(U))
          => P(T)

@!!END

@!!BEGIN
@!!type:obligation
@!!id:468
@!!loc:653:6:653:11
@!!status:trivial
@!!prover:tlapm
@!!already:false
@!!obl:ASSUME NEW CONSTANT P(_),
       NEW CONSTANT S,
       IsFiniteSet(S) ,
       ASSUME NEW CONSTANT T \in SUBSET S,
              \A U \in (SUBSET T) \ {T} : P(U) 
       PROVE  P(T) 
PROVE  TRUE

@!!END

@!!BEGIN
@!!type:obligation
@!!id:469
@!!loc:655:29:655:31
@!!status:normalized
@!!meth:time-limit: 30
@!!obl:ASSUME NEW CONSTANT P(_),
       NEW CONSTANT S,
       IsWellFoundedOn(StrictSubsetOrdering(S), SubS) ,
       \A T \in SubS :
          (\A U \in SetLessThan(T, StrictSubsetOrdering(S), SubS) : P(U))
          => P(T) ,
       ASSUME NEW CONSTANT P_1(_),
              NEW CONSTANT R,
              NEW CONSTANT S_1,
              IsWellFoundedOn(R, S_1) ,
              \A x \in S_1 :
                 (\A y \in SetLessThan(x, R, S_1) : P_1(y)) => P_1(x) 
       PROVE  \A x \in S_1 : P_1(x) ,
       TRUE 
PROVE  \A T \in SubS : P(T)

@!!END

@!!BEGIN
@!!type:obligation
@!!id:470
@!!loc:655:37:655:41
@!!status:trivial
@!!prover:tlapm
@!!already:false
@!!obl:ASSUME NEW CONSTANT P(_),
       NEW CONSTANT S,
       IsFiniteSet(S) ,
       ASSUME NEW CONSTANT T \in SUBSET S,
              \A U \in (SUBSET T) \ {T} : P(U) 
       PROVE  P(T) ,
       IsWellFoundedOn(StrictSubsetOrdering(S), SubS) 
PROVE  IsWellFoundedOn(StrictSubsetOrdering(S), SubS)

@!!END

@!!BEGIN
@!!type:obligation
@!!id:471
@!!loc:655:43:655:47
@!!status:trivial
@!!prover:tlapm
@!!already:false
@!!obl:ASSUME NEW CONSTANT P(_),
       NEW CONSTANT S,
       IsFiniteSet(S) ,
       ASSUME NEW CONSTANT T \in SUBSET S,
              \A U \in (SUBSET T) \ {T} : P(U) 
       PROVE  P(T) ,
       \A T \in SubS :
          (\A U \in SetLessThan(T, StrictSubsetOrdering(S), SubS) : P(U))
          => P(T) ,
       IsWellFoundedOn(StrictSubsetOrdering(S), SubS) 
PROVE  \A T \in SubS :
          (\A U \in SetLessThan(T, StrictSubsetOrdering(S), SubS) : P(U))
          => P(T)

@!!END

@!!BEGIN
@!!type:obligation
@!!id:472
@!!loc:655:49:655:60
@!!status:trivial
@!!prover:tlapm
@!!already:false
@!!obl:ASSUME ASSUME NEW CONSTANT P(_),
              NEW CONSTANT R,
              NEW CONSTANT S,
              IsWellFoundedOn(R, S) ,
              \A x \in S : (\A y \in SetLessThan(x, R, S) : P(y)) => P(x) 
       PROVE  \A x \in S : P(x) ,
       NEW CONSTANT P(_),
       NEW CONSTANT S,
       IsFiniteSet(S) ,
       ASSUME NEW CONSTANT T \in SUBSET S,
              \A U \in (SUBSET T) \ {T} : P(U) 
       PROVE  P(T) ,
       IsWellFoundedOn(StrictSubsetOrdering(S), SubS) ,
       \A T \in SubS :
          (\A U \in SetLessThan(T, StrictSubsetOrdering(S), SubS) : P(U))
          => P(T) 
PROVE  ASSUME NEW CONSTANT P_1(_),
              NEW CONSTANT R,
              NEW CONSTANT S_1,
              IsWellFoundedOn(R, S_1) ,
              \A x \in S_1 :
                 (\A y \in SetLessThan(x, R, S_1) : P_1(y)) => P_1(x) 
       PROVE  \A x \in S_1 : P_1(x)

@!!END

@!!BEGIN
@!!type:obligation
@!!id:473
@!!loc:655:62:655:75
@!!status:trivial
@!!prover:tlapm
@!!already:false
@!!obl:ASSUME NEW CONSTANT P(_),
       NEW CONSTANT S,
       IsFiniteSet(S) ,
       ASSUME NEW CONSTANT T \in SUBSET S,
              \A U \in (SUBSET T) \ {T} : P(U) 
       PROVE  P(T) ,
       IsWellFoundedOn(StrictSubsetOrdering(S), SubS) ,
       \A T \in SubS :
          (\A U \in SetLessThan(T, StrictSubsetOrdering(S), SubS) : P(U))
          => P(T) ,
       ASSUME NEW CONSTANT P_1(_),
              NEW CONSTANT R,
              NEW CONSTANT S_1,
              IsWellFoundedOn(R, S_1) ,
              \A x \in S_1 :
                 (\A y \in SetLessThan(x, R, S_1) : P_1(y)) => P_1(x) 
       PROVE  \A x \in S_1 : P_1(x) 
PROVE  TRUE

@!!END

@!!BEGIN
@!!type:obligation
@!!id:474
@!!loc:703:11:703:13
@!!status:normalized
@!!meth:time-limit: 5
@!!obl:ASSUME NEW CONSTANT S,
       IsFiniteSet(S) ,
       NEW CONSTANT T,
       IsFiniteSet(T) ,
       /\ IsFiniteSet(S \cup T)
       /\ Cardinality(S \cup T)
          = Cardinality(S) + Cardinality(T) - Cardinality(S \cap T) 
PROVE  /\ IsFiniteSet(S \cup T)
       /\ Cardinality(S \cup T)
          = Cardinality(S) + Cardinality(T) - Cardinality(S \cap T)

@!!END

@!!BEGIN
@!!type:obligation
@!!id:475
@!!loc:676:14:676:16
@!!status:normalized
@!!meth:time-limit: 5
@!!obl:ASSUME NEW CONSTANT S,
       IsFiniteSet(S) ,
       NEW CONSTANT T,
       IsFiniteSet(T) ,
       /\ IsFiniteSet({})
       /\ Cardinality({}) = 0
       /\ \A S_1 : IsFiniteSet(S_1) => Cardinality(S_1) = 0 <=> S_1 = {} ,
       ASSUME NEW CONSTANT S_1,
              IsFiniteSet(S_1) 
       PROVE  /\ Cardinality(S_1) \in Nat
              /\ ExistsBijection(1..Cardinality(S_1), S_1) 
PROVE  /\ IsFiniteSet(S \cup {})
       /\ Cardinality(S \cup {})
          = Cardinality(S) + Cardinality({}) - Cardinality(S \cap {})

@!!END

@!!BEGIN
@!!type:obligation
@!!id:474
@!!loc:703:11:703:13
@!!status:proved
@!!prover:smt
@!!meth:time-limit: 5; time-used: 0.1 (2%)
@!!already:false
@!!obl:
ASSUME NEW CONSTANT S,
       IsFiniteSet(S) ,
       NEW CONSTANT T,
       IsFiniteSet(T) ,
       /\ IsFiniteSet(S \cup T)
       /\ Cardinality(S \cup T)
          = Cardinality(S) + Cardinality(T) - Cardinality(S \cap T) 
PROVE  /\ IsFiniteSet(S \cup T)
       /\ Cardinality(S \cup T)
          = Cardinality(S) + Cardinality(T) - Cardinality(S \cap T)

@!!END

@!!BEGIN
@!!type:obligation
@!!id:467
@!!loc:653:3:653:5
@!!status:proved
@!!prover:zenon
@!!meth:time-limit: 10; time-used: 0.4 (4%)
@!!already:false
@!!obl:
ASSUME NEW CONSTANT P(_),
       NEW CONSTANT S,
       IsFiniteSet(S) ,
       ASSUME NEW CONSTANT T \in SUBSET S,
              \A U \in (SUBSET T) \ {T} : P(U) 
       PROVE  P(T) ,
       TRUE 
PROVE  \A T \in SUBSET S :
          (\A U
              \in {y \in SUBSET S :
                     <<y, T>>
                     \in {ss \in (SUBSET S) \X (SUBSET S) :
                            ss[1] \subseteq ss[2] /\ ss[1] # ss[2]}} :
              P(U))
          => P(T)

@!!END

@!!BEGIN
@!!type:obligation
@!!id:463
@!!loc:649:3:649:5
@!!status:proved
@!!prover:zenon
@!!meth:time-limit: 10; time-used: 0.6 (6%)
@!!already:false
@!!obl:
ASSUME NEW CONSTANT P(_),
       NEW CONSTANT S,
       IsFiniteSet(S) ,
       ASSUME NEW CONSTANT T \in SUBSET S,
              \A U \in (SUBSET T) \ {T} : P(U) 
       PROVE  P(T) ,
       ASSUME NEW CONSTANT S_1,
              IsFiniteSet(S_1) 
       PROVE  FiniteSubsetsOf(S_1) = SUBSET S_1 ,
       ASSUME NEW CONSTANT S_1
       PROVE  IsWellFoundedOn(StrictSubsetOrdering(S_1),
                              FiniteSubsetsOf(S_1)) ,
       TRUE 
PROVE  IsWellFoundedOn(StrictSubsetOrdering(S), SUBSET S)

@!!END

@!!BEGIN
@!!type:obligation
@!!id:461
@!!loc:656:11:656:13
@!!status:proved
@!!prover:smt
@!!meth:time-limit: 5; time-used: 0.7 (14%)
@!!already:false
@!!obl:
ASSUME NEW CONSTANT P(_),
       NEW CONSTANT S,
       IsFiniteSet(S) ,
       ASSUME NEW CONSTANT T \in SUBSET S,
              \A U \in (SUBSET T) \ {T} : P(U) 
       PROVE  P(T) ,
       \A T \in SUBSET S : P(T) 
PROVE  P(S)

@!!END

@!!BEGIN
@!!type:obligation
@!!id:458
@!!loc:627:3:627:5
@!!status:proved
@!!prover:smt
@!!meth:time-limit: 5; time-used: 0.9 (18%)
@!!already:false
@!!obl:
ASSUME NEW CONSTANT S,
       ASSUME NEW CONSTANT S_1,
              IsFiniteSet(S_1) ,
              NEW CONSTANT T \in SUBSET S_1
       PROVE  /\ IsFiniteSet(T)
              /\ Cardinality(T) =< Cardinality(S_1)
              /\ Cardinality(S_1) = Cardinality(T) => S_1 = T ,
       \A T \in {T \in SUBSET S : IsFiniteSet(T)} : Cardinality(T) \in Nat 
PROVE  {ss \in (SUBSET S) \X (SUBSET S) :
          ss[1] \subseteq ss[2] /\ ss[1] # ss[2]}
       \cap {T \in SUBSET S : IsFiniteSet(T)}
            \X {T \in SUBSET S : IsFiniteSet(T)}
       \subseteq {ss \in
                    {T \in SUBSET S : IsFiniteSet(T)}
                    \X {T \in SUBSET S : IsFiniteSet(T)} :
                    <<Cardinality(ss[1]), Cardinality(ss[2])>>
                    \in {ss_1 \in Nat \X Nat : ss_1[1] < ss_1[2]}}

@!!END

@!!BEGIN
@!!type:obligation
@!!id:417
@!!loc:587:12:587:14
@!!status:proved
@!!prover:isabelle
@!!meth:auto; time-limit: 30; time-used: 3.0 (10%)
@!!already:false
@!!obl:
ASSUME NEW CONSTANT S,
       IsFiniteSet(S) ,
       NEW CONSTANT P(_),
       P({}) ,
       ASSUME NEW CONSTANT T \in SUBSET S,
              IsFiniteSet(T) ,
              P(T) ,
              NEW CONSTANT x \in S \ T
       PROVE  P(T \cup {x}) ,
       \A T \in SUBSET S : Cardinality(T) = 0 => P(T) ,
       ASSUME NEW CONSTANT n \in Nat,
              \A T \in SUBSET S : Cardinality(T) = n => P(T) ,
              NEW CONSTANT T \in SUBSET S,
              Cardinality(T) = n + 1 
       PROVE  P(T) ,
       ASSUME NEW CONSTANT P_1(_),
              P_1(0) ,
              \A n \in Nat : P_1(n) => P_1(n + 1) 
       PROVE  \A n \in Nat : P_1(n) ,
       TRUE 
PROVE  \A n \in Nat : \A T \in SUBSET S : Cardinality(T) = n => P(T)

@!!END

@!!BEGIN
@!!type:obligation
@!!id:476
@!!loc:676:17:676:28
@!!status:trivial
@!!prover:tlapm
@!!already:false
@!!obl:ASSUME /\ IsFiniteSet({})
       /\ Cardinality({}) = 0
       /\ \A S : IsFiniteSet(S) => Cardinality(S) = 0 <=> S = {} ,
       NEW CONSTANT S,
       IsFiniteSet(S) ,
       NEW CONSTANT T,
       IsFiniteSet(T) 
PROVE  /\ IsFiniteSet({})
       /\ Cardinality({}) = 0
       /\ \A S_1 : IsFiniteSet(S_1) => Cardinality(S_1) = 0 <=> S_1 = {}

@!!END

@!!BEGIN
@!!type:obligation
@!!id:477
@!!loc:676:30:676:48
@!!status:trivial
@!!prover:tlapm
@!!already:false
@!!obl:ASSUME ASSUME NEW CONSTANT S,
              IsFiniteSet(S) 
       PROVE  /\ Cardinality(S) \in Nat
              /\ ExistsBijection(1..Cardinality(S), S) ,
       NEW CONSTANT S,
       IsFiniteSet(S) ,
       NEW CONSTANT T,
       IsFiniteSet(T) ,
       /\ IsFiniteSet({})
       /\ Cardinality({}) = 0
       /\ \A S_1 : IsFiniteSet(S_1) => Cardinality(S_1) = 0 <=> S_1 = {} 
PROVE  ASSUME NEW CONSTANT S_1,
              IsFiniteSet(S_1) 
       PROVE  /\ Cardinality(S_1) \in Nat
              /\ ExistsBijection(1..Cardinality(S_1), S_1)

@!!END

@!!BEGIN
@!!type:obligation
@!!id:478
@!!loc:700:13:700:15
@!!status:normalized
@!!meth:time-limit: 5
@!!obl:ASSUME NEW CONSTANT S,
       IsFiniteSet(S) ,
       NEW CONSTANT T,
       IsFiniteSet(T) ,
       NEW CONSTANT A \in SUBSET T,
       NEW CONSTANT x \in T \ A,
       /\ IsFiniteSet(S \cup A)
       /\ IsFiniteSet(S \cap A)
       /\ Cardinality(S) \in Nat
       /\ Cardinality(A) \in Nat
       /\ Cardinality(S \cap A) \in Nat ,
       ASSUME x \in S 
       PROVE  /\ IsFiniteSet(S \cup (A \cup {x}))
              /\ Cardinality(S \cup (A \cup {x}))
                 = Cardinality(S)
                   + Cardinality(A \cup {x})
                     - Cardinality(S \cap (A \cup {x})) ,
       ASSUME x \notin S 
       PROVE  /\ IsFiniteSet(S \cup (A \cup {x}))
              /\ Cardinality(S \cup (A \cup {x}))
                 = Cardinality(S)
                   + Cardinality(A \cup {x})
                     - Cardinality(S \cap (A \cup {x})) 
PROVE  /\ IsFiniteSet(S \cup (A \cup {x}))
       /\ Cardinality(S \cup (A \cup {x}))
          = Cardinality(S)
            + Cardinality(A \cup {x}) - Cardinality(S \cap (A \cup {x}))

@!!END

@!!BEGIN
@!!type:obligation
@!!id:479
@!!loc:700:16:700:20
@!!status:trivial
@!!prover:tlapm
@!!already:false
@!!obl:ASSUME NEW CONSTANT S,
       IsFiniteSet(S) ,
       NEW CONSTANT T,
       IsFiniteSet(T) ,
       NEW CONSTANT A \in SUBSET T,
       NEW CONSTANT x \in T \ A,
       /\ IsFiniteSet(S \cup A)
       /\ IsFiniteSet(S \cap A)
       /\ Cardinality(S) \in Nat
       /\ Cardinality(A) \in Nat
       /\ Cardinality(S \cap A) \in Nat ,
       ASSUME x \in S 
       PROVE  /\ IsFiniteSet(S \cup (A \cup {x}))
              /\ Cardinality(S \cup (A \cup {x}))
                 = Cardinality(S)
                   + Cardinality(A \cup {x})
                     - Cardinality(S \cap (A \cup {x})) 
PROVE  ASSUME x \in S 
       PROVE  /\ IsFiniteSet(S \cup (A \cup {x}))
              /\ Cardinality(S \cup (A \cup {x}))
                 = Cardinality(S)
                   + Cardinality(A \cup {x})
                     - Cardinality(S \cap (A \cup {x}))

@!!END

@!!BEGIN
@!!type:obligation
@!!id:480
@!!loc:700:22:700:26
@!!status:trivial
@!!prover:tlapm
@!!already:false
@!!obl:ASSUME NEW CONSTANT S,
       IsFiniteSet(S) ,
       NEW CONSTANT T,
       IsFiniteSet(T) ,
       NEW CONSTANT A \in SUBSET T,
       NEW CONSTANT x \in T \ A,
       /\ IsFiniteSet(S \cup A)
       /\ IsFiniteSet(S \cap A)
       /\ Cardinality(S) \in Nat
       /\ Cardinality(A) \in Nat
       /\ Cardinality(S \cap A) \in Nat ,
       ASSUME x \notin S 
       PROVE  /\ IsFiniteSet(S \cup (A \cup {x}))
              /\ Cardinality(S \cup (A \cup {x}))
                 = Cardinality(S)
                   + Cardinality(A \cup {x})
                     - Cardinality(S \cap (A \cup {x})) ,
       ASSUME x \in S 
       PROVE  /\ IsFiniteSet(S \cup (A \cup {x}))
              /\ Cardinality(S \cup (A \cup {x}))
                 = Cardinality(S)
                   + Cardinality(A \cup {x})
                     - Cardinality(S \cap (A \cup {x})) 
PROVE  ASSUME x \notin S 
       PROVE  /\ IsFiniteSet(S \cup (A \cup {x}))
              /\ Cardinality(S \cup (A \cup {x}))
                 = Cardinality(S)
                   + Cardinality(A \cup {x})
                     - Cardinality(S \cap (A \cup {x}))

@!!END

@!!BEGIN
@!!type:obligation
@!!id:481
@!!loc:679:43:679:45
@!!status:normalized
@!!meth:time-limit: 30
@!!obl:ASSUME NEW CONSTANT S,
       IsFiniteSet(S) ,
       NEW CONSTANT T,
       IsFiniteSet(T) ,
       NEW CONSTANT A \in SUBSET T,
       NEW CONSTANT x \in T \ A,
       /\ IsFiniteSet(S \cup A)
       /\ Cardinality(S \cup A)
          = Cardinality(S) + Cardinality(A) - Cardinality(S \cap A) ,
       ASSUME NEW CONSTANT S_1,
              NEW CONSTANT x_1,
              IsFiniteSet(S_1) 
       PROVE  /\ IsFiniteSet(S_1 \cup {x_1})
              /\ Cardinality(S_1 \cup {x_1})
                 = (IF x_1 \in S_1
                      THEN Cardinality(S_1)
                      ELSE Cardinality(S_1) + 1) ,
       TRUE 
PROVE  IsFiniteSet(S \cup (A \cup {x}))

@!!END

@!!BEGIN
@!!type:obligation
@!!id:482
@!!loc:679:46:679:50
@!!status:trivial
@!!prover:tlapm
@!!already:false
@!!obl:ASSUME NEW CONSTANT S,
       IsFiniteSet(S) ,
       NEW CONSTANT T,
       IsFiniteSet(T) ,
       NEW CONSTANT A \in SUBSET T,
       /\ IsFiniteSet(S \cup A)
       /\ Cardinality(S \cup A)
          = Cardinality(S) + Cardinality(A) - Cardinality(S \cap A) ,
       NEW CONSTANT x \in T \ A
PROVE  /\ IsFiniteSet(S \cup A)
       /\ Cardinality(S \cup A)
          = Cardinality(S) + Cardinality(A) - Cardinality(S \cap A)

@!!END

@!!BEGIN
@!!type:obligation
@!!id:478
@!!loc:700:13:700:15
@!!status:proved
@!!prover:smt
@!!meth:time-limit: 5; time-used: 0.2 (3%)
@!!already:false
@!!obl:
ASSUME NEW CONSTANT S,
       IsFiniteSet(S) ,
       NEW CONSTANT T,
       IsFiniteSet(T) ,
       NEW CONSTANT A \in SUBSET T,
       NEW CONSTANT x \in T \ A,
       /\ IsFiniteSet(S \cup A)
       /\ IsFiniteSet(S \cap A)
       /\ Cardinality(S) \in Nat
       /\ Cardinality(A) \in Nat
       /\ Cardinality(S \cap A) \in Nat ,
       ASSUME x \in S 
       PROVE  /\ IsFiniteSet(S \cup (A \cup {x}))
              /\ Cardinality(S \cup (A \cup {x}))
                 = Cardinality(S)
                   + Cardinality(A \cup {x})
                     - Cardinality(S \cap (A \cup {x})) ,
       ASSUME x \notin S 
       PROVE  /\ IsFiniteSet(S \cup (A \cup {x}))
              /\ Cardinality(S \cup (A \cup {x}))
                 = Cardinality(S)
                   + Cardinality(A \cup {x})
                     - Cardinality(S \cap (A \cup {x})) 
PROVE  /\ IsFiniteSet(S \cup (A \cup {x}))
       /\ Cardinality(S \cup (A \cup {x}))
          = Cardinality(S)
            + Cardinality(A \cup {x}) - Cardinality(S \cap (A \cup {x}))

@!!END

@!!BEGIN
@!!type:obligation
@!!id:475
@!!loc:676:14:676:16
@!!status:proved
@!!prover:smt
@!!meth:time-limit: 5; time-used: 0.5 (10%)
@!!already:false
@!!obl:
ASSUME NEW CONSTANT S,
       IsFiniteSet(S) ,
       NEW CONSTANT T,
       IsFiniteSet(T) ,
       /\ IsFiniteSet({})
       /\ Cardinality({}) = 0
       /\ \A S_1 : IsFiniteSet(S_1) => Cardinality(S_1) = 0 <=> S_1 = {} ,
       ASSUME NEW CONSTANT S_1,
              IsFiniteSet(S_1) 
       PROVE  /\ Cardinality(S_1) \in Nat
              /\ ExistsBijection(1..Cardinality(S_1), S_1) 
PROVE  /\ IsFiniteSet(S \cup {})
       /\ Cardinality(S \cup {})
          = Cardinality(S) + Cardinality({}) - Cardinality(S \cap {})

@!!END

@!!BEGIN
@!!type:obligation
@!!id:427
@!!loc:586:13:586:15
@!!status:proved
@!!prover:zenon
@!!meth:time-limit: 10; time-used: 3.0 (30%)
@!!already:false
@!!obl:
ASSUME NEW CONSTANT S,
       IsFiniteSet(S) ,
       NEW CONSTANT P(_),
       P({}) ,
       ASSUME NEW CONSTANT T \in SUBSET S,
              IsFiniteSet(T) ,
              P(T) ,
              NEW CONSTANT x \in S \ T
       PROVE  P(T \cup {x}) ,
       NEW CONSTANT n \in Nat,
       NEW CONSTANT T \in SUBSET S,
       NEW CONSTANT x \in T,
       /\ T \ {x} \in SUBSET S
       /\ IsFiniteSet(T \ {x})
       /\ Cardinality(T \ {x}) = n ,
       P(T \ {x}) ,
       TRUE 
PROVE  P(T)

@!!END

@!!BEGIN
@!!type:obligation
@!!id:483
@!!loc:679:52:679:65
@!!status:trivial
@!!prover:tlapm
@!!already:false
@!!obl:ASSUME ASSUME NEW CONSTANT S,
              NEW CONSTANT x,
              IsFiniteSet(S) 
       PROVE  /\ IsFiniteSet(S \cup {x})
              /\ Cardinality(S \cup {x})
                 = (IF x \in S THEN Cardinality(S) ELSE Cardinality(S) + 1) ,
       NEW CONSTANT S,
       IsFiniteSet(S) ,
       NEW CONSTANT T,
       IsFiniteSet(T) ,
       NEW CONSTANT A \in SUBSET T,
       NEW CONSTANT x \in T \ A,
       /\ IsFiniteSet(S \cup A)
       /\ Cardinality(S \cup A)
          = Cardinality(S) + Cardinality(A) - Cardinality(S \cap A) 
PROVE  ASSUME NEW CONSTANT S_1,
              NEW CONSTANT x_1,
              IsFiniteSet(S_1) 
       PROVE  /\ IsFiniteSet(S_1 \cup {x_1})
              /\ Cardinality(S_1 \cup {x_1})
                 = (IF x_1 \in S_1
                      THEN Cardinality(S_1)
                      ELSE Cardinality(S_1) + 1)

@!!END

@!!BEGIN
@!!type:obligation
@!!id:484
@!!loc:679:67:679:70
@!!status:trivial
@!!prover:tlapm
@!!already:false
@!!obl:ASSUME NEW CONSTANT S,
       IsFiniteSet(S) ,
       NEW CONSTANT T,
       IsFiniteSet(T) ,
       NEW CONSTANT A \in SUBSET T,
       NEW CONSTANT x \in T \ A,
       /\ IsFiniteSet(S \cup A)
       /\ Cardinality(S \cup A)
          = Cardinality(S) + Cardinality(A) - Cardinality(S \cap A) ,
       ASSUME NEW CONSTANT S_1,
              NEW CONSTANT x_1,
              IsFiniteSet(S_1) 
       PROVE  /\ IsFiniteSet(S_1 \cup {x_1})
              /\ Cardinality(S_1 \cup {x_1})
                 = (IF x_1 \in S_1
                      THEN Cardinality(S_1)
                      ELSE Cardinality(S_1) + 1) 
PROVE  TRUE

@!!END

@!!BEGIN
@!!type:obligation
@!!id:485
@!!loc:685:5:685:7
@!!status:normalized
@!!meth:time-limit: 10
@!!obl:ASSUME NEW CONSTANT S,
       IsFiniteSet(S) ,
       NEW CONSTANT T,
       IsFiniteSet(T) ,
       NEW CONSTANT A \in SUBSET T,
       NEW CONSTANT x \in T \ A,
       /\ IsFiniteSet(S \cup A)
       /\ Cardinality(S \cup A)
          = Cardinality(S) + Cardinality(A) - Cardinality(S \cap A) ,
       ASSUME NEW CONSTANT S_1,
              IsFiniteSet(S_1) ,
              NEW CONSTANT T_1 \in SUBSET S_1
       PROVE  /\ IsFiniteSet(T_1)
              /\ Cardinality(T_1) =< Cardinality(S_1)
              /\ Cardinality(S_1) = Cardinality(T_1) => S_1 = T_1 ,
       ASSUME NEW CONSTANT S_1,
              IsFiniteSet(S_1) 
       PROVE  /\ Cardinality(S_1) \in Nat
              /\ ExistsBijection(1..Cardinality(S_1), S_1) ,
       TRUE 
PROVE  /\ IsFiniteSet(S \cup A)
       /\ IsFiniteSet(S \cap A)
       /\ Cardinality(S) \in Nat
       /\ Cardinality(A) \in Nat
       /\ Cardinality(S \cap A) \in Nat

@!!END

@!!BEGIN
@!!type:obligation
@!!id:486
@!!loc:685:8:685:12
@!!status:trivial
@!!prover:tlapm
@!!already:false
@!!obl:ASSUME NEW CONSTANT S,
       IsFiniteSet(S) ,
       NEW CONSTANT T,
       IsFiniteSet(T) ,
       NEW CONSTANT A \in SUBSET T,
       /\ IsFiniteSet(S \cup A)
       /\ Cardinality(S \cup A)
          = Cardinality(S) + Cardinality(A) - Cardinality(S \cap A) ,
       NEW CONSTANT x \in T \ A
PROVE  /\ IsFiniteSet(S \cup A)
       /\ Cardinality(S \cup A)
          = Cardinality(S) + Cardinality(A) - Cardinality(S \cap A)

@!!END

@!!BEGIN
@!!type:obligation
@!!id:487
@!!loc:685:14:685:23
@!!status:trivial
@!!prover:tlapm
@!!already:false
@!!obl:ASSUME ASSUME NEW CONSTANT S,
              IsFiniteSet(S) ,
              NEW CONSTANT T \in SUBSET S
       PROVE  /\ IsFiniteSet(T)
              /\ Cardinality(T) =< Cardinality(S)
              /\ Cardinality(S) = Cardinality(T) => S = T ,
       NEW CONSTANT S,
       IsFiniteSet(S) ,
       NEW CONSTANT T,
       IsFiniteSet(T) ,
       NEW CONSTANT A \in SUBSET T,
       NEW CONSTANT x \in T \ A,
       /\ IsFiniteSet(S \cup A)
       /\ Cardinality(S \cup A)
          = Cardinality(S) + Cardinality(A) - Cardinality(S \cap A) 
PROVE  ASSUME NEW CONSTANT S_1,
              IsFiniteSet(S_1) ,
              NEW CONSTANT T_1 \in SUBSET S_1
       PROVE  /\ IsFiniteSet(T_1)
              /\ Cardinality(T_1) =< Cardinality(S_1)
              /\ Cardinality(S_1) = Cardinality(T_1) => S_1 = T_1

@!!END

@!!BEGIN
@!!type:obligation
@!!id:488
@!!loc:685:25:685:43
@!!status:trivial
@!!prover:tlapm
@!!already:false
@!!obl:ASSUME ASSUME NEW CONSTANT S,
              IsFiniteSet(S) 
       PROVE  /\ Cardinality(S) \in Nat
              /\ ExistsBijection(1..Cardinality(S), S) ,
       NEW CONSTANT S,
       IsFiniteSet(S) ,
       NEW CONSTANT T,
       IsFiniteSet(T) ,
       NEW CONSTANT A \in SUBSET T,
       NEW CONSTANT x \in T \ A,
       /\ IsFiniteSet(S \cup A)
       /\ Cardinality(S \cup A)
          = Cardinality(S) + Cardinality(A) - Cardinality(S \cap A) ,
       ASSUME NEW CONSTANT S_1,
              IsFiniteSet(S_1) ,
              NEW CONSTANT T_1 \in SUBSET S_1
       PROVE  /\ IsFiniteSet(T_1)
              /\ Cardinality(T_1) =< Cardinality(S_1)
              /\ Cardinality(S_1) = Cardinality(T_1) => S_1 = T_1 
PROVE  ASSUME NEW CONSTANT S_1,
              IsFiniteSet(S_1) 
       PROVE  /\ Cardinality(S_1) \in Nat
              /\ ExistsBijection(1..Cardinality(S_1), S_1)

@!!END

@!!BEGIN
@!!type:obligation
@!!id:489
@!!loc:685:45:685:50
@!!status:trivial
@!!prover:tlapm
@!!already:false
@!!obl:ASSUME NEW CONSTANT S,
       IsFiniteSet(S) ,
       NEW CONSTANT T,
       IsFiniteSet(T) ,
       NEW CONSTANT A \in SUBSET T,
       NEW CONSTANT x \in T \ A,
       /\ IsFiniteSet(S \cup A)
       /\ Cardinality(S \cup A)
          = Cardinality(S) + Cardinality(A) - Cardinality(S \cap A) ,
       ASSUME NEW CONSTANT S_1,
              IsFiniteSet(S_1) ,
              NEW CONSTANT T_1 \in SUBSET S_1
       PROVE  /\ IsFiniteSet(T_1)
              /\ Cardinality(T_1) =< Cardinality(S_1)
              /\ Cardinality(S_1) = Cardinality(T_1) => S_1 = T_1 ,
       ASSUME NEW CONSTANT S_1,
              IsFiniteSet(S_1) 
       PROVE  /\ Cardinality(S_1) \in Nat
              /\ ExistsBijection(1..Cardinality(S_1), S_1) 
PROVE  TRUE

@!!END

@!!BEGIN
@!!type:obligation
@!!id:490
@!!loc:687:5:687:7
@!!status:normalized
@!!meth:time-limit: 5
@!!obl:ASSUME NEW CONSTANT S,
       IsFiniteSet(S) ,
       NEW CONSTANT T,
       IsFiniteSet(T) ,
       NEW CONSTANT A \in SUBSET T,
       NEW CONSTANT x \in T \ A,
       /\ IsFiniteSet(S \cup A)
       /\ IsFiniteSet(S \cap A)
       /\ Cardinality(S) \in Nat
       /\ Cardinality(A) \in Nat
       /\ Cardinality(S \cap A) \in Nat ,
       /\ IsFiniteSet(A)
       /\ /\ IsFiniteSet(S \cup A)
          /\ Cardinality(S \cup A)
             = Cardinality(S) + Cardinality(A) - Cardinality(S \cap A) ,
       ASSUME NEW CONSTANT S_1,
              NEW CONSTANT x_1,
              IsFiniteSet(S_1) 
       PROVE  /\ IsFiniteSet(S_1 \cup {x_1})
              /\ Cardinality(S_1 \cup {x_1})
                 = (IF x_1 \in S_1
                      THEN Cardinality(S_1)
                      ELSE Cardinality(S_1) + 1) 
PROVE  Cardinality(A \cup {x}) = Cardinality(A) + 1

@!!END

@!!BEGIN
@!!type:obligation
@!!id:491
@!!loc:687:8:687:12
@!!status:trivial
@!!prover:tlapm
@!!already:false
@!!obl:ASSUME NEW CONSTANT S,
       IsFiniteSet(S) ,
       NEW CONSTANT T,
       IsFiniteSet(T) ,
       NEW CONSTANT A \in SUBSET T,
       NEW CONSTANT x \in T \ A,
       /\ IsFiniteSet(A)
       /\ /\ IsFiniteSet(S \cup A)
          /\ Cardinality(S \cup A)
             = Cardinality(S) + Cardinality(A) - Cardinality(S \cap A) ,
       /\ IsFiniteSet(S \cup A)
       /\ IsFiniteSet(S \cap A)
       /\ Cardinality(S) \in Nat
       /\ Cardinality(A) \in Nat
       /\ Cardinality(S \cap A) \in Nat 
PROVE  /\ IsFiniteSet(A)
       /\ /\ IsFiniteSet(S \cup A)
          /\ Cardinality(S \cup A)
             = Cardinality(S) + Cardinality(A) - Cardinality(S \cap A)

@!!END

@!!BEGIN
@!!type:obligation
@!!id:492
@!!loc:687:14:687:27
@!!status:trivial
@!!prover:tlapm
@!!already:false
@!!obl:ASSUME ASSUME NEW CONSTANT S,
              NEW CONSTANT x,
              IsFiniteSet(S) 
       PROVE  /\ IsFiniteSet(S \cup {x})
              /\ Cardinality(S \cup {x})
                 = (IF x \in S THEN Cardinality(S) ELSE Cardinality(S) + 1) ,
       NEW CONSTANT S,
       IsFiniteSet(S) ,
       NEW CONSTANT T,
       IsFiniteSet(T) ,
       NEW CONSTANT A \in SUBSET T,
       NEW CONSTANT x \in T \ A,
       /\ IsFiniteSet(S \cup A)
       /\ IsFiniteSet(S \cap A)
       /\ Cardinality(S) \in Nat
       /\ Cardinality(A) \in Nat
       /\ Cardinality(S \cap A) \in Nat ,
       /\ IsFiniteSet(A)
       /\ /\ IsFiniteSet(S \cup A)
          /\ Cardinality(S \cup A)
             = Cardinality(S) + Cardinality(A) - Cardinality(S \cap A) 
PROVE  ASSUME NEW CONSTANT S_1,
              NEW CONSTANT x_1,
              IsFiniteSet(S_1) 
       PROVE  /\ IsFiniteSet(S_1 \cup {x_1})
              /\ Cardinality(S_1 \cup {x_1})
                 = (IF x_1 \in S_1
                      THEN Cardinality(S_1)
                      ELSE Cardinality(S_1) + 1)

@!!END

@!!BEGIN
@!!type:obligation
@!!id:493
@!!loc:693:15:693:17
@!!status:normalized
@!!meth:time-limit: 5
@!!obl:ASSUME NEW CONSTANT S,
       IsFiniteSet(S) ,
       NEW CONSTANT T,
       IsFiniteSet(T) ,
       NEW CONSTANT A \in SUBSET T,
       NEW CONSTANT x \in T \ A,
       /\ IsFiniteSet(S \cup A)
       /\ IsFiniteSet(S \cap A)
       /\ Cardinality(S) \in Nat
       /\ Cardinality(A) \in Nat
       /\ Cardinality(S \cap A) \in Nat ,
       Cardinality(S \cup (A \cup {x})) = Cardinality(S \cup A) ,
       Cardinality(S \cap (A \cup {x})) = Cardinality(S \cap A) + 1 ,
       Cardinality(A \cup {x}) = Cardinality(A) + 1 ,
       IsFiniteSet(S \cup (A \cup {x})) ,
       /\ IsFiniteSet(S \cup A)
       /\ Cardinality(S \cup A)
          = Cardinality(S) + Cardinality(A) - Cardinality(S \cap A) 
PROVE  /\ IsFiniteSet(S \cup (A \cup {x}))
       /\ Cardinality(S \cup (A \cup {x}))
          = Cardinality(S)
            + Cardinality(A \cup {x}) - Cardinality(S \cap (A \cup {x}))

@!!END

@!!BEGIN
@!!type:obligation
@!!id:494
@!!loc:693:18:693:22
@!!status:trivial
@!!prover:tlapm
@!!already:false
@!!obl:ASSUME NEW CONSTANT S,
       IsFiniteSet(S) ,
       NEW CONSTANT T,
       IsFiniteSet(T) ,
       NEW CONSTANT A \in SUBSET T,
       NEW CONSTANT x \in T \ A,
       /\ IsFiniteSet(S \cup A)
       /\ IsFiniteSet(S \cap A)
       /\ Cardinality(S) \in Nat
       /\ Cardinality(A) \in Nat
       /\ Cardinality(S \cap A) \in Nat ,
       Cardinality(S \cup (A \cup {x})) = Cardinality(S \cup A) 
PROVE  Cardinality(S \cup (A \cup {x})) = Cardinality(S \cup A)

@!!END

@!!BEGIN
@!!type:obligation
@!!id:495
@!!loc:693:24:693:28
@!!status:trivial
@!!prover:tlapm
@!!already:false
@!!obl:ASSUME NEW CONSTANT S,
       IsFiniteSet(S) ,
       NEW CONSTANT T,
       IsFiniteSet(T) ,
       NEW CONSTANT A \in SUBSET T,
       NEW CONSTANT x \in T \ A,
       /\ IsFiniteSet(S \cup A)
       /\ IsFiniteSet(S \cap A)
       /\ Cardinality(S) \in Nat
       /\ Cardinality(A) \in Nat
       /\ Cardinality(S \cap A) \in Nat ,
       Cardinality(S \cap (A \cup {x})) = Cardinality(S \cap A) + 1 ,
       Cardinality(S \cup (A \cup {x})) = Cardinality(S \cup A) 
PROVE  Cardinality(S \cap (A \cup {x})) = Cardinality(S \cap A) + 1

@!!END

@!!BEGIN
@!!type:obligation
@!!id:496
@!!loc:693:30:693:34
@!!status:trivial
@!!prover:tlapm
@!!already:false
@!!obl:ASSUME NEW CONSTANT S,
       IsFiniteSet(S) ,
       NEW CONSTANT T,
       IsFiniteSet(T) ,
       NEW CONSTANT A \in SUBSET T,
       NEW CONSTANT x \in T \ A,
       /\ IsFiniteSet(S \cup A)
       /\ IsFiniteSet(S \cap A)
       /\ Cardinality(S) \in Nat
       /\ Cardinality(A) \in Nat
       /\ Cardinality(S \cap A) \in Nat ,
       Cardinality(A \cup {x}) = Cardinality(A) + 1 ,
       Cardinality(S \cup (A \cup {x})) = Cardinality(S \cup A) ,
       Cardinality(S \cap (A \cup {x})) = Cardinality(S \cap A) + 1 
PROVE  Cardinality(A \cup {x}) = Cardinality(A) + 1

@!!END

@!!BEGIN
@!!type:obligation
@!!id:497
@!!loc:693:36:693:40
@!!status:trivial
@!!prover:tlapm
@!!already:false
@!!obl:ASSUME NEW CONSTANT S,
       IsFiniteSet(S) ,
       NEW CONSTANT T,
       IsFiniteSet(T) ,
       NEW CONSTANT A \in SUBSET T,
       NEW CONSTANT x \in T \ A,
       IsFiniteSet(S \cup (A \cup {x})) ,
       /\ IsFiniteSet(S \cup A)
       /\ IsFiniteSet(S \cap A)
       /\ Cardinality(S) \in Nat
       /\ Cardinality(A) \in Nat
       /\ Cardinality(S \cap A) \in Nat ,
       Cardinality(S \cup (A \cup {x})) = Cardinality(S \cup A) ,
       Cardinality(S \cap (A \cup {x})) = Cardinality(S \cap A) + 1 ,
       Cardinality(A \cup {x}) = Cardinality(A) + 1 
PROVE  IsFiniteSet(S \cup (A \cup {x}))

@!!END

@!!BEGIN
@!!type:obligation
@!!id:498
@!!loc:693:42:693:46
@!!status:trivial
@!!prover:tlapm
@!!already:false
@!!obl:ASSUME NEW CONSTANT S,
       IsFiniteSet(S) ,
       NEW CONSTANT T,
       IsFiniteSet(T) ,
       NEW CONSTANT A \in SUBSET T,
       /\ IsFiniteSet(S \cup A)
       /\ Cardinality(S \cup A)
          = Cardinality(S) + Cardinality(A) - Cardinality(S \cap A) ,
       NEW CONSTANT x \in T \ A,
       /\ IsFiniteSet(S \cup A)
       /\ IsFiniteSet(S \cap A)
       /\ Cardinality(S) \in Nat
       /\ Cardinality(A) \in Nat
       /\ Cardinality(S \cap A) \in Nat ,
       Cardinality(S \cup (A \cup {x})) = Cardinality(S \cup A) ,
       Cardinality(S \cap (A \cup {x})) = Cardinality(S \cap A) + 1 ,
       Cardinality(A \cup {x}) = Cardinality(A) + 1 ,
       IsFiniteSet(S \cup (A \cup {x})) 
PROVE  /\ IsFiniteSet(S \cup A)
       /\ Cardinality(S \cup A)
          = Cardinality(S) + Cardinality(A) - Cardinality(S \cap A)

@!!END

@!!BEGIN
@!!type:obligation
@!!id:499
@!!loc:689:69:689:71
@!!status:normalized
@!!meth:time-limit: 10
@!!obl:ASSUME NEW CONSTANT S,
       IsFiniteSet(S) ,
       NEW CONSTANT T,
       IsFiniteSet(T) ,
       NEW CONSTANT A \in SUBSET T,
       NEW CONSTANT x \in T \ A,
       /\ IsFiniteSet(S \cup A)
       /\ IsFiniteSet(S \cap A)
       /\ Cardinality(S) \in Nat
       /\ Cardinality(A) \in Nat
       /\ Cardinality(S \cap A) \in Nat ,
       x \in S ,
       TRUE 
PROVE  Cardinality(S \cup (A \cup {x})) = Cardinality(S \cup A)

@!!END

@!!BEGIN
@!!type:obligation
@!!id:500
@!!loc:689:72:689:76
@!!status:trivial
@!!prover:tlapm
@!!already:false
@!!obl:ASSUME NEW CONSTANT S,
       IsFiniteSet(S) ,
       NEW CONSTANT T,
       IsFiniteSet(T) ,
       NEW CONSTANT A \in SUBSET T,
       NEW CONSTANT x \in T \ A,
       /\ IsFiniteSet(S \cup A)
       /\ IsFiniteSet(S \cap A)
       /\ Cardinality(S) \in Nat
       /\ Cardinality(A) \in Nat
       /\ Cardinality(S \cap A) \in Nat ,
       x \in S 
PROVE  x \in S

@!!END

@!!BEGIN
@!!type:obligation
@!!id:501
@!!loc:689:78:689:83
@!!status:trivial
@!!prover:tlapm
@!!already:false
@!!obl:ASSUME NEW CONSTANT S,
       IsFiniteSet(S) ,
       NEW CONSTANT T,
       IsFiniteSet(T) ,
       NEW CONSTANT A \in SUBSET T,
       NEW CONSTANT x \in T \ A,
       /\ IsFiniteSet(S \cup A)
       /\ IsFiniteSet(S \cap A)
       /\ Cardinality(S) \in Nat
       /\ Cardinality(A) \in Nat
       /\ Cardinality(S \cap A) \in Nat ,
       x \in S 
PROVE  TRUE

@!!END

@!!BEGIN
@!!type:obligation
@!!id:502
@!!loc:690:80:690:82
@!!status:normalized
@!!meth:time-limit: 10
@!!obl:ASSUME NEW CONSTANT S,
       IsFiniteSet(S) ,
       NEW CONSTANT T,
       IsFiniteSet(T) ,
       NEW CONSTANT A \in SUBSET T,
       NEW CONSTANT x \in T \ A,
       /\ IsFiniteSet(S \cup A)
       /\ IsFiniteSet(S \cap A)
       /\ Cardinality(S) \in Nat
       /\ Cardinality(A) \in Nat
       /\ Cardinality(S \cap A) \in Nat ,
       x \in S ,
       TRUE 
PROVE  Cardinality(S \cap (A \cup {x})) = Cardinality((S \cap A) \cup {x})

@!!END

@!!BEGIN
@!!type:obligation
@!!id:503
@!!loc:690:83:690:87
@!!status:trivial
@!!prover:tlapm
@!!already:false
@!!obl:ASSUME NEW CONSTANT S,
       IsFiniteSet(S) ,
       NEW CONSTANT T,
       IsFiniteSet(T) ,
       NEW CONSTANT A \in SUBSET T,
       NEW CONSTANT x \in T \ A,
       /\ IsFiniteSet(S \cup A)
       /\ IsFiniteSet(S \cap A)
       /\ Cardinality(S) \in Nat
       /\ Cardinality(A) \in Nat
       /\ Cardinality(S \cap A) \in Nat ,
       x \in S 
PROVE  x \in S

@!!END

@!!BEGIN
@!!type:obligation
@!!id:504
@!!loc:690:89:690:94
@!!status:trivial
@!!prover:tlapm
@!!already:false
@!!obl:ASSUME NEW CONSTANT S,
       IsFiniteSet(S) ,
       NEW CONSTANT T,
       IsFiniteSet(T) ,
       NEW CONSTANT A \in SUBSET T,
       NEW CONSTANT x \in T \ A,
       /\ IsFiniteSet(S \cup A)
       /\ IsFiniteSet(S \cap A)
       /\ Cardinality(S) \in Nat
       /\ Cardinality(A) \in Nat
       /\ Cardinality(S \cap A) \in Nat ,
       x \in S 
PROVE  TRUE

@!!END

@!!BEGIN
@!!type:obligation
@!!id:505
@!!loc:692:7:692:9
@!!status:normalized
@!!meth:time-limit: 10
@!!obl:ASSUME NEW CONSTANT S,
       IsFiniteSet(S) ,
       NEW CONSTANT T,
       IsFiniteSet(T) ,
       NEW CONSTANT A \in SUBSET T,
       NEW CONSTANT x \in T \ A,
       /\ IsFiniteSet(S \cup A)
       /\ IsFiniteSet(S \cap A)
       /\ Cardinality(S) \in Nat
       /\ Cardinality(A) \in Nat
       /\ Cardinality(S \cap A) \in Nat ,
       Cardinality(S \cap (A \cup {x})) = Cardinality((S \cap A) \cup {x}) ,
       /\ IsFiniteSet(A)
       /\ /\ IsFiniteSet(S \cup A)
          /\ Cardinality(S \cup A)
             = Cardinality(S) + Cardinality(A) - Cardinality(S \cap A) ,
       ASSUME NEW CONSTANT S_1,
              NEW CONSTANT x_1,
              IsFiniteSet(S_1) 
       PROVE  /\ IsFiniteSet(S_1 \cup {x_1})
              /\ Cardinality(S_1 \cup {x_1})
                 = (IF x_1 \in S_1
                      THEN Cardinality(S_1)
                      ELSE Cardinality(S_1) + 1) ,
       TRUE 
PROVE  Cardinality(S \cap (A \cup {x})) = Cardinality(S \cap A) + 1

@!!END

@!!BEGIN
@!!type:obligation
@!!id:502
@!!loc:690:80:690:82
@!!status:proved
@!!prover:zenon
@!!meth:time-limit: 10; time-used: 0.2 (2%)
@!!already:false
@!!obl:
ASSUME NEW CONSTANT S,
       IsFiniteSet(S) ,
       NEW CONSTANT T,
       IsFiniteSet(T) ,
       NEW CONSTANT A \in SUBSET T,
       NEW CONSTANT x \in T \ A,
       /\ IsFiniteSet(S \cup A)
       /\ IsFiniteSet(S \cap A)
       /\ Cardinality(S) \in Nat
       /\ Cardinality(A) \in Nat
       /\ Cardinality(S \cap A) \in Nat ,
       x \in S ,
       TRUE 
PROVE  Cardinality(S \cap (A \cup {x})) = Cardinality((S \cap A) \cup {x})

@!!END

@!!BEGIN
@!!type:obligation
@!!id:499
@!!loc:689:69:689:71
@!!status:proved
@!!prover:zenon
@!!meth:time-limit: 10; time-used: 0.4 (4%)
@!!already:false
@!!obl:
ASSUME NEW CONSTANT S,
       IsFiniteSet(S) ,
       NEW CONSTANT T,
       IsFiniteSet(T) ,
       NEW CONSTANT A \in SUBSET T,
       NEW CONSTANT x \in T \ A,
       /\ IsFiniteSet(S \cup A)
       /\ IsFiniteSet(S \cap A)
       /\ Cardinality(S) \in Nat
       /\ Cardinality(A) \in Nat
       /\ Cardinality(S \cap A) \in Nat ,
       x \in S ,
       TRUE 
PROVE  Cardinality(S \cup (A \cup {x})) = Cardinality(S \cup A)

@!!END

@!!BEGIN
@!!type:obligation
@!!id:493
@!!loc:693:15:693:17
@!!status:proved
@!!prover:smt
@!!meth:time-limit: 5; time-used: 0.7 (14%)
@!!already:false
@!!obl:
ASSUME NEW CONSTANT S,
       IsFiniteSet(S) ,
       NEW CONSTANT T,
       IsFiniteSet(T) ,
       NEW CONSTANT A \in SUBSET T,
       NEW CONSTANT x \in T \ A,
       /\ IsFiniteSet(S \cup A)
       /\ IsFiniteSet(S \cap A)
       /\ Cardinality(S) \in Nat
       /\ Cardinality(A) \in Nat
       /\ Cardinality(S \cap A) \in Nat ,
       Cardinality(S \cup (A \cup {x})) = Cardinality(S \cup A) ,
       Cardinality(S \cap (A \cup {x})) = Cardinality(S \cap A) + 1 ,
       Cardinality(A \cup {x}) = Cardinality(A) + 1 ,
       IsFiniteSet(S \cup (A \cup {x})) ,
       /\ IsFiniteSet(S \cup A)
       /\ Cardinality(S \cup A)
          = Cardinality(S) + Cardinality(A) - Cardinality(S \cap A) 
PROVE  /\ IsFiniteSet(S \cup (A \cup {x}))
       /\ Cardinality(S \cup (A \cup {x}))
          = Cardinality(S)
            + Cardinality(A \cup {x}) - Cardinality(S \cap (A \cup {x}))

@!!END

@!!BEGIN
@!!type:obligation
@!!id:490
@!!loc:687:5:687:7
@!!status:proved
@!!prover:smt
@!!meth:time-limit: 5; time-used: 0.9 (18%)
@!!already:false
@!!obl:
ASSUME NEW CONSTANT S,
       IsFiniteSet(S) ,
       NEW CONSTANT T,
       IsFiniteSet(T) ,
       NEW CONSTANT A \in SUBSET T,
       NEW CONSTANT x \in T \ A,
       /\ IsFiniteSet(S \cup A)
       /\ IsFiniteSet(S \cap A)
       /\ Cardinality(S) \in Nat
       /\ Cardinality(A) \in Nat
       /\ Cardinality(S \cap A) \in Nat ,
       /\ IsFiniteSet(A)
       /\ /\ IsFiniteSet(S \cup A)
          /\ Cardinality(S \cup A)
             = Cardinality(S) + Cardinality(A) - Cardinality(S \cap A) ,
       ASSUME NEW CONSTANT S_1,
              NEW CONSTANT x_1,
              IsFiniteSet(S_1) 
       PROVE  /\ IsFiniteSet(S_1 \cup {x_1})
              /\ Cardinality(S_1 \cup {x_1})
                 = (IF x_1 \in S_1
                      THEN Cardinality(S_1)
                      ELSE Cardinality(S_1) + 1) 
PROVE  Cardinality(A \cup {x}) = Cardinality(A) + 1

@!!END

@!!BEGIN
@!!type:obligation
@!!id:485
@!!loc:685:5:685:7
@!!status:proved
@!!prover:zenon
@!!meth:time-limit: 10; time-used: 1.2 (12%)
@!!already:false
@!!obl:
ASSUME NEW CONSTANT S,
       IsFiniteSet(S) ,
       NEW CONSTANT T,
       IsFiniteSet(T) ,
       NEW CONSTANT A \in SUBSET T,
       NEW CONSTANT x \in T \ A,
       /\ IsFiniteSet(S \cup A)
       /\ Cardinality(S \cup A)
          = Cardinality(S) + Cardinality(A) - Cardinality(S \cap A) ,
       ASSUME NEW CONSTANT S_1,
              IsFiniteSet(S_1) ,
              NEW CONSTANT T_1 \in SUBSET S_1
       PROVE  /\ IsFiniteSet(T_1)
              /\ Cardinality(T_1) =< Cardinality(S_1)
              /\ Cardinality(S_1) = Cardinality(T_1) => S_1 = T_1 ,
       ASSUME NEW CONSTANT S_1,
              IsFiniteSet(S_1) 
       PROVE  /\ Cardinality(S_1) \in Nat
              /\ ExistsBijection(1..Cardinality(S_1), S_1) ,
       TRUE 
PROVE  /\ IsFiniteSet(S \cup A)
       /\ IsFiniteSet(S \cap A)
       /\ Cardinality(S) \in Nat
       /\ Cardinality(A) \in Nat
       /\ Cardinality(S \cap A) \in Nat

@!!END

@!!BEGIN
@!!type:obligation
@!!id:469
@!!loc:655:29:655:31
@!!status:proved
@!!prover:isabelle
@!!meth:blast; time-limit: 30; time-used: 2.2 (7%)
@!!already:false
@!!obl:
ASSUME NEW CONSTANT P(_),
       NEW CONSTANT S,
       IsWellFoundedOn(StrictSubsetOrdering(S), SubS) ,
       \A T \in SubS :
          (\A U \in SetLessThan(T, StrictSubsetOrdering(S), SubS) : P(U))
          => P(T) ,
       ASSUME NEW CONSTANT P_1(_),
              NEW CONSTANT R,
              NEW CONSTANT S_1,
              IsWellFoundedOn(R, S_1) ,
              \A x \in S_1 :
                 (\A y \in SetLessThan(x, R, S_1) : P_1(y)) => P_1(x) 
       PROVE  \A x \in S_1 : P_1(x) ,
       TRUE 
PROVE  \A T \in SubS : P(T)

@!!END

@!!BEGIN
@!!type:obligation
@!!id:453
@!!loc:624:3:624:5
@!!status:proved
@!!prover:isabelle
@!!meth:blast; time-limit: 30; time-used: 3.0 (10%)
@!!already:false
@!!obl:
ASSUME NEW CONSTANT S,
       \A T \in FiniteSubsetsOf(S) : Cardinality(T) \in Nat ,
       ASSUME NEW CONSTANT S_1,
              NEW CONSTANT T,
              NEW CONSTANT R,
              NEW CONSTANT f(_),
              \A s \in S_1 : f(s) \in T ,
              IsWellFoundedOn(R, T) 
       PROVE  IsWellFoundedOn(PreImage(f, S_1, R), S_1) ,
       IsWellFoundedOn(OpToRel(LAMBDA x1, x2 : x1 < x2, Nat), Nat) ,
       TRUE 
PROVE  IsWellFoundedOn(PreImage(Cardinality, FiniteSubsetsOf(S),
                                OpToRel(LAMBDA x1, x2 : x1 < x2, Nat)),
                       FiniteSubsetsOf(S))

@!!END

@!!BEGIN
@!!type:obligation
@!!id:506
@!!loc:692:10:692:14
@!!status:trivial
@!!prover:tlapm
@!!already:false
@!!obl:ASSUME NEW CONSTANT S,
       IsFiniteSet(S) ,
       NEW CONSTANT T,
       IsFiniteSet(T) ,
       NEW CONSTANT A \in SUBSET T,
       NEW CONSTANT x \in T \ A,
       /\ IsFiniteSet(S \cup A)
       /\ IsFiniteSet(S \cap A)
       /\ Cardinality(S) \in Nat
       /\ Cardinality(A) \in Nat
       /\ Cardinality(S \cap A) \in Nat ,
       Cardinality(S \cap (A \cup {x})) = Cardinality((S \cap A) \cup {x}) 
PROVE  Cardinality(S \cap (A \cup {x})) = Cardinality((S \cap A) \cup {x})

@!!END

@!!BEGIN
@!!type:obligation
@!!id:507
@!!loc:692:16:692:20
@!!status:trivial
@!!prover:tlapm
@!!already:false
@!!obl:ASSUME NEW CONSTANT S,
       IsFiniteSet(S) ,
       NEW CONSTANT T,
       IsFiniteSet(T) ,
       NEW CONSTANT A \in SUBSET T,
       NEW CONSTANT x \in T \ A,
       /\ IsFiniteSet(A)
       /\ /\ IsFiniteSet(S \cup A)
          /\ Cardinality(S \cup A)
             = Cardinality(S) + Cardinality(A) - Cardinality(S \cap A) ,
       /\ IsFiniteSet(S \cup A)
       /\ IsFiniteSet(S \cap A)
       /\ Cardinality(S) \in Nat
       /\ Cardinality(A) \in Nat
       /\ Cardinality(S \cap A) \in Nat ,
       Cardinality(S \cap (A \cup {x})) = Cardinality((S \cap A) \cup {x}) 
PROVE  /\ IsFiniteSet(A)
       /\ /\ IsFiniteSet(S \cup A)
          /\ Cardinality(S \cup A)
             = Cardinality(S) + Cardinality(A) - Cardinality(S \cap A)

@!!END

@!!BEGIN
@!!type:obligation
@!!id:508
@!!loc:692:22:692:35
@!!status:trivial
@!!prover:tlapm
@!!already:false
@!!obl:ASSUME ASSUME NEW CONSTANT S,
              NEW CONSTANT x,
              IsFiniteSet(S) 
       PROVE  /\ IsFiniteSet(S \cup {x})
              /\ Cardinality(S \cup {x})
                 = (IF x \in S THEN Cardinality(S) ELSE Cardinality(S) + 1) ,
       NEW CONSTANT S,
       IsFiniteSet(S) ,
       NEW CONSTANT T,
       IsFiniteSet(T) ,
       NEW CONSTANT A \in SUBSET T,
       NEW CONSTANT x \in T \ A,
       /\ IsFiniteSet(S \cup A)
       /\ IsFiniteSet(S \cap A)
       /\ Cardinality(S) \in Nat
       /\ Cardinality(A) \in Nat
       /\ Cardinality(S \cap A) \in Nat ,
       Cardinality(S \cap (A \cup {x})) = Cardinality((S \cap A) \cup {x}) ,
       /\ IsFiniteSet(A)
       /\ /\ IsFiniteSet(S \cup A)
          /\ Cardinality(S \cup A)
             = Cardinality(S) + Cardinality(A) - Cardinality(S \cap A) 
PROVE  ASSUME NEW CONSTANT S_1,
              NEW CONSTANT x_1,
              IsFiniteSet(S_1) 
       PROVE  /\ IsFiniteSet(S_1 \cup {x_1})
              /\ Cardinality(S_1 \cup {x_1})
                 = (IF x_1 \in S_1
                      THEN Cardinality(S_1)
                      ELSE Cardinality(S_1) + 1)

@!!END

@!!BEGIN
@!!type:obligation
@!!id:509
@!!loc:692:37:692:42
@!!status:trivial
@!!prover:tlapm
@!!already:false
@!!obl:ASSUME NEW CONSTANT S,
       IsFiniteSet(S) ,
       NEW CONSTANT T,
       IsFiniteSet(T) ,
       NEW CONSTANT A \in SUBSET T,
       NEW CONSTANT x \in T \ A,
       /\ IsFiniteSet(S \cup A)
       /\ IsFiniteSet(S \cap A)
       /\ Cardinality(S) \in Nat
       /\ Cardinality(A) \in Nat
       /\ Cardinality(S \cap A) \in Nat ,
       Cardinality(S \cap (A \cup {x})) = Cardinality((S \cap A) \cup {x}) ,
       /\ IsFiniteSet(A)
       /\ /\ IsFiniteSet(S \cup A)
          /\ Cardinality(S \cup A)
             = Cardinality(S) + Cardinality(A) - Cardinality(S \cap A) ,
       ASSUME NEW CONSTANT S_1,
              NEW CONSTANT x_1,
              IsFiniteSet(S_1) 
       PROVE  /\ IsFiniteSet(S_1 \cup {x_1})
              /\ Cardinality(S_1 \cup {x_1})
                 = (IF x_1 \in S_1
                      THEN Cardinality(S_1)
                      ELSE Cardinality(S_1) + 1) 
PROVE  TRUE

@!!END

@!!BEGIN
@!!type:obligation
@!!id:510
@!!loc:699:15:699:17
@!!status:normalized
@!!meth:time-limit: 5
@!!obl:ASSUME NEW CONSTANT S,
       IsFiniteSet(S) ,
       NEW CONSTANT T,
       IsFiniteSet(T) ,
       NEW CONSTANT A \in SUBSET T,
       NEW CONSTANT x \in T \ A,
       /\ IsFiniteSet(S \cup A)
       /\ IsFiniteSet(S \cap A)
       /\ Cardinality(S) \in Nat
       /\ Cardinality(A) \in Nat
       /\ Cardinality(S \cap A) \in Nat ,
       Cardinality(S \cup (A \cup {x})) = Cardinality(S \cup A) + 1 ,
       Cardinality(S \cap (A \cup {x})) = Cardinality(S \cap A) ,
       Cardinality(A \cup {x}) = Cardinality(A) + 1 ,
       IsFiniteSet(S \cup (A \cup {x})) ,
       /\ IsFiniteSet(S \cup A)
       /\ Cardinality(S \cup A)
          = Cardinality(S) + Cardinality(A) - Cardinality(S \cap A) 
PROVE  /\ IsFiniteSet(S \cup (A \cup {x}))
       /\ Cardinality(S \cup (A \cup {x}))
          = Cardinality(S)
            + Cardinality(A \cup {x}) - Cardinality(S \cap (A \cup {x}))

@!!END

@!!BEGIN
@!!type:obligation
@!!id:511
@!!loc:699:18:699:23
@!!status:trivial
@!!prover:tlapm
@!!already:false
@!!obl:ASSUME NEW CONSTANT S,
       IsFiniteSet(S) ,
       NEW CONSTANT T,
       IsFiniteSet(T) ,
       NEW CONSTANT A \in SUBSET T,
       NEW CONSTANT x \in T \ A,
       /\ IsFiniteSet(S \cup A)
       /\ IsFiniteSet(S \cap A)
       /\ Cardinality(S) \in Nat
       /\ Cardinality(A) \in Nat
       /\ Cardinality(S \cap A) \in Nat ,
       Cardinality(S \cup (A \cup {x})) = Cardinality(S \cup A) + 1 
PROVE  Cardinality(S \cup (A \cup {x})) = Cardinality(S \cup A) + 1

@!!END

@!!BEGIN
@!!type:obligation
@!!id:512
@!!loc:699:25:699:29
@!!status:trivial
@!!prover:tlapm
@!!already:false
@!!obl:ASSUME NEW CONSTANT S,
       IsFiniteSet(S) ,
       NEW CONSTANT T,
       IsFiniteSet(T) ,
       NEW CONSTANT A \in SUBSET T,
       NEW CONSTANT x \in T \ A,
       /\ IsFiniteSet(S \cup A)
       /\ IsFiniteSet(S \cap A)
       /\ Cardinality(S) \in Nat
       /\ Cardinality(A) \in Nat
       /\ Cardinality(S \cap A) \in Nat ,
       Cardinality(S \cap (A \cup {x})) = Cardinality(S \cap A) ,
       Cardinality(S \cup (A \cup {x})) = Cardinality(S \cup A) + 1 
PROVE  Cardinality(S \cap (A \cup {x})) = Cardinality(S \cap A)

@!!END

@!!BEGIN
@!!type:obligation
@!!id:513
@!!loc:699:31:699:35
@!!status:trivial
@!!prover:tlapm
@!!already:false
@!!obl:ASSUME NEW CONSTANT S,
       IsFiniteSet(S) ,
       NEW CONSTANT T,
       IsFiniteSet(T) ,
       NEW CONSTANT A \in SUBSET T,
       NEW CONSTANT x \in T \ A,
       /\ IsFiniteSet(S \cup A)
       /\ IsFiniteSet(S \cap A)
       /\ Cardinality(S) \in Nat
       /\ Cardinality(A) \in Nat
       /\ Cardinality(S \cap A) \in Nat ,
       Cardinality(A \cup {x}) = Cardinality(A) + 1 ,
       Cardinality(S \cup (A \cup {x})) = Cardinality(S \cup A) + 1 ,
       Cardinality(S \cap (A \cup {x})) = Cardinality(S \cap A) 
PROVE  Cardinality(A \cup {x}) = Cardinality(A) + 1

@!!END

@!!BEGIN
@!!type:obligation
@!!id:514
@!!loc:699:37:699:41
@!!status:trivial
@!!prover:tlapm
@!!already:false
@!!obl:ASSUME NEW CONSTANT S,
       IsFiniteSet(S) ,
       NEW CONSTANT T,
       IsFiniteSet(T) ,
       NEW CONSTANT A \in SUBSET T,
       NEW CONSTANT x \in T \ A,
       IsFiniteSet(S \cup (A \cup {x})) ,
       /\ IsFiniteSet(S \cup A)
       /\ IsFiniteSet(S \cap A)
       /\ Cardinality(S) \in Nat
       /\ Cardinality(A) \in Nat
       /\ Cardinality(S \cap A) \in Nat ,
       Cardinality(S \cup (A \cup {x})) = Cardinality(S \cup A) + 1 ,
       Cardinality(S \cap (A \cup {x})) = Cardinality(S \cap A) ,
       Cardinality(A \cup {x}) = Cardinality(A) + 1 
PROVE  IsFiniteSet(S \cup (A \cup {x}))

@!!END

@!!BEGIN
@!!type:obligation
@!!id:515
@!!loc:699:43:699:47
@!!status:trivial
@!!prover:tlapm
@!!already:false
@!!obl:ASSUME NEW CONSTANT S,
       IsFiniteSet(S) ,
       NEW CONSTANT T,
       IsFiniteSet(T) ,
       NEW CONSTANT A \in SUBSET T,
       /\ IsFiniteSet(S \cup A)
       /\ Cardinality(S \cup A)
          = Cardinality(S) + Cardinality(A) - Cardinality(S \cap A) ,
       NEW CONSTANT x \in T \ A,
       /\ IsFiniteSet(S \cup A)
       /\ IsFiniteSet(S \cap A)
       /\ Cardinality(S) \in Nat
       /\ Cardinality(A) \in Nat
       /\ Cardinality(S \cap A) \in Nat ,
       Cardinality(S \cup (A \cup {x})) = Cardinality(S \cup A) + 1 ,
       Cardinality(S \cap (A \cup {x})) = Cardinality(S \cap A) ,
       Cardinality(A \cup {x}) = Cardinality(A) + 1 ,
       IsFiniteSet(S \cup (A \cup {x})) 
PROVE  /\ IsFiniteSet(S \cup A)
       /\ Cardinality(S \cup A)
          = Cardinality(S) + Cardinality(A) - Cardinality(S \cap A)

@!!END

@!!BEGIN
@!!type:obligation
@!!id:516
@!!loc:696:7:696:9
@!!status:normalized
@!!meth:time-limit: 10
@!!obl:ASSUME NEW CONSTANT S,
       IsFiniteSet(S) ,
       NEW CONSTANT T,
       IsFiniteSet(T) ,
       NEW CONSTANT A \in SUBSET T,
       NEW CONSTANT x \in T \ A,
       /\ IsFiniteSet(S \cup A)
       /\ IsFiniteSet(S \cap A)
       /\ Cardinality(S) \in Nat
       /\ Cardinality(A) \in Nat
       /\ Cardinality(S \cap A) \in Nat ,
       /\ IsFiniteSet(A)
       /\ /\ IsFiniteSet(S \cup A)
          /\ Cardinality(S \cup A)
             = Cardinality(S) + Cardinality(A) - Cardinality(S \cap A) ,
       x \notin S ,
       ASSUME NEW CONSTANT S_1,
              NEW CONSTANT x_1,
              IsFiniteSet(S_1) 
       PROVE  /\ IsFiniteSet(S_1 \cup {x_1})
              /\ Cardinality(S_1 \cup {x_1})
                 = (IF x_1 \in S_1
                      THEN Cardinality(S_1)
                      ELSE Cardinality(S_1) + 1) ,
       TRUE 
PROVE  Cardinality(S \cup A \cup {x}) = Cardinality(S \cup A) + 1

@!!END

@!!BEGIN
@!!type:obligation
@!!id:517
@!!loc:696:10:696:14
@!!status:trivial
@!!prover:tlapm
@!!already:false
@!!obl:ASSUME NEW CONSTANT S,
       IsFiniteSet(S) ,
       NEW CONSTANT T,
       IsFiniteSet(T) ,
       NEW CONSTANT A \in SUBSET T,
       NEW CONSTANT x \in T \ A,
       /\ IsFiniteSet(A)
       /\ /\ IsFiniteSet(S \cup A)
          /\ Cardinality(S \cup A)
             = Cardinality(S) + Cardinality(A) - Cardinality(S \cap A) ,
       /\ IsFiniteSet(S \cup A)
       /\ IsFiniteSet(S \cap A)
       /\ Cardinality(S) \in Nat
       /\ Cardinality(A) \in Nat
       /\ Cardinality(S \cap A) \in Nat 
PROVE  /\ IsFiniteSet(A)
       /\ /\ IsFiniteSet(S \cup A)
          /\ Cardinality(S \cup A)
             = Cardinality(S) + Cardinality(A) - Cardinality(S \cap A)

@!!END

@!!BEGIN
@!!type:obligation
@!!id:518
@!!loc:696:16:696:20
@!!status:trivial
@!!prover:tlapm
@!!already:false
@!!obl:ASSUME NEW CONSTANT S,
       IsFiniteSet(S) ,
       NEW CONSTANT T,
       IsFiniteSet(T) ,
       NEW CONSTANT A \in SUBSET T,
       NEW CONSTANT x \in T \ A,
       /\ IsFiniteSet(S \cup A)
       /\ IsFiniteSet(S \cap A)
       /\ Cardinality(S) \in Nat
       /\ Cardinality(A) \in Nat
       /\ Cardinality(S \cap A) \in Nat ,
       x \notin S ,
       /\ IsFiniteSet(A)
       /\ /\ IsFiniteSet(S \cup A)
          /\ Cardinality(S \cup A)
             = Cardinality(S) + Cardinality(A) - Cardinality(S \cap A) 
PROVE  x \notin S

@!!END

@!!BEGIN
@!!type:obligation
@!!id:519
@!!loc:696:22:696:35
@!!status:trivial
@!!prover:tlapm
@!!already:false
@!!obl:ASSUME ASSUME NEW CONSTANT S,
              NEW CONSTANT x,
              IsFiniteSet(S) 
       PROVE  /\ IsFiniteSet(S \cup {x})
              /\ Cardinality(S \cup {x})
                 = (IF x \in S THEN Cardinality(S) ELSE Cardinality(S) + 1) ,
       NEW CONSTANT S,
       IsFiniteSet(S) ,
       NEW CONSTANT T,
       IsFiniteSet(T) ,
       NEW CONSTANT A \in SUBSET T,
       NEW CONSTANT x \in T \ A,
       /\ IsFiniteSet(S \cup A)
       /\ IsFiniteSet(S \cap A)
       /\ Cardinality(S) \in Nat
       /\ Cardinality(A) \in Nat
       /\ Cardinality(S \cap A) \in Nat ,
       /\ IsFiniteSet(A)
       /\ /\ IsFiniteSet(S \cup A)
          /\ Cardinality(S \cup A)
             = Cardinality(S) + Cardinality(A) - Cardinality(S \cap A) ,
       x \notin S 
PROVE  ASSUME NEW CONSTANT S_1,
              NEW CONSTANT x_1,
              IsFiniteSet(S_1) 
       PROVE  /\ IsFiniteSet(S_1 \cup {x_1})
              /\ Cardinality(S_1 \cup {x_1})
                 = (IF x_1 \in S_1
                      THEN Cardinality(S_1)
                      ELSE Cardinality(S_1) + 1)

@!!END

@!!BEGIN
@!!type:obligation
@!!id:520
@!!loc:696:37:696:42
@!!status:trivial
@!!prover:tlapm
@!!already:false
@!!obl:ASSUME NEW CONSTANT S,
       IsFiniteSet(S) ,
       NEW CONSTANT T,
       IsFiniteSet(T) ,
       NEW CONSTANT A \in SUBSET T,
       NEW CONSTANT x \in T \ A,
       /\ IsFiniteSet(S \cup A)
       /\ IsFiniteSet(S \cap A)
       /\ Cardinality(S) \in Nat
       /\ Cardinality(A) \in Nat
       /\ Cardinality(S \cap A) \in Nat ,
       /\ IsFiniteSet(A)
       /\ /\ IsFiniteSet(S \cup A)
          /\ Cardinality(S \cup A)
             = Cardinality(S) + Cardinality(A) - Cardinality(S \cap A) ,
       x \notin S ,
       ASSUME NEW CONSTANT S_1,
              NEW CONSTANT x_1,
              IsFiniteSet(S_1) 
       PROVE  /\ IsFiniteSet(S_1 \cup {x_1})
              /\ Cardinality(S_1 \cup {x_1})
                 = (IF x_1 \in S_1
                      THEN Cardinality(S_1)
                      ELSE Cardinality(S_1) + 1) 
PROVE  TRUE

@!!END

@!!BEGIN
@!!type:obligation
@!!id:521
@!!loc:697:74:697:76
@!!status:normalized
@!!meth:time-limit: 10
@!!obl:ASSUME NEW CONSTANT S,
       IsFiniteSet(S) ,
       NEW CONSTANT T,
       IsFiniteSet(T) ,
       NEW CONSTANT A \in SUBSET T,
       NEW CONSTANT x \in T \ A,
       /\ IsFiniteSet(S \cup A)
       /\ IsFiniteSet(S \cap A)
       /\ Cardinality(S) \in Nat
       /\ Cardinality(A) \in Nat
       /\ Cardinality(S \cap A) \in Nat ,
       Cardinality(S \cup A \cup {x}) = Cardinality(S \cup A) + 1 ,
       TRUE 
PROVE  Cardinality(S \cup (A \cup {x})) = Cardinality(S \cup A) + 1

@!!END

@!!BEGIN
@!!type:obligation
@!!id:522
@!!loc:697:77:697:81
@!!status:trivial
@!!prover:tlapm
@!!already:false
@!!obl:ASSUME NEW CONSTANT S,
       IsFiniteSet(S) ,
       NEW CONSTANT T,
       IsFiniteSet(T) ,
       NEW CONSTANT A \in SUBSET T,
       NEW CONSTANT x \in T \ A,
       /\ IsFiniteSet(S \cup A)
       /\ IsFiniteSet(S \cap A)
       /\ Cardinality(S) \in Nat
       /\ Cardinality(A) \in Nat
       /\ Cardinality(S \cap A) \in Nat ,
       Cardinality(S \cup A \cup {x}) = Cardinality(S \cup A) + 1 
PROVE  Cardinality(S \cup A \cup {x}) = Cardinality(S \cup A) + 1

@!!END

@!!BEGIN
@!!type:obligation
@!!id:523
@!!loc:697:83:697:88
@!!status:trivial
@!!prover:tlapm
@!!already:false
@!!obl:ASSUME NEW CONSTANT S,
       IsFiniteSet(S) ,
       NEW CONSTANT T,
       IsFiniteSet(T) ,
       NEW CONSTANT A \in SUBSET T,
       NEW CONSTANT x \in T \ A,
       /\ IsFiniteSet(S \cup A)
       /\ IsFiniteSet(S \cap A)
       /\ Cardinality(S) \in Nat
       /\ Cardinality(A) \in Nat
       /\ Cardinality(S \cap A) \in Nat ,
       Cardinality(S \cup A \cup {x}) = Cardinality(S \cup A) + 1 
PROVE  TRUE

@!!END

@!!BEGIN
@!!type:obligation
@!!id:524
@!!loc:698:69:698:71
@!!status:normalized
@!!meth:time-limit: 10
@!!obl:ASSUME NEW CONSTANT S,
       IsFiniteSet(S) ,
       NEW CONSTANT T,
       IsFiniteSet(T) ,
       NEW CONSTANT A \in SUBSET T,
       NEW CONSTANT x \in T \ A,
       /\ IsFiniteSet(S \cup A)
       /\ IsFiniteSet(S \cap A)
       /\ Cardinality(S) \in Nat
       /\ Cardinality(A) \in Nat
       /\ Cardinality(S \cap A) \in Nat ,
       x \notin S ,
       TRUE 
PROVE  Cardinality(S \cap (A \cup {x})) = Cardinality(S \cap A)

@!!END

@!!BEGIN
@!!type:obligation
@!!id:525
@!!loc:698:72:698:76
@!!status:trivial
@!!prover:tlapm
@!!already:false
@!!obl:ASSUME NEW CONSTANT S,
       IsFiniteSet(S) ,
       NEW CONSTANT T,
       IsFiniteSet(T) ,
       NEW CONSTANT A \in SUBSET T,
       NEW CONSTANT x \in T \ A,
       /\ IsFiniteSet(S \cup A)
       /\ IsFiniteSet(S \cap A)
       /\ Cardinality(S) \in Nat
       /\ Cardinality(A) \in Nat
       /\ Cardinality(S \cap A) \in Nat ,
       x \notin S 
PROVE  x \notin S

@!!END

@!!BEGIN
@!!type:obligation
@!!id:526
@!!loc:698:78:698:83
@!!status:trivial
@!!prover:tlapm
@!!already:false
@!!obl:ASSUME NEW CONSTANT S,
       IsFiniteSet(S) ,
       NEW CONSTANT T,
       IsFiniteSet(T) ,
       NEW CONSTANT A \in SUBSET T,
       NEW CONSTANT x \in T \ A,
       /\ IsFiniteSet(S \cup A)
       /\ IsFiniteSet(S \cap A)
       /\ Cardinality(S) \in Nat
       /\ Cardinality(A) \in Nat
       /\ Cardinality(S \cap A) \in Nat ,
       x \notin S 
PROVE  TRUE

@!!END

@!!BEGIN
@!!type:obligation
@!!id:527
@!!loc:702:12:702:14
@!!status:normalized
@!!meth:time-limit: 30
@!!obl:ASSUME NEW CONSTANT S,
       IsFiniteSet(S) ,
       NEW CONSTANT T,
       IsFiniteSet(T) ,
       P({}) ,
       ASSUME NEW CONSTANT A \in SUBSET T,
              IsFiniteSet(A) ,
              P(A) ,
              NEW CONSTANT x \in T \ A
       PROVE  P(A \cup {x}) ,
       ASSUME NEW CONSTANT S_1,
              IsFiniteSet(S_1) ,
              NEW CONSTANT P_1(_),
              P_1({}) ,
              ASSUME NEW CONSTANT T_1 \in SUBSET S_1,
                     IsFiniteSet(T_1) ,
                     P_1(T_1) ,
                     NEW CONSTANT x \in S_1 \ T_1
              PROVE  P_1(T_1 \cup {x}) 
       PROVE  P_1(S_1) ,
       TRUE 
PROVE  P(T)

@!!END

@!!BEGIN
@!!type:obligation
@!!id:528
@!!loc:702:15:702:19
@!!status:trivial
@!!prover:tlapm
@!!already:false
@!!obl:ASSUME NEW CONSTANT S,
       IsFiniteSet(S) ,
       NEW CONSTANT T,
       IsFiniteSet(T) ,
       P({}) 
PROVE  P({})

@!!END

@!!BEGIN
@!!type:obligation
@!!id:529
@!!loc:702:21:702:25
@!!status:trivial
@!!prover:tlapm
@!!already:false
@!!obl:ASSUME NEW CONSTANT S,
       IsFiniteSet(S) ,
       NEW CONSTANT T,
       IsFiniteSet(T) ,
       ASSUME NEW CONSTANT A \in SUBSET T,
              IsFiniteSet(A) ,
              P(A) ,
              NEW CONSTANT x \in T \ A
       PROVE  P(A \cup {x}) ,
       P({}) 
PROVE  ASSUME NEW CONSTANT A \in SUBSET T,
              IsFiniteSet(A) ,
              P(A) ,
              NEW CONSTANT x \in T \ A
       PROVE  P(A \cup {x})

@!!END

@!!BEGIN
@!!type:obligation
@!!id:530
@!!loc:702:27:702:39
@!!status:trivial
@!!prover:tlapm
@!!already:false
@!!obl:ASSUME ASSUME NEW CONSTANT S,
              IsFiniteSet(S) ,
              NEW CONSTANT P(_),
              P({}) ,
              ASSUME NEW CONSTANT T \in SUBSET S,
                     IsFiniteSet(T) ,
                     P(T) ,
                     NEW CONSTANT x \in S \ T
              PROVE  P(T \cup {x}) 
       PROVE  P(S) ,
       NEW CONSTANT S,
       IsFiniteSet(S) ,
       NEW CONSTANT T,
       IsFiniteSet(T) ,
       P({}) ,
       ASSUME NEW CONSTANT A \in SUBSET T,
              IsFiniteSet(A) ,
              P(A) ,
              NEW CONSTANT x \in T \ A
       PROVE  P(A \cup {x}) 
PROVE  ASSUME NEW CONSTANT S_1,
              IsFiniteSet(S_1) ,
              NEW CONSTANT P_1(_),
              P_1({}) ,
              ASSUME NEW CONSTANT T_1 \in SUBSET S_1,
                     IsFiniteSet(T_1) ,
                     P_1(T_1) ,
                     NEW CONSTANT x \in S_1 \ T_1
              PROVE  P_1(T_1 \cup {x}) 
       PROVE  P_1(S_1)

@!!END

@!!BEGIN
@!!type:obligation
@!!id:531
@!!loc:702:41:702:54
@!!status:trivial
@!!prover:tlapm
@!!already:false
@!!obl:ASSUME NEW CONSTANT S,
       IsFiniteSet(S) ,
       NEW CONSTANT T,
       IsFiniteSet(T) ,
       P({}) ,
       ASSUME NEW CONSTANT A \in SUBSET T,
              IsFiniteSet(A) ,
              P(A) ,
              NEW CONSTANT x \in T \ A
       PROVE  P(A \cup {x}) ,
       ASSUME NEW CONSTANT S_1,
              IsFiniteSet(S_1) ,
              NEW CONSTANT P_1(_),
              P_1({}) ,
              ASSUME NEW CONSTANT T_1 \in SUBSET S_1,
                     IsFiniteSet(T_1) ,
                     P_1(T_1) ,
                     NEW CONSTANT x \in S_1 \ T_1
              PROVE  P_1(T_1 \cup {x}) 
       PROVE  P_1(S_1) 
PROVE  TRUE

@!!END

@!!BEGIN
@!!type:obligation
@!!id:532
@!!loc:734:12:734:14
@!!status:normalized
@!!meth:time-limit: 10
@!!obl:ASSUME NEW CONSTANT U,
       NEW CONSTANT S,
       NEW CONSTANT T,
       IsFiniteSet(U) ,
       S \subseteq U ,
       T \subseteq U ,
       Cardinality(S) + Cardinality(T) > Cardinality(U) ,
       /\ IsFiniteSet(S)
       /\ IsFiniteSet(T)
       /\ Cardinality(S) \in Nat
       /\ Cardinality(T) \in Nat
       /\ Cardinality(U) \in Nat
       /\ Cardinality(S \cap T) \in Nat
       /\ Cardinality(S \cup T) =< Cardinality(U) ,
       Cardinality(S \cap T) # 0 ,
       /\ IsFiniteSet({})
       /\ Cardinality({}) = 0
       /\ \A S_1 : IsFiniteSet(S_1) => Cardinality(S_1) = 0 <=> S_1 = {} ,
       TRUE 
PROVE  S \cap T # {}

@!!END

@!!BEGIN
@!!type:obligation
@!!id:533
@!!loc:734:15:734:19
@!!status:trivial
@!!prover:tlapm
@!!already:false
@!!obl:ASSUME NEW CONSTANT U,
       NEW CONSTANT S,
       NEW CONSTANT T,
       IsFiniteSet(U) ,
       S \subseteq U ,
       T \subseteq U ,
       Cardinality(S) + Cardinality(T) > Cardinality(U) ,
       /\ IsFiniteSet(S)
       /\ IsFiniteSet(T)
       /\ Cardinality(S) \in Nat
       /\ Cardinality(T) \in Nat
       /\ Cardinality(U) \in Nat
       /\ Cardinality(S \cap T) \in Nat
       /\ Cardinality(S \cup T) =< Cardinality(U) ,
       Cardinality(S \cap T) # 0 
PROVE  Cardinality(S \cap T) # 0

@!!END

@!!BEGIN
@!!type:obligation
@!!id:534
@!!loc:734:21:734:32
@!!status:trivial
@!!prover:tlapm
@!!already:false
@!!obl:ASSUME /\ IsFiniteSet({})
       /\ Cardinality({}) = 0
       /\ \A S : IsFiniteSet(S) => Cardinality(S) = 0 <=> S = {} ,
       NEW CONSTANT U,
       NEW CONSTANT S,
       NEW CONSTANT T,
       IsFiniteSet(U) ,
       S \subseteq U ,
       T \subseteq U ,
       Cardinality(S) + Cardinality(T) > Cardinality(U) ,
       /\ IsFiniteSet(S)
       /\ IsFiniteSet(T)
       /\ Cardinality(S) \in Nat
       /\ Cardinality(T) \in Nat
       /\ Cardinality(U) \in Nat
       /\ Cardinality(S \cap T) \in Nat
       /\ Cardinality(S \cup T) =< Cardinality(U) ,
       Cardinality(S \cap T) # 0 
PROVE  /\ IsFiniteSet({})
       /\ Cardinality({}) = 0
       /\ \A S_1 : IsFiniteSet(S_1) => Cardinality(S_1) = 0 <=> S_1 = {}

@!!END

@!!BEGIN
@!!type:obligation
@!!id:535
@!!loc:734:34:734:39
@!!status:trivial
@!!prover:tlapm
@!!already:false
@!!obl:ASSUME NEW CONSTANT U,
       NEW CONSTANT S,
       NEW CONSTANT T,
       IsFiniteSet(U) ,
       S \subseteq U ,
       T \subseteq U ,
       Cardinality(S) + Cardinality(T) > Cardinality(U) ,
       /\ IsFiniteSet(S)
       /\ IsFiniteSet(T)
       /\ Cardinality(S) \in Nat
       /\ Cardinality(T) \in Nat
       /\ Cardinality(U) \in Nat
       /\ Cardinality(S \cap T) \in Nat
       /\ Cardinality(S \cup T) =< Cardinality(U) ,
       Cardinality(S \cap T) # 0 ,
       /\ IsFiniteSet({})
       /\ Cardinality({}) = 0
       /\ \A S_1 : IsFiniteSet(S_1) => Cardinality(S_1) = 0 <=> S_1 = {} 
PROVE  TRUE

@!!END

@!!BEGIN
@!!type:obligation
@!!id:536
@!!loc:729:3:729:5
@!!status:normalized
@!!meth:time-limit: 10
@!!obl:ASSUME NEW CONSTANT U,
       NEW CONSTANT S,
       NEW CONSTANT T,
       IsFiniteSet(U) ,
       S \subseteq U ,
       T \subseteq U ,
       Cardinality(S) + Cardinality(T) > Cardinality(U) ,
       ASSUME NEW CONSTANT S_1,
              IsFiniteSet(S_1) ,
              NEW CONSTANT T_1 \in SUBSET S_1
       PROVE  /\ IsFiniteSet(T_1)
              /\ Cardinality(T_1) =< Cardinality(S_1)
              /\ Cardinality(S_1) = Cardinality(T_1) => S_1 = T_1 ,
       ASSUME NEW CONSTANT S_1,
              IsFiniteSet(S_1) 
       PROVE  /\ Cardinality(S_1) \in Nat
              /\ ExistsBijection(1..Cardinality(S_1), S_1) ,
       TRUE 
PROVE  /\ IsFiniteSet(S)
       /\ IsFiniteSet(T)
       /\ Cardinality(S) \in Nat
       /\ Cardinality(T) \in Nat
       /\ Cardinality(U) \in Nat
       /\ Cardinality(S \cap T) \in Nat
       /\ Cardinality(S \cup T) =< Cardinality(U)

@!!END

@!!BEGIN
@!!type:obligation
@!!id:537
@!!loc:729:6:729:15
@!!status:trivial
@!!prover:tlapm
@!!already:false
@!!obl:ASSUME ASSUME NEW CONSTANT S,
              IsFiniteSet(S) ,
              NEW CONSTANT T \in SUBSET S
       PROVE  /\ IsFiniteSet(T)
              /\ Cardinality(T) =< Cardinality(S)
              /\ Cardinality(S) = Cardinality(T) => S = T ,
       NEW CONSTANT U,
       NEW CONSTANT S,
       NEW CONSTANT T,
       IsFiniteSet(U) ,
       S \subseteq U ,
       T \subseteq U ,
       Cardinality(S) + Cardinality(T) > Cardinality(U) 
PROVE  ASSUME NEW CONSTANT S_1,
              IsFiniteSet(S_1) ,
              NEW CONSTANT T_1 \in SUBSET S_1
       PROVE  /\ IsFiniteSet(T_1)
              /\ Cardinality(T_1) =< Cardinality(S_1)
              /\ Cardinality(S_1) = Cardinality(T_1) => S_1 = T_1

@!!END

@!!BEGIN
@!!type:obligation
@!!id:538
@!!loc:729:17:729:35
@!!status:trivial
@!!prover:tlapm
@!!already:false
@!!obl:ASSUME ASSUME NEW CONSTANT S,
              IsFiniteSet(S) 
       PROVE  /\ Cardinality(S) \in Nat
              /\ ExistsBijection(1..Cardinality(S), S) ,
       NEW CONSTANT U,
       NEW CONSTANT S,
       NEW CONSTANT T,
       IsFiniteSet(U) ,
       S \subseteq U ,
       T \subseteq U ,
       Cardinality(S) + Cardinality(T) > Cardinality(U) ,
       ASSUME NEW CONSTANT S_1,
              IsFiniteSet(S_1) ,
              NEW CONSTANT T_1 \in SUBSET S_1
       PROVE  /\ IsFiniteSet(T_1)
              /\ Cardinality(T_1) =< Cardinality(S_1)
              /\ Cardinality(S_1) = Cardinality(T_1) => S_1 = T_1 
PROVE  ASSUME NEW CONSTANT S_1,
              IsFiniteSet(S_1) 
       PROVE  /\ Cardinality(S_1) \in Nat
              /\ ExistsBijection(1..Cardinality(S_1), S_1)

@!!END

@!!BEGIN
@!!type:obligation
@!!id:539
@!!loc:729:37:729:42
@!!status:trivial
@!!prover:tlapm
@!!already:false
@!!obl:ASSUME NEW CONSTANT U,
       NEW CONSTANT S,
       NEW CONSTANT T,
       IsFiniteSet(U) ,
       S \subseteq U ,
       T \subseteq U ,
       Cardinality(S) + Cardinality(T) > Cardinality(U) ,
       ASSUME NEW CONSTANT S_1,
              IsFiniteSet(S_1) ,
              NEW CONSTANT T_1 \in SUBSET S_1
       PROVE  /\ IsFiniteSet(T_1)
              /\ Cardinality(T_1) =< Cardinality(S_1)
              /\ Cardinality(S_1) = Cardinality(T_1) => S_1 = T_1 ,
       ASSUME NEW CONSTANT S_1,
              IsFiniteSet(S_1) 
       PROVE  /\ Cardinality(S_1) \in Nat
              /\ ExistsBijection(1..Cardinality(S_1), S_1) 
PROVE  TRUE

@!!END

@!!BEGIN
@!!type:obligation
@!!id:536
@!!loc:729:3:729:5
@!!status:proved
@!!prover:zenon
@!!meth:time-limit: 10; time-used: 0.1 (1%)
@!!already:false
@!!obl:
ASSUME NEW CONSTANT U,
       NEW CONSTANT S,
       NEW CONSTANT T,
       IsFiniteSet(U) ,
       S \subseteq U ,
       T \subseteq U ,
       Cardinality(S) + Cardinality(T) > Cardinality(U) ,
       ASSUME NEW CONSTANT S_1,
              IsFiniteSet(S_1) ,
              NEW CONSTANT T_1 \in SUBSET S_1
       PROVE  /\ IsFiniteSet(T_1)
              /\ Cardinality(T_1) =< Cardinality(S_1)
              /\ Cardinality(S_1) = Cardinality(T_1) => S_1 = T_1 ,
       ASSUME NEW CONSTANT S_1,
              IsFiniteSet(S_1) 
       PROVE  /\ Cardinality(S_1) \in Nat
              /\ ExistsBijection(1..Cardinality(S_1), S_1) ,
       TRUE 
PROVE  /\ IsFiniteSet(S)
       /\ IsFiniteSet(T)
       /\ Cardinality(S) \in Nat
       /\ Cardinality(T) \in Nat
       /\ Cardinality(U) \in Nat
       /\ Cardinality(S \cap T) \in Nat
       /\ Cardinality(S \cup T) =< Cardinality(U)

@!!END

@!!BEGIN
@!!type:obligation
@!!id:532
@!!loc:734:12:734:14
@!!status:proved
@!!prover:zenon
@!!meth:time-limit: 10; time-used: 0.3 (3%)
@!!already:false
@!!obl:
ASSUME NEW CONSTANT U,
       NEW CONSTANT S,
       NEW CONSTANT T,
       IsFiniteSet(U) ,
       S \subseteq U ,
       T \subseteq U ,
       Cardinality(S) + Cardinality(T) > Cardinality(U) ,
       /\ IsFiniteSet(S)
       /\ IsFiniteSet(T)
       /\ Cardinality(S) \in Nat
       /\ Cardinality(T) \in Nat
       /\ Cardinality(U) \in Nat
       /\ Cardinality(S \cap T) \in Nat
       /\ Cardinality(S \cup T) =< Cardinality(U) ,
       Cardinality(S \cap T) # 0 ,
       /\ IsFiniteSet({})
       /\ Cardinality({}) = 0
       /\ \A S_1 : IsFiniteSet(S_1) => Cardinality(S_1) = 0 <=> S_1 = {} ,
       TRUE 
PROVE  S \cap T # {}

@!!END

@!!BEGIN
@!!type:obligation
@!!id:524
@!!loc:698:69:698:71
@!!status:proved
@!!prover:zenon
@!!meth:time-limit: 10; time-used: 0.6 (6%)
@!!already:false
@!!obl:
ASSUME NEW CONSTANT S,
       IsFiniteSet(S) ,
       NEW CONSTANT T,
       IsFiniteSet(T) ,
       NEW CONSTANT A \in SUBSET T,
       NEW CONSTANT x \in T \ A,
       /\ IsFiniteSet(S \cup A)
       /\ IsFiniteSet(S \cap A)
       /\ Cardinality(S) \in Nat
       /\ Cardinality(A) \in Nat
       /\ Cardinality(S \cap A) \in Nat ,
       x \notin S ,
       TRUE 
PROVE  Cardinality(S \cap (A \cup {x})) = Cardinality(S \cap A)

@!!END

@!!BEGIN
@!!type:obligation
@!!id:521
@!!loc:697:74:697:76
@!!status:proved
@!!prover:zenon
@!!meth:time-limit: 10; time-used: 0.8 (8%)
@!!already:false
@!!obl:
ASSUME NEW CONSTANT S,
       IsFiniteSet(S) ,
       NEW CONSTANT T,
       IsFiniteSet(T) ,
       NEW CONSTANT A \in SUBSET T,
       NEW CONSTANT x \in T \ A,
       /\ IsFiniteSet(S \cup A)
       /\ IsFiniteSet(S \cap A)
       /\ Cardinality(S) \in Nat
       /\ Cardinality(A) \in Nat
       /\ Cardinality(S \cap A) \in Nat ,
       Cardinality(S \cup A \cup {x}) = Cardinality(S \cup A) + 1 ,
       TRUE 
PROVE  Cardinality(S \cup (A \cup {x})) = Cardinality(S \cup A) + 1

@!!END

@!!BEGIN
@!!type:obligation
@!!id:516
@!!loc:696:7:696:9
@!!status:proved
@!!prover:zenon
@!!meth:time-limit: 10; time-used: 1.0 (10%)
@!!already:false
@!!obl:
ASSUME NEW CONSTANT S,
       IsFiniteSet(S) ,
       NEW CONSTANT T,
       IsFiniteSet(T) ,
       NEW CONSTANT A \in SUBSET T,
       NEW CONSTANT x \in T \ A,
       /\ IsFiniteSet(S \cup A)
       /\ IsFiniteSet(S \cap A)
       /\ Cardinality(S) \in Nat
       /\ Cardinality(A) \in Nat
       /\ Cardinality(S \cap A) \in Nat ,
       /\ IsFiniteSet(A)
       /\ /\ IsFiniteSet(S \cup A)
          /\ Cardinality(S \cup A)
             = Cardinality(S) + Cardinality(A) - Cardinality(S \cap A) ,
       x \notin S ,
       ASSUME NEW CONSTANT S_1,
              NEW CONSTANT x_1,
              IsFiniteSet(S_1) 
       PROVE  /\ IsFiniteSet(S_1 \cup {x_1})
              /\ Cardinality(S_1 \cup {x_1})
                 = (IF x_1 \in S_1
                      THEN Cardinality(S_1)
                      ELSE Cardinality(S_1) + 1) ,
       TRUE 
PROVE  Cardinality(S \cup A \cup {x}) = Cardinality(S \cup A) + 1

@!!END

@!!BEGIN
@!!type:obligation
@!!id:510
@!!loc:699:15:699:17
@!!status:proved
@!!prover:smt
@!!meth:time-limit: 5; time-used: 1.4 (28%)
@!!already:false
@!!obl:
ASSUME NEW CONSTANT S,
       IsFiniteSet(S) ,
       NEW CONSTANT T,
       IsFiniteSet(T) ,
       NEW CONSTANT A \in SUBSET T,
       NEW CONSTANT x \in T \ A,
       /\ IsFiniteSet(S \cup A)
       /\ IsFiniteSet(S \cap A)
       /\ Cardinality(S) \in Nat
       /\ Cardinality(A) \in Nat
       /\ Cardinality(S \cap A) \in Nat ,
       Cardinality(S \cup (A \cup {x})) = Cardinality(S \cup A) + 1 ,
       Cardinality(S \cap (A \cup {x})) = Cardinality(S \cap A) ,
       Cardinality(A \cup {x}) = Cardinality(A) + 1 ,
       IsFiniteSet(S \cup (A \cup {x})) ,
       /\ IsFiniteSet(S \cup A)
       /\ Cardinality(S \cup A)
          = Cardinality(S) + Cardinality(A) - Cardinality(S \cap A) 
PROVE  /\ IsFiniteSet(S \cup (A \cup {x}))
       /\ Cardinality(S \cup (A \cup {x}))
          = Cardinality(S)
            + Cardinality(A \cup {x}) - Cardinality(S \cap (A \cup {x}))

@!!END

@!!BEGIN
@!!type:obligation
@!!id:505
@!!loc:692:7:692:9
@!!status:proved
@!!prover:zenon
@!!meth:time-limit: 10; time-used: 1.6 (16%)
@!!already:false
@!!obl:
ASSUME NEW CONSTANT S,
       IsFiniteSet(S) ,
       NEW CONSTANT T,
       IsFiniteSet(T) ,
       NEW CONSTANT A \in SUBSET T,
       NEW CONSTANT x \in T \ A,
       /\ IsFiniteSet(S \cup A)
       /\ IsFiniteSet(S \cap A)
       /\ Cardinality(S) \in Nat
       /\ Cardinality(A) \in Nat
       /\ Cardinality(S \cap A) \in Nat ,
       Cardinality(S \cap (A \cup {x})) = Cardinality((S \cap A) \cup {x}) ,
       /\ IsFiniteSet(A)
       /\ /\ IsFiniteSet(S \cup A)
          /\ Cardinality(S \cup A)
             = Cardinality(S) + Cardinality(A) - Cardinality(S \cap A) ,
       ASSUME NEW CONSTANT S_1,
              NEW CONSTANT x_1,
              IsFiniteSet(S_1) 
       PROVE  /\ IsFiniteSet(S_1 \cup {x_1})
              /\ Cardinality(S_1 \cup {x_1})
                 = (IF x_1 \in S_1
                      THEN Cardinality(S_1)
                      ELSE Cardinality(S_1) + 1) ,
       TRUE 
PROVE  Cardinality(S \cap (A \cup {x})) = Cardinality(S \cap A) + 1

@!!END

@!!BEGIN
@!!type:obligation
@!!id:481
@!!loc:679:43:679:45
@!!status:proved
@!!prover:isabelle
@!!meth:auto; time-limit: 30; time-used: 3.0 (10%)
@!!already:false
@!!obl:
ASSUME NEW CONSTANT S,
       IsFiniteSet(S) ,
       NEW CONSTANT T,
       IsFiniteSet(T) ,
       NEW CONSTANT A \in SUBSET T,
       NEW CONSTANT x \in T \ A,
       /\ IsFiniteSet(S \cup A)
       /\ Cardinality(S \cup A)
          = Cardinality(S) + Cardinality(A) - Cardinality(S \cap A) ,
       ASSUME NEW CONSTANT S_1,
              NEW CONSTANT x_1,
              IsFiniteSet(S_1) 
       PROVE  /\ IsFiniteSet(S_1 \cup {x_1})
              /\ Cardinality(S_1 \cup {x_1})
                 = (IF x_1 \in S_1
                      THEN Cardinality(S_1)
                      ELSE Cardinality(S_1) + 1) ,
       TRUE 
PROVE  IsFiniteSet(S \cup (A \cup {x}))

@!!END

@!!BEGIN
@!!type:obligation
@!!id:540
@!!loc:732:3:732:5
@!!status:normalized
@!!meth:time-limit: 10
@!!obl:ASSUME NEW CONSTANT U,
       NEW CONSTANT S,
       NEW CONSTANT T,
       IsFiniteSet(U) ,
       S \subseteq U ,
       T \subseteq U ,
       Cardinality(S) + Cardinality(T) > Cardinality(U) ,
       /\ IsFiniteSet(S)
       /\ IsFiniteSet(T)
       /\ Cardinality(S) \in Nat
       /\ Cardinality(T) \in Nat
       /\ Cardinality(U) \in Nat
       /\ Cardinality(S \cap T) \in Nat
       /\ Cardinality(S \cup T) =< Cardinality(U) ,
       ASSUME NEW CONSTANT S_1,
              IsFiniteSet(S_1) ,
              NEW CONSTANT T_1,
              IsFiniteSet(T_1) 
       PROVE  /\ IsFiniteSet(S_1 \cup T_1)
              /\ Cardinality(S_1 \cup T_1)
                 = Cardinality(S_1)
                   + Cardinality(T_1) - Cardinality(S_1 \cap T_1) ,
       TRUE 
PROVE  Cardinality(S \cup T)
       = Cardinality(S) + Cardinality(T) - Cardinality(S \cap T)

@!!END

@!!BEGIN
@!!type:obligation
@!!id:541
@!!loc:732:6:732:14
@!!status:trivial
@!!prover:tlapm
@!!already:false
@!!obl:ASSUME ASSUME NEW CONSTANT S,
              IsFiniteSet(S) ,
              NEW CONSTANT T,
              IsFiniteSet(T) 
       PROVE  /\ IsFiniteSet(S \cup T)
              /\ Cardinality(S \cup T)
                 = Cardinality(S) + Cardinality(T) - Cardinality(S \cap T) ,
       NEW CONSTANT U,
       NEW CONSTANT S,
       NEW CONSTANT T,
       IsFiniteSet(U) ,
       S \subseteq U ,
       T \subseteq U ,
       Cardinality(S) + Cardinality(T) > Cardinality(U) ,
       /\ IsFiniteSet(S)
       /\ IsFiniteSet(T)
       /\ Cardinality(S) \in Nat
       /\ Cardinality(T) \in Nat
       /\ Cardinality(U) \in Nat
       /\ Cardinality(S \cap T) \in Nat
       /\ Cardinality(S \cup T) =< Cardinality(U) 
PROVE  ASSUME NEW CONSTANT S_1,
              IsFiniteSet(S_1) ,
              NEW CONSTANT T_1,
              IsFiniteSet(T_1) 
       PROVE  /\ IsFiniteSet(S_1 \cup T_1)
              /\ Cardinality(S_1 \cup T_1)
                 = Cardinality(S_1)
                   + Cardinality(T_1) - Cardinality(S_1 \cap T_1)

@!!END

@!!BEGIN
@!!type:obligation
@!!id:542
@!!loc:732:16:732:21
@!!status:trivial
@!!prover:tlapm
@!!already:false
@!!obl:ASSUME NEW CONSTANT U,
       NEW CONSTANT S,
       NEW CONSTANT T,
       IsFiniteSet(U) ,
       S \subseteq U ,
       T \subseteq U ,
       Cardinality(S) + Cardinality(T) > Cardinality(U) ,
       /\ IsFiniteSet(S)
       /\ IsFiniteSet(T)
       /\ Cardinality(S) \in Nat
       /\ Cardinality(T) \in Nat
       /\ Cardinality(U) \in Nat
       /\ Cardinality(S \cap T) \in Nat
       /\ Cardinality(S \cup T) =< Cardinality(U) ,
       ASSUME NEW CONSTANT S_1,
              IsFiniteSet(S_1) ,
              NEW CONSTANT T_1,
              IsFiniteSet(T_1) 
       PROVE  /\ IsFiniteSet(S_1 \cup T_1)
              /\ Cardinality(S_1 \cup T_1)
                 = Cardinality(S_1)
                   + Cardinality(T_1) - Cardinality(S_1 \cap T_1) 
PROVE  TRUE

@!!END

@!!BEGIN
@!!type:obligation
@!!id:543
@!!loc:733:34:733:36
@!!status:normalized
@!!meth:time-limit: 5
@!!obl:ASSUME NEW CONSTANT U,
       NEW CONSTANT S,
       NEW CONSTANT T,
       IsFiniteSet(U) ,
       S \subseteq U ,
       T \subseteq U ,
       Cardinality(S) + Cardinality(T) > Cardinality(U) ,
       /\ IsFiniteSet(S)
       /\ IsFiniteSet(T)
       /\ Cardinality(S) \in Nat
       /\ Cardinality(T) \in Nat
       /\ Cardinality(U) \in Nat
       /\ Cardinality(S \cap T) \in Nat
       /\ Cardinality(S \cup T) =< Cardinality(U) ,
       Cardinality(S \cup T)
       = Cardinality(S) + Cardinality(T) - Cardinality(S \cap T) 
PROVE  Cardinality(S \cap T) # 0

@!!END

@!!BEGIN
@!!type:obligation
@!!id:544
@!!loc:733:37:733:41
@!!status:trivial
@!!prover:tlapm
@!!already:false
@!!obl:ASSUME NEW CONSTANT U,
       NEW CONSTANT S,
       NEW CONSTANT T,
       IsFiniteSet(U) ,
       S \subseteq U ,
       T \subseteq U ,
       Cardinality(S) + Cardinality(T) > Cardinality(U) ,
       /\ IsFiniteSet(S)
       /\ IsFiniteSet(T)
       /\ Cardinality(S) \in Nat
       /\ Cardinality(T) \in Nat
       /\ Cardinality(U) \in Nat
       /\ Cardinality(S \cap T) \in Nat
       /\ Cardinality(S \cup T) =< Cardinality(U) ,
       Cardinality(S \cup T)
       = Cardinality(S) + Cardinality(T) - Cardinality(S \cap T) 
PROVE  Cardinality(S \cup T)
       = Cardinality(S) + Cardinality(T) - Cardinality(S \cap T)

@!!END

@!!BEGIN
@!!type:obligation
@!!id:545
@!!loc:754:1:754:3
@!!status:normalized
@!!meth:time-limit: 5
@!!obl:ASSUME NEW CONSTANT S,
       IsFiniteSet(S) ,
       NEW CONSTANT T,
       ASSUME NEW CONSTANT S_1,
              IsFiniteSet(S_1) ,
              NEW CONSTANT T_1 \in SUBSET S_1
       PROVE  /\ IsFiniteSet(T_1)
              /\ Cardinality(T_1) =< Cardinality(S_1)
              /\ Cardinality(S_1) = Cardinality(T_1) => S_1 = T_1 
PROVE  /\ IsFiniteSet(S \cap T)
       /\ IsFiniteSet(T \cap S)
       /\ Cardinality(S \cap T) =< Cardinality(S)
       /\ Cardinality(T \cap S) =< Cardinality(S)

@!!END

@!!BEGIN
@!!type:obligation
@!!id:546
@!!loc:754:4:754:13
@!!status:trivial
@!!prover:tlapm
@!!already:false
@!!obl:ASSUME ASSUME NEW CONSTANT S,
              IsFiniteSet(S) ,
              NEW CONSTANT T \in SUBSET S
       PROVE  /\ IsFiniteSet(T)
              /\ Cardinality(T) =< Cardinality(S)
              /\ Cardinality(S) = Cardinality(T) => S = T ,
       NEW CONSTANT S,
       IsFiniteSet(S) ,
       NEW CONSTANT T
PROVE  ASSUME NEW CONSTANT S_1,
              IsFiniteSet(S_1) ,
              NEW CONSTANT T_1 \in SUBSET S_1
       PROVE  /\ IsFiniteSet(T_1)
              /\ Cardinality(T_1) =< Cardinality(S_1)
              /\ Cardinality(S_1) = Cardinality(T_1) => S_1 = T_1

@!!END

@!!BEGIN
@!!type:obligation
@!!id:547
@!!loc:782:12:782:14
@!!status:normalized
@!!meth:time-limit: 5
@!!obl:ASSUME NEW CONSTANT S,
       NEW CONSTANT T,
       IsFiniteSet(S) ,
       /\ IsFiniteSet(S \ T)
       /\ IsFiniteSet(S \cap T)
       /\ Cardinality(S \ T) \in Nat
       /\ Cardinality(S \cap T) \in Nat ,
       Cardinality(S \ T) = Cardinality(S) - Cardinality(S \cap T) 
PROVE  /\ IsFiniteSet(S \ T)
       /\ Cardinality(S \ T) = Cardinality(S) - Cardinality(S \cap T)

@!!END

@!!BEGIN
@!!type:obligation
@!!id:548
@!!loc:782:15:782:19
@!!status:trivial
@!!prover:tlapm
@!!already:false
@!!obl:ASSUME NEW CONSTANT S,
       NEW CONSTANT T,
       IsFiniteSet(S) ,
       /\ IsFiniteSet(S \ T)
       /\ IsFiniteSet(S \cap T)
       /\ Cardinality(S \ T) \in Nat
       /\ Cardinality(S \cap T) \in Nat ,
       Cardinality(S \ T) = Cardinality(S) - Cardinality(S \cap T) 
PROVE  Cardinality(S \ T) = Cardinality(S) - Cardinality(S \cap T)

@!!END

@!!BEGIN
@!!type:obligation
@!!id:549
@!!loc:774:3:774:5
@!!status:normalized
@!!meth:time-limit: 10
@!!obl:ASSUME NEW CONSTANT S,
       NEW CONSTANT T,
       IsFiniteSet(S) ,
       ASSUME NEW CONSTANT S_1,
              IsFiniteSet(S_1) ,
              NEW CONSTANT T_1 \in SUBSET S_1
       PROVE  /\ IsFiniteSet(T_1)
              /\ Cardinality(T_1) =< Cardinality(S_1)
              /\ Cardinality(S_1) = Cardinality(T_1) => S_1 = T_1 ,
       ASSUME NEW CONSTANT S_1,
              IsFiniteSet(S_1) 
       PROVE  /\ Cardinality(S_1) \in Nat
              /\ ExistsBijection(1..Cardinality(S_1), S_1) ,
       TRUE 
PROVE  /\ IsFiniteSet(S \ T)
       /\ IsFiniteSet(S \cap T)
       /\ Cardinality(S \ T) \in Nat
       /\ Cardinality(S \cap T) \in Nat

@!!END

@!!BEGIN
@!!type:obligation
@!!id:550
@!!loc:774:6:774:15
@!!status:trivial
@!!prover:tlapm
@!!already:false
@!!obl:ASSUME ASSUME NEW CONSTANT S,
              IsFiniteSet(S) ,
              NEW CONSTANT T \in SUBSET S
       PROVE  /\ IsFiniteSet(T)
              /\ Cardinality(T) =< Cardinality(S)
              /\ Cardinality(S) = Cardinality(T) => S = T ,
       NEW CONSTANT S,
       NEW CONSTANT T,
       IsFiniteSet(S) 
PROVE  ASSUME NEW CONSTANT S_1,
              IsFiniteSet(S_1) ,
              NEW CONSTANT T_1 \in SUBSET S_1
       PROVE  /\ IsFiniteSet(T_1)
              /\ Cardinality(T_1) =< Cardinality(S_1)
              /\ Cardinality(S_1) = Cardinality(T_1) => S_1 = T_1

@!!END

@!!BEGIN
@!!type:obligation
@!!id:551
@!!loc:774:17:774:35
@!!status:trivial
@!!prover:tlapm
@!!already:false
@!!obl:ASSUME ASSUME NEW CONSTANT S,
              IsFiniteSet(S) 
       PROVE  /\ Cardinality(S) \in Nat
              /\ ExistsBijection(1..Cardinality(S), S) ,
       NEW CONSTANT S,
       NEW CONSTANT T,
       IsFiniteSet(S) ,
       ASSUME NEW CONSTANT S_1,
              IsFiniteSet(S_1) ,
              NEW CONSTANT T_1 \in SUBSET S_1
       PROVE  /\ IsFiniteSet(T_1)
              /\ Cardinality(T_1) =< Cardinality(S_1)
              /\ Cardinality(S_1) = Cardinality(T_1) => S_1 = T_1 
PROVE  ASSUME NEW CONSTANT S_1,
              IsFiniteSet(S_1) 
       PROVE  /\ Cardinality(S_1) \in Nat
              /\ ExistsBijection(1..Cardinality(S_1), S_1)

@!!END

@!!BEGIN
@!!type:obligation
@!!id:552
@!!loc:774:37:774:42
@!!status:trivial
@!!prover:tlapm
@!!already:false
@!!obl:ASSUME NEW CONSTANT S,
       NEW CONSTANT T,
       IsFiniteSet(S) ,
       ASSUME NEW CONSTANT S_1,
              IsFiniteSet(S_1) ,
              NEW CONSTANT T_1 \in SUBSET S_1
       PROVE  /\ IsFiniteSet(T_1)
              /\ Cardinality(T_1) =< Cardinality(S_1)
              /\ Cardinality(S_1) = Cardinality(T_1) => S_1 = T_1 ,
       ASSUME NEW CONSTANT S_1,
              IsFiniteSet(S_1) 
       PROVE  /\ Cardinality(S_1) \in Nat
              /\ ExistsBijection(1..Cardinality(S_1), S_1) 
PROVE  TRUE

@!!END

@!!BEGIN
@!!type:obligation
@!!id:553
@!!loc:781:13:781:15
@!!status:normalized
@!!meth:time-limit: 5
@!!obl:ASSUME NEW CONSTANT S,
       NEW CONSTANT T,
       IsFiniteSet(S) ,
       /\ IsFiniteSet(S \ T)
       /\ IsFiniteSet(S \cap T)
       /\ Cardinality(S \ T) \in Nat
       /\ Cardinality(S \cap T) \in Nat ,
       Cardinality(S) = Cardinality((S \cap T) \cup (S \ T)) ,
       Cardinality((S \cap T) \cup (S \ T))
       = Cardinality(S \cap T)
         + Cardinality(S \ T) - Cardinality(S \cap T \cap (S \ T)) ,
       Cardinality(S \cap T \cap (S \ T)) = 0 
PROVE  Cardinality(S \ T) = Cardinality(S) - Cardinality(S \cap T)

@!!END

@!!BEGIN
@!!type:obligation
@!!id:554
@!!loc:781:16:781:20
@!!status:trivial
@!!prover:tlapm
@!!already:false
@!!obl:ASSUME NEW CONSTANT S,
       NEW CONSTANT T,
       IsFiniteSet(S) ,
       /\ IsFiniteSet(S \ T)
       /\ IsFiniteSet(S \cap T)
       /\ Cardinality(S \ T) \in Nat
       /\ Cardinality(S \cap T) \in Nat ,
       Cardinality(S) = Cardinality((S \cap T) \cup (S \ T)) 
PROVE  Cardinality(S) = Cardinality((S \cap T) \cup (S \ T))

@!!END

@!!BEGIN
@!!type:obligation
@!!id:555
@!!loc:781:22:781:26
@!!status:trivial
@!!prover:tlapm
@!!already:false
@!!obl:ASSUME NEW CONSTANT S,
       NEW CONSTANT T,
       IsFiniteSet(S) ,
       /\ IsFiniteSet(S \ T)
       /\ IsFiniteSet(S \cap T)
       /\ Cardinality(S \ T) \in Nat
       /\ Cardinality(S \cap T) \in Nat ,
       Cardinality((S \cap T) \cup (S \ T))
       = Cardinality(S \cap T)
         + Cardinality(S \ T) - Cardinality(S \cap T \cap (S \ T)) ,
       Cardinality(S) = Cardinality((S \cap T) \cup (S \ T)) 
PROVE  Cardinality((S \cap T) \cup (S \ T))
       = Cardinality(S \cap T)
         + Cardinality(S \ T) - Cardinality(S \cap T \cap (S \ T))

@!!END

@!!BEGIN
@!!type:obligation
@!!id:556
@!!loc:781:28:781:32
@!!status:trivial
@!!prover:tlapm
@!!already:false
@!!obl:ASSUME NEW CONSTANT S,
       NEW CONSTANT T,
       IsFiniteSet(S) ,
       /\ IsFiniteSet(S \ T)
       /\ IsFiniteSet(S \cap T)
       /\ Cardinality(S \ T) \in Nat
       /\ Cardinality(S \cap T) \in Nat ,
       Cardinality(S \cap T \cap (S \ T)) = 0 ,
       Cardinality(S) = Cardinality((S \cap T) \cup (S \ T)) ,
       Cardinality((S \cap T) \cup (S \ T))
       = Cardinality(S \cap T)
         + Cardinality(S \ T) - Cardinality(S \cap T \cap (S \ T)) 
PROVE  Cardinality(S \cap T \cap (S \ T)) = 0

@!!END

@!!BEGIN
@!!type:obligation
@!!id:557
@!!loc:776:64:776:66
@!!status:normalized
@!!meth:time-limit: 10
@!!obl:ASSUME NEW CONSTANT S,
       NEW CONSTANT T,
       IsFiniteSet(S) ,
       /\ IsFiniteSet(S \ T)
       /\ IsFiniteSet(S \cap T)
       /\ Cardinality(S \ T) \in Nat
       /\ Cardinality(S \cap T) \in Nat ,
       TRUE 
PROVE  Cardinality(S) = Cardinality((S \cap T) \cup (S \ T))

@!!END

@!!BEGIN
@!!type:obligation
@!!id:558
@!!loc:776:67:776:72
@!!status:trivial
@!!prover:tlapm
@!!already:false
@!!obl:ASSUME NEW CONSTANT S,
       NEW CONSTANT T,
       IsFiniteSet(S) ,
       /\ IsFiniteSet(S \ T)
       /\ IsFiniteSet(S \cap T)
       /\ Cardinality(S \ T) \in Nat
       /\ Cardinality(S \cap T) \in Nat 
PROVE  TRUE

@!!END

@!!BEGIN
@!!type:obligation
@!!id:559
@!!loc:779:5:779:7
@!!status:normalized
@!!meth:time-limit: 10
@!!obl:ASSUME NEW CONSTANT S,
       NEW CONSTANT T,
       IsFiniteSet(S) ,
       /\ IsFiniteSet(S \ T)
       /\ IsFiniteSet(S \cap T)
       /\ Cardinality(S \ T) \in Nat
       /\ Cardinality(S \cap T) \in Nat ,
       ASSUME NEW CONSTANT S_1,
              IsFiniteSet(S_1) ,
              NEW CONSTANT T_1,
              IsFiniteSet(T_1) 
       PROVE  /\ IsFiniteSet(S_1 \cup T_1)
              /\ Cardinality(S_1 \cup T_1)
                 = Cardinality(S_1)
                   + Cardinality(T_1) - Cardinality(S_1 \cap T_1) ,
       TRUE 
PROVE  Cardinality((S \cap T) \cup (S \ T))
       = Cardinality(S \cap T)
         + Cardinality(S \ T) - Cardinality(S \cap T \cap (S \ T))

@!!END

@!!BEGIN
@!!type:obligation
@!!id:560
@!!loc:779:8:779:16
@!!status:trivial
@!!prover:tlapm
@!!already:false
@!!obl:ASSUME ASSUME NEW CONSTANT S,
              IsFiniteSet(S) ,
              NEW CONSTANT T,
              IsFiniteSet(T) 
       PROVE  /\ IsFiniteSet(S \cup T)
              /\ Cardinality(S \cup T)
                 = Cardinality(S) + Cardinality(T) - Cardinality(S \cap T) ,
       NEW CONSTANT S,
       NEW CONSTANT T,
       IsFiniteSet(S) ,
       /\ IsFiniteSet(S \ T)
       /\ IsFiniteSet(S \cap T)
       /\ Cardinality(S \ T) \in Nat
       /\ Cardinality(S \cap T) \in Nat 
PROVE  ASSUME NEW CONSTANT S_1,
              IsFiniteSet(S_1) ,
              NEW CONSTANT T_1,
              IsFiniteSet(T_1) 
       PROVE  /\ IsFiniteSet(S_1 \cup T_1)
              /\ Cardinality(S_1 \cup T_1)
                 = Cardinality(S_1)
                   + Cardinality(T_1) - Cardinality(S_1 \cap T_1)

@!!END

@!!BEGIN
@!!type:obligation
@!!id:561
@!!loc:779:18:779:23
@!!status:trivial
@!!prover:tlapm
@!!already:false
@!!obl:ASSUME NEW CONSTANT S,
       NEW CONSTANT T,
       IsFiniteSet(S) ,
       /\ IsFiniteSet(S \ T)
       /\ IsFiniteSet(S \cap T)
       /\ Cardinality(S \ T) \in Nat
       /\ Cardinality(S \cap T) \in Nat ,
       ASSUME NEW CONSTANT S_1,
              IsFiniteSet(S_1) ,
              NEW CONSTANT T_1,
              IsFiniteSet(T_1) 
       PROVE  /\ IsFiniteSet(S_1 \cup T_1)
              /\ Cardinality(S_1 \cup T_1)
                 = Cardinality(S_1)
                   + Cardinality(T_1) - Cardinality(S_1 \cap T_1) 
PROVE  TRUE

@!!END

@!!BEGIN
@!!type:obligation
@!!id:562
@!!loc:780:51:780:53
@!!status:normalized
@!!meth:time-limit: 10
@!!obl:ASSUME NEW CONSTANT S,
       NEW CONSTANT T,
       IsFiniteSet(S) ,
       /\ IsFiniteSet(S \ T)
       /\ IsFiniteSet(S \cap T)
       /\ Cardinality(S \ T) \in Nat
       /\ Cardinality(S \cap T) \in Nat ,
       /\ IsFiniteSet({})
       /\ Cardinality({}) = 0
       /\ \A S_1 : IsFiniteSet(S_1) => Cardinality(S_1) = 0 <=> S_1 = {} ,
       TRUE 
PROVE  Cardinality(S \cap T \cap (S \ T)) = 0

@!!END

@!!BEGIN
@!!type:obligation
@!!id:559
@!!loc:779:5:779:7
@!!status:proved
@!!prover:zenon
@!!meth:time-limit: 10; time-used: 0.3 (3%)
@!!already:false
@!!obl:
ASSUME NEW CONSTANT S,
       NEW CONSTANT T,
       IsFiniteSet(S) ,
       /\ IsFiniteSet(S \ T)
       /\ IsFiniteSet(S \cap T)
       /\ Cardinality(S \ T) \in Nat
       /\ Cardinality(S \cap T) \in Nat ,
       ASSUME NEW CONSTANT S_1,
              IsFiniteSet(S_1) ,
              NEW CONSTANT T_1,
              IsFiniteSet(T_1) 
       PROVE  /\ IsFiniteSet(S_1 \cup T_1)
              /\ Cardinality(S_1 \cup T_1)
                 = Cardinality(S_1)
                   + Cardinality(T_1) - Cardinality(S_1 \cap T_1) ,
       TRUE 
PROVE  Cardinality((S \cap T) \cup (S \ T))
       = Cardinality(S \cap T)
         + Cardinality(S \ T) - Cardinality(S \cap T \cap (S \ T))

@!!END

@!!BEGIN
@!!type:obligation
@!!id:557
@!!loc:776:64:776:66
@!!status:proved
@!!prover:zenon
@!!meth:time-limit: 10; time-used: 0.3 (3%)
@!!already:false
@!!obl:
ASSUME NEW CONSTANT S,
       NEW CONSTANT T,
       IsFiniteSet(S) ,
       /\ IsFiniteSet(S \ T)
       /\ IsFiniteSet(S \cap T)
       /\ Cardinality(S \ T) \in Nat
       /\ Cardinality(S \cap T) \in Nat ,
       TRUE 
PROVE  Cardinality(S) = Cardinality((S \cap T) \cup (S \ T))

@!!END

@!!BEGIN
@!!type:obligation
@!!id:553
@!!loc:781:13:781:15
@!!status:proved
@!!prover:smt
@!!meth:time-limit: 5; time-used: 0.5 (9%)
@!!already:false
@!!obl:
ASSUME NEW CONSTANT S,
       NEW CONSTANT T,
       IsFiniteSet(S) ,
       /\ IsFiniteSet(S \ T)
       /\ IsFiniteSet(S \cap T)
       /\ Cardinality(S \ T) \in Nat
       /\ Cardinality(S \cap T) \in Nat ,
       Cardinality(S) = Cardinality((S \cap T) \cup (S \ T)) ,
       Cardinality((S \cap T) \cup (S \ T))
       = Cardinality(S \cap T)
         + Cardinality(S \ T) - Cardinality(S \cap T \cap (S \ T)) ,
       Cardinality(S \cap T \cap (S \ T)) = 0 
PROVE  Cardinality(S \ T) = Cardinality(S) - Cardinality(S \cap T)

@!!END

@!!BEGIN
@!!type:obligation
@!!id:549
@!!loc:774:3:774:5
@!!status:proved
@!!prover:zenon
@!!meth:time-limit: 10; time-used: 0.8 (8%)
@!!already:false
@!!obl:
ASSUME NEW CONSTANT S,
       NEW CONSTANT T,
       IsFiniteSet(S) ,
       ASSUME NEW CONSTANT S_1,
              IsFiniteSet(S_1) ,
              NEW CONSTANT T_1 \in SUBSET S_1
       PROVE  /\ IsFiniteSet(T_1)
              /\ Cardinality(T_1) =< Cardinality(S_1)
              /\ Cardinality(S_1) = Cardinality(T_1) => S_1 = T_1 ,
       ASSUME NEW CONSTANT S_1,
              IsFiniteSet(S_1) 
       PROVE  /\ Cardinality(S_1) \in Nat
              /\ ExistsBijection(1..Cardinality(S_1), S_1) ,
       TRUE 
PROVE  /\ IsFiniteSet(S \ T)
       /\ IsFiniteSet(S \cap T)
       /\ Cardinality(S \ T) \in Nat
       /\ Cardinality(S \cap T) \in Nat

@!!END

@!!BEGIN
@!!type:obligation
@!!id:547
@!!loc:782:12:782:14
@!!status:proved
@!!prover:smt
@!!meth:time-limit: 5; time-used: 0.9 (17%)
@!!already:false
@!!obl:
ASSUME NEW CONSTANT S,
       NEW CONSTANT T,
       IsFiniteSet(S) ,
       /\ IsFiniteSet(S \ T)
       /\ IsFiniteSet(S \cap T)
       /\ Cardinality(S \ T) \in Nat
       /\ Cardinality(S \cap T) \in Nat ,
       Cardinality(S \ T) = Cardinality(S) - Cardinality(S \cap T) 
PROVE  /\ IsFiniteSet(S \ T)
       /\ Cardinality(S \ T) = Cardinality(S) - Cardinality(S \cap T)

@!!END

@!!BEGIN
@!!type:obligation
@!!id:545
@!!loc:754:1:754:3
@!!status:proved
@!!prover:smt
@!!meth:time-limit: 5; time-used: 1.0 (19%)
@!!already:false
@!!obl:
ASSUME NEW CONSTANT S,
       IsFiniteSet(S) ,
       NEW CONSTANT T,
       ASSUME NEW CONSTANT S_1,
              IsFiniteSet(S_1) ,
              NEW CONSTANT T_1 \in SUBSET S_1
       PROVE  /\ IsFiniteSet(T_1)
              /\ Cardinality(T_1) =< Cardinality(S_1)
              /\ Cardinality(S_1) = Cardinality(T_1) => S_1 = T_1 
PROVE  /\ IsFiniteSet(S \cap T)
       /\ IsFiniteSet(T \cap S)
       /\ Cardinality(S \cap T) =< Cardinality(S)
       /\ Cardinality(T \cap S) =< Cardinality(S)

@!!END

@!!BEGIN
@!!type:obligation
@!!id:543
@!!loc:733:34:733:36
@!!status:proved
@!!prover:smt
@!!meth:time-limit: 5; time-used: 1.1 (21%)
@!!already:false
@!!obl:
ASSUME NEW CONSTANT U,
       NEW CONSTANT S,
       NEW CONSTANT T,
       IsFiniteSet(U) ,
       S \subseteq U ,
       T \subseteq U ,
       Cardinality(S) + Cardinality(T) > Cardinality(U) ,
       /\ IsFiniteSet(S)
       /\ IsFiniteSet(T)
       /\ Cardinality(S) \in Nat
       /\ Cardinality(T) \in Nat
       /\ Cardinality(U) \in Nat
       /\ Cardinality(S \cap T) \in Nat
       /\ Cardinality(S \cup T) =< Cardinality(U) ,
       Cardinality(S \cup T)
       = Cardinality(S) + Cardinality(T) - Cardinality(S \cap T) 
PROVE  Cardinality(S \cap T) # 0

@!!END

@!!BEGIN
@!!type:obligation
@!!id:540
@!!loc:732:3:732:5
@!!status:proved
@!!prover:zenon
@!!meth:time-limit: 10; time-used: 1.4 (14%)
@!!already:false
@!!obl:
ASSUME NEW CONSTANT U,
       NEW CONSTANT S,
       NEW CONSTANT T,
       IsFiniteSet(U) ,
       S \subseteq U ,
       T \subseteq U ,
       Cardinality(S) + Cardinality(T) > Cardinality(U) ,
       /\ IsFiniteSet(S)
       /\ IsFiniteSet(T)
       /\ Cardinality(S) \in Nat
       /\ Cardinality(T) \in Nat
       /\ Cardinality(U) \in Nat
       /\ Cardinality(S \cap T) \in Nat
       /\ Cardinality(S \cup T) =< Cardinality(U) ,
       ASSUME NEW CONSTANT S_1,
              IsFiniteSet(S_1) ,
              NEW CONSTANT T_1,
              IsFiniteSet(T_1) 
       PROVE  /\ IsFiniteSet(S_1 \cup T_1)
              /\ Cardinality(S_1 \cup T_1)
                 = Cardinality(S_1)
                   + Cardinality(T_1) - Cardinality(S_1 \cap T_1) ,
       TRUE 
PROVE  Cardinality(S \cup T)
       = Cardinality(S) + Cardinality(T) - Cardinality(S \cap T)

@!!END

@!!BEGIN
@!!type:obligation
@!!id:527
@!!loc:702:12:702:14
@!!status:proved
@!!prover:isabelle
@!!meth:blast; time-limit: 30; time-used: 2.0 (7%)
@!!already:false
@!!obl:
ASSUME NEW CONSTANT S,
       IsFiniteSet(S) ,
       NEW CONSTANT T,
       IsFiniteSet(T) ,
       P({}) ,
       ASSUME NEW CONSTANT A \in SUBSET T,
              IsFiniteSet(A) ,
              P(A) ,
              NEW CONSTANT x \in T \ A
       PROVE  P(A \cup {x}) ,
       ASSUME NEW CONSTANT S_1,
              IsFiniteSet(S_1) ,
              NEW CONSTANT P_1(_),
              P_1({}) ,
              ASSUME NEW CONSTANT T_1 \in SUBSET S_1,
                     IsFiniteSet(T_1) ,
                     P_1(T_1) ,
                     NEW CONSTANT x \in S_1 \ T_1
              PROVE  P_1(T_1 \cup {x}) 
       PROVE  P_1(S_1) ,
       TRUE 
PROVE  P(T)

@!!END

@!!BEGIN
@!!type:obligation
@!!id:563
@!!loc:780:54:780:65
@!!status:trivial
@!!prover:tlapm
@!!already:false
@!!obl:ASSUME /\ IsFiniteSet({})
       /\ Cardinality({}) = 0
       /\ \A S : IsFiniteSet(S) => Cardinality(S) = 0 <=> S = {} ,
       NEW CONSTANT S,
       NEW CONSTANT T,
       IsFiniteSet(S) ,
       /\ IsFiniteSet(S \ T)
       /\ IsFiniteSet(S \cap T)
       /\ Cardinality(S \ T) \in Nat
       /\ Cardinality(S \cap T) \in Nat 
PROVE  /\ IsFiniteSet({})
       /\ Cardinality({}) = 0
       /\ \A S_1 : IsFiniteSet(S_1) => Cardinality(S_1) = 0 <=> S_1 = {}

@!!END

@!!BEGIN
@!!type:obligation
@!!id:564
@!!loc:780:67:780:72
@!!status:trivial
@!!prover:tlapm
@!!already:false
@!!obl:ASSUME NEW CONSTANT S,
       NEW CONSTANT T,
       IsFiniteSet(S) ,
       /\ IsFiniteSet(S \ T)
       /\ IsFiniteSet(S \cap T)
       /\ Cardinality(S \ T) \in Nat
       /\ Cardinality(S \cap T) \in Nat ,
       /\ IsFiniteSet({})
       /\ Cardinality({}) = 0
       /\ \A S_1 : IsFiniteSet(S_1) => Cardinality(S_1) = 0 <=> S_1 = {} 
PROVE  TRUE

@!!END

@!!BEGIN
@!!type:obligation
@!!id:565
@!!loc:804:11:804:13
@!!status:normalized
@!!meth:time-limit: 5
@!!obl:ASSUME NEW CONSTANT S,
       IsFiniteSet(S) ,
       \A T \in S : IsFiniteSet(T) ,
       (\A T \in S : IsFiniteSet(T)) => IsFiniteSet(UNION S) 
PROVE  IsFiniteSet(UNION S)

@!!END

@!!BEGIN
@!!type:obligation
@!!id:566
@!!loc:798:14:798:16
@!!status:normalized
@!!meth:time-limit: 10
@!!obl:ASSUME NEW CONSTANT S,
       IsFiniteSet(S) ,
       \A T \in S : IsFiniteSet(T) ,
       /\ IsFiniteSet({})
       /\ Cardinality({}) = 0
       /\ \A S_1 : IsFiniteSet(S_1) => Cardinality(S_1) = 0 <=> S_1 = {} ,
       TRUE 
PROVE  (\A T \in {} : IsFiniteSet(T)) => IsFiniteSet(UNION {})

@!!END

@!!BEGIN
@!!type:obligation
@!!id:567
@!!loc:798:17:798:28
@!!status:trivial
@!!prover:tlapm
@!!already:false
@!!obl:ASSUME /\ IsFiniteSet({})
       /\ Cardinality({}) = 0
       /\ \A S : IsFiniteSet(S) => Cardinality(S) = 0 <=> S = {} ,
       NEW CONSTANT S,
       IsFiniteSet(S) ,
       \A T \in S : IsFiniteSet(T) 
PROVE  /\ IsFiniteSet({})
       /\ Cardinality({}) = 0
       /\ \A S_1 : IsFiniteSet(S_1) => Cardinality(S_1) = 0 <=> S_1 = {}

@!!END

@!!BEGIN
@!!type:obligation
@!!id:568
@!!loc:798:30:798:35
@!!status:trivial
@!!prover:tlapm
@!!already:false
@!!obl:ASSUME NEW CONSTANT S,
       IsFiniteSet(S) ,
       \A T \in S : IsFiniteSet(T) ,
       /\ IsFiniteSet({})
       /\ Cardinality({}) = 0
       /\ \A S_1 : IsFiniteSet(S_1) => Cardinality(S_1) = 0 <=> S_1 = {} 
PROVE  TRUE

@!!END

@!!BEGIN
@!!type:obligation
@!!id:569
@!!loc:801:3:801:5
@!!status:normalized
@!!meth:time-limit: 30
@!!obl:ASSUME NEW CONSTANT S,
       IsFiniteSet(S) ,
       \A T \in S : IsFiniteSet(T) ,
       NEW CONSTANT U \in SUBSET S,
       NEW CONSTANT x \in S \ U,
       (\A T \in U : IsFiniteSet(T)) => IsFiniteSet(UNION U) ,
       ASSUME NEW CONSTANT S_1,
              IsFiniteSet(S_1) ,
              NEW CONSTANT T,
              IsFiniteSet(T) 
       PROVE  /\ IsFiniteSet(S_1 \cup T)
              /\ Cardinality(S_1 \cup T)
                 = Cardinality(S_1)
                   + Cardinality(T) - Cardinality(S_1 \cap T) ,
       TRUE 
PROVE  (\A T \in U \cup {x} : IsFiniteSet(T))
       => IsFiniteSet(UNION (U \cup {x}))

@!!END

@!!BEGIN
@!!type:obligation
@!!id:570
@!!loc:801:6:801:10
@!!status:trivial
@!!prover:tlapm
@!!already:false
@!!obl:ASSUME NEW CONSTANT S,
       IsFiniteSet(S) ,
       \A T \in S : IsFiniteSet(T) ,
       NEW CONSTANT U \in SUBSET S,
       NEW CONSTANT x \in S \ U,
       (\A T \in U : IsFiniteSet(T)) => IsFiniteSet(UNION U) 
PROVE  (\A T \in U : IsFiniteSet(T)) => IsFiniteSet(UNION U)

@!!END

@!!BEGIN
@!!type:obligation
@!!id:571
@!!loc:801:12:801:20
@!!status:trivial
@!!prover:tlapm
@!!already:false
@!!obl:ASSUME ASSUME NEW CONSTANT S,
              IsFiniteSet(S) ,
              NEW CONSTANT T,
              IsFiniteSet(T) 
       PROVE  /\ IsFiniteSet(S \cup T)
              /\ Cardinality(S \cup T)
                 = Cardinality(S) + Cardinality(T) - Cardinality(S \cap T) ,
       NEW CONSTANT S,
       IsFiniteSet(S) ,
       \A T \in S : IsFiniteSet(T) ,
       NEW CONSTANT U \in SUBSET S,
       NEW CONSTANT x \in S \ U,
       (\A T \in U : IsFiniteSet(T)) => IsFiniteSet(UNION U) 
PROVE  ASSUME NEW CONSTANT S_1,
              IsFiniteSet(S_1) ,
              NEW CONSTANT T,
              IsFiniteSet(T) 
       PROVE  /\ IsFiniteSet(S_1 \cup T)
              /\ Cardinality(S_1 \cup T)
                 = Cardinality(S_1)
                   + Cardinality(T) - Cardinality(S_1 \cap T)

@!!END

@!!BEGIN
@!!type:obligation
@!!id:572
@!!loc:801:22:801:25
@!!status:trivial
@!!prover:tlapm
@!!already:false
@!!obl:ASSUME NEW CONSTANT S,
       IsFiniteSet(S) ,
       \A T \in S : IsFiniteSet(T) ,
       NEW CONSTANT U \in SUBSET S,
       NEW CONSTANT x \in S \ U,
       (\A T \in U : IsFiniteSet(T)) => IsFiniteSet(UNION U) ,
       ASSUME NEW CONSTANT S_1,
              IsFiniteSet(S_1) ,
              NEW CONSTANT T,
              IsFiniteSet(T) 
       PROVE  /\ IsFiniteSet(S_1 \cup T)
              /\ Cardinality(S_1 \cup T)
                 = Cardinality(S_1)
                   + Cardinality(T) - Cardinality(S_1 \cap T) 
PROVE  TRUE

@!!END

@!!BEGIN
@!!type:obligation
@!!id:573
@!!loc:803:12:803:14
@!!status:normalized
@!!meth:time-limit: 30
@!!obl:ASSUME NEW CONSTANT S,
       IsFiniteSet(S) ,
       \A T \in S : IsFiniteSet(T) ,
       P({}) ,
       ASSUME NEW CONSTANT U \in SUBSET S,
              P(U) ,
              NEW CONSTANT x \in S \ U
       PROVE  P(U \cup {x}) ,
       ASSUME NEW CONSTANT S_1,
              IsFiniteSet(S_1) ,
              NEW CONSTANT P_1(_),
              P_1({}) ,
              ASSUME NEW CONSTANT T \in SUBSET S_1,
                     IsFiniteSet(T) ,
                     P_1(T) ,
                     NEW CONSTANT x \in S_1 \ T
              PROVE  P_1(T \cup {x}) 
       PROVE  P_1(S_1) ,
       TRUE 
PROVE  P(S)

@!!END

@!!BEGIN
@!!type:obligation
@!!id:574
@!!loc:803:15:803:19
@!!status:trivial
@!!prover:tlapm
@!!already:false
@!!obl:ASSUME NEW CONSTANT S,
       IsFiniteSet(S) ,
       \A T \in S : IsFiniteSet(T) ,
       P({}) 
PROVE  P({})

@!!END

@!!BEGIN
@!!type:obligation
@!!id:575
@!!loc:803:21:803:25
@!!status:trivial
@!!prover:tlapm
@!!already:false
@!!obl:ASSUME NEW CONSTANT S,
       IsFiniteSet(S) ,
       \A T \in S : IsFiniteSet(T) ,
       ASSUME NEW CONSTANT U \in SUBSET S,
              P(U) ,
              NEW CONSTANT x \in S \ U
       PROVE  P(U \cup {x}) ,
       P({}) 
PROVE  ASSUME NEW CONSTANT U \in SUBSET S,
              P(U) ,
              NEW CONSTANT x \in S \ U
       PROVE  P(U \cup {x})

@!!END

@!!BEGIN
@!!type:obligation
@!!id:576
@!!loc:803:27:803:39
@!!status:trivial
@!!prover:tlapm
@!!already:false
@!!obl:ASSUME ASSUME NEW CONSTANT S,
              IsFiniteSet(S) ,
              NEW CONSTANT P(_),
              P({}) ,
              ASSUME NEW CONSTANT T \in SUBSET S,
                     IsFiniteSet(T) ,
                     P(T) ,
                     NEW CONSTANT x \in S \ T
              PROVE  P(T \cup {x}) 
       PROVE  P(S) ,
       NEW CONSTANT S,
       IsFiniteSet(S) ,
       \A T \in S : IsFiniteSet(T) ,
       P({}) ,
       ASSUME NEW CONSTANT U \in SUBSET S,
              P(U) ,
              NEW CONSTANT x \in S \ U
       PROVE  P(U \cup {x}) 
PROVE  ASSUME NEW CONSTANT S_1,
              IsFiniteSet(S_1) ,
              NEW CONSTANT P_1(_),
              P_1({}) ,
              ASSUME NEW CONSTANT T \in SUBSET S_1,
                     IsFiniteSet(T) ,
                     P_1(T) ,
                     NEW CONSTANT x \in S_1 \ T
              PROVE  P_1(T \cup {x}) 
       PROVE  P_1(S_1)

@!!END

@!!BEGIN
@!!type:obligation
@!!id:577
@!!loc:803:41:803:54
@!!status:trivial
@!!prover:tlapm
@!!already:false
@!!obl:ASSUME NEW CONSTANT S,
       IsFiniteSet(S) ,
       \A T \in S : IsFiniteSet(T) ,
       P({}) ,
       ASSUME NEW CONSTANT U \in SUBSET S,
              P(U) ,
              NEW CONSTANT x \in S \ U
       PROVE  P(U \cup {x}) ,
       ASSUME NEW CONSTANT S_1,
              IsFiniteSet(S_1) ,
              NEW CONSTANT P_1(_),
              P_1({}) ,
              ASSUME NEW CONSTANT T \in SUBSET S_1,
                     IsFiniteSet(T) ,
                     P_1(T) ,
                     NEW CONSTANT x \in S_1 \ T
              PROVE  P_1(T \cup {x}) 
       PROVE  P_1(S_1) 
PROVE  TRUE

@!!END

@!!BEGIN
@!!type:obligation
@!!id:578
@!!loc:859:11:859:13
@!!status:normalized
@!!meth:time-limit: 5
@!!obl:ASSUME NEW CONSTANT S,
       IsFiniteSet(S) ,
       NEW CONSTANT T,
       IsFiniteSet(T) ,
       /\ IsFiniteSet(S \X T)
       /\ Cardinality(S \X T) = Cardinality(S) * Cardinality(T) 
PROVE  /\ IsFiniteSet(S \X T)
       /\ Cardinality(S \X T) = Cardinality(S) * Cardinality(T)

@!!END

@!!BEGIN
@!!type:obligation
@!!id:579
@!!loc:830:13:830:15
@!!status:normalized
@!!meth:time-limit: 5
@!!obl:ASSUME NEW CONSTANT S,
       IsFiniteSet(S) ,
       NEW CONSTANT T,
       IsFiniteSet(T) ,
       /\ S \X {} = {}
       /\ IsFiniteSet(S \X {})
       /\ Cardinality(S \X {}) = 0
       /\ Cardinality({}) = 0
       /\ Cardinality(S) \in Nat 
PROVE  /\ IsFiniteSet(S \X {})
       /\ Cardinality(S \X {}) = Cardinality(S) * Cardinality({})

@!!END

@!!BEGIN
@!!type:obligation
@!!id:580
@!!loc:830:16:830:20
@!!status:trivial
@!!prover:tlapm
@!!already:false
@!!obl:ASSUME NEW CONSTANT S,
       IsFiniteSet(S) ,
       NEW CONSTANT T,
       IsFiniteSet(T) ,
       /\ S \X {} = {}
       /\ IsFiniteSet(S \X {})
       /\ Cardinality(S \X {}) = 0
       /\ Cardinality({}) = 0
       /\ Cardinality(S) \in Nat 
PROVE  /\ S \X {} = {}
       /\ IsFiniteSet(S \X {})
       /\ Cardinality(S \X {}) = 0
       /\ Cardinality({}) = 0
       /\ Cardinality(S) \in Nat

@!!END

@!!BEGIN
@!!type:obligation
@!!id:581
@!!loc:829:5:829:7
@!!status:normalized
@!!meth:time-limit: 10
@!!obl:ASSUME NEW CONSTANT S,
       IsFiniteSet(S) ,
       NEW CONSTANT T,
       IsFiniteSet(T) ,
       /\ IsFiniteSet({})
       /\ Cardinality({}) = 0
       /\ \A S_1 : IsFiniteSet(S_1) => Cardinality(S_1) = 0 <=> S_1 = {} ,
       ASSUME NEW CONSTANT S_1,
              IsFiniteSet(S_1) 
       PROVE  /\ Cardinality(S_1) \in Nat
              /\ ExistsBijection(1..Cardinality(S_1), S_1) ,
       TRUE 
PROVE  /\ S \X {} = {}
       /\ IsFiniteSet(S \X {})
       /\ Cardinality(S \X {}) = 0
       /\ Cardinality({}) = 0
       /\ Cardinality(S) \in Nat

@!!END

@!!BEGIN
@!!type:obligation
@!!id:582
@!!loc:829:8:829:19
@!!status:trivial
@!!prover:tlapm
@!!already:false
@!!obl:ASSUME /\ IsFiniteSet({})
       /\ Cardinality({}) = 0
       /\ \A S : IsFiniteSet(S) => Cardinality(S) = 0 <=> S = {} ,
       NEW CONSTANT S,
       IsFiniteSet(S) ,
       NEW CONSTANT T,
       IsFiniteSet(T) 
PROVE  /\ IsFiniteSet({})
       /\ Cardinality({}) = 0
       /\ \A S_1 : IsFiniteSet(S_1) => Cardinality(S_1) = 0 <=> S_1 = {}

@!!END

@!!BEGIN
@!!type:obligation
@!!id:583
@!!loc:829:21:829:39
@!!status:trivial
@!!prover:tlapm
@!!already:false
@!!obl:ASSUME ASSUME NEW CONSTANT S,
              IsFiniteSet(S) 
       PROVE  /\ Cardinality(S) \in Nat
              /\ ExistsBijection(1..Cardinality(S), S) ,
       NEW CONSTANT S,
       IsFiniteSet(S) ,
       NEW CONSTANT T,
       IsFiniteSet(T) ,
       /\ IsFiniteSet({})
       /\ Cardinality({}) = 0
       /\ \A S_1 : IsFiniteSet(S_1) => Cardinality(S_1) = 0 <=> S_1 = {} 
PROVE  ASSUME NEW CONSTANT S_1,
              IsFiniteSet(S_1) 
       PROVE  /\ Cardinality(S_1) \in Nat
              /\ ExistsBijection(1..Cardinality(S_1), S_1)

@!!END

@!!BEGIN
@!!type:obligation
@!!id:584
@!!loc:829:41:829:46
@!!status:trivial
@!!prover:tlapm
@!!already:false
@!!obl:ASSUME NEW CONSTANT S,
       IsFiniteSet(S) ,
       NEW CONSTANT T,
       IsFiniteSet(T) ,
       /\ IsFiniteSet({})
       /\ Cardinality({}) = 0
       /\ \A S_1 : IsFiniteSet(S_1) => Cardinality(S_1) = 0 <=> S_1 = {} ,
       ASSUME NEW CONSTANT S_1,
              IsFiniteSet(S_1) 
       PROVE  /\ Cardinality(S_1) \in Nat
              /\ ExistsBijection(1..Cardinality(S_1), S_1) 
PROVE  TRUE

@!!END

@!!BEGIN
@!!type:obligation
@!!id:585
@!!loc:856:13:856:15
@!!status:normalized
@!!meth:time-limit: 5
@!!obl:ASSUME NEW CONSTANT S,
       IsFiniteSet(S) ,
       NEW CONSTANT T,
       IsFiniteSet(T) ,
       NEW CONSTANT A \in SUBSET T,
       NEW CONSTANT x \in T \ A,
       /\ Cardinality(A) \in Nat
       /\ Cardinality(S) \in Nat ,
       /\ IsFiniteSet(A \cup {x})
       /\ Cardinality(A \cup {x}) = Cardinality(A) + 1 ,
       /\ IsFiniteSet(S \X (A \cup {x}))
       /\ Cardinality(S \X (A \cup {x}))
          = Cardinality(S \X A)
            + Cardinality({<<s, x>> : s \in S})
              - Cardinality(S \X A \cap {<<s, x>> : s \in S}) ,
       /\ IsFiniteSet({<<s, x>> : s \in S})
       /\ Cardinality({<<s, x>> : s \in S}) = Cardinality(S) ,
       Cardinality(S \X A \cap {<<s, x>> : s \in S}) = 0 ,
       /\ IsFiniteSet(S \X A)
       /\ Cardinality(S \X A) = Cardinality(S) * Cardinality(A) 
PROVE  /\ IsFiniteSet(S \X (A \cup {x}))
       /\ Cardinality(S \X (A \cup {x}))
          = Cardinality(S) * Cardinality(A \cup {x})

@!!END

@!!BEGIN
@!!type:obligation
@!!id:586
@!!loc:856:16:856:20
@!!status:trivial
@!!prover:tlapm
@!!already:false
@!!obl:ASSUME NEW CONSTANT S,
       IsFiniteSet(S) ,
       NEW CONSTANT T,
       IsFiniteSet(T) ,
       NEW CONSTANT A \in SUBSET T,
       NEW CONSTANT x \in T \ A,
       /\ Cardinality(A) \in Nat
       /\ Cardinality(S) \in Nat ,
       /\ IsFiniteSet(A \cup {x})
       /\ Cardinality(A \cup {x}) = Cardinality(A) + 1 
PROVE  /\ IsFiniteSet(A \cup {x})
       /\ Cardinality(A \cup {x}) = Cardinality(A) + 1

@!!END

@!!BEGIN
@!!type:obligation
@!!id:587
@!!loc:856:22:856:26
@!!status:trivial
@!!prover:tlapm
@!!already:false
@!!obl:ASSUME NEW CONSTANT S,
       IsFiniteSet(S) ,
       NEW CONSTANT T,
       IsFiniteSet(T) ,
       NEW CONSTANT A \in SUBSET T,
       NEW CONSTANT x \in T \ A,
       /\ Cardinality(A) \in Nat
       /\ Cardinality(S) \in Nat ,
       /\ IsFiniteSet(S \X (A \cup {x}))
       /\ Cardinality(S \X (A \cup {x}))
          = Cardinality(S \X A)
            + Cardinality({<<s, x>> : s \in S})
              - Cardinality(S \X A \cap {<<s, x>> : s \in S}) ,
       /\ IsFiniteSet(A \cup {x})
       /\ Cardinality(A \cup {x}) = Cardinality(A) + 1 
PROVE  /\ IsFiniteSet(S \X (A \cup {x}))
       /\ Cardinality(S \X (A \cup {x}))
          = Cardinality(S \X A)
            + Cardinality({<<s, x>> : s \in S})
              - Cardinality(S \X A \cap {<<s, x>> : s \in S})

@!!END

@!!BEGIN
@!!type:obligation
@!!id:588
@!!loc:856:28:856:32
@!!status:trivial
@!!prover:tlapm
@!!already:false
@!!obl:ASSUME NEW CONSTANT S,
       IsFiniteSet(S) ,
       NEW CONSTANT T,
       IsFiniteSet(T) ,
       NEW CONSTANT A \in SUBSET T,
       NEW CONSTANT x \in T \ A,
       /\ Cardinality(A) \in Nat
       /\ Cardinality(S) \in Nat ,
       /\ IsFiniteSet({<<s, x>> : s \in S})
       /\ Cardinality({<<s, x>> : s \in S}) = Cardinality(S) ,
       /\ IsFiniteSet(A \cup {x})
       /\ Cardinality(A \cup {x}) = Cardinality(A) + 1 ,
       /\ IsFiniteSet(S \X (A \cup {x}))
       /\ Cardinality(S \X (A \cup {x}))
          = Cardinality(S \X A)
            + Cardinality({<<s, x>> : s \in S})
              - Cardinality(S \X A \cap {<<s, x>> : s \in S}) 
PROVE  /\ IsFiniteSet({<<s, x>> : s \in S})
       /\ Cardinality({<<s, x>> : s \in S}) = Cardinality(S)

@!!END

@!!BEGIN
@!!type:obligation
@!!id:589
@!!loc:856:34:856:38
@!!status:trivial
@!!prover:tlapm
@!!already:false
@!!obl:ASSUME NEW CONSTANT S,
       IsFiniteSet(S) ,
       NEW CONSTANT T,
       IsFiniteSet(T) ,
       NEW CONSTANT A \in SUBSET T,
       NEW CONSTANT x \in T \ A,
       /\ Cardinality(A) \in Nat
       /\ Cardinality(S) \in Nat ,
       Cardinality(S \X A \cap {<<s, x>> : s \in S}) = 0 ,
       /\ IsFiniteSet(A \cup {x})
       /\ Cardinality(A \cup {x}) = Cardinality(A) + 1 ,
       /\ IsFiniteSet(S \X (A \cup {x}))
       /\ Cardinality(S \X (A \cup {x}))
          = Cardinality(S \X A)
            + Cardinality({<<s, x>> : s \in S})
              - Cardinality(S \X A \cap {<<s, x>> : s \in S}) ,
       /\ IsFiniteSet({<<s, x>> : s \in S})
       /\ Cardinality({<<s, x>> : s \in S}) = Cardinality(S) 
PROVE  Cardinality(S \X A \cap {<<s, x>> : s \in S}) = 0

@!!END

@!!BEGIN
@!!type:obligation
@!!id:590
@!!loc:856:40:856:44
@!!status:trivial
@!!prover:tlapm
@!!already:false
@!!obl:ASSUME NEW CONSTANT S,
       IsFiniteSet(S) ,
       NEW CONSTANT T,
       IsFiniteSet(T) ,
       NEW CONSTANT A \in SUBSET T,
       /\ IsFiniteSet(S \X A)
       /\ Cardinality(S \X A) = Cardinality(S) * Cardinality(A) ,
       NEW CONSTANT x \in T \ A,
       /\ Cardinality(A) \in Nat
       /\ Cardinality(S) \in Nat ,
       /\ IsFiniteSet(A \cup {x})
       /\ Cardinality(A \cup {x}) = Cardinality(A) + 1 ,
       /\ IsFiniteSet(S \X (A \cup {x}))
       /\ Cardinality(S \X (A \cup {x}))
          = Cardinality(S \X A)
            + Cardinality({<<s, x>> : s \in S})
              - Cardinality(S \X A \cap {<<s, x>> : s \in S}) ,
       /\ IsFiniteSet({<<s, x>> : s \in S})
       /\ Cardinality({<<s, x>> : s \in S}) = Cardinality(S) ,
       Cardinality(S \X A \cap {<<s, x>> : s \in S}) = 0 
PROVE  /\ IsFiniteSet(S \X A)
       /\ Cardinality(S \X A) = Cardinality(S) * Cardinality(A)

@!!END

@!!BEGIN
@!!type:obligation
@!!id:591
@!!loc:835:5:835:7
@!!status:normalized
@!!meth:time-limit: 5
@!!obl:ASSUME NEW CONSTANT S,
       IsFiniteSet(S) ,
       NEW CONSTANT T,
       IsFiniteSet(T) ,
       NEW CONSTANT A \in SUBSET T,
       NEW CONSTANT x \in T \ A,
       /\ IsFiniteSet(A)
       /\ /\ IsFiniteSet(S \X A)
          /\ Cardinality(S \X A) = Cardinality(S) * Cardinality(A) ,
       ASSUME NEW CONSTANT S_1,
              IsFiniteSet(S_1) 
       PROVE  /\ Cardinality(S_1) \in Nat
              /\ ExistsBijection(1..Cardinality(S_1), S_1) ,
       ASSUME NEW CONSTANT S_1,
              IsFiniteSet(S_1) ,
              NEW CONSTANT T_1 \in SUBSET S_1
       PROVE  /\ IsFiniteSet(T_1)
              /\ Cardinality(T_1) =< Cardinality(S_1)
              /\ Cardinality(S_1) = Cardinality(T_1) => S_1 = T_1 
PROVE  /\ Cardinality(A) \in Nat
       /\ Cardinality(S) \in Nat

@!!END

@!!BEGIN
@!!type:obligation
@!!id:585
@!!loc:856:13:856:15
@!!status:proved
@!!prover:smt
@!!meth:time-limit: 5; time-used: 0.5 (10%)
@!!already:false
@!!obl:
ASSUME NEW CONSTANT S,
       IsFiniteSet(S) ,
       NEW CONSTANT T,
       IsFiniteSet(T) ,
       NEW CONSTANT A \in SUBSET T,
       NEW CONSTANT x \in T \ A,
       /\ Cardinality(A) \in Nat
       /\ Cardinality(S) \in Nat ,
       /\ IsFiniteSet(A \cup {x})
       /\ Cardinality(A \cup {x}) = Cardinality(A) + 1 ,
       /\ IsFiniteSet(S \X (A \cup {x}))
       /\ Cardinality(S \X (A \cup {x}))
          = Cardinality(S \X A)
            + Cardinality({<<s, x>> : s \in S})
              - Cardinality(S \X A \cap {<<s, x>> : s \in S}) ,
       /\ IsFiniteSet({<<s, x>> : s \in S})
       /\ Cardinality({<<s, x>> : s \in S}) = Cardinality(S) ,
       Cardinality(S \X A \cap {<<s, x>> : s \in S}) = 0 ,
       /\ IsFiniteSet(S \X A)
       /\ Cardinality(S \X A) = Cardinality(S) * Cardinality(A) 
PROVE  /\ IsFiniteSet(S \X (A \cup {x}))
       /\ Cardinality(S \X (A \cup {x}))
          = Cardinality(S) * Cardinality(A \cup {x})

@!!END

@!!BEGIN
@!!type:obligation
@!!id:581
@!!loc:829:5:829:7
@!!status:proved
@!!prover:zenon
@!!meth:time-limit: 10; time-used: 0.7 (7%)
@!!already:false
@!!obl:
ASSUME NEW CONSTANT S,
       IsFiniteSet(S) ,
       NEW CONSTANT T,
       IsFiniteSet(T) ,
       /\ IsFiniteSet({})
       /\ Cardinality({}) = 0
       /\ \A S_1 : IsFiniteSet(S_1) => Cardinality(S_1) = 0 <=> S_1 = {} ,
       ASSUME NEW CONSTANT S_1,
              IsFiniteSet(S_1) 
       PROVE  /\ Cardinality(S_1) \in Nat
              /\ ExistsBijection(1..Cardinality(S_1), S_1) ,
       TRUE 
PROVE  /\ S \X {} = {}
       /\ IsFiniteSet(S \X {})
       /\ Cardinality(S \X {}) = 0
       /\ Cardinality({}) = 0
       /\ Cardinality(S) \in Nat

@!!END

@!!BEGIN
@!!type:obligation
@!!id:579
@!!loc:830:13:830:15
@!!status:proved
@!!prover:smt
@!!meth:time-limit: 5; time-used: 0.9 (19%)
@!!already:false
@!!obl:
ASSUME NEW CONSTANT S,
       IsFiniteSet(S) ,
       NEW CONSTANT T,
       IsFiniteSet(T) ,
       /\ S \X {} = {}
       /\ IsFiniteSet(S \X {})
       /\ Cardinality(S \X {}) = 0
       /\ Cardinality({}) = 0
       /\ Cardinality(S) \in Nat 
PROVE  /\ IsFiniteSet(S \X {})
       /\ Cardinality(S \X {}) = Cardinality(S) * Cardinality({})

@!!END

@!!BEGIN
@!!type:obligation
@!!id:578
@!!loc:859:11:859:13
@!!status:proved
@!!prover:smt
@!!meth:time-limit: 5; time-used: 1.0 (21%)
@!!already:false
@!!obl:
ASSUME NEW CONSTANT S,
       IsFiniteSet(S) ,
       NEW CONSTANT T,
       IsFiniteSet(T) ,
       /\ IsFiniteSet(S \X T)
       /\ Cardinality(S \X T) = Cardinality(S) * Cardinality(T) 
PROVE  /\ IsFiniteSet(S \X T)
       /\ Cardinality(S \X T) = Cardinality(S) * Cardinality(T)

@!!END

@!!BEGIN
@!!type:obligation
@!!id:566
@!!loc:798:14:798:16
@!!status:proved
@!!prover:zenon
@!!meth:time-limit: 10; time-used: 1.7 (17%)
@!!already:false
@!!obl:
ASSUME NEW CONSTANT S,
       IsFiniteSet(S) ,
       \A T \in S : IsFiniteSet(T) ,
       /\ IsFiniteSet({})
       /\ Cardinality({}) = 0
       /\ \A S_1 : IsFiniteSet(S_1) => Cardinality(S_1) = 0 <=> S_1 = {} ,
       TRUE 
PROVE  (\A T \in {} : IsFiniteSet(T)) => IsFiniteSet(UNION {})

@!!END

@!!BEGIN
@!!type:obligation
@!!id:565
@!!loc:804:11:804:13
@!!status:proved
@!!prover:smt
@!!meth:time-limit: 5; time-used: 1.7 (34%)
@!!already:false
@!!obl:
ASSUME NEW CONSTANT S,
       IsFiniteSet(S) ,
       \A T \in S : IsFiniteSet(T) ,
       (\A T \in S : IsFiniteSet(T)) => IsFiniteSet(UNION S) 
PROVE  IsFiniteSet(UNION S)

@!!END

@!!BEGIN
@!!type:obligation
@!!id:562
@!!loc:780:51:780:53
@!!status:proved
@!!prover:zenon
@!!meth:time-limit: 10; time-used: 1.8 (18%)
@!!already:false
@!!obl:
ASSUME NEW CONSTANT S,
       NEW CONSTANT T,
       IsFiniteSet(S) ,
       /\ IsFiniteSet(S \ T)
       /\ IsFiniteSet(S \cap T)
       /\ Cardinality(S \ T) \in Nat
       /\ Cardinality(S \cap T) \in Nat ,
       /\ IsFiniteSet({})
       /\ Cardinality({}) = 0
       /\ \A S_1 : IsFiniteSet(S_1) => Cardinality(S_1) = 0 <=> S_1 = {} ,
       TRUE 
PROVE  Cardinality(S \cap T \cap (S \ T)) = 0

@!!END

@!!BEGIN
@!!type:obligation
@!!id:592
@!!loc:835:8:835:12
@!!status:trivial
@!!prover:tlapm
@!!already:false
@!!obl:ASSUME NEW CONSTANT S,
       IsFiniteSet(S) ,
       NEW CONSTANT T,
       IsFiniteSet(T) ,
       NEW CONSTANT A \in SUBSET T,
       NEW CONSTANT x \in T \ A,
       /\ IsFiniteSet(A)
       /\ /\ IsFiniteSet(S \X A)
          /\ Cardinality(S \X A) = Cardinality(S) * Cardinality(A) 
PROVE  /\ IsFiniteSet(A)
       /\ /\ IsFiniteSet(S \X A)
          /\ Cardinality(S \X A) = Cardinality(S) * Cardinality(A)

@!!END

@!!BEGIN
@!!type:obligation
@!!id:593
@!!loc:835:14:835:32
@!!status:trivial
@!!prover:tlapm
@!!already:false
@!!obl:ASSUME ASSUME NEW CONSTANT S,
              IsFiniteSet(S) 
       PROVE  /\ Cardinality(S) \in Nat
              /\ ExistsBijection(1..Cardinality(S), S) ,
       NEW CONSTANT S,
       IsFiniteSet(S) ,
       NEW CONSTANT T,
       IsFiniteSet(T) ,
       NEW CONSTANT A \in SUBSET T,
       NEW CONSTANT x \in T \ A,
       /\ IsFiniteSet(A)
       /\ /\ IsFiniteSet(S \X A)
          /\ Cardinality(S \X A) = Cardinality(S) * Cardinality(A) 
PROVE  ASSUME NEW CONSTANT S_1,
              IsFiniteSet(S_1) 
       PROVE  /\ Cardinality(S_1) \in Nat
              /\ ExistsBijection(1..Cardinality(S_1), S_1)

@!!END

@!!BEGIN
@!!type:obligation
@!!id:594
@!!loc:835:34:835:43
@!!status:trivial
@!!prover:tlapm
@!!already:false
@!!obl:ASSUME ASSUME NEW CONSTANT S,
              IsFiniteSet(S) ,
              NEW CONSTANT T \in SUBSET S
       PROVE  /\ IsFiniteSet(T)
              /\ Cardinality(T) =< Cardinality(S)
              /\ Cardinality(S) = Cardinality(T) => S = T ,
       NEW CONSTANT S,
       IsFiniteSet(S) ,
       NEW CONSTANT T,
       IsFiniteSet(T) ,
       NEW CONSTANT A \in SUBSET T,
       NEW CONSTANT x \in T \ A,
       /\ IsFiniteSet(A)
       /\ /\ IsFiniteSet(S \X A)
          /\ Cardinality(S \X A) = Cardinality(S) * Cardinality(A) ,
       ASSUME NEW CONSTANT S_1,
              IsFiniteSet(S_1) 
       PROVE  /\ Cardinality(S_1) \in Nat
              /\ ExistsBijection(1..Cardinality(S_1), S_1) 
PROVE  ASSUME NEW CONSTANT S_1,
              IsFiniteSet(S_1) ,
              NEW CONSTANT T_1 \in SUBSET S_1
       PROVE  /\ IsFiniteSet(T_1)
              /\ Cardinality(T_1) =< Cardinality(S_1)
              /\ Cardinality(S_1) = Cardinality(T_1) => S_1 = T_1

@!!END

@!!BEGIN
@!!type:obligation
@!!id:595
@!!loc:839:5:839:7
@!!status:normalized
@!!meth:time-limit: 10
@!!obl:ASSUME NEW CONSTANT S,
       IsFiniteSet(S) ,
       NEW CONSTANT T,
       IsFiniteSet(T) ,
       NEW CONSTANT A \in SUBSET T,
       NEW CONSTANT x \in T \ A,
       /\ Cardinality(A) \in Nat
       /\ Cardinality(S) \in Nat ,
       /\ IsFiniteSet(A)
       /\ /\ IsFiniteSet(S \X A)
          /\ Cardinality(S \X A) = Cardinality(S) * Cardinality(A) ,
       ASSUME NEW CONSTANT S_1,
              NEW CONSTANT x_1,
              IsFiniteSet(S_1) 
       PROVE  /\ IsFiniteSet(S_1 \cup {x_1})
              /\ Cardinality(S_1 \cup {x_1})
                 = (IF x_1 \in S_1
                      THEN Cardinality(S_1)
                      ELSE Cardinality(S_1) + 1) ,
       TRUE 
PROVE  /\ IsFiniteSet(A \cup {x})
       /\ Cardinality(A \cup {x}) = Cardinality(A) + 1

@!!END

@!!BEGIN
@!!type:obligation
@!!id:596
@!!loc:839:8:839:12
@!!status:trivial
@!!prover:tlapm
@!!already:false
@!!obl:ASSUME NEW CONSTANT S,
       IsFiniteSet(S) ,
       NEW CONSTANT T,
       IsFiniteSet(T) ,
       NEW CONSTANT A \in SUBSET T,
       NEW CONSTANT x \in T \ A,
       /\ IsFiniteSet(A)
       /\ /\ IsFiniteSet(S \X A)
          /\ Cardinality(S \X A) = Cardinality(S) * Cardinality(A) ,
       /\ Cardinality(A) \in Nat
       /\ Cardinality(S) \in Nat 
PROVE  /\ IsFiniteSet(A)
       /\ /\ IsFiniteSet(S \X A)
          /\ Cardinality(S \X A) = Cardinality(S) * Cardinality(A)

@!!END

@!!BEGIN
@!!type:obligation
@!!id:597
@!!loc:839:14:839:27
@!!status:trivial
@!!prover:tlapm
@!!already:false
@!!obl:ASSUME ASSUME NEW CONSTANT S,
              NEW CONSTANT x,
              IsFiniteSet(S) 
       PROVE  /\ IsFiniteSet(S \cup {x})
              /\ Cardinality(S \cup {x})
                 = (IF x \in S THEN Cardinality(S) ELSE Cardinality(S) + 1) ,
       NEW CONSTANT S,
       IsFiniteSet(S) ,
       NEW CONSTANT T,
       IsFiniteSet(T) ,
       NEW CONSTANT A \in SUBSET T,
       NEW CONSTANT x \in T \ A,
       /\ Cardinality(A) \in Nat
       /\ Cardinality(S) \in Nat ,
       /\ IsFiniteSet(A)
       /\ /\ IsFiniteSet(S \X A)
          /\ Cardinality(S \X A) = Cardinality(S) * Cardinality(A) 
PROVE  ASSUME NEW CONSTANT S_1,
              NEW CONSTANT x_1,
              IsFiniteSet(S_1) 
       PROVE  /\ IsFiniteSet(S_1 \cup {x_1})
              /\ Cardinality(S_1 \cup {x_1})
                 = (IF x_1 \in S_1
                      THEN Cardinality(S_1)
                      ELSE Cardinality(S_1) + 1)

@!!END

@!!BEGIN
@!!type:obligation
@!!id:598
@!!loc:839:29:839:34
@!!status:trivial
@!!prover:tlapm
@!!already:false
@!!obl:ASSUME NEW CONSTANT S,
       IsFiniteSet(S) ,
       NEW CONSTANT T,
       IsFiniteSet(T) ,
       NEW CONSTANT A \in SUBSET T,
       NEW CONSTANT x \in T \ A,
       /\ Cardinality(A) \in Nat
       /\ Cardinality(S) \in Nat ,
       /\ IsFiniteSet(A)
       /\ /\ IsFiniteSet(S \X A)
          /\ Cardinality(S \X A) = Cardinality(S) * Cardinality(A) ,
       ASSUME NEW CONSTANT S_1,
              NEW CONSTANT x_1,
              IsFiniteSet(S_1) 
       PROVE  /\ IsFiniteSet(S_1 \cup {x_1})
              /\ Cardinality(S_1 \cup {x_1})
                 = (IF x_1 \in S_1
                      THEN Cardinality(S_1)
                      ELSE Cardinality(S_1) + 1) 
PROVE  TRUE

@!!END

@!!BEGIN
@!!type:obligation
@!!id:599
@!!loc:841:5:841:7
@!!status:normalized
@!!meth:time-limit: 5
@!!obl:ASSUME NEW CONSTANT S,
       IsFiniteSet(S) ,
       NEW CONSTANT T,
       IsFiniteSet(T) ,
       NEW CONSTANT A \in SUBSET T,
       NEW CONSTANT x \in T \ A,
       /\ Cardinality(A) \in Nat
       /\ Cardinality(S) \in Nat ,
       /\ IsFiniteSet(A)
       /\ /\ IsFiniteSet(S \X A)
          /\ Cardinality(S \X A) = Cardinality(S) * Cardinality(A) 
PROVE  S \X (A \cup {x}) = S \X A \cup {<<s, x>> : s \in S}

@!!END

@!!BEGIN
@!!type:obligation
@!!id:600
@!!loc:841:8:841:12
@!!status:trivial
@!!prover:tlapm
@!!already:false
@!!obl:ASSUME NEW CONSTANT S,
       IsFiniteSet(S) ,
       NEW CONSTANT T,
       IsFiniteSet(T) ,
       NEW CONSTANT A \in SUBSET T,
       NEW CONSTANT x \in T \ A,
       /\ IsFiniteSet(A)
       /\ /\ IsFiniteSet(S \X A)
          /\ Cardinality(S \X A) = Cardinality(S) * Cardinality(A) ,
       /\ Cardinality(A) \in Nat
       /\ Cardinality(S) \in Nat 
PROVE  /\ IsFiniteSet(A)
       /\ /\ IsFiniteSet(S \X A)
          /\ Cardinality(S \X A) = Cardinality(S) * Cardinality(A)

@!!END

@!!BEGIN
@!!type:obligation
@!!id:601
@!!loc:846:15:846:17
@!!status:normalized
@!!meth:time-limit: 5
@!!obl:ASSUME NEW CONSTANT S,
       IsFiniteSet(S) ,
       NEW CONSTANT T,
       IsFiniteSet(T) ,
       NEW CONSTANT A \in SUBSET T,
       NEW CONSTANT x \in T \ A,
       /\ Cardinality(A) \in Nat
       /\ Cardinality(S) \in Nat ,
       [s \in S |-> <<s, x>>] \in Bijection(S, {<<s, x>> : s \in S}) 
PROVE  Bijection(S, {<<s, x>> : s \in S}) # {}

@!!END

@!!BEGIN
@!!type:obligation
@!!id:602
@!!loc:845:7:845:9
@!!status:normalized
@!!meth:time-limit: 5
@!!obl:ASSUME NEW CONSTANT S,
       IsFiniteSet(S) ,
       NEW CONSTANT T,
       IsFiniteSet(T) ,
       NEW CONSTANT A \in SUBSET T,
       NEW CONSTANT x \in T \ A,
       /\ Cardinality(A) \in Nat
       /\ Cardinality(S) \in Nat 
PROVE  [s \in S |-> <<s, x>>]
       \in {M \in [S -> {<<s, x>> : s \in S}] :
              \A a, b \in DOMAIN M : M[a] = M[b] => a = b}
           \cap {M \in [S -> {<<s, x>> : s \in S}] :
                   \A t \in {<<s, x>> : s \in S} : \E s \in S : M[s] = t}

@!!END

@!!BEGIN
@!!type:obligation
@!!id:603
@!!loc:849:5:849:7
@!!status:normalized
@!!meth:time-limit: 5
@!!obl:ASSUME NEW CONSTANT S,
       IsFiniteSet(S) ,
       NEW CONSTANT T,
       IsFiniteSet(T) ,
       NEW CONSTANT A \in SUBSET T,
       NEW CONSTANT x \in T \ A,
       /\ Cardinality(A) \in Nat
       /\ Cardinality(S) \in Nat ,
       ExistsBijection(S, {<<s, x>> : s \in S}) ,
       ASSUME NEW CONSTANT S_1,
              NEW CONSTANT T_1,
              IsFiniteSet(S_1) ,
              ExistsBijection(S_1, T_1) 
       PROVE  /\ IsFiniteSet(T_1)
              /\ Cardinality(T_1) = Cardinality(S_1) 
PROVE  /\ IsFiniteSet({<<s, x>> : s \in S})
       /\ Cardinality({<<s, x>> : s \in S}) = Cardinality(S)

@!!END

@!!BEGIN
@!!type:obligation
@!!id:604
@!!loc:849:8:849:12
@!!status:trivial
@!!prover:tlapm
@!!already:false
@!!obl:ASSUME NEW CONSTANT S,
       IsFiniteSet(S) ,
       NEW CONSTANT T,
       IsFiniteSet(T) ,
       NEW CONSTANT A \in SUBSET T,
       NEW CONSTANT x \in T \ A,
       /\ Cardinality(A) \in Nat
       /\ Cardinality(S) \in Nat ,
       ExistsBijection(S, {<<s, x>> : s \in S}) 
PROVE  ExistsBijection(S, {<<s, x>> : s \in S})

@!!END

@!!BEGIN
@!!type:obligation
@!!id:605
@!!loc:849:14:849:26
@!!status:trivial
@!!prover:tlapm
@!!already:false
@!!obl:ASSUME ASSUME NEW CONSTANT S,
              NEW CONSTANT T,
              IsFiniteSet(S) ,
              ExistsBijection(S, T) 
       PROVE  /\ IsFiniteSet(T)
              /\ Cardinality(T) = Cardinality(S) ,
       NEW CONSTANT S,
       IsFiniteSet(S) ,
       NEW CONSTANT T,
       IsFiniteSet(T) ,
       NEW CONSTANT A \in SUBSET T,
       NEW CONSTANT x \in T \ A,
       /\ Cardinality(A) \in Nat
       /\ Cardinality(S) \in Nat ,
       ExistsBijection(S, {<<s, x>> : s \in S}) 
PROVE  ASSUME NEW CONSTANT S_1,
              NEW CONSTANT T_1,
              IsFiniteSet(S_1) ,
              ExistsBijection(S_1, T_1) 
       PROVE  /\ IsFiniteSet(T_1)
              /\ Cardinality(T_1) = Cardinality(S_1)

@!!END

@!!BEGIN
@!!type:obligation
@!!id:606
@!!loc:853:5:853:7
@!!status:normalized
@!!meth:time-limit: 5
@!!obl:ASSUME NEW CONSTANT S,
       IsFiniteSet(S) ,
       NEW CONSTANT T,
       IsFiniteSet(T) ,
       NEW CONSTANT A \in SUBSET T,
       NEW CONSTANT x \in T \ A,
       /\ Cardinality(A) \in Nat
       /\ Cardinality(S) \in Nat ,
       S \X (A \cup {x}) = S \X A \cup {<<s, x>> : s \in S} ,
       /\ IsFiniteSet({<<s, x>> : s \in S})
       /\ Cardinality({<<s, x>> : s \in S}) = Cardinality(S) ,
       /\ IsFiniteSet(S \X A)
       /\ Cardinality(S \X A) = Cardinality(S) * Cardinality(A) ,
       ASSUME NEW CONSTANT S_1,
              IsFiniteSet(S_1) ,
              NEW CONSTANT T_1,
              IsFiniteSet(T_1) 
       PROVE  /\ IsFiniteSet(S_1 \cup T_1)
              /\ Cardinality(S_1 \cup T_1)
                 = Cardinality(S_1)
                   + Cardinality(T_1) - Cardinality(S_1 \cap T_1) 
PROVE  /\ IsFiniteSet(S \X (A \cup {x}))
       /\ Cardinality(S \X (A \cup {x}))
          = Cardinality(S \X A)
            + Cardinality({<<s, x>> : s \in S})
              - Cardinality(S \X A \cap {<<s, x>> : s \in S})

@!!END

@!!BEGIN
@!!type:obligation
@!!id:607
@!!loc:853:8:853:12
@!!status:trivial
@!!prover:tlapm
@!!already:false
@!!obl:ASSUME NEW CONSTANT S,
       IsFiniteSet(S) ,
       NEW CONSTANT T,
       IsFiniteSet(T) ,
       NEW CONSTANT A \in SUBSET T,
       NEW CONSTANT x \in T \ A,
       /\ Cardinality(A) \in Nat
       /\ Cardinality(S) \in Nat ,
       S \X (A \cup {x}) = S \X A \cup {<<s, x>> : s \in S} 
PROVE  S \X (A \cup {x}) = S \X A \cup {<<s, x>> : s \in S}

@!!END

@!!BEGIN
@!!type:obligation
@!!id:608
@!!loc:853:14:853:18
@!!status:trivial
@!!prover:tlapm
@!!already:false
@!!obl:ASSUME NEW CONSTANT S,
       IsFiniteSet(S) ,
       NEW CONSTANT T,
       IsFiniteSet(T) ,
       NEW CONSTANT A \in SUBSET T,
       NEW CONSTANT x \in T \ A,
       /\ Cardinality(A) \in Nat
       /\ Cardinality(S) \in Nat ,
       /\ IsFiniteSet({<<s, x>> : s \in S})
       /\ Cardinality({<<s, x>> : s \in S}) = Cardinality(S) ,
       S \X (A \cup {x}) = S \X A \cup {<<s, x>> : s \in S} 
PROVE  /\ IsFiniteSet({<<s, x>> : s \in S})
       /\ Cardinality({<<s, x>> : s \in S}) = Cardinality(S)

@!!END

@!!BEGIN
@!!type:obligation
@!!id:609
@!!loc:853:20:853:24
@!!status:trivial
@!!prover:tlapm
@!!already:false
@!!obl:ASSUME NEW CONSTANT S,
       IsFiniteSet(S) ,
       NEW CONSTANT T,
       IsFiniteSet(T) ,
       NEW CONSTANT A \in SUBSET T,
       /\ IsFiniteSet(S \X A)
       /\ Cardinality(S \X A) = Cardinality(S) * Cardinality(A) ,
       NEW CONSTANT x \in T \ A,
       /\ Cardinality(A) \in Nat
       /\ Cardinality(S) \in Nat ,
       S \X (A \cup {x}) = S \X A \cup {<<s, x>> : s \in S} ,
       /\ IsFiniteSet({<<s, x>> : s \in S})
       /\ Cardinality({<<s, x>> : s \in S}) = Cardinality(S) 
PROVE  /\ IsFiniteSet(S \X A)
       /\ Cardinality(S \X A) = Cardinality(S) * Cardinality(A)

@!!END

@!!BEGIN
@!!type:obligation
@!!id:610
@!!loc:853:26:853:34
@!!status:trivial
@!!prover:tlapm
@!!already:false
@!!obl:ASSUME ASSUME NEW CONSTANT S,
              IsFiniteSet(S) ,
              NEW CONSTANT T,
              IsFiniteSet(T) 
       PROVE  /\ IsFiniteSet(S \cup T)
              /\ Cardinality(S \cup T)
                 = Cardinality(S) + Cardinality(T) - Cardinality(S \cap T) ,
       NEW CONSTANT S,
       IsFiniteSet(S) ,
       NEW CONSTANT T,
       IsFiniteSet(T) ,
       NEW CONSTANT A \in SUBSET T,
       NEW CONSTANT x \in T \ A,
       /\ Cardinality(A) \in Nat
       /\ Cardinality(S) \in Nat ,
       S \X (A \cup {x}) = S \X A \cup {<<s, x>> : s \in S} ,
       /\ IsFiniteSet({<<s, x>> : s \in S})
       /\ Cardinality({<<s, x>> : s \in S}) = Cardinality(S) ,
       /\ IsFiniteSet(S \X A)
       /\ Cardinality(S \X A) = Cardinality(S) * Cardinality(A) 
PROVE  ASSUME NEW CONSTANT S_1,
              IsFiniteSet(S_1) ,
              NEW CONSTANT T_1,
              IsFiniteSet(T_1) 
       PROVE  /\ IsFiniteSet(S_1 \cup T_1)
              /\ Cardinality(S_1 \cup T_1)
                 = Cardinality(S_1)
                   + Cardinality(T_1) - Cardinality(S_1 \cap T_1)

@!!END

@!!BEGIN
@!!type:obligation
@!!id:611
@!!loc:854:32:854:34
@!!status:normalized
@!!meth:time-limit: 5
@!!obl:ASSUME NEW CONSTANT S,
       IsFiniteSet(S) ,
       NEW CONSTANT T,
       IsFiniteSet(T) ,
       NEW CONSTANT A \in SUBSET T,
       NEW CONSTANT x \in T \ A,
       /\ Cardinality(A) \in Nat
       /\ Cardinality(S) \in Nat ,
       /\ IsFiniteSet(A)
       /\ /\ IsFiniteSet(S \X A)
          /\ Cardinality(S \X A) = Cardinality(S) * Cardinality(A) 
PROVE  S \X A \cap {<<s, x>> : s \in S} = {}

@!!END

@!!BEGIN
@!!type:obligation
@!!id:606
@!!loc:853:5:853:7
@!!status:proved
@!!prover:smt
@!!meth:time-limit: 5; time-used: 0.3 (6%)
@!!already:false
@!!obl:
ASSUME NEW CONSTANT S,
       IsFiniteSet(S) ,
       NEW CONSTANT T,
       IsFiniteSet(T) ,
       NEW CONSTANT A \in SUBSET T,
       NEW CONSTANT x \in T \ A,
       /\ Cardinality(A) \in Nat
       /\ Cardinality(S) \in Nat ,
       S \X (A \cup {x}) = S \X A \cup {<<s, x>> : s \in S} ,
       /\ IsFiniteSet({<<s, x>> : s \in S})
       /\ Cardinality({<<s, x>> : s \in S}) = Cardinality(S) ,
       /\ IsFiniteSet(S \X A)
       /\ Cardinality(S \X A) = Cardinality(S) * Cardinality(A) ,
       ASSUME NEW CONSTANT S_1,
              IsFiniteSet(S_1) ,
              NEW CONSTANT T_1,
              IsFiniteSet(T_1) 
       PROVE  /\ IsFiniteSet(S_1 \cup T_1)
              /\ Cardinality(S_1 \cup T_1)
                 = Cardinality(S_1)
                   + Cardinality(T_1) - Cardinality(S_1 \cap T_1) 
PROVE  /\ IsFiniteSet(S \X (A \cup {x}))
       /\ Cardinality(S \X (A \cup {x}))
          = Cardinality(S \X A)
            + Cardinality({<<s, x>> : s \in S})
              - Cardinality(S \X A \cap {<<s, x>> : s \in S})

@!!END

@!!BEGIN
@!!type:obligation
@!!id:603
@!!loc:849:5:849:7
@!!status:proved
@!!prover:smt
@!!meth:time-limit: 5; time-used: 0.6 (11%)
@!!already:false
@!!obl:
ASSUME NEW CONSTANT S,
       IsFiniteSet(S) ,
       NEW CONSTANT T,
       IsFiniteSet(T) ,
       NEW CONSTANT A \in SUBSET T,
       NEW CONSTANT x \in T \ A,
       /\ Cardinality(A) \in Nat
       /\ Cardinality(S) \in Nat ,
       ExistsBijection(S, {<<s, x>> : s \in S}) ,
       ASSUME NEW CONSTANT S_1,
              NEW CONSTANT T_1,
              IsFiniteSet(S_1) ,
              ExistsBijection(S_1, T_1) 
       PROVE  /\ IsFiniteSet(T_1)
              /\ Cardinality(T_1) = Cardinality(S_1) 
PROVE  /\ IsFiniteSet({<<s, x>> : s \in S})
       /\ Cardinality({<<s, x>> : s \in S}) = Cardinality(S)

@!!END

@!!BEGIN
@!!type:obligation
@!!id:602
@!!loc:845:7:845:9
@!!status:proved
@!!prover:smt
@!!meth:time-limit: 5; time-used: 0.6 (13%)
@!!already:false
@!!obl:
ASSUME NEW CONSTANT S,
       IsFiniteSet(S) ,
       NEW CONSTANT T,
       IsFiniteSet(T) ,
       NEW CONSTANT A \in SUBSET T,
       NEW CONSTANT x \in T \ A,
       /\ Cardinality(A) \in Nat
       /\ Cardinality(S) \in Nat 
PROVE  [s \in S |-> <<s, x>>]
       \in {M \in [S -> {<<s, x>> : s \in S}] :
              \A a, b \in DOMAIN M : M[a] = M[b] => a = b}
           \cap {M \in [S -> {<<s, x>> : s \in S}] :
                   \A t \in {<<s, x>> : s \in S} : \E s \in S : M[s] = t}

@!!END

@!!BEGIN
@!!type:obligation
@!!id:601
@!!loc:846:15:846:17
@!!status:proved
@!!prover:smt
@!!meth:time-limit: 5; time-used: 0.7 (15%)
@!!already:false
@!!obl:
ASSUME NEW CONSTANT S,
       IsFiniteSet(S) ,
       NEW CONSTANT T,
       IsFiniteSet(T) ,
       NEW CONSTANT A \in SUBSET T,
       NEW CONSTANT x \in T \ A,
       /\ Cardinality(A) \in Nat
       /\ Cardinality(S) \in Nat ,
       [s \in S |-> <<s, x>>] \in Bijection(S, {<<s, x>> : s \in S}) 
PROVE  Bijection(S, {<<s, x>> : s \in S}) # {}

@!!END

@!!BEGIN
@!!type:obligation
@!!id:599
@!!loc:841:5:841:7
@!!status:proved
@!!prover:smt
@!!meth:time-limit: 5; time-used: 0.9 (19%)
@!!already:false
@!!obl:
ASSUME NEW CONSTANT S,
       IsFiniteSet(S) ,
       NEW CONSTANT T,
       IsFiniteSet(T) ,
       NEW CONSTANT A \in SUBSET T,
       NEW CONSTANT x \in T \ A,
       /\ Cardinality(A) \in Nat
       /\ Cardinality(S) \in Nat ,
       /\ IsFiniteSet(A)
       /\ /\ IsFiniteSet(S \X A)
          /\ Cardinality(S \X A) = Cardinality(S) * Cardinality(A) 
PROVE  S \X (A \cup {x}) = S \X A \cup {<<s, x>> : s \in S}

@!!END

@!!BEGIN
@!!type:obligation
@!!id:595
@!!loc:839:5:839:7
@!!status:proved
@!!prover:zenon
@!!meth:time-limit: 10; time-used: 1.2 (12%)
@!!already:false
@!!obl:
ASSUME NEW CONSTANT S,
       IsFiniteSet(S) ,
       NEW CONSTANT T,
       IsFiniteSet(T) ,
       NEW CONSTANT A \in SUBSET T,
       NEW CONSTANT x \in T \ A,
       /\ Cardinality(A) \in Nat
       /\ Cardinality(S) \in Nat ,
       /\ IsFiniteSet(A)
       /\ /\ IsFiniteSet(S \X A)
          /\ Cardinality(S \X A) = Cardinality(S) * Cardinality(A) ,
       ASSUME NEW CONSTANT S_1,
              NEW CONSTANT x_1,
              IsFiniteSet(S_1) 
       PROVE  /\ IsFiniteSet(S_1 \cup {x_1})
              /\ Cardinality(S_1 \cup {x_1})
                 = (IF x_1 \in S_1
                      THEN Cardinality(S_1)
                      ELSE Cardinality(S_1) + 1) ,
       TRUE 
PROVE  /\ IsFiniteSet(A \cup {x})
       /\ Cardinality(A \cup {x}) = Cardinality(A) + 1

@!!END

@!!BEGIN
@!!type:obligation
@!!id:591
@!!loc:835:5:835:7
@!!status:proved
@!!prover:smt
@!!meth:time-limit: 5; time-used: 1.4 (29%)
@!!already:false
@!!obl:
ASSUME NEW CONSTANT S,
       IsFiniteSet(S) ,
       NEW CONSTANT T,
       IsFiniteSet(T) ,
       NEW CONSTANT A \in SUBSET T,
       NEW CONSTANT x \in T \ A,
       /\ IsFiniteSet(A)
       /\ /\ IsFiniteSet(S \X A)
          /\ Cardinality(S \X A) = Cardinality(S) * Cardinality(A) ,
       ASSUME NEW CONSTANT S_1,
              IsFiniteSet(S_1) 
       PROVE  /\ Cardinality(S_1) \in Nat
              /\ ExistsBijection(1..Cardinality(S_1), S_1) ,
       ASSUME NEW CONSTANT S_1,
              IsFiniteSet(S_1) ,
              NEW CONSTANT T_1 \in SUBSET S_1
       PROVE  /\ IsFiniteSet(T_1)
              /\ Cardinality(T_1) =< Cardinality(S_1)
              /\ Cardinality(S_1) = Cardinality(T_1) => S_1 = T_1 
PROVE  /\ Cardinality(A) \in Nat
       /\ Cardinality(S) \in Nat

@!!END

@!!BEGIN
@!!type:obligation
@!!id:573
@!!loc:803:12:803:14
@!!status:proved
@!!prover:isabelle
@!!meth:blast; time-limit: 30; time-used: 2.7 (9%)
@!!already:false
@!!obl:
ASSUME NEW CONSTANT S,
       IsFiniteSet(S) ,
       \A T \in S : IsFiniteSet(T) ,
       P({}) ,
       ASSUME NEW CONSTANT U \in SUBSET S,
              P(U) ,
              NEW CONSTANT x \in S \ U
       PROVE  P(U \cup {x}) ,
       ASSUME NEW CONSTANT S_1,
              IsFiniteSet(S_1) ,
              NEW CONSTANT P_1(_),
              P_1({}) ,
              ASSUME NEW CONSTANT T \in SUBSET S_1,
                     IsFiniteSet(T) ,
                     P_1(T) ,
                     NEW CONSTANT x \in S_1 \ T
              PROVE  P_1(T \cup {x}) 
       PROVE  P_1(S_1) ,
       TRUE 
PROVE  P(S)

@!!END

@!!BEGIN
@!!type:obligation
@!!id:569
@!!loc:801:3:801:5
@!!status:proved
@!!prover:isabelle
@!!meth:auto; time-limit: 30; time-used: 3.0 (10%)
@!!already:false
@!!obl:
ASSUME NEW CONSTANT S,
       IsFiniteSet(S) ,
       \A T \in S : IsFiniteSet(T) ,
       NEW CONSTANT U \in SUBSET S,
       NEW CONSTANT x \in S \ U,
       (\A T \in U : IsFiniteSet(T)) => IsFiniteSet(UNION U) ,
       ASSUME NEW CONSTANT S_1,
              IsFiniteSet(S_1) ,
              NEW CONSTANT T,
              IsFiniteSet(T) 
       PROVE  /\ IsFiniteSet(S_1 \cup T)
              /\ Cardinality(S_1 \cup T)
                 = Cardinality(S_1)
                   + Cardinality(T) - Cardinality(S_1 \cap T) ,
       TRUE 
PROVE  (\A T \in U \cup {x} : IsFiniteSet(T))
       => IsFiniteSet(UNION (U \cup {x}))

@!!END

@!!BEGIN
@!!type:obligation
@!!id:612
@!!loc:854:35:854:39
@!!status:trivial
@!!prover:tlapm
@!!already:false
@!!obl:ASSUME NEW CONSTANT S,
       IsFiniteSet(S) ,
       NEW CONSTANT T,
       IsFiniteSet(T) ,
       NEW CONSTANT A \in SUBSET T,
       NEW CONSTANT x \in T \ A,
       /\ IsFiniteSet(A)
       /\ /\ IsFiniteSet(S \X A)
          /\ Cardinality(S \X A) = Cardinality(S) * Cardinality(A) ,
       /\ Cardinality(A) \in Nat
       /\ Cardinality(S) \in Nat 
PROVE  /\ IsFiniteSet(A)
       /\ /\ IsFiniteSet(S \X A)
          /\ Cardinality(S \X A) = Cardinality(S) * Cardinality(A)

@!!END

@!!BEGIN
@!!type:obligation
@!!id:613
@!!loc:855:44:855:46
@!!status:normalized
@!!meth:time-limit: 5
@!!obl:ASSUME NEW CONSTANT S,
       IsFiniteSet(S) ,
       NEW CONSTANT T,
       IsFiniteSet(T) ,
       NEW CONSTANT A \in SUBSET T,
       NEW CONSTANT x \in T \ A,
       /\ Cardinality(A) \in Nat
       /\ Cardinality(S) \in Nat ,
       S \X A \cap {<<s, x>> : s \in S} = {} ,
       /\ IsFiniteSet({})
       /\ Cardinality({}) = 0
       /\ \A S_1 : IsFiniteSet(S_1) => Cardinality(S_1) = 0 <=> S_1 = {} 
PROVE  Cardinality(S \X A \cap {<<s, x>> : s \in S}) = 0

@!!END

@!!BEGIN
@!!type:obligation
@!!id:614
@!!loc:855:47:855:51
@!!status:trivial
@!!prover:tlapm
@!!already:false
@!!obl:ASSUME NEW CONSTANT S,
       IsFiniteSet(S) ,
       NEW CONSTANT T,
       IsFiniteSet(T) ,
       NEW CONSTANT A \in SUBSET T,
       NEW CONSTANT x \in T \ A,
       /\ Cardinality(A) \in Nat
       /\ Cardinality(S) \in Nat ,
       S \X A \cap {<<s, x>> : s \in S} = {} 
PROVE  S \X A \cap {<<s, x>> : s \in S} = {}

@!!END

@!!BEGIN
@!!type:obligation
@!!id:615
@!!loc:855:53:855:64
@!!status:trivial
@!!prover:tlapm
@!!already:false
@!!obl:ASSUME /\ IsFiniteSet({})
       /\ Cardinality({}) = 0
       /\ \A S : IsFiniteSet(S) => Cardinality(S) = 0 <=> S = {} ,
       NEW CONSTANT S,
       IsFiniteSet(S) ,
       NEW CONSTANT T,
       IsFiniteSet(T) ,
       NEW CONSTANT A \in SUBSET T,
       NEW CONSTANT x \in T \ A,
       /\ Cardinality(A) \in Nat
       /\ Cardinality(S) \in Nat ,
       S \X A \cap {<<s, x>> : s \in S} = {} 
PROVE  /\ IsFiniteSet({})
       /\ Cardinality({}) = 0
       /\ \A S_1 : IsFiniteSet(S_1) => Cardinality(S_1) = 0 <=> S_1 = {}

@!!END

@!!BEGIN
@!!type:obligation
@!!id:616
@!!loc:858:12:858:14
@!!status:proved
@!!prover:isabelle
@!!meth:blast; time-limit: 30
@!!already:true
@!!obl:ASSUME NEW CONSTANT S,
       IsFiniteSet(S) ,
       NEW CONSTANT T,
       IsFiniteSet(T) ,
       P({}) ,
       ASSUME NEW CONSTANT A \in SUBSET T,
              IsFiniteSet(A) ,
              P(A) ,
              NEW CONSTANT x \in T \ A
       PROVE  P(A \cup {x}) ,
       ASSUME NEW CONSTANT S_1,
              IsFiniteSet(S_1) ,
              NEW CONSTANT P_1(_),
              P_1({}) ,
              ASSUME NEW CONSTANT T_1 \in SUBSET S_1,
                     IsFiniteSet(T_1) ,
                     P_1(T_1) ,
                     NEW CONSTANT x \in S_1 \ T_1
              PROVE  P_1(T_1 \cup {x}) 
       PROVE  P_1(S_1) ,
       IsaM("blast") 
PROVE  P(T)

@!!END

@!!BEGIN
@!!type:obligation
@!!id:617
@!!loc:858:15:858:19
@!!status:trivial
@!!prover:tlapm
@!!already:false
@!!obl:ASSUME NEW CONSTANT S,
       IsFiniteSet(S) ,
       NEW CONSTANT T,
       IsFiniteSet(T) ,
       P({}) 
PROVE  P({})

@!!END

@!!BEGIN
@!!type:obligation
@!!id:618
@!!loc:858:21:858:25
@!!status:trivial
@!!prover:tlapm
@!!already:false
@!!obl:ASSUME NEW CONSTANT S,
       IsFiniteSet(S) ,
       NEW CONSTANT T,
       IsFiniteSet(T) ,
       ASSUME NEW CONSTANT A \in SUBSET T,
              IsFiniteSet(A) ,
              P(A) ,
              NEW CONSTANT x \in T \ A
       PROVE  P(A \cup {x}) ,
       P({}) 
PROVE  ASSUME NEW CONSTANT A \in SUBSET T,
              IsFiniteSet(A) ,
              P(A) ,
              NEW CONSTANT x \in T \ A
       PROVE  P(A \cup {x})

@!!END

@!!BEGIN
@!!type:obligation
@!!id:619
@!!loc:858:27:858:39
@!!status:trivial
@!!prover:tlapm
@!!already:false
@!!obl:ASSUME ASSUME NEW CONSTANT S,
              IsFiniteSet(S) ,
              NEW CONSTANT P(_),
              P({}) ,
              ASSUME NEW CONSTANT T \in SUBSET S,
                     IsFiniteSet(T) ,
                     P(T) ,
                     NEW CONSTANT x \in S \ T
              PROVE  P(T \cup {x}) 
       PROVE  P(S) ,
       NEW CONSTANT S,
       IsFiniteSet(S) ,
       NEW CONSTANT T,
       IsFiniteSet(T) ,
       P({}) ,
       ASSUME NEW CONSTANT A \in SUBSET T,
              IsFiniteSet(A) ,
              P(A) ,
              NEW CONSTANT x \in T \ A
       PROVE  P(A \cup {x}) 
PROVE  ASSUME NEW CONSTANT S_1,
              IsFiniteSet(S_1) ,
              NEW CONSTANT P_1(_),
              P_1({}) ,
              ASSUME NEW CONSTANT T_1 \in SUBSET S_1,
                     IsFiniteSet(T_1) ,
                     P_1(T_1) ,
                     NEW CONSTANT x \in S_1 \ T_1
              PROVE  P_1(T_1 \cup {x}) 
       PROVE  P_1(S_1)

@!!END

@!!BEGIN
@!!type:obligation
@!!id:620
@!!loc:858:41:858:54
@!!status:trivial
@!!prover:tlapm
@!!already:false
@!!obl:ASSUME NEW CONSTANT S,
       IsFiniteSet(S) ,
       NEW CONSTANT T,
       IsFiniteSet(T) ,
       P({}) ,
       ASSUME NEW CONSTANT A \in SUBSET T,
              IsFiniteSet(A) ,
              P(A) ,
              NEW CONSTANT x \in T \ A
       PROVE  P(A \cup {x}) ,
       ASSUME NEW CONSTANT S_1,
              IsFiniteSet(S_1) ,
              NEW CONSTANT P_1(_),
              P_1({}) ,
              ASSUME NEW CONSTANT T_1 \in SUBSET S_1,
                     IsFiniteSet(T_1) ,
                     P_1(T_1) ,
                     NEW CONSTANT x \in S_1 \ T_1
              PROVE  P_1(T_1 \cup {x}) 
       PROVE  P_1(S_1) 
PROVE  TRUE

@!!END

@!!BEGIN
@!!type:obligation
@!!id:621
@!!loc:914:11:914:13
@!!status:normalized
@!!meth:time-limit: 5
@!!obl:ASSUME NEW CONSTANT S,
       IsFiniteSet(S) ,
       /\ IsFiniteSet(SUBSET S)
       /\ Cardinality(SUBSET S) = 2 ^ Cardinality(S) 
PROVE  /\ IsFiniteSet(SUBSET S)
       /\ Cardinality(SUBSET S) = 2 ^ Cardinality(S)

@!!END

@!!BEGIN
@!!type:obligation
@!!id:622
@!!loc:881:13:881:15
@!!status:normalized
@!!meth:time-limit: 10
@!!obl:ASSUME NEW CONSTANT S,
       IsFiniteSet(S) ,
       /\ IsFiniteSet({{}})
       /\ Cardinality({{}}) = 1 ,
       /\ IsFiniteSet({})
       /\ Cardinality({}) = 0
       /\ \A S_1 : IsFiniteSet(S_1) => Cardinality(S_1) = 0 <=> S_1 = {} ,
       ASSUME NEW CONSTANT n \in Nat
       PROVE  /\ 2 ^ 0 = 1
              /\ 2 ^ (n + 1) = 2 ^ n + 2 ^ n ,
       TRUE 
PROVE  /\ IsFiniteSet(SUBSET {})
       /\ Cardinality(SUBSET {}) = 2 ^ Cardinality({})

@!!END

@!!BEGIN
@!!type:obligation
@!!id:623
@!!loc:881:16:881:27
@!!status:trivial
@!!prover:tlapm
@!!already:false
@!!obl:ASSUME /\ IsFiniteSet({})
       /\ Cardinality({}) = 0
       /\ \A S : IsFiniteSet(S) => Cardinality(S) = 0 <=> S = {} ,
       NEW CONSTANT S,
       IsFiniteSet(S) ,
       /\ IsFiniteSet({{}})
       /\ Cardinality({{}}) = 1 
PROVE  /\ IsFiniteSet({})
       /\ Cardinality({}) = 0
       /\ \A S_1 : IsFiniteSet(S_1) => Cardinality(S_1) = 0 <=> S_1 = {}

@!!END

@!!BEGIN
@!!type:obligation
@!!id:624
@!!loc:881:29:881:40
@!!status:trivial
@!!prover:tlapm
@!!already:false
@!!obl:ASSUME ASSUME NEW CONSTANT n \in Nat
       PROVE  /\ 2 ^ 0 = 1
              /\ 2 ^ (n + 1) = 2 ^ n + 2 ^ n ,
       NEW CONSTANT S,
       IsFiniteSet(S) ,
       /\ IsFiniteSet({{}})
       /\ Cardinality({{}}) = 1 ,
       /\ IsFiniteSet({})
       /\ Cardinality({}) = 0
       /\ \A S_1 : IsFiniteSet(S_1) => Cardinality(S_1) = 0 <=> S_1 = {} 
PROVE  ASSUME NEW CONSTANT n \in Nat
       PROVE  /\ 2 ^ 0 = 1
              /\ 2 ^ (n + 1) = 2 ^ n + 2 ^ n

@!!END

@!!BEGIN
@!!type:obligation
@!!id:625
@!!loc:881:42:881:47
@!!status:trivial
@!!prover:tlapm
@!!already:false
@!!obl:ASSUME NEW CONSTANT S,
       IsFiniteSet(S) ,
       /\ IsFiniteSet({{}})
       /\ Cardinality({{}}) = 1 ,
       /\ IsFiniteSet({})
       /\ Cardinality({}) = 0
       /\ \A S_1 : IsFiniteSet(S_1) => Cardinality(S_1) = 0 <=> S_1 = {} ,
       ASSUME NEW CONSTANT n \in Nat
       PROVE  /\ 2 ^ 0 = 1
              /\ 2 ^ (n + 1) = 2 ^ n + 2 ^ n 
PROVE  TRUE

@!!END

@!!BEGIN
@!!type:obligation
@!!id:626
@!!loc:880:5:880:7
@!!status:normalized
@!!meth:time-limit: 10
@!!obl:ASSUME NEW CONSTANT S,
       IsFiniteSet(S) ,
       /\ \A x : IsFiniteSet({x}) /\ Cardinality({x}) = 1
       /\ \A S_1 :
             IsFiniteSet(S_1) => Cardinality(S_1) = 1 <=> (\E x : S_1 = {x}) ,
       TRUE 
PROVE  /\ IsFiniteSet({{}})
       /\ Cardinality({{}}) = 1

@!!END

@!!BEGIN
@!!type:obligation
@!!id:627
@!!loc:880:8:880:20
@!!status:trivial
@!!prover:tlapm
@!!already:false
@!!obl:ASSUME /\ \A x : IsFiniteSet({x}) /\ Cardinality({x}) = 1
       /\ \A S : IsFiniteSet(S) => Cardinality(S) = 1 <=> (\E x : S = {x}) ,
       NEW CONSTANT S,
       IsFiniteSet(S) 
PROVE  /\ \A x : IsFiniteSet({x}) /\ Cardinality({x}) = 1
       /\ \A S_1 :
             IsFiniteSet(S_1) => Cardinality(S_1) = 1 <=> (\E x : S_1 = {x})

@!!END

@!!BEGIN
@!!type:obligation
@!!id:628
@!!loc:880:22:880:27
@!!status:trivial
@!!prover:tlapm
@!!already:false
@!!obl:ASSUME NEW CONSTANT S,
       IsFiniteSet(S) ,
       /\ \A x : IsFiniteSet({x}) /\ Cardinality({x}) = 1
       /\ \A S_1 :
             IsFiniteSet(S_1) => Cardinality(S_1) = 1 <=> (\E x : S_1 = {x}) 
PROVE  TRUE

@!!END

@!!BEGIN
@!!type:obligation
@!!id:629
@!!loc:911:13:911:15
@!!status:normalized
@!!meth:time-limit: 5
@!!obl:ASSUME NEW CONSTANT S,
       IsFiniteSet(S) ,
       NEW CONSTANT A \in SUBSET S,
       NEW CONSTANT x \in S \ A,
       2 ^ Cardinality(A \cup {x}) = 2 ^ Cardinality(A) + 2 ^ Cardinality(A) ,
       /\ IsFiniteSet({B \cup {x} : B \in SUBSET A})
       /\ Cardinality({B \cup {x} : B \in SUBSET A}) = Cardinality(SUBSET A) ,
       /\ IsFiniteSet(SUBSET (A \cup {x}))
       /\ Cardinality(SUBSET (A \cup {x}))
          = Cardinality(SUBSET A)
            + Cardinality({B \cup {x} : B \in SUBSET A})
              - Cardinality((SUBSET A) \cap {B \cup {x} : B \in SUBSET A}) ,
       Cardinality((SUBSET A) \cap {B \cup {x} : B \in SUBSET A}) = 0 ,
       /\ IsFiniteSet(SUBSET A)
       /\ Cardinality(SUBSET A) = 2 ^ Cardinality(A) ,
       ASSUME NEW CONSTANT S_1,
              IsFiniteSet(S_1) 
       PROVE  /\ Cardinality(S_1) \in Nat
              /\ ExistsBijection(1..Cardinality(S_1), S_1) 
PROVE  /\ IsFiniteSet(SUBSET (A \cup {x}))
       /\ Cardinality(SUBSET (A \cup {x})) = 2 ^ Cardinality(A \cup {x})

@!!END

@!!BEGIN
@!!type:obligation
@!!id:630
@!!loc:911:16:911:20
@!!status:trivial
@!!prover:tlapm
@!!already:false
@!!obl:ASSUME NEW CONSTANT S,
       IsFiniteSet(S) ,
       NEW CONSTANT A \in SUBSET S,
       NEW CONSTANT x \in S \ A,
       2 ^ Cardinality(A \cup {x}) = 2 ^ Cardinality(A) + 2 ^ Cardinality(A) 
PROVE  2 ^ Cardinality(A \cup {x}) = 2 ^ Cardinality(A) + 2 ^ Cardinality(A)

@!!END

@!!BEGIN
@!!type:obligation
@!!id:631
@!!loc:911:22:911:26
@!!status:trivial
@!!prover:tlapm
@!!already:false
@!!obl:ASSUME NEW CONSTANT S,
       IsFiniteSet(S) ,
       NEW CONSTANT A \in SUBSET S,
       NEW CONSTANT x \in S \ A,
       /\ IsFiniteSet({B \cup {x} : B \in SUBSET A})
       /\ Cardinality({B \cup {x} : B \in SUBSET A}) = Cardinality(SUBSET A) ,
       2 ^ Cardinality(A \cup {x}) = 2 ^ Cardinality(A) + 2 ^ Cardinality(A) 
PROVE  /\ IsFiniteSet({B \cup {x} : B \in SUBSET A})
       /\ Cardinality({B \cup {x} : B \in SUBSET A}) = Cardinality(SUBSET A)

@!!END

@!!BEGIN
@!!type:obligation
@!!id:632
@!!loc:911:28:911:32
@!!status:trivial
@!!prover:tlapm
@!!already:false
@!!obl:ASSUME NEW CONSTANT S,
       IsFiniteSet(S) ,
       NEW CONSTANT A \in SUBSET S,
       NEW CONSTANT x \in S \ A,
       /\ IsFiniteSet(SUBSET (A \cup {x}))
       /\ Cardinality(SUBSET (A \cup {x}))
          = Cardinality(SUBSET A)
            + Cardinality({B \cup {x} : B \in SUBSET A})
              - Cardinality((SUBSET A) \cap {B \cup {x} : B \in SUBSET A}) ,
       2 ^ Cardinality(A \cup {x}) = 2 ^ Cardinality(A) + 2 ^ Cardinality(A) ,
       /\ IsFiniteSet({B \cup {x} : B \in SUBSET A})
       /\ Cardinality({B \cup {x} : B \in SUBSET A}) = Cardinality(SUBSET A) 
PROVE  /\ IsFiniteSet(SUBSET (A \cup {x}))
       /\ Cardinality(SUBSET (A \cup {x}))
          = Cardinality(SUBSET A)
            + Cardinality({B \cup {x} : B \in SUBSET A})
              - Cardinality((SUBSET A) \cap {B \cup {x} : B \in SUBSET A})

@!!END

@!!BEGIN
@!!type:obligation
@!!id:633
@!!loc:911:34:911:38
@!!status:trivial
@!!prover:tlapm
@!!already:false
@!!obl:ASSUME NEW CONSTANT S,
       IsFiniteSet(S) ,
       NEW CONSTANT A \in SUBSET S,
       NEW CONSTANT x \in S \ A,
       Cardinality((SUBSET A) \cap {B \cup {x} : B \in SUBSET A}) = 0 ,
       2 ^ Cardinality(A \cup {x}) = 2 ^ Cardinality(A) + 2 ^ Cardinality(A) ,
       /\ IsFiniteSet({B \cup {x} : B \in SUBSET A})
       /\ Cardinality({B \cup {x} : B \in SUBSET A}) = Cardinality(SUBSET A) ,
       /\ IsFiniteSet(SUBSET (A \cup {x}))
       /\ Cardinality(SUBSET (A \cup {x}))
          = Cardinality(SUBSET A)
            + Cardinality({B \cup {x} : B \in SUBSET A})
              - Cardinality((SUBSET A) \cap {B \cup {x} : B \in SUBSET A}) 
PROVE  Cardinality((SUBSET A) \cap {B \cup {x} : B \in SUBSET A}) = 0

@!!END

@!!BEGIN
@!!type:obligation
@!!id:634
@!!loc:911:40:911:44
@!!status:trivial
@!!prover:tlapm
@!!already:false
@!!obl:ASSUME NEW CONSTANT S,
       IsFiniteSet(S) ,
       NEW CONSTANT A \in SUBSET S,
       /\ IsFiniteSet(SUBSET A)
       /\ Cardinality(SUBSET A) = 2 ^ Cardinality(A) ,
       NEW CONSTANT x \in S \ A,
       2 ^ Cardinality(A \cup {x}) = 2 ^ Cardinality(A) + 2 ^ Cardinality(A) ,
       /\ IsFiniteSet({B \cup {x} : B \in SUBSET A})
       /\ Cardinality({B \cup {x} : B \in SUBSET A}) = Cardinality(SUBSET A) ,
       /\ IsFiniteSet(SUBSET (A \cup {x}))
       /\ Cardinality(SUBSET (A \cup {x}))
          = Cardinality(SUBSET A)
            + Cardinality({B \cup {x} : B \in SUBSET A})
              - Cardinality((SUBSET A) \cap {B \cup {x} : B \in SUBSET A}) ,
       Cardinality((SUBSET A) \cap {B \cup {x} : B \in SUBSET A}) = 0 
PROVE  /\ IsFiniteSet(SUBSET A)
       /\ Cardinality(SUBSET A) = 2 ^ Cardinality(A)

@!!END

@!!BEGIN
@!!type:obligation
@!!id:635
@!!loc:911:46:911:64
@!!status:trivial
@!!prover:tlapm
@!!already:false
@!!obl:ASSUME ASSUME NEW CONSTANT S,
              IsFiniteSet(S) 
       PROVE  /\ Cardinality(S) \in Nat
              /\ ExistsBijection(1..Cardinality(S), S) ,
       NEW CONSTANT S,
       IsFiniteSet(S) ,
       NEW CONSTANT A \in SUBSET S,
       NEW CONSTANT x \in S \ A,
       2 ^ Cardinality(A \cup {x}) = 2 ^ Cardinality(A) + 2 ^ Cardinality(A) ,
       /\ IsFiniteSet({B \cup {x} : B \in SUBSET A})
       /\ Cardinality({B \cup {x} : B \in SUBSET A}) = Cardinality(SUBSET A) ,
       /\ IsFiniteSet(SUBSET (A \cup {x}))
       /\ Cardinality(SUBSET (A \cup {x}))
          = Cardinality(SUBSET A)
            + Cardinality({B \cup {x} : B \in SUBSET A})
              - Cardinality((SUBSET A) \cap {B \cup {x} : B \in SUBSET A}) ,
       Cardinality((SUBSET A) \cap {B \cup {x} : B \in SUBSET A}) = 0 ,
       /\ IsFiniteSet(SUBSET A)
       /\ Cardinality(SUBSET A) = 2 ^ Cardinality(A) 
PROVE  ASSUME NEW CONSTANT S_1,
              IsFiniteSet(S_1) 
       PROVE  /\ Cardinality(S_1) \in Nat
              /\ ExistsBijection(1..Cardinality(S_1), S_1)

@!!END

@!!BEGIN
@!!type:obligation
@!!id:636
@!!loc:885:55:885:57
@!!status:normalized
@!!meth:time-limit: 10
@!!obl:ASSUME NEW CONSTANT S,
       IsFiniteSet(S) ,
       NEW CONSTANT A \in SUBSET S,
       NEW CONSTANT x \in S \ A,
       /\ IsFiniteSet(A)
       /\ /\ IsFiniteSet(SUBSET A)
          /\ Cardinality(SUBSET A) = 2 ^ Cardinality(A) ,
       ASSUME NEW CONSTANT S_1,
              NEW CONSTANT x_1,
              IsFiniteSet(S_1) 
       PROVE  /\ IsFiniteSet(S_1 \cup {x_1})
              /\ Cardinality(S_1 \cup {x_1})
                 = (IF x_1 \in S_1
                      THEN Cardinality(S_1)
                      ELSE Cardinality(S_1) + 1) ,
       TRUE 
PROVE  Cardinality(A \cup {x}) = Cardinality(A) + 1

@!!END

@!!BEGIN
@!!type:obligation
@!!id:637
@!!loc:885:58:885:62
@!!status:trivial
@!!prover:tlapm
@!!already:false
@!!obl:ASSUME NEW CONSTANT S,
       IsFiniteSet(S) ,
       NEW CONSTANT A \in SUBSET S,
       NEW CONSTANT x \in S \ A,
       /\ IsFiniteSet(A)
       /\ /\ IsFiniteSet(SUBSET A)
          /\ Cardinality(SUBSET A) = 2 ^ Cardinality(A) 
PROVE  /\ IsFiniteSet(A)
       /\ /\ IsFiniteSet(SUBSET A)
          /\ Cardinality(SUBSET A) = 2 ^ Cardinality(A)

@!!END

@!!BEGIN
@!!type:obligation
@!!id:638
@!!loc:885:64:885:77
@!!status:trivial
@!!prover:tlapm
@!!already:false
@!!obl:ASSUME ASSUME NEW CONSTANT S,
              NEW CONSTANT x,
              IsFiniteSet(S) 
       PROVE  /\ IsFiniteSet(S \cup {x})
              /\ Cardinality(S \cup {x})
                 = (IF x \in S THEN Cardinality(S) ELSE Cardinality(S) + 1) ,
       NEW CONSTANT S,
       IsFiniteSet(S) ,
       NEW CONSTANT A \in SUBSET S,
       NEW CONSTANT x \in S \ A,
       /\ IsFiniteSet(A)
       /\ /\ IsFiniteSet(SUBSET A)
          /\ Cardinality(SUBSET A) = 2 ^ Cardinality(A) 
PROVE  ASSUME NEW CONSTANT S_1,
              NEW CONSTANT x_1,
              IsFiniteSet(S_1) 
       PROVE  /\ IsFiniteSet(S_1 \cup {x_1})
              /\ Cardinality(S_1 \cup {x_1})
                 = (IF x_1 \in S_1
                      THEN Cardinality(S_1)
                      ELSE Cardinality(S_1) + 1)

@!!END

@!!BEGIN
@!!type:obligation
@!!id:639
@!!loc:885:79:885:84
@!!status:trivial
@!!prover:tlapm
@!!already:false
@!!obl:ASSUME NEW CONSTANT S,
       IsFiniteSet(S) ,
       NEW CONSTANT A \in SUBSET S,
       NEW CONSTANT x \in S \ A,
       /\ IsFiniteSet(A)
       /\ /\ IsFiniteSet(SUBSET A)
          /\ Cardinality(SUBSET A) = 2 ^ Cardinality(A) ,
       ASSUME NEW CONSTANT S_1,
              NEW CONSTANT x_1,
              IsFiniteSet(S_1) 
       PROVE  /\ IsFiniteSet(S_1 \cup {x_1})
              /\ Cardinality(S_1 \cup {x_1})
                 = (IF x_1 \in S_1
                      THEN Cardinality(S_1)
                      ELSE Cardinality(S_1) + 1) 
PROVE  TRUE

@!!END

@!!BEGIN
@!!type:obligation
@!!id:640
@!!loc:887:5:887:7
@!!status:normalized
@!!meth:time-limit: 10
@!!obl:ASSUME NEW CONSTANT S,
       IsFiniteSet(S) ,
       NEW CONSTANT A \in SUBSET S,
       NEW CONSTANT x \in S \ A,
       Cardinality(A \cup {x}) = Cardinality(A) + 1 ,
       /\ IsFiniteSet(A)
       /\ /\ IsFiniteSet(SUBSET A)
          /\ Cardinality(SUBSET A) = 2 ^ Cardinality(A) ,
       ASSUME NEW CONSTANT S_1,
              IsFiniteSet(S_1) 
       PROVE  /\ Cardinality(S_1) \in Nat
              /\ ExistsBijection(1..Cardinality(S_1), S_1) ,
       ASSUME NEW CONSTANT n \in Nat
       PROVE  /\ 2 ^ 0 = 1
              /\ 2 ^ (n + 1) = 2 ^ n + 2 ^ n ,
       TRUE 
PROVE  2 ^ Cardinality(A \cup {x}) = 2 ^ Cardinality(A) + 2 ^ Cardinality(A)

@!!END

@!!BEGIN
@!!type:obligation
@!!id:641
@!!loc:887:8:887:12
@!!status:trivial
@!!prover:tlapm
@!!already:false
@!!obl:ASSUME NEW CONSTANT S,
       IsFiniteSet(S) ,
       NEW CONSTANT A \in SUBSET S,
       NEW CONSTANT x \in S \ A,
       Cardinality(A \cup {x}) = Cardinality(A) + 1 
PROVE  Cardinality(A \cup {x}) = Cardinality(A) + 1

@!!END

@!!BEGIN
@!!type:obligation
@!!id:642
@!!loc:887:14:887:18
@!!status:trivial
@!!prover:tlapm
@!!already:false
@!!obl:ASSUME NEW CONSTANT S,
       IsFiniteSet(S) ,
       NEW CONSTANT A \in SUBSET S,
       NEW CONSTANT x \in S \ A,
       /\ IsFiniteSet(A)
       /\ /\ IsFiniteSet(SUBSET A)
          /\ Cardinality(SUBSET A) = 2 ^ Cardinality(A) ,
       Cardinality(A \cup {x}) = Cardinality(A) + 1 
PROVE  /\ IsFiniteSet(A)
       /\ /\ IsFiniteSet(SUBSET A)
          /\ Cardinality(SUBSET A) = 2 ^ Cardinality(A)

@!!END

@!!BEGIN
@!!type:obligation
@!!id:643
@!!loc:887:20:887:38
@!!status:trivial
@!!prover:tlapm
@!!already:false
@!!obl:ASSUME ASSUME NEW CONSTANT S,
              IsFiniteSet(S) 
       PROVE  /\ Cardinality(S) \in Nat
              /\ ExistsBijection(1..Cardinality(S), S) ,
       NEW CONSTANT S,
       IsFiniteSet(S) ,
       NEW CONSTANT A \in SUBSET S,
       NEW CONSTANT x \in S \ A,
       Cardinality(A \cup {x}) = Cardinality(A) + 1 ,
       /\ IsFiniteSet(A)
       /\ /\ IsFiniteSet(SUBSET A)
          /\ Cardinality(SUBSET A) = 2 ^ Cardinality(A) 
PROVE  ASSUME NEW CONSTANT S_1,
              IsFiniteSet(S_1) 
       PROVE  /\ Cardinality(S_1) \in Nat
              /\ ExistsBijection(1..Cardinality(S_1), S_1)

@!!END

@!!BEGIN
@!!type:obligation
@!!id:644
@!!loc:887:40:887:51
@!!status:trivial
@!!prover:tlapm
@!!already:false
@!!obl:ASSUME ASSUME NEW CONSTANT n \in Nat
       PROVE  /\ 2 ^ 0 = 1
              /\ 2 ^ (n + 1) = 2 ^ n + 2 ^ n ,
       NEW CONSTANT S,
       IsFiniteSet(S) ,
       NEW CONSTANT A \in SUBSET S,
       NEW CONSTANT x \in S \ A,
       Cardinality(A \cup {x}) = Cardinality(A) + 1 ,
       /\ IsFiniteSet(A)
       /\ /\ IsFiniteSet(SUBSET A)
          /\ Cardinality(SUBSET A) = 2 ^ Cardinality(A) ,
       ASSUME NEW CONSTANT S_1,
              IsFiniteSet(S_1) 
       PROVE  /\ Cardinality(S_1) \in Nat
              /\ ExistsBijection(1..Cardinality(S_1), S_1) 
PROVE  ASSUME NEW CONSTANT n \in Nat
       PROVE  /\ 2 ^ 0 = 1
              /\ 2 ^ (n + 1) = 2 ^ n + 2 ^ n

@!!END

@!!BEGIN
@!!type:obligation
@!!id:645
@!!loc:887:53:887:58
@!!status:trivial
@!!prover:tlapm
@!!already:false
@!!obl:ASSUME NEW CONSTANT S,
       IsFiniteSet(S) ,
       NEW CONSTANT A \in SUBSET S,
       NEW CONSTANT x \in S \ A,
       Cardinality(A \cup {x}) = Cardinality(A) + 1 ,
       /\ IsFiniteSet(A)
       /\ /\ IsFiniteSet(SUBSET A)
          /\ Cardinality(SUBSET A) = 2 ^ Cardinality(A) ,
       ASSUME NEW CONSTANT S_1,
              IsFiniteSet(S_1) 
       PROVE  /\ Cardinality(S_1) \in Nat
              /\ ExistsBijection(1..Cardinality(S_1), S_1) ,
       ASSUME NEW CONSTANT n \in Nat
       PROVE  /\ 2 ^ 0 = 1
              /\ 2 ^ (n + 1) = 2 ^ n + 2 ^ n 
PROVE  TRUE

@!!END

@!!BEGIN
@!!type:obligation
@!!id:646
@!!loc:888:51:888:53
@!!status:normalized
@!!meth:time-limit: 30
@!!obl:ASSUME NEW CONSTANT S,
       IsFiniteSet(S) ,
       NEW CONSTANT A \in SUBSET S,
       NEW CONSTANT x \in S \ A,
       /\ IsFiniteSet(A)
       /\ /\ IsFiniteSet(SUBSET A)
          /\ Cardinality(SUBSET A) = 2 ^ Cardinality(A) ,
       TRUE 
PROVE  SUBSET (A \cup {x}) = (SUBSET A) \cup {B \cup {x} : B \in SUBSET A}

@!!END

@!!BEGIN
@!!type:obligation
@!!id:647
@!!loc:888:54:888:58
@!!status:trivial
@!!prover:tlapm
@!!already:false
@!!obl:ASSUME NEW CONSTANT S,
       IsFiniteSet(S) ,
       NEW CONSTANT A \in SUBSET S,
       NEW CONSTANT x \in S \ A,
       /\ IsFiniteSet(A)
       /\ /\ IsFiniteSet(SUBSET A)
          /\ Cardinality(SUBSET A) = 2 ^ Cardinality(A) 
PROVE  /\ IsFiniteSet(A)
       /\ /\ IsFiniteSet(SUBSET A)
          /\ Cardinality(SUBSET A) = 2 ^ Cardinality(A)

@!!END

@!!BEGIN
@!!type:obligation
@!!id:648
@!!loc:888:60:888:63
@!!status:trivial
@!!prover:tlapm
@!!already:false
@!!obl:ASSUME NEW CONSTANT S,
       IsFiniteSet(S) ,
       NEW CONSTANT A \in SUBSET S,
       NEW CONSTANT x \in S \ A,
       /\ IsFiniteSet(A)
       /\ /\ IsFiniteSet(SUBSET A)
          /\ Cardinality(SUBSET A) = 2 ^ Cardinality(A) 
PROVE  TRUE

@!!END

@!!BEGIN
@!!type:obligation
@!!id:649
@!!loc:901:15:901:17
@!!status:normalized
@!!meth:time-limit: 10
@!!obl:ASSUME NEW CONSTANT S,
       IsFiniteSet(S) ,
       NEW CONSTANT A \in SUBSET S,
       NEW CONSTANT x \in S \ A,
       [B \in SUBSET A |-> B \cup {x}]
       \in Bijection(SUBSET A, {B \cup {x} : B \in SUBSET A}) ,
       TRUE 
PROVE  Bijection(SUBSET A, {B \cup {x} : B \in SUBSET A}) # {}

@!!END

@!!BEGIN
@!!type:obligation
@!!id:640
@!!loc:887:5:887:7
@!!status:proved
@!!prover:zenon
@!!meth:time-limit: 10; time-used: 0.4 (4%)
@!!already:false
@!!obl:
ASSUME NEW CONSTANT S,
       IsFiniteSet(S) ,
       NEW CONSTANT A \in SUBSET S,
       NEW CONSTANT x \in S \ A,
       Cardinality(A \cup {x}) = Cardinality(A) + 1 ,
       /\ IsFiniteSet(A)
       /\ /\ IsFiniteSet(SUBSET A)
          /\ Cardinality(SUBSET A) = 2 ^ Cardinality(A) ,
       ASSUME NEW CONSTANT S_1,
              IsFiniteSet(S_1) 
       PROVE  /\ Cardinality(S_1) \in Nat
              /\ ExistsBijection(1..Cardinality(S_1), S_1) ,
       ASSUME NEW CONSTANT n \in Nat
       PROVE  /\ 2 ^ 0 = 1
              /\ 2 ^ (n + 1) = 2 ^ n + 2 ^ n ,
       TRUE 
PROVE  2 ^ Cardinality(A \cup {x}) = 2 ^ Cardinality(A) + 2 ^ Cardinality(A)

@!!END

@!!BEGIN
@!!type:obligation
@!!id:636
@!!loc:885:55:885:57
@!!status:proved
@!!prover:zenon
@!!meth:time-limit: 10; time-used: 0.7 (7%)
@!!already:false
@!!obl:
ASSUME NEW CONSTANT S,
       IsFiniteSet(S) ,
       NEW CONSTANT A \in SUBSET S,
       NEW CONSTANT x \in S \ A,
       /\ IsFiniteSet(A)
       /\ /\ IsFiniteSet(SUBSET A)
          /\ Cardinality(SUBSET A) = 2 ^ Cardinality(A) ,
       ASSUME NEW CONSTANT S_1,
              NEW CONSTANT x_1,
              IsFiniteSet(S_1) 
       PROVE  /\ IsFiniteSet(S_1 \cup {x_1})
              /\ Cardinality(S_1 \cup {x_1})
                 = (IF x_1 \in S_1
                      THEN Cardinality(S_1)
                      ELSE Cardinality(S_1) + 1) ,
       TRUE 
PROVE  Cardinality(A \cup {x}) = Cardinality(A) + 1

@!!END

@!!BEGIN
@!!type:obligation
@!!id:629
@!!loc:911:13:911:15
@!!status:proved
@!!prover:smt
@!!meth:time-limit: 5; time-used: 1.0 (20%)
@!!already:false
@!!obl:
ASSUME NEW CONSTANT S,
       IsFiniteSet(S) ,
       NEW CONSTANT A \in SUBSET S,
       NEW CONSTANT x \in S \ A,
       2 ^ Cardinality(A \cup {x}) = 2 ^ Cardinality(A) + 2 ^ Cardinality(A) ,
       /\ IsFiniteSet({B \cup {x} : B \in SUBSET A})
       /\ Cardinality({B \cup {x} : B \in SUBSET A}) = Cardinality(SUBSET A) ,
       /\ IsFiniteSet(SUBSET (A \cup {x}))
       /\ Cardinality(SUBSET (A \cup {x}))
          = Cardinality(SUBSET A)
            + Cardinality({B \cup {x} : B \in SUBSET A})
              - Cardinality((SUBSET A) \cap {B \cup {x} : B \in SUBSET A}) ,
       Cardinality((SUBSET A) \cap {B \cup {x} : B \in SUBSET A}) = 0 ,
       /\ IsFiniteSet(SUBSET A)
       /\ Cardinality(SUBSET A) = 2 ^ Cardinality(A) ,
       ASSUME NEW CONSTANT S_1,
              IsFiniteSet(S_1) 
       PROVE  /\ Cardinality(S_1) \in Nat
              /\ ExistsBijection(1..Cardinality(S_1), S_1) 
PROVE  /\ IsFiniteSet(SUBSET (A \cup {x}))
       /\ Cardinality(SUBSET (A \cup {x})) = 2 ^ Cardinality(A \cup {x})

@!!END

@!!BEGIN
@!!type:obligation
@!!id:626
@!!loc:880:5:880:7
@!!status:proved
@!!prover:zenon
@!!meth:time-limit: 10; time-used: 1.2 (12%)
@!!already:false
@!!obl:
ASSUME NEW CONSTANT S,
       IsFiniteSet(S) ,
       /\ \A x : IsFiniteSet({x}) /\ Cardinality({x}) = 1
       /\ \A S_1 :
             IsFiniteSet(S_1) => Cardinality(S_1) = 1 <=> (\E x : S_1 = {x}) ,
       TRUE 
PROVE  /\ IsFiniteSet({{}})
       /\ Cardinality({{}}) = 1

@!!END

@!!BEGIN
@!!type:obligation
@!!id:622
@!!loc:881:13:881:15
@!!status:proved
@!!prover:zenon
@!!meth:time-limit: 10; time-used: 1.4 (14%)
@!!already:false
@!!obl:
ASSUME NEW CONSTANT S,
       IsFiniteSet(S) ,
       /\ IsFiniteSet({{}})
       /\ Cardinality({{}}) = 1 ,
       /\ IsFiniteSet({})
       /\ Cardinality({}) = 0
       /\ \A S_1 : IsFiniteSet(S_1) => Cardinality(S_1) = 0 <=> S_1 = {} ,
       ASSUME NEW CONSTANT n \in Nat
       PROVE  /\ 2 ^ 0 = 1
              /\ 2 ^ (n + 1) = 2 ^ n + 2 ^ n ,
       TRUE 
PROVE  /\ IsFiniteSet(SUBSET {})
       /\ Cardinality(SUBSET {}) = 2 ^ Cardinality({})

@!!END

@!!BEGIN
@!!type:obligation
@!!id:621
@!!loc:914:11:914:13
@!!status:proved
@!!prover:smt
@!!meth:time-limit: 5; time-used: 1.5 (29%)
@!!already:false
@!!obl:
ASSUME NEW CONSTANT S,
       IsFiniteSet(S) ,
       /\ IsFiniteSet(SUBSET S)
       /\ Cardinality(SUBSET S) = 2 ^ Cardinality(S) 
PROVE  /\ IsFiniteSet(SUBSET S)
       /\ Cardinality(SUBSET S) = 2 ^ Cardinality(S)

@!!END

@!!BEGIN
@!!type:obligation
@!!id:613
@!!loc:855:44:855:46
@!!status:proved
@!!prover:smt
@!!meth:time-limit: 5; time-used: 1.9 (38%)
@!!already:false
@!!obl:
ASSUME NEW CONSTANT S,
       IsFiniteSet(S) ,
       NEW CONSTANT T,
       IsFiniteSet(T) ,
       NEW CONSTANT A \in SUBSET T,
       NEW CONSTANT x \in T \ A,
       /\ Cardinality(A) \in Nat
       /\ Cardinality(S) \in Nat ,
       S \X A \cap {<<s, x>> : s \in S} = {} ,
       /\ IsFiniteSet({})
       /\ Cardinality({}) = 0
       /\ \A S_1 : IsFiniteSet(S_1) => Cardinality(S_1) = 0 <=> S_1 = {} 
PROVE  Cardinality(S \X A \cap {<<s, x>> : s \in S}) = 0

@!!END

@!!BEGIN
@!!type:obligation
@!!id:611
@!!loc:854:32:854:34
@!!status:proved
@!!prover:smt
@!!meth:time-limit: 5; time-used: 2.1 (41%)
@!!already:false
@!!obl:
ASSUME NEW CONSTANT S,
       IsFiniteSet(S) ,
       NEW CONSTANT T,
       IsFiniteSet(T) ,
       NEW CONSTANT A \in SUBSET T,
       NEW CONSTANT x \in T \ A,
       /\ Cardinality(A) \in Nat
       /\ Cardinality(S) \in Nat ,
       /\ IsFiniteSet(A)
       /\ /\ IsFiniteSet(S \X A)
          /\ Cardinality(S \X A) = Cardinality(S) * Cardinality(A) 
PROVE  S \X A \cap {<<s, x>> : s \in S} = {}

@!!END

@!!BEGIN
@!!type:obligation
@!!id:650
@!!loc:901:18:901:22
@!!status:trivial
@!!prover:tlapm
@!!already:false
@!!obl:ASSUME NEW CONSTANT S,
       IsFiniteSet(S) ,
       NEW CONSTANT A \in SUBSET S,
       NEW CONSTANT x \in S \ A,
       [B \in SUBSET A |-> B \cup {x}]
       \in Bijection(SUBSET A, {B \cup {x} : B \in SUBSET A}) 
PROVE  [B \in SUBSET A |-> B \cup {x}]
       \in Bijection(SUBSET A, {B \cup {x} : B \in SUBSET A})

@!!END

@!!BEGIN
@!!type:obligation
@!!id:651
@!!loc:901:24:901:29
@!!status:trivial
@!!prover:tlapm
@!!already:false
@!!obl:ASSUME NEW CONSTANT S,
       IsFiniteSet(S) ,
       NEW CONSTANT A \in SUBSET S,
       NEW CONSTANT x \in S \ A,
       [B \in SUBSET A |-> B \cup {x}]
       \in Bijection(SUBSET A, {B \cup {x} : B \in SUBSET A}) 
PROVE  TRUE

@!!END

@!!BEGIN
@!!type:obligation
@!!id:652
@!!loc:897:17:897:19
@!!status:normalized
@!!meth:time-limit: 10
@!!obl:ASSUME NEW CONSTANT S,
       IsFiniteSet(S) ,
       NEW CONSTANT A \in SUBSET S,
       NEW CONSTANT x \in S \ A,
       [B \in SUBSET A |-> B \cup {x}]
       \in [SUBSET A -> {B \cup {x} : B \in SUBSET A}] ,
       ASSUME NEW CONSTANT B \in SUBSET A,
              NEW CONSTANT C \in SUBSET A,
              [B_1 \in SUBSET A |-> B_1 \cup {x}][B]
              = [B_1 \in SUBSET A |-> B_1 \cup {x}][C] 
       PROVE  B = C ,
       ASSUME NEW CONSTANT S_1,
              NEW CONSTANT T,
              NEW CONSTANT F \in [S_1 -> T],
              \A a, b \in S_1 : F[a] = F[b] => a = b 
       PROVE  F \in Injection(S_1, T) ,
       TRUE 
PROVE  [B \in SUBSET A |-> B \cup {x}]
       \in Injection(SUBSET A, {B \cup {x} : B \in SUBSET A})

@!!END

@!!BEGIN
@!!type:obligation
@!!id:653
@!!loc:897:20:897:24
@!!status:trivial
@!!prover:tlapm
@!!already:false
@!!obl:ASSUME NEW CONSTANT S,
       IsFiniteSet(S) ,
       NEW CONSTANT A \in SUBSET S,
       NEW CONSTANT x \in S \ A,
       [B \in SUBSET A |-> B \cup {x}]
       \in [SUBSET A -> {B \cup {x} : B \in SUBSET A}] 
PROVE  [B \in SUBSET A |-> B \cup {x}]
       \in [SUBSET A -> {B \cup {x} : B \in SUBSET A}]

@!!END

@!!BEGIN
@!!type:obligation
@!!id:654
@!!loc:897:26:897:30
@!!status:trivial
@!!prover:tlapm
@!!already:false
@!!obl:ASSUME NEW CONSTANT S,
       IsFiniteSet(S) ,
       NEW CONSTANT A \in SUBSET S,
       NEW CONSTANT x \in S \ A,
       ASSUME NEW CONSTANT B \in SUBSET A,
              NEW CONSTANT C \in SUBSET A,
              [B_1 \in SUBSET A |-> B_1 \cup {x}][B]
              = [B_1 \in SUBSET A |-> B_1 \cup {x}][C] 
       PROVE  B = C ,
       [B \in SUBSET A |-> B \cup {x}]
       \in [SUBSET A -> {B \cup {x} : B \in SUBSET A}] 
PROVE  ASSUME NEW CONSTANT B \in SUBSET A,
              NEW CONSTANT C \in SUBSET A,
              [B_1 \in SUBSET A |-> B_1 \cup {x}][B]
              = [B_1 \in SUBSET A |-> B_1 \cup {x}][C] 
       PROVE  B = C

@!!END

@!!BEGIN
@!!type:obligation
@!!id:655
@!!loc:897:32:897:41
@!!status:trivial
@!!prover:tlapm
@!!already:false
@!!obl:ASSUME ASSUME NEW CONSTANT S,
              NEW CONSTANT T,
              NEW CONSTANT F \in [S -> T],
              \A a, b \in S : F[a] = F[b] => a = b 
       PROVE  F \in Injection(S, T) ,
       NEW CONSTANT S,
       IsFiniteSet(S) ,
       NEW CONSTANT A \in SUBSET S,
       NEW CONSTANT x \in S \ A,
       [B \in SUBSET A |-> B \cup {x}]
       \in [SUBSET A -> {B \cup {x} : B \in SUBSET A}] ,
       ASSUME NEW CONSTANT B \in SUBSET A,
              NEW CONSTANT C \in SUBSET A,
              [B_1 \in SUBSET A |-> B_1 \cup {x}][B]
              = [B_1 \in SUBSET A |-> B_1 \cup {x}][C] 
       PROVE  B = C 
PROVE  ASSUME NEW CONSTANT S_1,
              NEW CONSTANT T,
              NEW CONSTANT F \in [S_1 -> T],
              \A a, b \in S_1 : F[a] = F[b] => a = b 
       PROVE  F \in Injection(S_1, T)

@!!END

@!!BEGIN
@!!type:obligation
@!!id:656
@!!loc:897:43:897:48
@!!status:trivial
@!!prover:tlapm
@!!already:false
@!!obl:ASSUME NEW CONSTANT S,
       IsFiniteSet(S) ,
       NEW CONSTANT A \in SUBSET S,
       NEW CONSTANT x \in S \ A,
       [B \in SUBSET A |-> B \cup {x}]
       \in [SUBSET A -> {B \cup {x} : B \in SUBSET A}] ,
       ASSUME NEW CONSTANT B \in SUBSET A,
              NEW CONSTANT C \in SUBSET A,
              [B_1 \in SUBSET A |-> B_1 \cup {x}][B]
              = [B_1 \in SUBSET A |-> B_1 \cup {x}][C] 
       PROVE  B = C ,
       ASSUME NEW CONSTANT S_1,
              NEW CONSTANT T,
              NEW CONSTANT F \in [S_1 -> T],
              \A a, b \in S_1 : F[a] = F[b] => a = b 
       PROVE  F \in Injection(S_1, T) 
PROVE  TRUE

@!!END

@!!BEGIN
@!!type:obligation
@!!id:657
@!!loc:893:9:893:11
@!!status:normalized
@!!meth:time-limit: 10
@!!obl:ASSUME NEW CONSTANT S,
       IsFiniteSet(S) ,
       NEW CONSTANT A \in SUBSET S,
       NEW CONSTANT x \in S \ A,
       TRUE 
PROVE  [B \in SUBSET A |-> B \cup {x}]
       \in [SUBSET A -> {B \cup {x} : B \in SUBSET A}]

@!!END

@!!BEGIN
@!!type:obligation
@!!id:658
@!!loc:893:12:893:17
@!!status:trivial
@!!prover:tlapm
@!!already:false
@!!obl:ASSUME NEW CONSTANT S,
       IsFiniteSet(S) ,
       NEW CONSTANT A \in SUBSET S,
       NEW CONSTANT x \in S \ A
PROVE  TRUE

@!!END

@!!BEGIN
@!!type:obligation
@!!id:659
@!!loc:896:9:896:11
@!!status:normalized
@!!meth:time-limit: 10
@!!obl:ASSUME NEW CONSTANT S,
       IsFiniteSet(S) ,
       NEW CONSTANT A \in SUBSET S,
       NEW CONSTANT x \in S \ A,
       NEW CONSTANT B \in SUBSET A,
       NEW CONSTANT C \in SUBSET A,
       [B_1 \in SUBSET A |-> B_1 \cup {x}][B]
       = [B_1 \in SUBSET A |-> B_1 \cup {x}][C] ,
       /\ IsFiniteSet(A)
       /\ /\ IsFiniteSet(SUBSET A)
          /\ Cardinality(SUBSET A) = 2 ^ Cardinality(A) ,
       TRUE 
PROVE  B = C

@!!END

@!!BEGIN
@!!type:obligation
@!!id:660
@!!loc:896:12:896:16
@!!status:trivial
@!!prover:tlapm
@!!already:false
@!!obl:ASSUME NEW CONSTANT S,
       IsFiniteSet(S) ,
       NEW CONSTANT A \in SUBSET S,
       NEW CONSTANT x \in S \ A,
       NEW CONSTANT B \in SUBSET A,
       NEW CONSTANT C \in SUBSET A,
       [B_1 \in SUBSET A |-> B_1 \cup {x}][B]
       = [B_1 \in SUBSET A |-> B_1 \cup {x}][C] 
PROVE  [B_1 \in SUBSET A |-> B_1 \cup {x}][B]
       = [B_1 \in SUBSET A |-> B_1 \cup {x}][C]

@!!END

@!!BEGIN
@!!type:obligation
@!!id:661
@!!loc:896:18:896:22
@!!status:trivial
@!!prover:tlapm
@!!already:false
@!!obl:ASSUME NEW CONSTANT S,
       IsFiniteSet(S) ,
       NEW CONSTANT A \in SUBSET S,
       NEW CONSTANT x \in S \ A,
       /\ IsFiniteSet(A)
       /\ /\ IsFiniteSet(SUBSET A)
          /\ Cardinality(SUBSET A) = 2 ^ Cardinality(A) ,
       NEW CONSTANT B \in SUBSET A,
       NEW CONSTANT C \in SUBSET A,
       [B_1 \in SUBSET A |-> B_1 \cup {x}][B]
       = [B_1 \in SUBSET A |-> B_1 \cup {x}][C] 
PROVE  /\ IsFiniteSet(A)
       /\ /\ IsFiniteSet(SUBSET A)
          /\ Cardinality(SUBSET A) = 2 ^ Cardinality(A)

@!!END

@!!BEGIN
@!!type:obligation
@!!id:662
@!!loc:896:24:896:29
@!!status:trivial
@!!prover:tlapm
@!!already:false
@!!obl:ASSUME NEW CONSTANT S,
       IsFiniteSet(S) ,
       NEW CONSTANT A \in SUBSET S,
       NEW CONSTANT x \in S \ A,
       NEW CONSTANT B \in SUBSET A,
       NEW CONSTANT C \in SUBSET A,
       [B_1 \in SUBSET A |-> B_1 \cup {x}][B]
       = [B_1 \in SUBSET A |-> B_1 \cup {x}][C] ,
       /\ IsFiniteSet(A)
       /\ /\ IsFiniteSet(SUBSET A)
          /\ Cardinality(SUBSET A) = 2 ^ Cardinality(A) 
PROVE  TRUE

@!!END

@!!BEGIN
@!!type:obligation
@!!id:663
@!!loc:898:43:898:45
@!!status:normalized
@!!meth:time-limit: 10
@!!obl:ASSUME NEW CONSTANT S,
       IsFiniteSet(S) ,
       NEW CONSTANT A \in SUBSET S,
       NEW CONSTANT x \in S \ A,
       TRUE 
PROVE  [B \in SUBSET A |-> B \cup {x}]
       \in {M \in [SUBSET A -> {B \cup {x} : B \in SUBSET A}] :
              \A t \in {B \cup {x} : B \in SUBSET A} :
                 \E s \in SUBSET A : M[s] = t}

@!!END

@!!BEGIN
@!!type:obligation
@!!id:664
@!!loc:898:46:898:51
@!!status:trivial
@!!prover:tlapm
@!!already:false
@!!obl:ASSUME NEW CONSTANT S,
       IsFiniteSet(S) ,
       NEW CONSTANT A \in SUBSET S,
       NEW CONSTANT x \in S \ A
PROVE  TRUE

@!!END

@!!BEGIN
@!!type:obligation
@!!id:665
@!!loc:900:7:900:9
@!!status:normalized
@!!meth:time-limit: 5
@!!obl:ASSUME NEW CONSTANT S,
       IsFiniteSet(S) ,
       NEW CONSTANT A \in SUBSET S,
       NEW CONSTANT x \in S \ A,
       [B \in SUBSET A |-> B \cup {x}]
       \in Injection(SUBSET A, {B \cup {x} : B \in SUBSET A}) ,
       [B \in SUBSET A |-> B \cup {x}]
       \in Surjection(SUBSET A, {B \cup {x} : B \in SUBSET A}) 
PROVE  [B \in SUBSET A |-> B \cup {x}]
       \in Injection(SUBSET A, {B \cup {x} : B \in SUBSET A})
           \cap Surjection(SUBSET A, {B \cup {x} : B \in SUBSET A})

@!!END

@!!BEGIN
@!!type:obligation
@!!id:666
@!!loc:900:10:900:14
@!!status:trivial
@!!prover:tlapm
@!!already:false
@!!obl:ASSUME NEW CONSTANT S,
       IsFiniteSet(S) ,
       NEW CONSTANT A \in SUBSET S,
       NEW CONSTANT x \in S \ A,
       [B \in SUBSET A |-> B \cup {x}]
       \in Injection(SUBSET A, {B \cup {x} : B \in SUBSET A}) 
PROVE  [B \in SUBSET A |-> B \cup {x}]
       \in Injection(SUBSET A, {B \cup {x} : B \in SUBSET A})

@!!END

@!!BEGIN
@!!type:obligation
@!!id:667
@!!loc:900:16:900:20
@!!status:trivial
@!!prover:tlapm
@!!already:false
@!!obl:ASSUME NEW CONSTANT S,
       IsFiniteSet(S) ,
       NEW CONSTANT A \in SUBSET S,
       NEW CONSTANT x \in S \ A,
       [B \in SUBSET A |-> B \cup {x}]
       \in Surjection(SUBSET A, {B \cup {x} : B \in SUBSET A}) ,
       [B \in SUBSET A |-> B \cup {x}]
       \in Injection(SUBSET A, {B \cup {x} : B \in SUBSET A}) 
PROVE  [B \in SUBSET A |-> B \cup {x}]
       \in Surjection(SUBSET A, {B \cup {x} : B \in SUBSET A})

@!!END

@!!BEGIN
@!!type:obligation
@!!id:668
@!!loc:904:5:904:7
@!!status:normalized
@!!meth:time-limit: 5
@!!obl:ASSUME NEW CONSTANT S,
       IsFiniteSet(S) ,
       NEW CONSTANT A \in SUBSET S,
       NEW CONSTANT x \in S \ A,
       ExistsBijection(SUBSET A, {B \cup {x} : B \in SUBSET A}) ,
       /\ IsFiniteSet(SUBSET A)
       /\ Cardinality(SUBSET A) = 2 ^ Cardinality(A) ,
       ASSUME NEW CONSTANT S_1,
              NEW CONSTANT T,
              IsFiniteSet(S_1) ,
              ExistsBijection(S_1, T) 
       PROVE  /\ IsFiniteSet(T)
              /\ Cardinality(T) = Cardinality(S_1) 
PROVE  /\ IsFiniteSet({B \cup {x} : B \in SUBSET A})
       /\ Cardinality({B \cup {x} : B \in SUBSET A}) = Cardinality(SUBSET A)

@!!END

@!!BEGIN
@!!type:obligation
@!!id:669
@!!loc:904:8:904:12
@!!status:trivial
@!!prover:tlapm
@!!already:false
@!!obl:ASSUME NEW CONSTANT S,
       IsFiniteSet(S) ,
       NEW CONSTANT A \in SUBSET S,
       NEW CONSTANT x \in S \ A,
       ExistsBijection(SUBSET A, {B \cup {x} : B \in SUBSET A}) 
PROVE  ExistsBijection(SUBSET A, {B \cup {x} : B \in SUBSET A})

@!!END

@!!BEGIN
@!!type:obligation
@!!id:670
@!!loc:904:14:904:18
@!!status:trivial
@!!prover:tlapm
@!!already:false
@!!obl:ASSUME NEW CONSTANT S,
       IsFiniteSet(S) ,
       NEW CONSTANT A \in SUBSET S,
       /\ IsFiniteSet(SUBSET A)
       /\ Cardinality(SUBSET A) = 2 ^ Cardinality(A) ,
       NEW CONSTANT x \in S \ A,
       ExistsBijection(SUBSET A, {B \cup {x} : B \in SUBSET A}) 
PROVE  /\ IsFiniteSet(SUBSET A)
       /\ Cardinality(SUBSET A) = 2 ^ Cardinality(A)

@!!END

@!!BEGIN
@!!type:obligation
@!!id:671
@!!loc:904:20:904:32
@!!status:trivial
@!!prover:tlapm
@!!already:false
@!!obl:ASSUME ASSUME NEW CONSTANT S,
              NEW CONSTANT T,
              IsFiniteSet(S) ,
              ExistsBijection(S, T) 
       PROVE  /\ IsFiniteSet(T)
              /\ Cardinality(T) = Cardinality(S) ,
       NEW CONSTANT S,
       IsFiniteSet(S) ,
       NEW CONSTANT A \in SUBSET S,
       NEW CONSTANT x \in S \ A,
       ExistsBijection(SUBSET A, {B \cup {x} : B \in SUBSET A}) ,
       /\ IsFiniteSet(SUBSET A)
       /\ Cardinality(SUBSET A) = 2 ^ Cardinality(A) 
PROVE  ASSUME NEW CONSTANT S_1,
              NEW CONSTANT T,
              IsFiniteSet(S_1) ,
              ExistsBijection(S_1, T) 
       PROVE  /\ IsFiniteSet(T)
              /\ Cardinality(T) = Cardinality(S_1)

@!!END

@!!BEGIN
@!!type:obligation
@!!id:672
@!!loc:908:5:908:7
@!!status:normalized
@!!meth:time-limit: 5
@!!obl:ASSUME NEW CONSTANT S,
       IsFiniteSet(S) ,
       NEW CONSTANT A \in SUBSET S,
       NEW CONSTANT x \in S \ A,
       SUBSET (A \cup {x}) = (SUBSET A) \cup {B \cup {x} : B \in SUBSET A} ,
       /\ IsFiniteSet({B \cup {x} : B \in SUBSET A})
       /\ Cardinality({B \cup {x} : B \in SUBSET A}) = Cardinality(SUBSET A) ,
       /\ IsFiniteSet(SUBSET A)
       /\ Cardinality(SUBSET A) = 2 ^ Cardinality(A) ,
       ASSUME NEW CONSTANT S_1,
              IsFiniteSet(S_1) ,
              NEW CONSTANT T,
              IsFiniteSet(T) 
       PROVE  /\ IsFiniteSet(S_1 \cup T)
              /\ Cardinality(S_1 \cup T)
                 = Cardinality(S_1)
                   + Cardinality(T) - Cardinality(S_1 \cap T) 
PROVE  /\ IsFiniteSet(SUBSET (A \cup {x}))
       /\ Cardinality(SUBSET (A \cup {x}))
          = Cardinality(SUBSET A)
            + Cardinality({B \cup {x} : B \in SUBSET A})
              - Cardinality((SUBSET A) \cap {B \cup {x} : B \in SUBSET A})

@!!END

@!!BEGIN
@!!type:obligation
@!!id:673
@!!loc:908:8:908:12
@!!status:trivial
@!!prover:tlapm
@!!already:false
@!!obl:ASSUME NEW CONSTANT S,
       IsFiniteSet(S) ,
       NEW CONSTANT A \in SUBSET S,
       NEW CONSTANT x \in S \ A,
       SUBSET (A \cup {x}) = (SUBSET A) \cup {B \cup {x} : B \in SUBSET A} 
PROVE  SUBSET (A \cup {x}) = (SUBSET A) \cup {B \cup {x} : B \in SUBSET A}

@!!END

@!!BEGIN
@!!type:obligation
@!!id:674
@!!loc:908:14:908:18
@!!status:trivial
@!!prover:tlapm
@!!already:false
@!!obl:ASSUME NEW CONSTANT S,
       IsFiniteSet(S) ,
       NEW CONSTANT A \in SUBSET S,
       NEW CONSTANT x \in S \ A,
       /\ IsFiniteSet({B \cup {x} : B \in SUBSET A})
       /\ Cardinality({B \cup {x} : B \in SUBSET A}) = Cardinality(SUBSET A) ,
       SUBSET (A \cup {x}) = (SUBSET A) \cup {B \cup {x} : B \in SUBSET A} 
PROVE  /\ IsFiniteSet({B \cup {x} : B \in SUBSET A})
       /\ Cardinality({B \cup {x} : B \in SUBSET A}) = Cardinality(SUBSET A)

@!!END

@!!BEGIN
@!!type:obligation
@!!id:675
@!!loc:908:20:908:24
@!!status:trivial
@!!prover:tlapm
@!!already:false
@!!obl:ASSUME NEW CONSTANT S,
       IsFiniteSet(S) ,
       NEW CONSTANT A \in SUBSET S,
       /\ IsFiniteSet(SUBSET A)
       /\ Cardinality(SUBSET A) = 2 ^ Cardinality(A) ,
       NEW CONSTANT x \in S \ A,
       SUBSET (A \cup {x}) = (SUBSET A) \cup {B \cup {x} : B \in SUBSET A} ,
       /\ IsFiniteSet({B \cup {x} : B \in SUBSET A})
       /\ Cardinality({B \cup {x} : B \in SUBSET A}) = Cardinality(SUBSET A) 
PROVE  /\ IsFiniteSet(SUBSET A)
       /\ Cardinality(SUBSET A) = 2 ^ Cardinality(A)

@!!END

@!!BEGIN
@!!type:obligation
@!!id:676
@!!loc:908:26:908:34
@!!status:trivial
@!!prover:tlapm
@!!already:false
@!!obl:ASSUME ASSUME NEW CONSTANT S,
              IsFiniteSet(S) ,
              NEW CONSTANT T,
              IsFiniteSet(T) 
       PROVE  /\ IsFiniteSet(S \cup T)
              /\ Cardinality(S \cup T)
                 = Cardinality(S) + Cardinality(T) - Cardinality(S \cap T) ,
       NEW CONSTANT S,
       IsFiniteSet(S) ,
       NEW CONSTANT A \in SUBSET S,
       NEW CONSTANT x \in S \ A,
       SUBSET (A \cup {x}) = (SUBSET A) \cup {B \cup {x} : B \in SUBSET A} ,
       /\ IsFiniteSet({B \cup {x} : B \in SUBSET A})
       /\ Cardinality({B \cup {x} : B \in SUBSET A}) = Cardinality(SUBSET A) ,
       /\ IsFiniteSet(SUBSET A)
       /\ Cardinality(SUBSET A) = 2 ^ Cardinality(A) 
PROVE  ASSUME NEW CONSTANT S_1,
              IsFiniteSet(S_1) ,
              NEW CONSTANT T,
              IsFiniteSet(T) 
       PROVE  /\ IsFiniteSet(S_1 \cup T)
              /\ Cardinality(S_1 \cup T)
                 = Cardinality(S_1)
                   + Cardinality(T) - Cardinality(S_1 \cap T)

@!!END

@!!BEGIN
@!!type:obligation
@!!id:677
@!!loc:909:34:909:36
@!!status:normalized
@!!meth:time-limit: 5
@!!obl:ASSUME NEW CONSTANT S,
       IsFiniteSet(S) ,
       NEW CONSTANT A \in SUBSET S,
       NEW CONSTANT x \in S \ A,
       /\ IsFiniteSet(A)
       /\ /\ IsFiniteSet(SUBSET A)
          /\ Cardinality(SUBSET A) = 2 ^ Cardinality(A) 
PROVE  (SUBSET A) \cap {B \cup {x} : B \in SUBSET A} = {}

@!!END

@!!BEGIN
@!!type:obligation
@!!id:672
@!!loc:908:5:908:7
@!!status:proved
@!!prover:smt
@!!meth:time-limit: 5; time-used: 0.2 (4%)
@!!already:false
@!!obl:
ASSUME NEW CONSTANT S,
       IsFiniteSet(S) ,
       NEW CONSTANT A \in SUBSET S,
       NEW CONSTANT x \in S \ A,
       SUBSET (A \cup {x}) = (SUBSET A) \cup {B \cup {x} : B \in SUBSET A} ,
       /\ IsFiniteSet({B \cup {x} : B \in SUBSET A})
       /\ Cardinality({B \cup {x} : B \in SUBSET A}) = Cardinality(SUBSET A) ,
       /\ IsFiniteSet(SUBSET A)
       /\ Cardinality(SUBSET A) = 2 ^ Cardinality(A) ,
       ASSUME NEW CONSTANT S_1,
              IsFiniteSet(S_1) ,
              NEW CONSTANT T,
              IsFiniteSet(T) 
       PROVE  /\ IsFiniteSet(S_1 \cup T)
              /\ Cardinality(S_1 \cup T)
                 = Cardinality(S_1)
                   + Cardinality(T) - Cardinality(S_1 \cap T) 
PROVE  /\ IsFiniteSet(SUBSET (A \cup {x}))
       /\ Cardinality(SUBSET (A \cup {x}))
          = Cardinality(SUBSET A)
            + Cardinality({B \cup {x} : B \in SUBSET A})
              - Cardinality((SUBSET A) \cap {B \cup {x} : B \in SUBSET A})

@!!END

@!!BEGIN
@!!type:obligation
@!!id:668
@!!loc:904:5:904:7
@!!status:proved
@!!prover:smt
@!!meth:time-limit: 5; time-used: 0.6 (12%)
@!!already:false
@!!obl:
ASSUME NEW CONSTANT S,
       IsFiniteSet(S) ,
       NEW CONSTANT A \in SUBSET S,
       NEW CONSTANT x \in S \ A,
       ExistsBijection(SUBSET A, {B \cup {x} : B \in SUBSET A}) ,
       /\ IsFiniteSet(SUBSET A)
       /\ Cardinality(SUBSET A) = 2 ^ Cardinality(A) ,
       ASSUME NEW CONSTANT S_1,
              NEW CONSTANT T,
              IsFiniteSet(S_1) ,
              ExistsBijection(S_1, T) 
       PROVE  /\ IsFiniteSet(T)
              /\ Cardinality(T) = Cardinality(S_1) 
PROVE  /\ IsFiniteSet({B \cup {x} : B \in SUBSET A})
       /\ Cardinality({B \cup {x} : B \in SUBSET A}) = Cardinality(SUBSET A)

@!!END

@!!BEGIN
@!!type:obligation
@!!id:665
@!!loc:900:7:900:9
@!!status:proved
@!!prover:smt
@!!meth:time-limit: 5; time-used: 0.7 (15%)
@!!already:false
@!!obl:
ASSUME NEW CONSTANT S,
       IsFiniteSet(S) ,
       NEW CONSTANT A \in SUBSET S,
       NEW CONSTANT x \in S \ A,
       [B \in SUBSET A |-> B \cup {x}]
       \in Injection(SUBSET A, {B \cup {x} : B \in SUBSET A}) ,
       [B \in SUBSET A |-> B \cup {x}]
       \in Surjection(SUBSET A, {B \cup {x} : B \in SUBSET A}) 
PROVE  [B \in SUBSET A |-> B \cup {x}]
       \in Injection(SUBSET A, {B \cup {x} : B \in SUBSET A})
           \cap Surjection(SUBSET A, {B \cup {x} : B \in SUBSET A})

@!!END

@!!BEGIN
@!!type:obligation
@!!id:663
@!!loc:898:43:898:45
@!!status:proved
@!!prover:zenon
@!!meth:time-limit: 10; time-used: 0.9 (9%)
@!!already:false
@!!obl:
ASSUME NEW CONSTANT S,
       IsFiniteSet(S) ,
       NEW CONSTANT A \in SUBSET S,
       NEW CONSTANT x \in S \ A,
       TRUE 
PROVE  [B \in SUBSET A |-> B \cup {x}]
       \in {M \in [SUBSET A -> {B \cup {x} : B \in SUBSET A}] :
              \A t \in {B \cup {x} : B \in SUBSET A} :
                 \E s \in SUBSET A : M[s] = t}

@!!END

@!!BEGIN
@!!type:obligation
@!!id:659
@!!loc:896:9:896:11
@!!status:proved
@!!prover:zenon
@!!meth:time-limit: 10; time-used: 1.1 (11%)
@!!already:false
@!!obl:
ASSUME NEW CONSTANT S,
       IsFiniteSet(S) ,
       NEW CONSTANT A \in SUBSET S,
       NEW CONSTANT x \in S \ A,
       NEW CONSTANT B \in SUBSET A,
       NEW CONSTANT C \in SUBSET A,
       [B_1 \in SUBSET A |-> B_1 \cup {x}][B]
       = [B_1 \in SUBSET A |-> B_1 \cup {x}][C] ,
       /\ IsFiniteSet(A)
       /\ /\ IsFiniteSet(SUBSET A)
          /\ Cardinality(SUBSET A) = 2 ^ Cardinality(A) ,
       TRUE 
PROVE  B = C

@!!END

@!!BEGIN
@!!type:obligation
@!!id:657
@!!loc:893:9:893:11
@!!status:proved
@!!prover:zenon
@!!meth:time-limit: 10; time-used: 1.3 (13%)
@!!already:false
@!!obl:
ASSUME NEW CONSTANT S,
       IsFiniteSet(S) ,
       NEW CONSTANT A \in SUBSET S,
       NEW CONSTANT x \in S \ A,
       TRUE 
PROVE  [B \in SUBSET A |-> B \cup {x}]
       \in [SUBSET A -> {B \cup {x} : B \in SUBSET A}]

@!!END

@!!BEGIN
@!!type:obligation
@!!id:652
@!!loc:897:17:897:19
@!!status:proved
@!!prover:zenon
@!!meth:time-limit: 10; time-used: 1.4 (14%)
@!!already:false
@!!obl:
ASSUME NEW CONSTANT S,
       IsFiniteSet(S) ,
       NEW CONSTANT A \in SUBSET S,
       NEW CONSTANT x \in S \ A,
       [B \in SUBSET A |-> B \cup {x}]
       \in [SUBSET A -> {B \cup {x} : B \in SUBSET A}] ,
       ASSUME NEW CONSTANT B \in SUBSET A,
              NEW CONSTANT C \in SUBSET A,
              [B_1 \in SUBSET A |-> B_1 \cup {x}][B]
              = [B_1 \in SUBSET A |-> B_1 \cup {x}][C] 
       PROVE  B = C ,
       ASSUME NEW CONSTANT S_1,
              NEW CONSTANT T,
              NEW CONSTANT F \in [S_1 -> T],
              \A a, b \in S_1 : F[a] = F[b] => a = b 
       PROVE  F \in Injection(S_1, T) ,
       TRUE 
PROVE  [B \in SUBSET A |-> B \cup {x}]
       \in Injection(SUBSET A, {B \cup {x} : B \in SUBSET A})

@!!END

@!!BEGIN
@!!type:obligation
@!!id:649
@!!loc:901:15:901:17
@!!status:proved
@!!prover:zenon
@!!meth:time-limit: 10; time-used: 1.6 (16%)
@!!already:false
@!!obl:
ASSUME NEW CONSTANT S,
       IsFiniteSet(S) ,
       NEW CONSTANT A \in SUBSET S,
       NEW CONSTANT x \in S \ A,
       [B \in SUBSET A |-> B \cup {x}]
       \in Bijection(SUBSET A, {B \cup {x} : B \in SUBSET A}) ,
       TRUE 
PROVE  Bijection(SUBSET A, {B \cup {x} : B \in SUBSET A}) # {}

@!!END

@!!BEGIN
@!!type:obligation
@!!id:646
@!!loc:888:51:888:53
@!!status:proved
@!!prover:isabelle
@!!meth:auto; time-limit: 30; time-used: 1.8 (6%)
@!!already:false
@!!obl:
ASSUME NEW CONSTANT S,
       IsFiniteSet(S) ,
       NEW CONSTANT A \in SUBSET S,
       NEW CONSTANT x \in S \ A,
       /\ IsFiniteSet(A)
       /\ /\ IsFiniteSet(SUBSET A)
          /\ Cardinality(SUBSET A) = 2 ^ Cardinality(A) ,
       TRUE 
PROVE  SUBSET (A \cup {x}) = (SUBSET A) \cup {B \cup {x} : B \in SUBSET A}

@!!END

@!!BEGIN
@!!type:obligation
@!!id:678
@!!loc:909:37:909:41
@!!status:trivial
@!!prover:tlapm
@!!already:false
@!!obl:ASSUME NEW CONSTANT S,
       IsFiniteSet(S) ,
       NEW CONSTANT A \in SUBSET S,
       NEW CONSTANT x \in S \ A,
       /\ IsFiniteSet(A)
       /\ /\ IsFiniteSet(SUBSET A)
          /\ Cardinality(SUBSET A) = 2 ^ Cardinality(A) 
PROVE  /\ IsFiniteSet(A)
       /\ /\ IsFiniteSet(SUBSET A)
          /\ Cardinality(SUBSET A) = 2 ^ Cardinality(A)

@!!END

@!!BEGIN
@!!type:obligation
@!!id:679
@!!loc:910:46:910:48
@!!status:normalized
@!!meth:time-limit: 5
@!!obl:ASSUME NEW CONSTANT S,
       IsFiniteSet(S) ,
       NEW CONSTANT A \in SUBSET S,
       NEW CONSTANT x \in S \ A,
       (SUBSET A) \cap {B \cup {x} : B \in SUBSET A} = {} ,
       /\ IsFiniteSet({})
       /\ Cardinality({}) = 0
       /\ \A S_1 : IsFiniteSet(S_1) => Cardinality(S_1) = 0 <=> S_1 = {} 
PROVE  Cardinality((SUBSET A) \cap {B \cup {x} : B \in SUBSET A}) = 0

@!!END

@!!BEGIN
@!!type:obligation
@!!id:680
@!!loc:910:49:910:53
@!!status:trivial
@!!prover:tlapm
@!!already:false
@!!obl:ASSUME NEW CONSTANT S,
       IsFiniteSet(S) ,
       NEW CONSTANT A \in SUBSET S,
       NEW CONSTANT x \in S \ A,
       (SUBSET A) \cap {B \cup {x} : B \in SUBSET A} = {} 
PROVE  (SUBSET A) \cap {B \cup {x} : B \in SUBSET A} = {}

@!!END

@!!BEGIN
@!!type:obligation
@!!id:681
@!!loc:910:55:910:66
@!!status:trivial
@!!prover:tlapm
@!!already:false
@!!obl:ASSUME /\ IsFiniteSet({})
       /\ Cardinality({}) = 0
       /\ \A S : IsFiniteSet(S) => Cardinality(S) = 0 <=> S = {} ,
       NEW CONSTANT S,
       IsFiniteSet(S) ,
       NEW CONSTANT A \in SUBSET S,
       NEW CONSTANT x \in S \ A,
       (SUBSET A) \cap {B \cup {x} : B \in SUBSET A} = {} 
PROVE  /\ IsFiniteSet({})
       /\ Cardinality({}) = 0
       /\ \A S_1 : IsFiniteSet(S_1) => Cardinality(S_1) = 0 <=> S_1 = {}

@!!END

@!!BEGIN
@!!type:obligation
@!!id:682
@!!loc:913:12:913:14
@!!status:normalized
@!!meth:time-limit: 30
@!!obl:ASSUME NEW CONSTANT S,
       IsFiniteSet(S) ,
       P({}) ,
       ASSUME NEW CONSTANT A \in SUBSET S,
              IsFiniteSet(A) ,
              P(A) ,
              NEW CONSTANT x \in S \ A
       PROVE  P(A \cup {x}) ,
       ASSUME NEW CONSTANT S_1,
              IsFiniteSet(S_1) ,
              NEW CONSTANT P_1(_),
              P_1({}) ,
              ASSUME NEW CONSTANT T \in SUBSET S_1,
                     IsFiniteSet(T) ,
                     P_1(T) ,
                     NEW CONSTANT x \in S_1 \ T
              PROVE  P_1(T \cup {x}) 
       PROVE  P_1(S_1) ,
       TRUE 
PROVE  P(S)

@!!END

@!!BEGIN
@!!type:obligation
@!!id:683
@!!loc:913:15:913:19
@!!status:trivial
@!!prover:tlapm
@!!already:false
@!!obl:ASSUME NEW CONSTANT S,
       IsFiniteSet(S) ,
       P({}) 
PROVE  P({})

@!!END

@!!BEGIN
@!!type:obligation
@!!id:684
@!!loc:913:21:913:25
@!!status:trivial
@!!prover:tlapm
@!!already:false
@!!obl:ASSUME NEW CONSTANT S,
       IsFiniteSet(S) ,
       ASSUME NEW CONSTANT A \in SUBSET S,
              IsFiniteSet(A) ,
              P(A) ,
              NEW CONSTANT x \in S \ A
       PROVE  P(A \cup {x}) ,
       P({}) 
PROVE  ASSUME NEW CONSTANT A \in SUBSET S,
              IsFiniteSet(A) ,
              P(A) ,
              NEW CONSTANT x \in S \ A
       PROVE  P(A \cup {x})

@!!END

@!!BEGIN
@!!type:obligation
@!!id:685
@!!loc:913:27:913:39
@!!status:trivial
@!!prover:tlapm
@!!already:false
@!!obl:ASSUME ASSUME NEW CONSTANT S,
              IsFiniteSet(S) ,
              NEW CONSTANT P(_),
              P({}) ,
              ASSUME NEW CONSTANT T \in SUBSET S,
                     IsFiniteSet(T) ,
                     P(T) ,
                     NEW CONSTANT x \in S \ T
              PROVE  P(T \cup {x}) 
       PROVE  P(S) ,
       NEW CONSTANT S,
       IsFiniteSet(S) ,
       P({}) ,
       ASSUME NEW CONSTANT A \in SUBSET S,
              IsFiniteSet(A) ,
              P(A) ,
              NEW CONSTANT x \in S \ A
       PROVE  P(A \cup {x}) 
PROVE  ASSUME NEW CONSTANT S_1,
              IsFiniteSet(S_1) ,
              NEW CONSTANT P_1(_),
              P_1({}) ,
              ASSUME NEW CONSTANT T \in SUBSET S_1,
                     IsFiniteSet(T) ,
                     P_1(T) ,
                     NEW CONSTANT x \in S_1 \ T
              PROVE  P_1(T \cup {x}) 
       PROVE  P_1(S_1)

@!!END

@!!BEGIN
@!!type:obligation
@!!id:686
@!!loc:913:41:913:54
@!!status:trivial
@!!prover:tlapm
@!!already:false
@!!obl:ASSUME NEW CONSTANT S,
       IsFiniteSet(S) ,
       P({}) ,
       ASSUME NEW CONSTANT A \in SUBSET S,
              IsFiniteSet(A) ,
              P(A) ,
              NEW CONSTANT x \in S \ A
       PROVE  P(A \cup {x}) ,
       ASSUME NEW CONSTANT S_1,
              IsFiniteSet(S_1) ,
              NEW CONSTANT P_1(_),
              P_1({}) ,
              ASSUME NEW CONSTANT T \in SUBSET S_1,
                     IsFiniteSet(T) ,
                     P_1(T) ,
                     NEW CONSTANT x \in S_1 \ T
              PROVE  P_1(T \cup {x}) 
       PROVE  P_1(S_1) 
PROVE  TRUE

@!!END

@!!BEGIN
@!!type:obligation
@!!id:679
@!!loc:910:46:910:48
@!!status:proved
@!!prover:smt
@!!meth:time-limit: 5; time-used: 0.4 (8%)
@!!already:false
@!!obl:
ASSUME NEW CONSTANT S,
       IsFiniteSet(S) ,
       NEW CONSTANT A \in SUBSET S,
       NEW CONSTANT x \in S \ A,
       (SUBSET A) \cap {B \cup {x} : B \in SUBSET A} = {} ,
       /\ IsFiniteSet({})
       /\ Cardinality({}) = 0
       /\ \A S_1 : IsFiniteSet(S_1) => Cardinality(S_1) = 0 <=> S_1 = {} 
PROVE  Cardinality((SUBSET A) \cap {B \cup {x} : B \in SUBSET A}) = 0

@!!END

@!!BEGIN
@!!type:obligation
@!!id:677
@!!loc:909:34:909:36
@!!status:proved
@!!prover:smt
@!!meth:time-limit: 5; time-used: 0.5 (11%)
@!!already:false
@!!obl:
ASSUME NEW CONSTANT S,
       IsFiniteSet(S) ,
       NEW CONSTANT A \in SUBSET S,
       NEW CONSTANT x \in S \ A,
       /\ IsFiniteSet(A)
       /\ /\ IsFiniteSet(SUBSET A)
          /\ Cardinality(SUBSET A) = 2 ^ Cardinality(A) 
PROVE  (SUBSET A) \cap {B \cup {x} : B \in SUBSET A} = {}

@!!END

@!!BEGIN
@!!type:obligation
@!!id:682
@!!loc:913:12:913:14
@!!status:proved
@!!prover:isabelle
@!!meth:blast; time-limit: 30; time-used: 1.6 (5%)
@!!already:false
@!!obl:
ASSUME NEW CONSTANT S,
       IsFiniteSet(S) ,
       P({}) ,
       ASSUME NEW CONSTANT A \in SUBSET S,
              IsFiniteSet(A) ,
              P(A) ,
              NEW CONSTANT x \in S \ A
       PROVE  P(A \cup {x}) ,
       ASSUME NEW CONSTANT S_1,
              IsFiniteSet(S_1) ,
              NEW CONSTANT P_1(_),
              P_1({}) ,
              ASSUME NEW CONSTANT T \in SUBSET S_1,
                     IsFiniteSet(T) ,
                     P_1(T) ,
                     NEW CONSTANT x \in S_1 \ T
              PROVE  P_1(T \cup {x}) 
       PROVE  P_1(S_1) ,
       TRUE 
PROVE  P(S)

@!!END

(* created new ".tlacache/FiniteSetTheorems_proofs.tlaps/FiniteSetTheorems_proofs.thy" *)
(* fingerprints written in ".tlacache/FiniteSetTheorems_proofs.tlaps/fingerprints" *)
File "./FiniteSetTheorems_proofs.tla", line 1, character 1 to line 917, character 77:
[INFO]: All 670 obligations proved.
