
\* TLAPM version 80172c6
\* launched at 2026-07-08 14:15:28 with command line:
\* /Users/eric/GitHub/prove-TLA/tools/tlapm/bin/tlapm --toolbox 0 0 --printallobs -I /Users/eric/GitHub/prove-TLA/tools/tlapm/lib/tlapm/stdlib -I /Users/eric/GitHub/prove-TLA/tools/community-modules -I /Users/eric/GitHub/prove-TLA/tools/extra-modules WellFoundedInduction_proofs.tla

@!!BEGIN
@!!type:obligation
@!!id:1
@!!loc:47:1:47:3
@!!status:to be proved
@!!obl:ASSUME IsWellFoundedOn(R, S) ==
         ~(\E f \in [Nat -> S] : \A n \in Nat : <<f[n + 1], f[n]>> \in R)
PROVE  \A S : IsWellFoundedOn({}, S)

@!!END

@!!BEGIN
@!!type:obligation
@!!id:2
@!!loc:54:1:54:3
@!!status:to be proved
@!!obl:ASSUME IsWellFoundedOn(R, S) ==
         ~(\E f \in [Nat -> S] : \A n \in Nat : <<f[n + 1], f[n]>> \in R),
       NEW CONSTANT R,
       NEW CONSTANT S,
       NEW CONSTANT T \in SUBSET S,
       IsWellFoundedOn(R, S) ,
       Zenon 
PROVE  IsWellFoundedOn(R, T)

@!!END

@!!BEGIN
@!!type:obligation
@!!id:3
@!!loc:54:4:54:9
@!!status:to be proved
@!!obl:ASSUME IsWellFoundedOn(R, S) ==
         ~(\E f \in [Nat -> S] : \A n \in Nat : <<f[n + 1], f[n]>> \in R),
       NEW CONSTANT R,
       NEW CONSTANT S,
       NEW CONSTANT T \in SUBSET S,
       IsWellFoundedOn(R, S) 
PROVE  Zenon

@!!END

@!!BEGIN
@!!type:obligation
@!!id:4
@!!loc:67:11:67:13
@!!status:to be proved
@!!obl:ASSUME IsWellFoundedOn(R, S) ==
         ~(\E f \in [Nat -> S] : \A n \in Nat : <<f[n + 1], f[n]>> \in R),
       NEW CONSTANT S,
       NEW CONSTANT R,
       NEW CONSTANT RR,
       RR \cap S \X S \subseteq R ,
       IsWellFoundedOn(R, S) ,
       NEW CONSTANT f \in [Nat -> S],
       <1>2 
PROVE  FALSE

@!!END

@!!BEGIN
@!!type:obligation
@!!id:5
@!!loc:67:14:67:18
@!!status:to be proved
@!!obl:ASSUME IsWellFoundedOn(R, S) ==
         ~(\E f \in [Nat -> S] : \A n \in Nat : <<f[n + 1], f[n]>> \in R),
       NEW CONSTANT S,
       NEW CONSTANT R,
       NEW CONSTANT RR,
       RR \cap S \X S \subseteq R ,
       IsWellFoundedOn(R, S) ,
       NEW CONSTANT f \in [Nat -> S]
PROVE  <1>2

@!!END

@!!BEGIN
@!!type:obligation
@!!id:6
@!!loc:64:3:64:5
@!!status:to be proved
@!!obl:ASSUME IsWellFoundedOn(R, S) ==
         ~(\E f \in [Nat -> S] : \A n \in Nat : <<f[n + 1], f[n]>> \in R),
       NEW CONSTANT S,
       NEW CONSTANT R,
       NEW CONSTANT RR,
       RR \cap S \X S \subseteq R ,
       IsWellFoundedOn(R, S) ,
       <1>1 
PROVE  IsWellFoundedOn(RR, S)

@!!END

@!!BEGIN
@!!type:obligation
@!!id:7
@!!loc:66:3:66:5
@!!status:to be proved
@!!obl:ASSUME NEW CONSTANT S,
       NEW CONSTANT R,
       NEW CONSTANT RR,
       RR \cap S \X S \subseteq R ,
       IsWellFoundedOn(R, S) ,
       NEW CONSTANT f \in [Nat -> S],
       <1>1 
PROVE  \A n \in Nat : <<f[n + 1], f[n]>> \in RR \cap S \X S

@!!END

@!!BEGIN
@!!type:obligation
@!!id:8
@!!loc:66:6:66:10
@!!status:to be proved
@!!obl:ASSUME NEW CONSTANT S,
       NEW CONSTANT R,
       NEW CONSTANT RR,
       RR \cap S \X S \subseteq R ,
       IsWellFoundedOn(R, S) ,
       NEW CONSTANT f \in [Nat -> S]
PROVE  <1>1

@!!END

@!!BEGIN
@!!type:obligation
@!!id:9
@!!loc:107:3:107:5
@!!status:to be proved
@!!obl:ASSUME IsWellFoundedOn(R, S) ==
         ~(\E f \in [Nat -> S] : \A n \in Nat : <<f[n + 1], f[n]>> \in R),
       NEW CONSTANT R,
       NEW CONSTANT S,
       IsWellFoundedOn(R, S) ,
       NEW CONSTANT T,
       T \subseteq S ,
       T # {} ,
       \A x \in T : \E y \in T : <<y, x>> \in R ,
       f0 == CHOOSE x \in T : TRUE,
       Def(v, n) == CHOOSE x \in T : <<x, v>> \in R,
       f ==
         CHOOSE f :
           f = [n \in Nat |-> IF n = 0 THEN f0 ELSE Def(f[n - 1], n)],
       <1>2 ,
       <1>3 ,
       Zenon 
PROVE  FALSE

@!!END

@!!BEGIN
@!!type:obligation
@!!id:10
@!!loc:107:6:107:10
@!!status:to be proved
@!!obl:ASSUME IsWellFoundedOn(R, S) ==
         ~(\E f \in [Nat -> S] : \A n \in Nat : <<f[n + 1], f[n]>> \in R),
       NEW CONSTANT R,
       NEW CONSTANT S,
       IsWellFoundedOn(R, S) ,
       NEW CONSTANT T,
       T \subseteq S ,
       T # {} ,
       \A x \in T : \E y \in T : <<y, x>> \in R ,
       f0 == CHOOSE x \in T : TRUE,
       Def(v, n) == CHOOSE x \in T : <<x, v>> \in R,
       f ==
         CHOOSE f :
           f = [n \in Nat |-> IF n = 0 THEN f0 ELSE Def(f[n - 1], n)]
PROVE  <1>2

@!!END

@!!BEGIN
@!!type:obligation
@!!id:11
@!!loc:107:12:107:16
@!!status:to be proved
@!!obl:ASSUME IsWellFoundedOn(R, S) ==
         ~(\E f \in [Nat -> S] : \A n \in Nat : <<f[n + 1], f[n]>> \in R),
       NEW CONSTANT R,
       NEW CONSTANT S,
       IsWellFoundedOn(R, S) ,
       NEW CONSTANT T,
       T \subseteq S ,
       T # {} ,
       \A x \in T : \E y \in T : <<y, x>> \in R ,
       f0 == CHOOSE x \in T : TRUE,
       Def(v, n) == CHOOSE x \in T : <<x, v>> \in R,
       f ==
         CHOOSE f :
           f = [n \in Nat |-> IF n = 0 THEN f0 ELSE Def(f[n - 1], n)],
       <1>2 
PROVE  <1>3

@!!END

@!!BEGIN
@!!type:obligation
@!!id:12
@!!loc:107:18:107:23
@!!status:to be proved
@!!obl:ASSUME IsWellFoundedOn(R, S) ==
         ~(\E f \in [Nat -> S] : \A n \in Nat : <<f[n + 1], f[n]>> \in R),
       NEW CONSTANT R,
       NEW CONSTANT S,
       IsWellFoundedOn(R, S) ,
       NEW CONSTANT T,
       T \subseteq S ,
       T # {} ,
       \A x \in T : \E y \in T : <<y, x>> \in R ,
       f0 == CHOOSE x \in T : TRUE,
       Def(v, n) == CHOOSE x \in T : <<x, v>> \in R,
       f ==
         CHOOSE f :
           f = [n \in Nat |-> IF n = 0 THEN f0 ELSE Def(f[n - 1], n)],
       <1>2 ,
       <1>3 
PROVE  Zenon

@!!END

@!!BEGIN
@!!type:obligation
@!!id:13
@!!loc:87:3:87:5
@!!status:to be proved
@!!obl:ASSUME NEW CONSTANT R,
       NEW CONSTANT S,
       IsWellFoundedOn(R, S) ,
       NEW CONSTANT T,
       T \subseteq S ,
       T # {} ,
       <1>_a73 ,
       Zenon 
PROVE  \E x \in T : \A y \in T : ~<<y, x>> \in R

@!!END

@!!BEGIN
@!!type:obligation
@!!id:14
@!!loc:87:6:87:11
@!!status:to be proved
@!!obl:ASSUME NEW CONSTANT R,
       NEW CONSTANT S,
       IsWellFoundedOn(R, S) ,
       NEW CONSTANT T,
       T \subseteq S ,
       T # {} ,
       <1>_a73 
PROVE  Zenon

@!!END

@!!BEGIN
@!!type:obligation
@!!id:15
@!!loc:95:5:95:7
@!!status:to be proved
@!!obl:ASSUME NEW CONSTANT R,
       NEW CONSTANT S,
       IsWellFoundedOn(R, S) ,
       NEW CONSTANT T,
       T \subseteq S ,
       T # {} ,
       \A x \in T : \E y \in T : <<y, x>> \in R ,
       f0 == CHOOSE x \in T : TRUE,
       Def(v, n) == CHOOSE x \in T : <<x, v>> \in R,
       f ==
         CHOOSE f :
           f = [n \in Nat |-> IF n = 0 THEN f0 ELSE Def(f[n - 1], n)],
       <2>1 ,
       NatInductiveDef ,
       Zenon 
PROVE  NatInductiveDefConclusion(f, f0, Def)

@!!END

@!!BEGIN
@!!type:obligation
@!!id:16
@!!loc:95:8:95:12
@!!status:to be proved
@!!obl:ASSUME NEW CONSTANT R,
       NEW CONSTANT S,
       IsWellFoundedOn(R, S) ,
       NEW CONSTANT T,
       T \subseteq S ,
       T # {} ,
       \A x \in T : \E y \in T : <<y, x>> \in R ,
       f0 == CHOOSE x \in T : TRUE,
       Def(v, n) == CHOOSE x \in T : <<x, v>> \in R,
       f ==
         CHOOSE f :
           f = [n \in Nat |-> IF n = 0 THEN f0 ELSE Def(f[n - 1], n)]
PROVE  <2>1

@!!END

@!!BEGIN
@!!type:obligation
@!!id:17
@!!loc:95:14:95:29
@!!status:to be proved
@!!obl:ASSUME NEW CONSTANT R,
       NEW CONSTANT S,
       IsWellFoundedOn(R, S) ,
       NEW CONSTANT T,
       T \subseteq S ,
       T # {} ,
       \A x \in T : \E y \in T : <<y, x>> \in R ,
       f0 == CHOOSE x \in T : TRUE,
       Def(v, n) == CHOOSE x \in T : <<x, v>> \in R,
       f ==
         CHOOSE f :
           f = [n \in Nat |-> IF n = 0 THEN f0 ELSE Def(f[n - 1], n)],
       <2>1 
PROVE  NatInductiveDef

@!!END

@!!BEGIN
@!!type:obligation
@!!id:18
@!!loc:95:31:95:36
@!!status:to be proved
@!!obl:ASSUME NEW CONSTANT R,
       NEW CONSTANT S,
       IsWellFoundedOn(R, S) ,
       NEW CONSTANT T,
       T \subseteq S ,
       T # {} ,
       \A x \in T : \E y \in T : <<y, x>> \in R ,
       f0 == CHOOSE x \in T : TRUE,
       Def(v, n) == CHOOSE x \in T : <<x, v>> \in R,
       f ==
         CHOOSE f :
           f = [n \in Nat |-> IF n = 0 THEN f0 ELSE Def(f[n - 1], n)],
       <2>1 ,
       NatInductiveDef 
PROVE  Zenon

@!!END

@!!BEGIN
@!!type:obligation
@!!id:19
@!!loc:93:5:93:7
@!!status:to be proved
@!!obl:ASSUME NatInductiveDefHypothesis(f, f0, Def(_, _)) ==
         f
         = (CHOOSE g :
              g = [i \in Nat |-> IF i = 0 THEN f0 ELSE Def(g[i - 1], i)]),
       NEW CONSTANT R,
       NEW CONSTANT S,
       IsWellFoundedOn(R, S) ,
       NEW CONSTANT T,
       T \subseteq S ,
       T # {} ,
       \A x \in T : \E y \in T : <<y, x>> \in R ,
       f0 == CHOOSE x \in T : TRUE,
       Def(v, n) == CHOOSE x \in T : <<x, v>> \in R,
       f ==
         CHOOSE f :
           f = [n \in Nat |-> IF n = 0 THEN f0 ELSE Def(f[n - 1], n)],
       Zenon 
PROVE  NatInductiveDefHypothesis(f, f0, Def)

@!!END

@!!BEGIN
@!!type:obligation
@!!id:20
@!!loc:93:8:93:13
@!!status:to be proved
@!!obl:ASSUME NatInductiveDefHypothesis(f, f0, Def(_, _)) ==
         f
         = (CHOOSE g :
              g = [i \in Nat |-> IF i = 0 THEN f0 ELSE Def(g[i - 1], i)]),
       NEW CONSTANT R,
       NEW CONSTANT S,
       IsWellFoundedOn(R, S) ,
       NEW CONSTANT T,
       T \subseteq S ,
       T # {} ,
       \A x \in T : \E y \in T : <<y, x>> \in R ,
       f0 == CHOOSE x \in T : TRUE,
       Def(v, n) == CHOOSE x \in T : <<x, v>> \in R,
       f ==
         CHOOSE f :
           f = [n \in Nat |-> IF n = 0 THEN f0 ELSE Def(f[n - 1], n)]
PROVE  Zenon

@!!END

@!!BEGIN
@!!type:obligation
@!!id:21
@!!loc:102:5:102:7
@!!status:to be proved
@!!obl:ASSUME NEW CONSTANT R,
       NEW CONSTANT S,
       IsWellFoundedOn(R, S) ,
       NEW CONSTANT T,
       T \subseteq S ,
       T # {} ,
       \A x \in T : \E y \in T : <<y, x>> \in R ,
       f0 == CHOOSE x \in T : TRUE,
       Def(v, n) == CHOOSE x \in T : <<x, v>> \in R,
       f ==
         CHOOSE f :
           f = [n \in Nat |-> IF n = 0 THEN f0 ELSE Def(f[n - 1], n)],
       <1>1 ,
       <2>1 ,
       <2>2 ,
       NatInductiveDefType ,
       Isa 
PROVE  f \in [Nat -> T]

@!!END

@!!BEGIN
@!!type:obligation
@!!id:22
@!!loc:102:8:102:12
@!!status:to be proved
@!!obl:ASSUME NEW CONSTANT R,
       NEW CONSTANT S,
       IsWellFoundedOn(R, S) ,
       NEW CONSTANT T,
       T \subseteq S ,
       T # {} ,
       \A x \in T : \E y \in T : <<y, x>> \in R ,
       f0 == CHOOSE x \in T : TRUE,
       Def(v, n) == CHOOSE x \in T : <<x, v>> \in R,
       f ==
         CHOOSE f :
           f = [n \in Nat |-> IF n = 0 THEN f0 ELSE Def(f[n - 1], n)]
PROVE  <1>1

@!!END

@!!BEGIN
@!!type:obligation
@!!id:23
@!!loc:102:14:102:18
@!!status:to be proved
@!!obl:ASSUME NEW CONSTANT R,
       NEW CONSTANT S,
       IsWellFoundedOn(R, S) ,
       NEW CONSTANT T,
       T \subseteq S ,
       T # {} ,
       \A x \in T : \E y \in T : <<y, x>> \in R ,
       f0 == CHOOSE x \in T : TRUE,
       Def(v, n) == CHOOSE x \in T : <<x, v>> \in R,
       f ==
         CHOOSE f :
           f = [n \in Nat |-> IF n = 0 THEN f0 ELSE Def(f[n - 1], n)],
       <1>1 
PROVE  <2>1

@!!END

@!!BEGIN
@!!type:obligation
@!!id:24
@!!loc:102:20:102:24
@!!status:to be proved
@!!obl:ASSUME NEW CONSTANT R,
       NEW CONSTANT S,
       IsWellFoundedOn(R, S) ,
       NEW CONSTANT T,
       T \subseteq S ,
       T # {} ,
       \A x \in T : \E y \in T : <<y, x>> \in R ,
       f0 == CHOOSE x \in T : TRUE,
       Def(v, n) == CHOOSE x \in T : <<x, v>> \in R,
       f ==
         CHOOSE f :
           f = [n \in Nat |-> IF n = 0 THEN f0 ELSE Def(f[n - 1], n)],
       <1>1 ,
       <2>1 
PROVE  <2>2

@!!END

@!!BEGIN
@!!type:obligation
@!!id:25
@!!loc:102:26:102:45
@!!status:to be proved
@!!obl:ASSUME NEW CONSTANT R,
       NEW CONSTANT S,
       IsWellFoundedOn(R, S) ,
       NEW CONSTANT T,
       T \subseteq S ,
       T # {} ,
       \A x \in T : \E y \in T : <<y, x>> \in R ,
       f0 == CHOOSE x \in T : TRUE,
       Def(v, n) == CHOOSE x \in T : <<x, v>> \in R,
       f ==
         CHOOSE f :
           f = [n \in Nat |-> IF n = 0 THEN f0 ELSE Def(f[n - 1], n)],
       <1>1 ,
       <2>1 ,
       <2>2 
PROVE  NatInductiveDefType

@!!END

@!!BEGIN
@!!type:obligation
@!!id:26
@!!loc:102:47:102:50
@!!status:to be proved
@!!obl:ASSUME NEW CONSTANT R,
       NEW CONSTANT S,
       IsWellFoundedOn(R, S) ,
       NEW CONSTANT T,
       T \subseteq S ,
       T # {} ,
       \A x \in T : \E y \in T : <<y, x>> \in R ,
       f0 == CHOOSE x \in T : TRUE,
       Def(v, n) == CHOOSE x \in T : <<x, v>> \in R,
       f ==
         CHOOSE f :
           f = [n \in Nat |-> IF n = 0 THEN f0 ELSE Def(f[n - 1], n)],
       <1>1 ,
       <2>1 ,
       <2>2 ,
       NatInductiveDefType 
PROVE  Isa

@!!END

@!!BEGIN
@!!type:obligation
@!!id:27
@!!loc:98:5:98:12
@!!status:to be proved
@!!obl:ASSUME NEW CONSTANT R,
       NEW CONSTANT S,
       IsWellFoundedOn(R, S) ,
       NEW CONSTANT T,
       T \subseteq S ,
       T # {} ,
       \A x \in T : \E y \in T : <<y, x>> \in R ,
       f0 == CHOOSE x \in T : TRUE,
       Def(v, n) == CHOOSE x \in T : <<x, v>> \in R,
       f ==
         CHOOSE f :
           f = [n \in Nat |-> IF n = 0 THEN f0 ELSE Def(f[n - 1], n)]
PROVE  f0 \in T

@!!END

@!!BEGIN
@!!type:obligation
@!!id:28
@!!loc:100:5:100:12
@!!status:to be proved
@!!obl:ASSUME NEW CONSTANT R,
       NEW CONSTANT S,
       IsWellFoundedOn(R, S) ,
       NEW CONSTANT T,
       T \subseteq S ,
       T # {} ,
       \A x \in T : \E y \in T : <<y, x>> \in R ,
       f0 == CHOOSE x \in T : TRUE,
       Def(v, n) == CHOOSE x \in T : <<x, v>> \in R,
       f ==
         CHOOSE f :
           f = [n \in Nat |-> IF n = 0 THEN f0 ELSE Def(f[n - 1], n)]
PROVE  \A v \in T, n \in Nat \ {0} : Def(v, n) \in T

@!!END

@!!BEGIN
@!!type:obligation
@!!id:29
@!!loc:105:3:105:5
@!!status:to be proved
@!!obl:ASSUME NatInductiveDefConclusion(f, f0, Def(_, _)) ==
         f = [i \in Nat |-> IF i = 0 THEN f0 ELSE Def(f[i - 1], i)],
       NEW CONSTANT R,
       NEW CONSTANT S,
       IsWellFoundedOn(R, S) ,
       NEW CONSTANT T,
       T \subseteq S ,
       T # {} ,
       \A x \in T : \E y \in T : <<y, x>> \in R ,
       f0 == CHOOSE x \in T : TRUE,
       Def(v, n) == CHOOSE x \in T : <<x, v>> \in R,
       f ==
         CHOOSE f :
           f = [n \in Nat |-> IF n = 0 THEN f0 ELSE Def(f[n - 1], n)],
       NEW CONSTANT n \in Nat,
       <1>1 ,
       <1>2 ,
       n + 1 \in Nat \ {0} ,
       (n + 1) - 1 = n ,
       Zenon 
PROVE  <<f[n + 1], f[n]>> \in R

@!!END

@!!BEGIN
@!!type:obligation
@!!id:30
@!!loc:105:6:105:10
@!!status:to be proved
@!!obl:ASSUME NatInductiveDefConclusion(f, f0, Def(_, _)) ==
         f = [i \in Nat |-> IF i = 0 THEN f0 ELSE Def(f[i - 1], i)],
       NEW CONSTANT R,
       NEW CONSTANT S,
       IsWellFoundedOn(R, S) ,
       NEW CONSTANT T,
       T \subseteq S ,
       T # {} ,
       \A x \in T : \E y \in T : <<y, x>> \in R ,
       f0 == CHOOSE x \in T : TRUE,
       Def(v, n) == CHOOSE x \in T : <<x, v>> \in R,
       f ==
         CHOOSE f :
           f = [n \in Nat |-> IF n = 0 THEN f0 ELSE Def(f[n - 1], n)],
       NEW CONSTANT n \in Nat
PROVE  <1>1

@!!END

@!!BEGIN
@!!type:obligation
@!!id:31
@!!loc:105:12:105:16
@!!status:to be proved
@!!obl:ASSUME NatInductiveDefConclusion(f, f0, Def(_, _)) ==
         f = [i \in Nat |-> IF i = 0 THEN f0 ELSE Def(f[i - 1], i)],
       NEW CONSTANT R,
       NEW CONSTANT S,
       IsWellFoundedOn(R, S) ,
       NEW CONSTANT T,
       T \subseteq S ,
       T # {} ,
       \A x \in T : \E y \in T : <<y, x>> \in R ,
       f0 == CHOOSE x \in T : TRUE,
       Def(v, n) == CHOOSE x \in T : <<x, v>> \in R,
       f ==
         CHOOSE f :
           f = [n \in Nat |-> IF n = 0 THEN f0 ELSE Def(f[n - 1], n)],
       NEW CONSTANT n \in Nat,
       <1>1 
PROVE  <1>2

@!!END

@!!BEGIN
@!!type:obligation
@!!id:32
@!!loc:105:18:105:35
@!!status:to be proved
@!!obl:ASSUME NatInductiveDefConclusion(f, f0, Def(_, _)) ==
         f = [i \in Nat |-> IF i = 0 THEN f0 ELSE Def(f[i - 1], i)],
       NEW CONSTANT R,
       NEW CONSTANT S,
       IsWellFoundedOn(R, S) ,
       NEW CONSTANT T,
       T \subseteq S ,
       T # {} ,
       \A x \in T : \E y \in T : <<y, x>> \in R ,
       f0 == CHOOSE x \in T : TRUE,
       Def(v, n) == CHOOSE x \in T : <<x, v>> \in R,
       f ==
         CHOOSE f :
           f = [n \in Nat |-> IF n = 0 THEN f0 ELSE Def(f[n - 1], n)],
       NEW CONSTANT n \in Nat,
       <1>1 ,
       <1>2 
PROVE  n + 1 \in Nat \ {0}

@!!END

@!!BEGIN
@!!type:obligation
@!!id:33
@!!loc:105:38:105:48
@!!status:to be proved
@!!obl:ASSUME NatInductiveDefConclusion(f, f0, Def(_, _)) ==
         f = [i \in Nat |-> IF i = 0 THEN f0 ELSE Def(f[i - 1], i)],
       NEW CONSTANT R,
       NEW CONSTANT S,
       IsWellFoundedOn(R, S) ,
       NEW CONSTANT T,
       T \subseteq S ,
       T # {} ,
       \A x \in T : \E y \in T : <<y, x>> \in R ,
       f0 == CHOOSE x \in T : TRUE,
       Def(v, n) == CHOOSE x \in T : <<x, v>> \in R,
       f ==
         CHOOSE f :
           f = [n \in Nat |-> IF n = 0 THEN f0 ELSE Def(f[n - 1], n)],
       NEW CONSTANT n \in Nat,
       <1>1 ,
       <1>2 ,
       n + 1 \in Nat \ {0} 
PROVE  (n + 1) - 1 = n

@!!END

@!!BEGIN
@!!type:obligation
@!!id:34
@!!loc:105:50:105:55
@!!status:to be proved
@!!obl:ASSUME NatInductiveDefConclusion(f, f0, Def(_, _)) ==
         f = [i \in Nat |-> IF i = 0 THEN f0 ELSE Def(f[i - 1], i)],
       NEW CONSTANT R,
       NEW CONSTANT S,
       IsWellFoundedOn(R, S) ,
       NEW CONSTANT T,
       T \subseteq S ,
       T # {} ,
       \A x \in T : \E y \in T : <<y, x>> \in R ,
       f0 == CHOOSE x \in T : TRUE,
       Def(v, n) == CHOOSE x \in T : <<x, v>> \in R,
       f ==
         CHOOSE f :
           f = [n \in Nat |-> IF n = 0 THEN f0 ELSE Def(f[n - 1], n)],
       NEW CONSTANT n \in Nat,
       <1>1 ,
       <1>2 ,
       n + 1 \in Nat \ {0} ,
       (n + 1) - 1 = n 
PROVE  Zenon

@!!END

@!!BEGIN
@!!type:obligation
@!!id:35
@!!loc:124:3:124:5
@!!status:to be proved
@!!obl:ASSUME NEW CONSTANT R,
       NEW CONSTANT S,
       \A T \in SUBSET S :
          T # {} => (\E x \in T : \A y \in T : ~<<y, x>> \in R) ,
       NEW CONSTANT f \in [Nat -> S],
       \A n \in Nat : <<f[n + 1], f[n]>> \in R ,
       T == {f[n] : n \in Nat},
       <1>1 ,
       <1>2 ,
       Zenon 
PROVE  FALSE

@!!END

@!!BEGIN
@!!type:obligation
@!!id:36
@!!loc:124:6:124:10
@!!status:to be proved
@!!obl:ASSUME NEW CONSTANT R,
       NEW CONSTANT S,
       \A T \in SUBSET S :
          T # {} => (\E x \in T : \A y \in T : ~<<y, x>> \in R) ,
       NEW CONSTANT f \in [Nat -> S],
       \A n \in Nat : <<f[n + 1], f[n]>> \in R ,
       T == {f[n] : n \in Nat}
PROVE  <1>1

@!!END

@!!BEGIN
@!!type:obligation
@!!id:37
@!!loc:124:12:124:16
@!!status:to be proved
@!!obl:ASSUME NEW CONSTANT R,
       NEW CONSTANT S,
       \A T \in SUBSET S :
          T # {} => (\E x \in T : \A y \in T : ~<<y, x>> \in R) ,
       NEW CONSTANT f \in [Nat -> S],
       \A n \in Nat : <<f[n + 1], f[n]>> \in R ,
       T == {f[n] : n \in Nat},
       <1>1 
PROVE  <1>2

@!!END

@!!BEGIN
@!!type:obligation
@!!id:38
@!!loc:124:18:124:23
@!!status:to be proved
@!!obl:ASSUME NEW CONSTANT R,
       NEW CONSTANT S,
       \A T \in SUBSET S :
          T # {} => (\E x \in T : \A y \in T : ~<<y, x>> \in R) ,
       NEW CONSTANT f \in [Nat -> S],
       \A n \in Nat : <<f[n + 1], f[n]>> \in R ,
       T == {f[n] : n \in Nat},
       <1>1 ,
       <1>2 
PROVE  Zenon

@!!END

@!!BEGIN
@!!type:obligation
@!!id:39
@!!loc:117:3:117:5
@!!status:to be proved
@!!obl:ASSUME IsWellFoundedOn(R, S) ==
         ~(\E f \in [Nat -> S] : \A n \in Nat : <<f[n + 1], f[n]>> \in R),
       NEW CONSTANT R,
       NEW CONSTANT S,
       \A T \in SUBSET S :
          T # {} => (\E x \in T : \A y \in T : ~<<y, x>> \in R) ,
       <1>_a101 ,
       Zenon 
PROVE  IsWellFoundedOn(R, S)

@!!END

@!!BEGIN
@!!type:obligation
@!!id:40
@!!loc:117:6:117:11
@!!status:to be proved
@!!obl:ASSUME IsWellFoundedOn(R, S) ==
         ~(\E f \in [Nat -> S] : \A n \in Nat : <<f[n + 1], f[n]>> \in R),
       NEW CONSTANT R,
       NEW CONSTANT S,
       \A T \in SUBSET S :
          T # {} => (\E x \in T : \A y \in T : ~<<y, x>> \in R) ,
       <1>_a101 
PROVE  Zenon

@!!END

@!!BEGIN
@!!type:obligation
@!!id:41
@!!loc:120:3:120:10
@!!status:to be proved
@!!obl:ASSUME NEW CONSTANT R,
       NEW CONSTANT S,
       \A T \in SUBSET S :
          T # {} => (\E x \in T : \A y \in T : ~<<y, x>> \in R) ,
       NEW CONSTANT f \in [Nat -> S],
       \A n \in Nat : <<f[n + 1], f[n]>> \in R ,
       T == {f[n] : n \in Nat}
PROVE  T \subseteq S

@!!END

@!!BEGIN
@!!type:obligation
@!!id:42
@!!loc:122:3:122:5
@!!status:to be proved
@!!obl:ASSUME NEW CONSTANT R,
       NEW CONSTANT S,
       \A T \in SUBSET S :
          T # {} => (\E x \in T : \A y \in T : ~<<y, x>> \in R) ,
       NEW CONSTANT f \in [Nat -> S],
       \A n \in Nat : <<f[n + 1], f[n]>> \in R ,
       T == {f[n] : n \in Nat},
       Isa 
PROVE  \A x \in T : \E y \in T : <<y, x>> \in R

@!!END

@!!BEGIN
@!!type:obligation
@!!id:43
@!!loc:122:6:122:9
@!!status:to be proved
@!!obl:ASSUME NEW CONSTANT R,
       NEW CONSTANT S,
       \A T \in SUBSET S :
          T # {} => (\E x \in T : \A y \in T : ~<<y, x>> \in R) ,
       NEW CONSTANT f \in [Nat -> S],
       \A n \in Nat : <<f[n + 1], f[n]>> \in R ,
       T == {f[n] : n \in Nat}
PROVE  Isa

@!!END

@!!BEGIN
@!!type:obligation
@!!id:44
@!!loc:136:3:136:5
@!!status:to be proved
@!!obl:ASSUME NEW CONSTANT R,
       NEW CONSTANT S,
       NEW CONSTANT x \in S,
       IsWellFoundedOn(R, S) ,
       <1>1 
PROVE  <<x, x>> \notin R

@!!END

@!!BEGIN
@!!type:obligation
@!!id:45
@!!loc:136:6:136:10
@!!status:to be proved
@!!obl:ASSUME NEW CONSTANT R,
       NEW CONSTANT S,
       NEW CONSTANT x \in S,
       IsWellFoundedOn(R, S) 
PROVE  <1>1

@!!END

@!!BEGIN
@!!type:obligation
@!!id:46
@!!loc:134:3:134:5
@!!status:to be proved
@!!obl:ASSUME NEW CONSTANT R,
       NEW CONSTANT S,
       NEW CONSTANT x \in S,
       IsWellFoundedOn(R, S) ,
       WFMin ,
       IsaM("blast") 
PROVE  \E z \in {x} : \A y \in {x} : <<y, z>> \notin R

@!!END

@!!BEGIN
@!!type:obligation
@!!id:47
@!!loc:134:6:134:11
@!!status:to be proved
@!!obl:ASSUME NEW CONSTANT R,
       NEW CONSTANT S,
       NEW CONSTANT x \in S,
       IsWellFoundedOn(R, S) 
PROVE  WFMin

@!!END

@!!BEGIN
@!!type:obligation
@!!id:48
@!!loc:134:13:134:26
@!!status:to be proved
@!!obl:ASSUME NEW CONSTANT R,
       NEW CONSTANT S,
       NEW CONSTANT x \in S,
       IsWellFoundedOn(R, S) ,
       WFMin 
PROVE  IsaM("blast")

@!!END

@!!BEGIN
@!!type:obligation
@!!id:49
@!!loc:147:3:147:5
@!!status:to be proved
@!!obl:ASSUME NEW CONSTANT R,
       NEW CONSTANT S,
       NEW CONSTANT x \in S,
       NEW CONSTANT y \in S,
       IsWellFoundedOn(R, S) ,
       <<x, y>> \in R ,
       <<y, x>> \in R ,
       <1>1 
PROVE  FALSE

@!!END

@!!BEGIN
@!!type:obligation
@!!id:50
@!!loc:147:6:147:10
@!!status:to be proved
@!!obl:ASSUME NEW CONSTANT R,
       NEW CONSTANT S,
       NEW CONSTANT x \in S,
       NEW CONSTANT y \in S,
       IsWellFoundedOn(R, S) ,
       <<x, y>> \in R ,
       <<y, x>> \in R 
PROVE  <1>1

@!!END

@!!BEGIN
@!!type:obligation
@!!id:51
@!!loc:145:3:145:5
@!!status:to be proved
@!!obl:ASSUME NEW CONSTANT R,
       NEW CONSTANT S,
       NEW CONSTANT x \in S,
       NEW CONSTANT y \in S,
       IsWellFoundedOn(R, S) ,
       <<x, y>> \in R ,
       <<y, x>> \in R ,
       WFMin ,
       IsaM("blast") 
PROVE  \E u \in {x, y} : \A v \in {x, y} : <<v, u>> \notin R

@!!END

@!!BEGIN
@!!type:obligation
@!!id:52
@!!loc:145:6:145:11
@!!status:to be proved
@!!obl:ASSUME NEW CONSTANT R,
       NEW CONSTANT S,
       NEW CONSTANT x \in S,
       NEW CONSTANT y \in S,
       IsWellFoundedOn(R, S) ,
       <<x, y>> \in R ,
       <<y, x>> \in R 
PROVE  WFMin

@!!END

@!!BEGIN
@!!type:obligation
@!!id:53
@!!loc:145:13:145:26
@!!status:to be proved
@!!obl:ASSUME NEW CONSTANT R,
       NEW CONSTANT S,
       NEW CONSTANT x \in S,
       NEW CONSTANT y \in S,
       IsWellFoundedOn(R, S) ,
       <<x, y>> \in R ,
       <<y, x>> \in R ,
       WFMin 
PROVE  IsaM("blast")

@!!END

@!!BEGIN
@!!type:obligation
@!!id:54
@!!loc:156:1:156:3
@!!status:to be proved
@!!obl:ASSUME SetLessThan(x, R, S) == {y \in S : <<y, x>> \in R},
       NEW CONSTANT R,
       NEW CONSTANT S,
       NEW CONSTANT x \in S,
       IsWellFoundedOn(R, S) ,
       WellFoundedIsIrreflexive 
PROVE  x \notin SetLessThan(x, R, S)

@!!END

@!!BEGIN
@!!type:obligation
@!!id:55
@!!loc:156:4:156:28
@!!status:to be proved
@!!obl:ASSUME SetLessThan(x, R, S) == {y \in S : <<y, x>> \in R},
       NEW CONSTANT R,
       NEW CONSTANT S,
       NEW CONSTANT x \in S,
       IsWellFoundedOn(R, S) 
PROVE  WellFoundedIsIrreflexive

@!!END

@!!BEGIN
@!!type:obligation
@!!id:56
@!!loc:163:1:163:3
@!!status:to be proved
@!!obl:ASSUME IsTransitivelyClosedOn(R, S) ==
         \A i, j, k \in S :
            <<i, j>> \in R /\ <<j, k>> \in R => <<i, k>> \in R,
       SetLessThan(x, R, S) == {y \in S : <<y, x>> \in R},
       NEW CONSTANT R,
       NEW CONSTANT S,
       NEW CONSTANT x \in S,
       NEW CONSTANT y \in SetLessThan(x, R, S),
       IsTransitivelyClosedOn(R, S) 
PROVE  SetLessThan(y, R, S) \subseteq SetLessThan(x, R, S)

@!!END

@!!BEGIN
@!!type:obligation
@!!id:57
@!!loc:184:3:184:5
@!!status:to be proved
@!!obl:ASSUME SetLessThan(x, R, S) == {y \in S : <<y, x>> \in R},
       NEW CONSTANT P(_),
       NEW CONSTANT R,
       NEW CONSTANT S,
       IsWellFoundedOn(R, S) ,
       \A x \in S : (\A y \in SetLessThan(x, R, S) : P(y)) => P(x) ,
       T == {x \in S : ~P(x)},
       NEW CONSTANT x \in T,
       <1>2 
PROVE  FALSE

@!!END

@!!BEGIN
@!!type:obligation
@!!id:58
@!!loc:184:6:184:10
@!!status:to be proved
@!!obl:ASSUME SetLessThan(x, R, S) == {y \in S : <<y, x>> \in R},
       NEW CONSTANT P(_),
       NEW CONSTANT R,
       NEW CONSTANT S,
       IsWellFoundedOn(R, S) ,
       \A x \in S : (\A y \in SetLessThan(x, R, S) : P(y)) => P(x) ,
       T == {x \in S : ~P(x)},
       NEW CONSTANT x \in T
PROVE  <1>2

@!!END

@!!BEGIN
@!!type:obligation
@!!id:59
@!!loc:180:3:180:10
@!!status:to be proved
@!!obl:ASSUME NEW CONSTANT P(_),
       NEW CONSTANT R,
       NEW CONSTANT S,
       IsWellFoundedOn(R, S) ,
       \A x \in S : (\A y \in SetLessThan(x, R, S) : P(y)) => P(x) ,
       T == {x \in S : ~P(x)},
       <1>1 
PROVE  \A x \in S : P(x)

@!!END

@!!BEGIN
@!!type:obligation
@!!id:60
@!!loc:182:3:182:5
@!!status:to be proved
@!!obl:ASSUME NEW CONSTANT P(_),
       NEW CONSTANT R,
       NEW CONSTANT S,
       IsWellFoundedOn(R, S) ,
       \A x \in S : (\A y \in SetLessThan(x, R, S) : P(y)) => P(x) ,
       T == {x \in S : ~P(x)},
       <1>1 ,
       WFMin ,
       Zenon 
PROVE  \E x \in T : \A y \in T : ~<<y, x>> \in R

@!!END

@!!BEGIN
@!!type:obligation
@!!id:61
@!!loc:182:6:182:10
@!!status:to be proved
@!!obl:ASSUME NEW CONSTANT P(_),
       NEW CONSTANT R,
       NEW CONSTANT S,
       IsWellFoundedOn(R, S) ,
       \A x \in S : (\A y \in SetLessThan(x, R, S) : P(y)) => P(x) ,
       T == {x \in S : ~P(x)}
PROVE  <1>1

@!!END

@!!BEGIN
@!!type:obligation
@!!id:62
@!!loc:182:12:182:17
@!!status:to be proved
@!!obl:ASSUME NEW CONSTANT P(_),
       NEW CONSTANT R,
       NEW CONSTANT S,
       IsWellFoundedOn(R, S) ,
       \A x \in S : (\A y \in SetLessThan(x, R, S) : P(y)) => P(x) ,
       T == {x \in S : ~P(x)},
       <1>1 
PROVE  WFMin

@!!END

@!!BEGIN
@!!type:obligation
@!!id:63
@!!loc:182:19:182:24
@!!status:to be proved
@!!obl:ASSUME NEW CONSTANT P(_),
       NEW CONSTANT R,
       NEW CONSTANT S,
       IsWellFoundedOn(R, S) ,
       \A x \in S : (\A y \in SetLessThan(x, R, S) : P(y)) => P(x) ,
       T == {x \in S : ~P(x)},
       <1>1 ,
       WFMin 
PROVE  Zenon

@!!END

@!!BEGIN
@!!type:obligation
@!!id:65
@!!loc:229:3:229:5
@!!status:to be proved
@!!obl:ASSUME NEW CONSTANT Def(_, _),
       NEW CONSTANT R,
       NEW CONSTANT S,
       IsWellFoundedOn(R, S) ,
       WFDefOn(R, S, Def) ,
       NEW CONSTANT g,
       NEW CONSTANT h,
       <1>2 ,
       WFInduction ,
       Isa 
PROVE  \A x \in S : g[x] = h[x]

@!!END

@!!BEGIN
@!!type:obligation
@!!id:66
@!!loc:229:6:229:10
@!!status:to be proved
@!!obl:ASSUME NEW CONSTANT Def(_, _),
       NEW CONSTANT R,
       NEW CONSTANT S,
       IsWellFoundedOn(R, S) ,
       WFDefOn(R, S, Def) ,
       NEW CONSTANT g,
       NEW CONSTANT h
PROVE  <1>2

@!!END

@!!BEGIN
@!!type:obligation
@!!id:67
@!!loc:229:12:229:23
@!!status:to be proved
@!!obl:ASSUME NEW CONSTANT Def(_, _),
       NEW CONSTANT R,
       NEW CONSTANT S,
       IsWellFoundedOn(R, S) ,
       WFDefOn(R, S, Def) ,
       NEW CONSTANT g,
       NEW CONSTANT h,
       <1>2 
PROVE  WFInduction

@!!END

@!!BEGIN
@!!type:obligation
@!!id:68
@!!loc:229:25:229:28
@!!status:to be proved
@!!obl:ASSUME NEW CONSTANT Def(_, _),
       NEW CONSTANT R,
       NEW CONSTANT S,
       IsWellFoundedOn(R, S) ,
       WFDefOn(R, S, Def) ,
       NEW CONSTANT g,
       NEW CONSTANT h,
       <1>2 ,
       WFInduction 
PROVE  Isa

@!!END

@!!BEGIN
@!!type:obligation
@!!id:69
@!!loc:218:3:218:5
@!!status:to be proved
@!!obl:ASSUME WFInductiveUnique(S, Def(_, _)) ==
         \A g, h :
            (/\ WFInductiveDefines(g, S, Def)
             /\ WFInductiveDefines(h, S, Def))
            => g = h,
       NEW CONSTANT Def(_, _),
       NEW CONSTANT R,
       NEW CONSTANT S,
       IsWellFoundedOn(R, S) ,
       WFDefOn(R, S, Def) ,
       <1>1 
PROVE  WFInductiveUnique(S, Def)

@!!END

@!!BEGIN
@!!type:obligation
@!!id:70
@!!loc:220:3:220:5
@!!status:to be proved
@!!obl:ASSUME WFInductiveDefines(f, S, Def(_, _)) == f = [x \in S |-> Def(f, x)],
       NEW CONSTANT Def(_, _),
       NEW CONSTANT R,
       NEW CONSTANT S,
       IsWellFoundedOn(R, S) ,
       WFDefOn(R, S, Def) ,
       NEW CONSTANT g,
       NEW CONSTANT h,
       <1>_a134 ,
       <1>1 
PROVE  g = h

@!!END

@!!BEGIN
@!!type:obligation
@!!id:71
@!!loc:220:6:220:10
@!!status:to be proved
@!!obl:ASSUME WFInductiveDefines(f, S, Def(_, _)) == f = [x \in S |-> Def(f, x)],
       NEW CONSTANT Def(_, _),
       NEW CONSTANT R,
       NEW CONSTANT S,
       IsWellFoundedOn(R, S) ,
       WFDefOn(R, S, Def) ,
       NEW CONSTANT g,
       NEW CONSTANT h,
       <1>_a134 
PROVE  <1>1

@!!END

@!!BEGIN
@!!type:obligation
@!!id:72
@!!loc:227:5:227:7
@!!status:to be proved
@!!obl:ASSUME WFInductiveDefines(f, S, Def(_, _)) == f = [x \in S |-> Def(f, x)],
       NEW CONSTANT Def(_, _),
       NEW CONSTANT R,
       NEW CONSTANT S,
       IsWellFoundedOn(R, S) ,
       WFDefOn(R, S, Def) ,
       NEW CONSTANT g,
       NEW CONSTANT h,
       NEW CONSTANT x \in S,
       <1>1 ,
       <2>1 
PROVE  g[x] = h[x]

@!!END

@!!BEGIN
@!!type:obligation
@!!id:73
@!!loc:227:8:227:12
@!!status:to be proved
@!!obl:ASSUME WFInductiveDefines(f, S, Def(_, _)) == f = [x \in S |-> Def(f, x)],
       NEW CONSTANT Def(_, _),
       NEW CONSTANT R,
       NEW CONSTANT S,
       IsWellFoundedOn(R, S) ,
       WFDefOn(R, S, Def) ,
       NEW CONSTANT g,
       NEW CONSTANT h,
       NEW CONSTANT x \in S
PROVE  <1>1

@!!END

@!!BEGIN
@!!type:obligation
@!!id:74
@!!loc:227:14:227:18
@!!status:to be proved
@!!obl:ASSUME WFInductiveDefines(f, S, Def(_, _)) == f = [x \in S |-> Def(f, x)],
       NEW CONSTANT Def(_, _),
       NEW CONSTANT R,
       NEW CONSTANT S,
       IsWellFoundedOn(R, S) ,
       WFDefOn(R, S, Def) ,
       NEW CONSTANT g,
       NEW CONSTANT h,
       NEW CONSTANT x \in S,
       <1>1 
PROVE  <2>1

@!!END

@!!BEGIN
@!!type:obligation
@!!id:75
@!!loc:225:5:225:7
@!!status:to be proved
@!!obl:ASSUME WFDefOn(R, S, Def(_, _)) ==
         \A g, h :
            \A x \in S :
               (\A y \in SetLessThan(x, R, S) : g[y] = h[y])
               => Def(g, x) = Def(h, x),
       NEW CONSTANT Def(_, _),
       NEW CONSTANT R,
       NEW CONSTANT S,
       IsWellFoundedOn(R, S) ,
       WFDefOn(R, S, Def) ,
       NEW CONSTANT g,
       NEW CONSTANT h,
       NEW CONSTANT x \in S,
       <1>2 
PROVE  Def(g, x) = Def(h, x)

@!!END

@!!BEGIN
@!!type:obligation
@!!id:76
@!!loc:225:8:225:12
@!!status:to be proved
@!!obl:ASSUME WFDefOn(R, S, Def(_, _)) ==
         \A g, h :
            \A x \in S :
               (\A y \in SetLessThan(x, R, S) : g[y] = h[y])
               => Def(g, x) = Def(h, x),
       NEW CONSTANT Def(_, _),
       NEW CONSTANT R,
       NEW CONSTANT S,
       IsWellFoundedOn(R, S) ,
       WFDefOn(R, S, Def) ,
       NEW CONSTANT g,
       NEW CONSTANT h,
       NEW CONSTANT x \in S
PROVE  <1>2

@!!END

@!!BEGIN
@!!type:obligation
@!!id:77
@!!loc:292:5:292:7
@!!status:to be proved
@!!obl:ASSUME OpDefinesFcn(f, S, Def(_, _)) ==
         f = (CHOOSE g : g = [x \in S |-> Def(g, x)]),
       WFInductiveDefines(f, S, Def(_, _)) == f = [x \in S |-> Def(f, x)],
       NEW CONSTANT Def(_, _),
       NEW CONSTANT R,
       NEW CONSTANT S,
       NEW CONSTANT f,
       IsWellFoundedOn(R, S) ,
       IsTransitivelyClosedOn(R, S) ,
       WFDefOn(R, S, Def) ,
       OpDefinesFcn(f, S, Def) ,
       F(x) == CHOOSE g : g = [y \in LT(x) |-> Def(g, y)],
       <2>1 
PROVE  WFInductiveDefines(f, S, Def)

@!!END

@!!BEGIN
@!!type:obligation
@!!id:78
@!!loc:292:8:292:12
@!!status:to be proved
@!!obl:ASSUME OpDefinesFcn(f, S, Def(_, _)) ==
         f = (CHOOSE g : g = [x \in S |-> Def(g, x)]),
       WFInductiveDefines(f, S, Def(_, _)) == f = [x \in S |-> Def(f, x)],
       NEW CONSTANT Def(_, _),
       NEW CONSTANT R,
       NEW CONSTANT S,
       NEW CONSTANT f,
       IsWellFoundedOn(R, S) ,
       IsTransitivelyClosedOn(R, S) ,
       WFDefOn(R, S, Def) ,
       OpDefinesFcn(f, S, Def) ,
       F(x) == CHOOSE g : g = [y \in LT(x) |-> Def(g, y)]
PROVE  <2>1

@!!END

@!!BEGIN
@!!type:obligation
@!!id:79
@!!loc:290:5:290:7
@!!status:to be proved
@!!obl:ASSUME WFInductiveDefines(f, S, Def(_, _)) == f = [x \in S |-> Def(f, x)],
       NEW CONSTANT Def(_, _),
       NEW CONSTANT R,
       NEW CONSTANT S,
       NEW CONSTANT f,
       IsWellFoundedOn(R, S) ,
       IsTransitivelyClosedOn(R, S) ,
       WFDefOn(R, S, Def) ,
       OpDefinesFcn(f, S, Def) ,
       F(x) == CHOOSE g : g = [y \in LT(x) |-> Def(g, y)],
       ff == [x \in S |-> F(x)[x]],
       <1>2 
PROVE  WFInductiveDefines(ff, S, Def)

@!!END

@!!BEGIN
@!!type:obligation
@!!id:80
@!!loc:290:8:290:12
@!!status:to be proved
@!!obl:ASSUME WFInductiveDefines(f, S, Def(_, _)) == f = [x \in S |-> Def(f, x)],
       NEW CONSTANT Def(_, _),
       NEW CONSTANT R,
       NEW CONSTANT S,
       NEW CONSTANT f,
       IsWellFoundedOn(R, S) ,
       IsTransitivelyClosedOn(R, S) ,
       WFDefOn(R, S, Def) ,
       OpDefinesFcn(f, S, Def) ,
       F(x) == CHOOSE g : g = [y \in LT(x) |-> Def(g, y)],
       ff == [x \in S |-> F(x)[x]]
PROVE  <1>2

@!!END

@!!BEGIN
@!!type:obligation
@!!id:81
@!!loc:245:3:245:5
@!!status:to be proved
@!!obl:ASSUME IsTransitivelyClosedOn(R, S) ==
         \A i, j, k \in S :
            <<i, j>> \in R /\ <<j, k>> \in R => <<i, k>> \in R,
       SetLessThan(x, R, S) == {y \in S : <<y, x>> \in R},
       NEW CONSTANT Def(_, _),
       NEW CONSTANT R,
       NEW CONSTANT S,
       NEW CONSTANT f,
       IsWellFoundedOn(R, S) ,
       IsTransitivelyClosedOn(R, S) ,
       WFDefOn(R, S, Def) ,
       OpDefinesFcn(f, S, Def) ,
       LT(x) == {x} \cup SetLessThan(x, R, S),
       NEW CONSTANT x \in S,
       Isa 
PROVE  /\ LT(x) = {x} \cup (UNION {LT(y) : y \in SetLessThan(x, R, S)})
       /\ x \in LT(x) /\ SetLessThan(x, R, S) \subseteq LT(x)
       /\ \A y \in LT(x) : SetLessThan(y, R, S) \subseteq LT(x)
       /\ \A y \in LT(x) : LT(y) \subseteq LT(x)
       /\ LT(x) \subseteq S

@!!END

@!!BEGIN
@!!type:obligation
@!!id:82
@!!loc:245:6:245:9
@!!status:to be proved
@!!obl:ASSUME IsTransitivelyClosedOn(R, S) ==
         \A i, j, k \in S :
            <<i, j>> \in R /\ <<j, k>> \in R => <<i, k>> \in R,
       SetLessThan(x, R, S) == {y \in S : <<y, x>> \in R},
       NEW CONSTANT Def(_, _),
       NEW CONSTANT R,
       NEW CONSTANT S,
       NEW CONSTANT f,
       IsWellFoundedOn(R, S) ,
       IsTransitivelyClosedOn(R, S) ,
       WFDefOn(R, S, Def) ,
       OpDefinesFcn(f, S, Def) ,
       LT(x) == {x} \cup SetLessThan(x, R, S),
       NEW CONSTANT x \in S
PROVE  Isa

@!!END

@!!BEGIN
@!!type:obligation
@!!id:83
@!!loc:286:5:286:7
@!!status:to be proved
@!!obl:ASSUME NEW CONSTANT Def(_, _),
       NEW CONSTANT R,
       NEW CONSTANT S,
       NEW CONSTANT f,
       IsWellFoundedOn(R, S) ,
       IsTransitivelyClosedOn(R, S) ,
       WFDefOn(R, S, Def) ,
       OpDefinesFcn(f, S, Def) ,
       F(x) == CHOOSE g : g = [y \in LT(x) |-> Def(g, y)],
       ff == [x \in S |-> F(x)[x]],
       NEW CONSTANT x \in S,
       g == [y \in LT(x) |-> Def(ff, y)],
       <1>1 ,
       <2>7 ,
       Zenon 
PROVE  ff[x] = Def(ff, x)

@!!END

@!!BEGIN
@!!type:obligation
@!!id:84
@!!loc:286:8:286:12
@!!status:to be proved
@!!obl:ASSUME NEW CONSTANT Def(_, _),
       NEW CONSTANT R,
       NEW CONSTANT S,
       NEW CONSTANT f,
       IsWellFoundedOn(R, S) ,
       IsTransitivelyClosedOn(R, S) ,
       WFDefOn(R, S, Def) ,
       OpDefinesFcn(f, S, Def) ,
       F(x) == CHOOSE g : g = [y \in LT(x) |-> Def(g, y)],
       ff == [x \in S |-> F(x)[x]],
       NEW CONSTANT x \in S,
       g == [y \in LT(x) |-> Def(ff, y)]
PROVE  <1>1

@!!END

@!!BEGIN
@!!type:obligation
@!!id:85
@!!loc:286:14:286:18
@!!status:to be proved
@!!obl:ASSUME NEW CONSTANT Def(_, _),
       NEW CONSTANT R,
       NEW CONSTANT S,
       NEW CONSTANT f,
       IsWellFoundedOn(R, S) ,
       IsTransitivelyClosedOn(R, S) ,
       WFDefOn(R, S, Def) ,
       OpDefinesFcn(f, S, Def) ,
       F(x) == CHOOSE g : g = [y \in LT(x) |-> Def(g, y)],
       ff == [x \in S |-> F(x)[x]],
       NEW CONSTANT x \in S,
       g == [y \in LT(x) |-> Def(ff, y)],
       <1>1 
PROVE  <2>7

@!!END

@!!BEGIN
@!!type:obligation
@!!id:86
@!!loc:286:20:286:25
@!!status:to be proved
@!!obl:ASSUME NEW CONSTANT Def(_, _),
       NEW CONSTANT R,
       NEW CONSTANT S,
       NEW CONSTANT f,
       IsWellFoundedOn(R, S) ,
       IsTransitivelyClosedOn(R, S) ,
       WFDefOn(R, S, Def) ,
       OpDefinesFcn(f, S, Def) ,
       F(x) == CHOOSE g : g = [y \in LT(x) |-> Def(g, y)],
       ff == [x \in S |-> F(x)[x]],
       NEW CONSTANT x \in S,
       g == [y \in LT(x) |-> Def(ff, y)],
       <1>1 ,
       <2>7 
PROVE  Zenon

@!!END

@!!BEGIN
@!!type:obligation
@!!id:87
@!!loc:256:5:256:7
@!!status:to be proved
@!!obl:ASSUME NEW CONSTANT Def(_, _),
       NEW CONSTANT R,
       NEW CONSTANT S,
       NEW CONSTANT f,
       IsWellFoundedOn(R, S) ,
       IsTransitivelyClosedOn(R, S) ,
       WFDefOn(R, S, Def) ,
       OpDefinesFcn(f, S, Def) ,
       F(x) == CHOOSE g : g = [y \in LT(x) |-> Def(g, y)],
       <2>1 ,
       WFInduction ,
       Isa 
PROVE  \A x \in S : ff[x] = Def(ff, x)

@!!END

@!!BEGIN
@!!type:obligation
@!!id:88
@!!loc:256:8:256:19
@!!status:to be proved
@!!obl:ASSUME NEW CONSTANT Def(_, _),
       NEW CONSTANT R,
       NEW CONSTANT S,
       NEW CONSTANT f,
       IsWellFoundedOn(R, S) ,
       IsTransitivelyClosedOn(R, S) ,
       WFDefOn(R, S, Def) ,
       OpDefinesFcn(f, S, Def) ,
       F(x) == CHOOSE g : g = [y \in LT(x) |-> Def(g, y)],
       <2>1 
PROVE  WFInduction

@!!END

@!!BEGIN
@!!type:obligation
@!!id:89
@!!loc:256:21:256:24
@!!status:to be proved
@!!obl:ASSUME NEW CONSTANT Def(_, _),
       NEW CONSTANT R,
       NEW CONSTANT S,
       NEW CONSTANT f,
       IsWellFoundedOn(R, S) ,
       IsTransitivelyClosedOn(R, S) ,
       WFDefOn(R, S, Def) ,
       OpDefinesFcn(f, S, Def) ,
       F(x) == CHOOSE g : g = [y \in LT(x) |-> Def(g, y)],
       <2>1 ,
       WFInduction 
PROVE  Isa

@!!END

@!!BEGIN
@!!type:obligation
@!!id:90
@!!loc:267:7:267:9
@!!status:to be proved
@!!obl:ASSUME NEW CONSTANT Def(_, _),
       NEW CONSTANT R,
       NEW CONSTANT S,
       NEW CONSTANT f,
       IsWellFoundedOn(R, S) ,
       IsTransitivelyClosedOn(R, S) ,
       WFDefOn(R, S, Def) ,
       OpDefinesFcn(f, S, Def) ,
       F(x) == CHOOSE g : g = [y \in LT(x) |-> Def(g, y)],
       NEW CONSTANT x \in S,
       <3>2 ,
       <3>4 ,
       WFDefOnUnique ,
       Zenon 
PROVE  WFInductiveUnique(LT(x), Def)

@!!END

@!!BEGIN
@!!type:obligation
@!!id:91
@!!loc:267:10:267:14
@!!status:to be proved
@!!obl:ASSUME NEW CONSTANT Def(_, _),
       NEW CONSTANT R,
       NEW CONSTANT S,
       NEW CONSTANT f,
       IsWellFoundedOn(R, S) ,
       IsTransitivelyClosedOn(R, S) ,
       WFDefOn(R, S, Def) ,
       OpDefinesFcn(f, S, Def) ,
       F(x) == CHOOSE g : g = [y \in LT(x) |-> Def(g, y)],
       NEW CONSTANT x \in S
PROVE  <3>2

@!!END

@!!BEGIN
@!!type:obligation
@!!id:92
@!!loc:267:16:267:20
@!!status:to be proved
@!!obl:ASSUME NEW CONSTANT Def(_, _),
       NEW CONSTANT R,
       NEW CONSTANT S,
       NEW CONSTANT f,
       IsWellFoundedOn(R, S) ,
       IsTransitivelyClosedOn(R, S) ,
       WFDefOn(R, S, Def) ,
       OpDefinesFcn(f, S, Def) ,
       F(x) == CHOOSE g : g = [y \in LT(x) |-> Def(g, y)],
       NEW CONSTANT x \in S,
       <3>2 
PROVE  <3>4

@!!END

@!!BEGIN
@!!type:obligation
@!!id:93
@!!loc:267:22:267:35
@!!status:to be proved
@!!obl:ASSUME NEW CONSTANT Def(_, _),
       NEW CONSTANT R,
       NEW CONSTANT S,
       NEW CONSTANT f,
       IsWellFoundedOn(R, S) ,
       IsTransitivelyClosedOn(R, S) ,
       WFDefOn(R, S, Def) ,
       OpDefinesFcn(f, S, Def) ,
       F(x) == CHOOSE g : g = [y \in LT(x) |-> Def(g, y)],
       NEW CONSTANT x \in S,
       <3>2 ,
       <3>4 
PROVE  WFDefOnUnique

@!!END

@!!BEGIN
@!!type:obligation
@!!id:94
@!!loc:267:37:267:42
@!!status:to be proved
@!!obl:ASSUME NEW CONSTANT Def(_, _),
       NEW CONSTANT R,
       NEW CONSTANT S,
       NEW CONSTANT f,
       IsWellFoundedOn(R, S) ,
       IsTransitivelyClosedOn(R, S) ,
       WFDefOn(R, S, Def) ,
       OpDefinesFcn(f, S, Def) ,
       F(x) == CHOOSE g : g = [y \in LT(x) |-> Def(g, y)],
       NEW CONSTANT x \in S,
       <3>2 ,
       <3>4 ,
       WFDefOnUnique 
PROVE  Zenon

@!!END

@!!BEGIN
@!!type:obligation
@!!id:95
@!!loc:259:7:259:9
@!!status:to be proved
@!!obl:ASSUME NEW CONSTANT Def(_, _),
       NEW CONSTANT R,
       NEW CONSTANT S,
       NEW CONSTANT f,
       IsWellFoundedOn(R, S) ,
       IsTransitivelyClosedOn(R, S) ,
       WFDefOn(R, S, Def) ,
       OpDefinesFcn(f, S, Def) ,
       F(x) == CHOOSE g : g = [y \in LT(x) |-> Def(g, y)],
       NEW CONSTANT x \in S,
       <1>1 
PROVE  LT(x) \subseteq S

@!!END

@!!BEGIN
@!!type:obligation
@!!id:96
@!!loc:259:10:259:14
@!!status:to be proved
@!!obl:ASSUME NEW CONSTANT Def(_, _),
       NEW CONSTANT R,
       NEW CONSTANT S,
       NEW CONSTANT f,
       IsWellFoundedOn(R, S) ,
       IsTransitivelyClosedOn(R, S) ,
       WFDefOn(R, S, Def) ,
       OpDefinesFcn(f, S, Def) ,
       F(x) == CHOOSE g : g = [y \in LT(x) |-> Def(g, y)],
       NEW CONSTANT x \in S
PROVE  <1>1

@!!END

@!!BEGIN
@!!type:obligation
@!!id:97
@!!loc:261:7:261:9
@!!status:to be proved
@!!obl:ASSUME NEW CONSTANT Def(_, _),
       NEW CONSTANT R,
       NEW CONSTANT S,
       NEW CONSTANT f,
       IsWellFoundedOn(R, S) ,
       IsTransitivelyClosedOn(R, S) ,
       WFDefOn(R, S, Def) ,
       OpDefinesFcn(f, S, Def) ,
       F(x) == CHOOSE g : g = [y \in LT(x) |-> Def(g, y)],
       NEW CONSTANT x \in S,
       <3>1 ,
       IsWellFoundedOnSubset 
PROVE  IsWellFoundedOn(R, LT(x))

@!!END

@!!BEGIN
@!!type:obligation
@!!id:98
@!!loc:261:10:261:14
@!!status:to be proved
@!!obl:ASSUME NEW CONSTANT Def(_, _),
       NEW CONSTANT R,
       NEW CONSTANT S,
       NEW CONSTANT f,
       IsWellFoundedOn(R, S) ,
       IsTransitivelyClosedOn(R, S) ,
       WFDefOn(R, S, Def) ,
       OpDefinesFcn(f, S, Def) ,
       F(x) == CHOOSE g : g = [y \in LT(x) |-> Def(g, y)],
       NEW CONSTANT x \in S
PROVE  <3>1

@!!END

@!!BEGIN
@!!type:obligation
@!!id:99
@!!loc:261:16:261:37
@!!status:to be proved
@!!obl:ASSUME NEW CONSTANT Def(_, _),
       NEW CONSTANT R,
       NEW CONSTANT S,
       NEW CONSTANT f,
       IsWellFoundedOn(R, S) ,
       IsTransitivelyClosedOn(R, S) ,
       WFDefOn(R, S, Def) ,
       OpDefinesFcn(f, S, Def) ,
       F(x) == CHOOSE g : g = [y \in LT(x) |-> Def(g, y)],
       NEW CONSTANT x \in S,
       <3>1 
PROVE  IsWellFoundedOnSubset

@!!END

@!!BEGIN
@!!type:obligation
@!!id:100
@!!loc:263:7:263:9
@!!status:to be proved
@!!obl:ASSUME IsTransitivelyClosedOn(R, S) ==
         \A i, j, k \in S :
            <<i, j>> \in R /\ <<j, k>> \in R => <<i, k>> \in R,
       SetLessThan(x, R, S) == {y \in S : <<y, x>> \in R},
       NEW CONSTANT Def(_, _),
       NEW CONSTANT R,
       NEW CONSTANT S,
       NEW CONSTANT f,
       IsWellFoundedOn(R, S) ,
       IsTransitivelyClosedOn(R, S) ,
       WFDefOn(R, S, Def) ,
       OpDefinesFcn(f, S, Def) ,
       LT(x) == {x} \cup SetLessThan(x, R, S),
       F(x) == CHOOSE g : g = [y \in LT(x) |-> Def(g, y)],
       NEW CONSTANT x \in S
PROVE  \A z \in LT(x) : SetLessThan(z, R, LT(x)) = SetLessThan(z, R, S)

@!!END

@!!BEGIN
@!!type:obligation
@!!id:101
@!!loc:265:7:265:9
@!!status:to be proved
@!!obl:ASSUME WFDefOn(R, S, Def(_, _)) ==
         \A g, h :
            \A x \in S :
               (\A y \in SetLessThan(x, R, S) : g[y] = h[y])
               => Def(g, x) = Def(h, x),
       NEW CONSTANT Def(_, _),
       NEW CONSTANT R,
       NEW CONSTANT S,
       NEW CONSTANT f,
       IsWellFoundedOn(R, S) ,
       IsTransitivelyClosedOn(R, S) ,
       WFDefOn(R, S, Def) ,
       OpDefinesFcn(f, S, Def) ,
       F(x) == CHOOSE g : g = [y \in LT(x) |-> Def(g, y)],
       NEW CONSTANT x \in S,
       <3>1 ,
       <3>3 
PROVE  WFDefOn(R, LT(x), Def)

@!!END

@!!BEGIN
@!!type:obligation
@!!id:102
@!!loc:265:10:265:14
@!!status:to be proved
@!!obl:ASSUME WFDefOn(R, S, Def(_, _)) ==
         \A g, h :
            \A x \in S :
               (\A y \in SetLessThan(x, R, S) : g[y] = h[y])
               => Def(g, x) = Def(h, x),
       NEW CONSTANT Def(_, _),
       NEW CONSTANT R,
       NEW CONSTANT S,
       NEW CONSTANT f,
       IsWellFoundedOn(R, S) ,
       IsTransitivelyClosedOn(R, S) ,
       WFDefOn(R, S, Def) ,
       OpDefinesFcn(f, S, Def) ,
       F(x) == CHOOSE g : g = [y \in LT(x) |-> Def(g, y)],
       NEW CONSTANT x \in S
PROVE  <3>1

@!!END

@!!BEGIN
@!!type:obligation
@!!id:103
@!!loc:265:16:265:20
@!!status:to be proved
@!!obl:ASSUME WFDefOn(R, S, Def(_, _)) ==
         \A g, h :
            \A x \in S :
               (\A y \in SetLessThan(x, R, S) : g[y] = h[y])
               => Def(g, x) = Def(h, x),
       NEW CONSTANT Def(_, _),
       NEW CONSTANT R,
       NEW CONSTANT S,
       NEW CONSTANT f,
       IsWellFoundedOn(R, S) ,
       IsTransitivelyClosedOn(R, S) ,
       WFDefOn(R, S, Def) ,
       OpDefinesFcn(f, S, Def) ,
       F(x) == CHOOSE g : g = [y \in LT(x) |-> Def(g, y)],
       NEW CONSTANT x \in S,
       <3>1 
PROVE  <3>3

@!!END

@!!BEGIN
@!!type:obligation
@!!id:104
@!!loc:270:5:270:7
@!!status:to be proved
@!!obl:ASSUME WFDefOn(R, S, Def(_, _)) ==
         \A g, h :
            \A x \in S :
               (\A y \in SetLessThan(x, R, S) : g[y] = h[y])
               => Def(g, x) = Def(h, x),
       NEW CONSTANT Def(_, _),
       NEW CONSTANT R,
       NEW CONSTANT S,
       NEW CONSTANT f,
       IsWellFoundedOn(R, S) ,
       IsTransitivelyClosedOn(R, S) ,
       WFDefOn(R, S, Def) ,
       OpDefinesFcn(f, S, Def) ,
       F(x) == CHOOSE g : g = [y \in LT(x) |-> Def(g, y)],
       NEW CONSTANT x \in S,
       g == [y \in LT(x) |-> Def(ff, y)],
       <1>1 ,
       <2>1 ,
       Zenon 
PROVE  Def(ff, x) = Def(g, x)

@!!END

@!!BEGIN
@!!type:obligation
@!!id:105
@!!loc:270:8:270:12
@!!status:to be proved
@!!obl:ASSUME WFDefOn(R, S, Def(_, _)) ==
         \A g, h :
            \A x \in S :
               (\A y \in SetLessThan(x, R, S) : g[y] = h[y])
               => Def(g, x) = Def(h, x),
       NEW CONSTANT Def(_, _),
       NEW CONSTANT R,
       NEW CONSTANT S,
       NEW CONSTANT f,
       IsWellFoundedOn(R, S) ,
       IsTransitivelyClosedOn(R, S) ,
       WFDefOn(R, S, Def) ,
       OpDefinesFcn(f, S, Def) ,
       F(x) == CHOOSE g : g = [y \in LT(x) |-> Def(g, y)],
       NEW CONSTANT x \in S,
       g == [y \in LT(x) |-> Def(ff, y)]
PROVE  <1>1

@!!END

@!!BEGIN
@!!type:obligation
@!!id:106
@!!loc:270:32:270:36
@!!status:to be proved
@!!obl:ASSUME WFDefOn(R, S, Def(_, _)) ==
         \A g, h :
            \A x \in S :
               (\A y \in SetLessThan(x, R, S) : g[y] = h[y])
               => Def(g, x) = Def(h, x),
       NEW CONSTANT Def(_, _),
       NEW CONSTANT R,
       NEW CONSTANT S,
       NEW CONSTANT f,
       IsWellFoundedOn(R, S) ,
       IsTransitivelyClosedOn(R, S) ,
       WFDefOn(R, S, Def) ,
       OpDefinesFcn(f, S, Def) ,
       F(x) == CHOOSE g : g = [y \in LT(x) |-> Def(g, y)],
       NEW CONSTANT x \in S,
       g == [y \in LT(x) |-> Def(ff, y)],
       <1>1 
PROVE  <2>1

@!!END

@!!BEGIN
@!!type:obligation
@!!id:107
@!!loc:270:38:270:43
@!!status:to be proved
@!!obl:ASSUME WFDefOn(R, S, Def(_, _)) ==
         \A g, h :
            \A x \in S :
               (\A y \in SetLessThan(x, R, S) : g[y] = h[y])
               => Def(g, x) = Def(h, x),
       NEW CONSTANT Def(_, _),
       NEW CONSTANT R,
       NEW CONSTANT S,
       NEW CONSTANT f,
       IsWellFoundedOn(R, S) ,
       IsTransitivelyClosedOn(R, S) ,
       WFDefOn(R, S, Def) ,
       OpDefinesFcn(f, S, Def) ,
       F(x) == CHOOSE g : g = [y \in LT(x) |-> Def(g, y)],
       NEW CONSTANT x \in S,
       g == [y \in LT(x) |-> Def(ff, y)],
       <1>1 ,
       <2>1 
PROVE  Zenon

@!!END

@!!BEGIN
@!!type:obligation
@!!id:108
@!!loc:278:8:278:10
@!!status:to be proved
@!!obl:ASSUME WFDefOn(R, S, Def(_, _)) ==
         \A g, h :
            \A x \in S :
               (\A y \in SetLessThan(x, R, S) : g[y] = h[y])
               => Def(g, x) = Def(h, x),
       NEW CONSTANT Def(_, _),
       NEW CONSTANT R,
       NEW CONSTANT S,
       NEW CONSTANT f,
       IsWellFoundedOn(R, S) ,
       IsTransitivelyClosedOn(R, S) ,
       WFDefOn(R, S, Def) ,
       OpDefinesFcn(f, S, Def) ,
       F(x) == CHOOSE g : g = [y \in LT(x) |-> Def(g, y)],
       NEW CONSTANT x \in S,
       g == [y \in LT(x) |-> Def(ff, y)],
       NEW CONSTANT y \in SetLessThan(x, R, S),
       <3>1 ,
       <3>2 ,
       Zenon 
PROVE  Def(ff, y) = Def(g, y)

@!!END

@!!BEGIN
@!!type:obligation
@!!id:109
@!!loc:278:11:278:15
@!!status:to be proved
@!!obl:ASSUME WFDefOn(R, S, Def(_, _)) ==
         \A g, h :
            \A x \in S :
               (\A y \in SetLessThan(x, R, S) : g[y] = h[y])
               => Def(g, x) = Def(h, x),
       NEW CONSTANT Def(_, _),
       NEW CONSTANT R,
       NEW CONSTANT S,
       NEW CONSTANT f,
       IsWellFoundedOn(R, S) ,
       IsTransitivelyClosedOn(R, S) ,
       WFDefOn(R, S, Def) ,
       OpDefinesFcn(f, S, Def) ,
       F(x) == CHOOSE g : g = [y \in LT(x) |-> Def(g, y)],
       NEW CONSTANT x \in S,
       g == [y \in LT(x) |-> Def(ff, y)],
       NEW CONSTANT y \in SetLessThan(x, R, S)
PROVE  <3>1

@!!END

@!!BEGIN
@!!type:obligation
@!!id:110
@!!loc:278:17:278:21
@!!status:to be proved
@!!obl:ASSUME WFDefOn(R, S, Def(_, _)) ==
         \A g, h :
            \A x \in S :
               (\A y \in SetLessThan(x, R, S) : g[y] = h[y])
               => Def(g, x) = Def(h, x),
       NEW CONSTANT Def(_, _),
       NEW CONSTANT R,
       NEW CONSTANT S,
       NEW CONSTANT f,
       IsWellFoundedOn(R, S) ,
       IsTransitivelyClosedOn(R, S) ,
       WFDefOn(R, S, Def) ,
       OpDefinesFcn(f, S, Def) ,
       F(x) == CHOOSE g : g = [y \in LT(x) |-> Def(g, y)],
       NEW CONSTANT x \in S,
       g == [y \in LT(x) |-> Def(ff, y)],
       NEW CONSTANT y \in SetLessThan(x, R, S),
       <3>1 
PROVE  <3>2

@!!END

@!!BEGIN
@!!type:obligation
@!!id:111
@!!loc:278:23:278:28
@!!status:to be proved
@!!obl:ASSUME WFDefOn(R, S, Def(_, _)) ==
         \A g, h :
            \A x \in S :
               (\A y \in SetLessThan(x, R, S) : g[y] = h[y])
               => Def(g, x) = Def(h, x),
       NEW CONSTANT Def(_, _),
       NEW CONSTANT R,
       NEW CONSTANT S,
       NEW CONSTANT f,
       IsWellFoundedOn(R, S) ,
       IsTransitivelyClosedOn(R, S) ,
       WFDefOn(R, S, Def) ,
       OpDefinesFcn(f, S, Def) ,
       F(x) == CHOOSE g : g = [y \in LT(x) |-> Def(g, y)],
       NEW CONSTANT x \in S,
       g == [y \in LT(x) |-> Def(ff, y)],
       NEW CONSTANT y \in SetLessThan(x, R, S),
       <3>1 ,
       <3>2 
PROVE  Zenon

@!!END

@!!BEGIN
@!!type:obligation
@!!id:112
@!!loc:274:8:274:10
@!!status:to be proved
@!!obl:ASSUME SetLessThan(x, R, S) == {y \in S : <<y, x>> \in R},
       NEW CONSTANT Def(_, _),
       NEW CONSTANT R,
       NEW CONSTANT S,
       NEW CONSTANT f,
       IsWellFoundedOn(R, S) ,
       IsTransitivelyClosedOn(R, S) ,
       WFDefOn(R, S, Def) ,
       OpDefinesFcn(f, S, Def) ,
       F(x) == CHOOSE g : g = [y \in LT(x) |-> Def(g, y)],
       NEW CONSTANT x \in S,
       g == [y \in LT(x) |-> Def(ff, y)],
       NEW CONSTANT y \in SetLessThan(x, R, S)
PROVE  y \in S

@!!END

@!!BEGIN
@!!type:obligation
@!!id:113
@!!loc:276:8:276:10
@!!status:to be proved
@!!obl:ASSUME NEW CONSTANT Def(_, _),
       NEW CONSTANT R,
       NEW CONSTANT S,
       NEW CONSTANT f,
       IsWellFoundedOn(R, S) ,
       IsTransitivelyClosedOn(R, S) ,
       WFDefOn(R, S, Def) ,
       OpDefinesFcn(f, S, Def) ,
       LT(x) == {x} \cup SetLessThan(x, R, S),
       F(x) == CHOOSE g : g = [y \in LT(x) |-> Def(g, y)],
       NEW CONSTANT x \in S,
       g == [y \in LT(x) |-> Def(ff, y)],
       NEW CONSTANT y \in SetLessThan(x, R, S),
       <2>1 ,
       SetLessTransitive 
PROVE  \A z \in SetLessThan(y, R, S) : ff[z] = g[z]

@!!END

@!!BEGIN
@!!type:obligation
@!!id:114
@!!loc:276:11:276:15
@!!status:to be proved
@!!obl:ASSUME NEW CONSTANT Def(_, _),
       NEW CONSTANT R,
       NEW CONSTANT S,
       NEW CONSTANT f,
       IsWellFoundedOn(R, S) ,
       IsTransitivelyClosedOn(R, S) ,
       WFDefOn(R, S, Def) ,
       OpDefinesFcn(f, S, Def) ,
       LT(x) == {x} \cup SetLessThan(x, R, S),
       F(x) == CHOOSE g : g = [y \in LT(x) |-> Def(g, y)],
       NEW CONSTANT x \in S,
       g == [y \in LT(x) |-> Def(ff, y)],
       NEW CONSTANT y \in SetLessThan(x, R, S)
PROVE  <2>1

@!!END

@!!BEGIN
@!!type:obligation
@!!id:115
@!!loc:276:17:276:34
@!!status:to be proved
@!!obl:ASSUME NEW CONSTANT Def(_, _),
       NEW CONSTANT R,
       NEW CONSTANT S,
       NEW CONSTANT f,
       IsWellFoundedOn(R, S) ,
       IsTransitivelyClosedOn(R, S) ,
       WFDefOn(R, S, Def) ,
       OpDefinesFcn(f, S, Def) ,
       LT(x) == {x} \cup SetLessThan(x, R, S),
       F(x) == CHOOSE g : g = [y \in LT(x) |-> Def(g, y)],
       NEW CONSTANT x \in S,
       g == [y \in LT(x) |-> Def(ff, y)],
       NEW CONSTANT y \in SetLessThan(x, R, S),
       <2>1 
PROVE  SetLessTransitive

@!!END

@!!BEGIN
@!!type:obligation
@!!id:116
@!!loc:280:5:280:7
@!!status:to be proved
@!!obl:ASSUME WFInductiveDefines(f, S, Def(_, _)) == f = [x \in S |-> Def(f, x)],
       NEW CONSTANT Def(_, _),
       NEW CONSTANT R,
       NEW CONSTANT S,
       NEW CONSTANT f,
       IsWellFoundedOn(R, S) ,
       IsTransitivelyClosedOn(R, S) ,
       WFDefOn(R, S, Def) ,
       OpDefinesFcn(f, S, Def) ,
       LT(x) == {x} \cup SetLessThan(x, R, S),
       F(x) == CHOOSE g : g = [y \in LT(x) |-> Def(g, y)],
       NEW CONSTANT x \in S,
       g == [y \in LT(x) |-> Def(ff, y)],
       <2>3 ,
       <2>4 
PROVE  WFInductiveDefines(g, LT(x), Def)

@!!END

@!!BEGIN
@!!type:obligation
@!!id:117
@!!loc:280:8:280:12
@!!status:to be proved
@!!obl:ASSUME WFInductiveDefines(f, S, Def(_, _)) == f = [x \in S |-> Def(f, x)],
       NEW CONSTANT Def(_, _),
       NEW CONSTANT R,
       NEW CONSTANT S,
       NEW CONSTANT f,
       IsWellFoundedOn(R, S) ,
       IsTransitivelyClosedOn(R, S) ,
       WFDefOn(R, S, Def) ,
       OpDefinesFcn(f, S, Def) ,
       LT(x) == {x} \cup SetLessThan(x, R, S),
       F(x) == CHOOSE g : g = [y \in LT(x) |-> Def(g, y)],
       NEW CONSTANT x \in S,
       g == [y \in LT(x) |-> Def(ff, y)]
PROVE  <2>3

@!!END

@!!BEGIN
@!!type:obligation
@!!id:118
@!!loc:280:14:280:18
@!!status:to be proved
@!!obl:ASSUME WFInductiveDefines(f, S, Def(_, _)) == f = [x \in S |-> Def(f, x)],
       NEW CONSTANT Def(_, _),
       NEW CONSTANT R,
       NEW CONSTANT S,
       NEW CONSTANT f,
       IsWellFoundedOn(R, S) ,
       IsTransitivelyClosedOn(R, S) ,
       WFDefOn(R, S, Def) ,
       OpDefinesFcn(f, S, Def) ,
       LT(x) == {x} \cup SetLessThan(x, R, S),
       F(x) == CHOOSE g : g = [y \in LT(x) |-> Def(g, y)],
       NEW CONSTANT x \in S,
       g == [y \in LT(x) |-> Def(ff, y)],
       <2>3 
PROVE  <2>4

@!!END

@!!BEGIN
@!!type:obligation
@!!id:119
@!!loc:282:5:282:7
@!!status:to be proved
@!!obl:ASSUME WFInductiveDefines(f, S, Def(_, _)) == f = [x \in S |-> Def(f, x)],
       NEW CONSTANT Def(_, _),
       NEW CONSTANT R,
       NEW CONSTANT S,
       NEW CONSTANT f,
       IsWellFoundedOn(R, S) ,
       IsTransitivelyClosedOn(R, S) ,
       WFDefOn(R, S, Def) ,
       OpDefinesFcn(f, S, Def) ,
       F(x) == CHOOSE g : g = [y \in LT(x) |-> Def(g, y)],
       NEW CONSTANT x \in S,
       g == [y \in LT(x) |-> Def(ff, y)],
       <2>5 
PROVE  WFInductiveDefines(F(x), LT(x), Def)

@!!END

@!!BEGIN
@!!type:obligation
@!!id:120
@!!loc:282:8:282:12
@!!status:to be proved
@!!obl:ASSUME WFInductiveDefines(f, S, Def(_, _)) == f = [x \in S |-> Def(f, x)],
       NEW CONSTANT Def(_, _),
       NEW CONSTANT R,
       NEW CONSTANT S,
       NEW CONSTANT f,
       IsWellFoundedOn(R, S) ,
       IsTransitivelyClosedOn(R, S) ,
       WFDefOn(R, S, Def) ,
       OpDefinesFcn(f, S, Def) ,
       F(x) == CHOOSE g : g = [y \in LT(x) |-> Def(g, y)],
       NEW CONSTANT x \in S,
       g == [y \in LT(x) |-> Def(ff, y)]
PROVE  <2>5

@!!END

@!!BEGIN
@!!type:obligation
@!!id:121
@!!loc:284:5:284:7
@!!status:to be proved
@!!obl:ASSUME WFInductiveUnique(S, Def(_, _)) ==
         \A g, h :
            (/\ WFInductiveDefines(g, S, Def)
             /\ WFInductiveDefines(h, S, Def))
            => g = h,
       NEW CONSTANT Def(_, _),
       NEW CONSTANT R,
       NEW CONSTANT S,
       NEW CONSTANT f,
       IsWellFoundedOn(R, S) ,
       IsTransitivelyClosedOn(R, S) ,
       WFDefOn(R, S, Def) ,
       OpDefinesFcn(f, S, Def) ,
       F(x) == CHOOSE g : g = [y \in LT(x) |-> Def(g, y)],
       NEW CONSTANT x \in S,
       g == [y \in LT(x) |-> Def(ff, y)],
       <2>5 ,
       <2>6 ,
       <2>2 ,
       Zenon 
PROVE  g = F(x)

@!!END

@!!BEGIN
@!!type:obligation
@!!id:122
@!!loc:284:8:284:12
@!!status:to be proved
@!!obl:ASSUME WFInductiveUnique(S, Def(_, _)) ==
         \A g, h :
            (/\ WFInductiveDefines(g, S, Def)
             /\ WFInductiveDefines(h, S, Def))
            => g = h,
       NEW CONSTANT Def(_, _),
       NEW CONSTANT R,
       NEW CONSTANT S,
       NEW CONSTANT f,
       IsWellFoundedOn(R, S) ,
       IsTransitivelyClosedOn(R, S) ,
       WFDefOn(R, S, Def) ,
       OpDefinesFcn(f, S, Def) ,
       F(x) == CHOOSE g : g = [y \in LT(x) |-> Def(g, y)],
       NEW CONSTANT x \in S,
       g == [y \in LT(x) |-> Def(ff, y)]
PROVE  <2>5

@!!END

@!!BEGIN
@!!type:obligation
@!!id:123
@!!loc:284:14:284:18
@!!status:to be proved
@!!obl:ASSUME WFInductiveUnique(S, Def(_, _)) ==
         \A g, h :
            (/\ WFInductiveDefines(g, S, Def)
             /\ WFInductiveDefines(h, S, Def))
            => g = h,
       NEW CONSTANT Def(_, _),
       NEW CONSTANT R,
       NEW CONSTANT S,
       NEW CONSTANT f,
       IsWellFoundedOn(R, S) ,
       IsTransitivelyClosedOn(R, S) ,
       WFDefOn(R, S, Def) ,
       OpDefinesFcn(f, S, Def) ,
       F(x) == CHOOSE g : g = [y \in LT(x) |-> Def(g, y)],
       NEW CONSTANT x \in S,
       g == [y \in LT(x) |-> Def(ff, y)],
       <2>5 
PROVE  <2>6

@!!END

@!!BEGIN
@!!type:obligation
@!!id:124
@!!loc:284:20:284:24
@!!status:to be proved
@!!obl:ASSUME WFInductiveUnique(S, Def(_, _)) ==
         \A g, h :
            (/\ WFInductiveDefines(g, S, Def)
             /\ WFInductiveDefines(h, S, Def))
            => g = h,
       NEW CONSTANT Def(_, _),
       NEW CONSTANT R,
       NEW CONSTANT S,
       NEW CONSTANT f,
       IsWellFoundedOn(R, S) ,
       IsTransitivelyClosedOn(R, S) ,
       WFDefOn(R, S, Def) ,
       OpDefinesFcn(f, S, Def) ,
       F(x) == CHOOSE g : g = [y \in LT(x) |-> Def(g, y)],
       NEW CONSTANT x \in S,
       g == [y \in LT(x) |-> Def(ff, y)],
       <2>5 ,
       <2>6 
PROVE  <2>2

@!!END

@!!BEGIN
@!!type:obligation
@!!id:125
@!!loc:284:26:284:31
@!!status:to be proved
@!!obl:ASSUME WFInductiveUnique(S, Def(_, _)) ==
         \A g, h :
            (/\ WFInductiveDefines(g, S, Def)
             /\ WFInductiveDefines(h, S, Def))
            => g = h,
       NEW CONSTANT Def(_, _),
       NEW CONSTANT R,
       NEW CONSTANT S,
       NEW CONSTANT f,
       IsWellFoundedOn(R, S) ,
       IsTransitivelyClosedOn(R, S) ,
       WFDefOn(R, S, Def) ,
       OpDefinesFcn(f, S, Def) ,
       F(x) == CHOOSE g : g = [y \in LT(x) |-> Def(g, y)],
       NEW CONSTANT x \in S,
       g == [y \in LT(x) |-> Def(ff, y)],
       <2>5 ,
       <2>6 ,
       <2>2 
PROVE  Zenon

@!!END

@!!BEGIN
@!!type:obligation
@!!id:126
@!!loc:317:11:317:13
@!!status:to be proved
@!!obl:ASSUME NEW CONSTANT R,
       NEW CONSTANT S,
       <1>1 ,
       <1>2 
PROVE  /\ R \cap S \X S \subseteq TransitiveClosureOn(R, S)
       /\ IsTransitivelyClosedOn(TransitiveClosureOn(R, S), S)

@!!END

@!!BEGIN
@!!type:obligation
@!!id:127
@!!loc:317:14:317:18
@!!status:to be proved
@!!obl:ASSUME NEW CONSTANT R,
       NEW CONSTANT S
PROVE  <1>1

@!!END

@!!BEGIN
@!!type:obligation
@!!id:128
@!!loc:317:20:317:24
@!!status:to be proved
@!!obl:ASSUME NEW CONSTANT R,
       NEW CONSTANT S,
       <1>1 
PROVE  <1>2

@!!END

@!!BEGIN
@!!type:obligation
@!!id:129
@!!loc:312:1:312:14
@!!status:to be proved
@!!obl:ASSUME <1>_a213 
PROVE  \A R, S :
          /\ R \cap S \X S \subseteq TransitiveClosureOn(R, S)
          /\ IsTransitivelyClosedOn(TransitiveClosureOn(R, S), S)

@!!END

@!!BEGIN
@!!type:obligation
@!!id:130
@!!loc:312:1:312:14
@!!status:to be proved
@!!obl:ASSUME <1>_a213 
PROVE  <1>_a213

@!!END

@!!BEGIN
@!!type:obligation
@!!id:131
@!!loc:314:3:314:5
@!!status:to be proved
@!!obl:ASSUME TransitiveClosureOn(R, S) ==
         {ss \in S \X S :
            \A U \in SUBSET S \X S :
               (/\ R \cap S \X S \subseteq U
                /\ IsTransitivelyClosedOn(U, S))
               => ss \in U},
       NEW CONSTANT R,
       NEW CONSTANT S
PROVE  R \cap S \X S \subseteq TransitiveClosureOn(R, S)

@!!END

@!!BEGIN
@!!type:obligation
@!!id:132
@!!loc:316:3:316:5
@!!status:to be proved
@!!obl:ASSUME IsTransitivelyClosedOn(R, S) ==
         \A i, j, k \in S :
            <<i, j>> \in R /\ <<j, k>> \in R => <<i, k>> \in R,
       TransitiveClosureOn(R, S) ==
         {ss \in S \X S :
            \A U \in SUBSET S \X S :
               (/\ R \cap S \X S \subseteq U
                /\ IsTransitivelyClosedOn(U, S))
               => ss \in U},
       NEW CONSTANT R,
       NEW CONSTANT S,
       Zenon 
PROVE  IsTransitivelyClosedOn(TransitiveClosureOn(R, S), S)

@!!END

@!!BEGIN
@!!type:obligation
@!!id:133
@!!loc:316:6:316:11
@!!status:to be proved
@!!obl:ASSUME IsTransitivelyClosedOn(R, S) ==
         \A i, j, k \in S :
            <<i, j>> \in R /\ <<j, k>> \in R => <<i, k>> \in R,
       TransitiveClosureOn(R, S) ==
         {ss \in S \X S :
            \A U \in SUBSET S \X S :
               (/\ R \cap S \X S \subseteq U
                /\ IsTransitivelyClosedOn(U, S))
               => ss \in U},
       NEW CONSTANT R,
       NEW CONSTANT S
PROVE  Zenon

@!!END

@!!BEGIN
@!!type:obligation
@!!id:134
@!!loc:324:1:324:3
@!!status:to be proved
@!!obl:ASSUME TransitiveClosureOn(R, S) ==
         {ss \in S \X S :
            \A U \in SUBSET S \X S :
               (/\ R \cap S \X S \subseteq U
                /\ IsTransitivelyClosedOn(U, S))
               => ss \in U},
       NEW CONSTANT R,
       NEW CONSTANT S,
       NEW CONSTANT U \in SUBSET S \X S,
       R \cap S \X S \subseteq U ,
       IsTransitivelyClosedOn(U, S) 
PROVE  TransitiveClosureOn(R, S) \subseteq U

@!!END

@!!BEGIN
@!!type:obligation
@!!id:135
@!!loc:338:1:338:3
@!!status:to be proved
@!!obl:ASSUME IsTransitivelyClosedOn(R, S) ==
         \A i, j, k \in S :
            <<i, j>> \in R /\ <<j, k>> \in R => <<i, k>> \in R,
       NEW CONSTANT R,
       NEW CONSTANT S,
       NEW CONSTANT i \in S,
       NEW CONSTANT j \in S,
       NEW CONSTANT k \in S,
       <<i, j>> \in TransitiveClosureOn(R, S) ,
       <<j, k>> \in TransitiveClosureOn(R, S) ,
       TransitiveClosureThm 
PROVE  <<i, k>> \in TransitiveClosureOn(R, S)

@!!END

@!!BEGIN
@!!type:obligation
@!!id:136
@!!loc:338:4:338:24
@!!status:to be proved
@!!obl:ASSUME IsTransitivelyClosedOn(R, S) ==
         \A i, j, k \in S :
            <<i, j>> \in R /\ <<j, k>> \in R => <<i, k>> \in R,
       NEW CONSTANT R,
       NEW CONSTANT S,
       NEW CONSTANT i \in S,
       NEW CONSTANT j \in S,
       NEW CONSTANT k \in S,
       <<i, j>> \in TransitiveClosureOn(R, S) ,
       <<j, k>> \in TransitiveClosureOn(R, S) 
PROVE  TransitiveClosureThm

@!!END

@!!BEGIN
@!!type:obligation
@!!id:137
@!!loc:344:1:344:3
@!!status:to be proved
@!!obl:ASSUME NEW CONSTANT R,
       NEW CONSTANT S,
       NEW CONSTANT i \in S,
       NEW CONSTANT j \in S,
       NEW CONSTANT k \in S,
       <<i, j>> \in TransitiveClosureOn(R, S) ,
       <<j, k>> \in R ,
       TransitiveClosureThm ,
       TCTCTC ,
       Zenon 
PROVE  <<i, k>> \in TransitiveClosureOn(R, S)

@!!END

@!!BEGIN
@!!type:obligation
@!!id:138
@!!loc:344:4:344:24
@!!status:to be proved
@!!obl:ASSUME NEW CONSTANT R,
       NEW CONSTANT S,
       NEW CONSTANT i \in S,
       NEW CONSTANT j \in S,
       NEW CONSTANT k \in S,
       <<i, j>> \in TransitiveClosureOn(R, S) ,
       <<j, k>> \in R 
PROVE  TransitiveClosureThm

@!!END

@!!BEGIN
@!!type:obligation
@!!id:139
@!!loc:344:26:344:32
@!!status:to be proved
@!!obl:ASSUME NEW CONSTANT R,
       NEW CONSTANT S,
       NEW CONSTANT i \in S,
       NEW CONSTANT j \in S,
       NEW CONSTANT k \in S,
       <<i, j>> \in TransitiveClosureOn(R, S) ,
       <<j, k>> \in R ,
       TransitiveClosureThm 
PROVE  TCTCTC

@!!END

@!!BEGIN
@!!type:obligation
@!!id:140
@!!loc:344:34:344:39
@!!status:to be proved
@!!obl:ASSUME NEW CONSTANT R,
       NEW CONSTANT S,
       NEW CONSTANT i \in S,
       NEW CONSTANT j \in S,
       NEW CONSTANT k \in S,
       <<i, j>> \in TransitiveClosureOn(R, S) ,
       <<j, k>> \in R ,
       TransitiveClosureThm ,
       TCTCTC 
PROVE  Zenon

@!!END

@!!BEGIN
@!!type:obligation
@!!id:141
@!!loc:350:1:350:3
@!!status:to be proved
@!!obl:ASSUME NEW CONSTANT R,
       NEW CONSTANT S,
       NEW CONSTANT i \in S,
       NEW CONSTANT j \in S,
       NEW CONSTANT k \in S,
       <<i, j>> \in R ,
       <<j, k>> \in TransitiveClosureOn(R, S) ,
       TransitiveClosureThm ,
       TCTCTC ,
       Zenon 
PROVE  <<i, k>> \in TransitiveClosureOn(R, S)

@!!END

@!!BEGIN
@!!type:obligation
@!!id:142
@!!loc:350:4:350:24
@!!status:to be proved
@!!obl:ASSUME NEW CONSTANT R,
       NEW CONSTANT S,
       NEW CONSTANT i \in S,
       NEW CONSTANT j \in S,
       NEW CONSTANT k \in S,
       <<i, j>> \in R ,
       <<j, k>> \in TransitiveClosureOn(R, S) 
PROVE  TransitiveClosureThm

@!!END

@!!BEGIN
@!!type:obligation
@!!id:143
@!!loc:350:26:350:32
@!!status:to be proved
@!!obl:ASSUME NEW CONSTANT R,
       NEW CONSTANT S,
       NEW CONSTANT i \in S,
       NEW CONSTANT j \in S,
       NEW CONSTANT k \in S,
       <<i, j>> \in R ,
       <<j, k>> \in TransitiveClosureOn(R, S) ,
       TransitiveClosureThm 
PROVE  TCTCTC

@!!END

@!!BEGIN
@!!type:obligation
@!!id:144
@!!loc:350:34:350:39
@!!status:to be proved
@!!obl:ASSUME NEW CONSTANT R,
       NEW CONSTANT S,
       NEW CONSTANT i \in S,
       NEW CONSTANT j \in S,
       NEW CONSTANT k \in S,
       <<i, j>> \in R ,
       <<j, k>> \in TransitiveClosureOn(R, S) ,
       TransitiveClosureThm ,
       TCTCTC 
PROVE  Zenon

@!!END

@!!BEGIN
@!!type:obligation
@!!id:145
@!!loc:388:5:388:7
@!!status:to be proved
@!!obl:ASSUME NEW CONSTANT R,
       NEW CONSTANT S,
       NEW CONSTANT i \in S,
       NEW CONSTANT k \in S,
       <<i, k>> \in TransitiveClosureOn(R, S) ,
       U ==
         {ss \in S \X S :
            \E s \in S :
               /\ <<s, ss[2]>> \in R
               /\ ss[1] = s \/ <<ss[1], s>> \in TransitiveClosureOn(R, S)},
       <2>1 ,
       Zenon 
PROVE  \E j \in S :
          /\ <<j, k>> \in R
          /\ i = j \/ <<i, j>> \in TransitiveClosureOn(R, S)

@!!END

@!!BEGIN
@!!type:obligation
@!!id:146
@!!loc:388:8:388:12
@!!status:to be proved
@!!obl:ASSUME NEW CONSTANT R,
       NEW CONSTANT S,
       NEW CONSTANT i \in S,
       NEW CONSTANT k \in S,
       <<i, k>> \in TransitiveClosureOn(R, S) ,
       U ==
         {ss \in S \X S :
            \E s \in S :
               /\ <<s, ss[2]>> \in R
               /\ ss[1] = s \/ <<ss[1], s>> \in TransitiveClosureOn(R, S)}
PROVE  <2>1

@!!END

@!!BEGIN
@!!type:obligation
@!!id:147
@!!loc:388:14:388:19
@!!status:to be proved
@!!obl:ASSUME NEW CONSTANT R,
       NEW CONSTANT S,
       NEW CONSTANT i \in S,
       NEW CONSTANT k \in S,
       <<i, k>> \in TransitiveClosureOn(R, S) ,
       U ==
         {ss \in S \X S :
            \E s \in S :
               /\ <<s, ss[2]>> \in R
               /\ ss[1] = s \/ <<ss[1], s>> \in TransitiveClosureOn(R, S)},
       <2>1 
PROVE  Zenon

@!!END

@!!BEGIN
@!!type:obligation
@!!id:148
@!!loc:386:5:386:7
@!!status:to be proved
@!!obl:ASSUME NEW CONSTANT R,
       NEW CONSTANT S,
       NEW CONSTANT i \in S,
       NEW CONSTANT k \in S,
       <<i, k>> \in TransitiveClosureOn(R, S) ,
       U ==
         {ss \in S \X S :
            \E s \in S :
               /\ <<s, ss[2]>> \in R
               /\ ss[1] = s \/ <<ss[1], s>> \in TransitiveClosureOn(R, S)},
       <1>1 ,
       <1>3 ,
       TransitiveClosureMinimal ,
       Zenon 
PROVE  TransitiveClosureOn(R, S) \subseteq U

@!!END

@!!BEGIN
@!!type:obligation
@!!id:149
@!!loc:386:8:386:12
@!!status:to be proved
@!!obl:ASSUME NEW CONSTANT R,
       NEW CONSTANT S,
       NEW CONSTANT i \in S,
       NEW CONSTANT k \in S,
       <<i, k>> \in TransitiveClosureOn(R, S) ,
       U ==
         {ss \in S \X S :
            \E s \in S :
               /\ <<s, ss[2]>> \in R
               /\ ss[1] = s \/ <<ss[1], s>> \in TransitiveClosureOn(R, S)}
PROVE  <1>1

@!!END

@!!BEGIN
@!!type:obligation
@!!id:150
@!!loc:386:14:386:18
@!!status:to be proved
@!!obl:ASSUME NEW CONSTANT R,
       NEW CONSTANT S,
       NEW CONSTANT i \in S,
       NEW CONSTANT k \in S,
       <<i, k>> \in TransitiveClosureOn(R, S) ,
       U ==
         {ss \in S \X S :
            \E s \in S :
               /\ <<s, ss[2]>> \in R
               /\ ss[1] = s \/ <<ss[1], s>> \in TransitiveClosureOn(R, S)},
       <1>1 
PROVE  <1>3

@!!END

@!!BEGIN
@!!type:obligation
@!!id:151
@!!loc:386:20:386:44
@!!status:to be proved
@!!obl:ASSUME NEW CONSTANT R,
       NEW CONSTANT S,
       NEW CONSTANT i \in S,
       NEW CONSTANT k \in S,
       <<i, k>> \in TransitiveClosureOn(R, S) ,
       U ==
         {ss \in S \X S :
            \E s \in S :
               /\ <<s, ss[2]>> \in R
               /\ ss[1] = s \/ <<ss[1], s>> \in TransitiveClosureOn(R, S)},
       <1>1 ,
       <1>3 
PROVE  TransitiveClosureMinimal

@!!END

@!!BEGIN
@!!type:obligation
@!!id:152
@!!loc:386:46:386:51
@!!status:to be proved
@!!obl:ASSUME NEW CONSTANT R,
       NEW CONSTANT S,
       NEW CONSTANT i \in S,
       NEW CONSTANT k \in S,
       <<i, k>> \in TransitiveClosureOn(R, S) ,
       U ==
         {ss \in S \X S :
            \E s \in S :
               /\ <<s, ss[2]>> \in R
               /\ ss[1] = s \/ <<ss[1], s>> \in TransitiveClosureOn(R, S)},
       <1>1 ,
       <1>3 ,
       TransitiveClosureMinimal 
PROVE  Zenon

@!!END

@!!BEGIN
@!!type:obligation
@!!id:153
@!!loc:363:5:363:12
@!!status:to be proved
@!!obl:ASSUME NEW CONSTANT R,
       NEW CONSTANT S,
       NEW CONSTANT i \in S,
       NEW CONSTANT k \in S,
       <<i, k>> \in TransitiveClosureOn(R, S) ,
       U ==
         {ss \in S \X S :
            \E s \in S :
               /\ <<s, ss[2]>> \in R
               /\ ss[1] = s \/ <<ss[1], s>> \in TransitiveClosureOn(R, S)},
       NEW CONSTANT x \in S,
       NEW CONSTANT y \in S,
       <<x, y>> \in R 
PROVE  <<x, y>> \in U

@!!END

@!!BEGIN
@!!type:obligation
@!!id:154
@!!loc:361:5:361:7
@!!status:to be proved
@!!obl:ASSUME NEW CONSTANT R,
       NEW CONSTANT S,
       NEW CONSTANT i \in S,
       NEW CONSTANT k \in S,
       <<i, k>> \in TransitiveClosureOn(R, S) ,
       U ==
         {ss \in S \X S :
            \E s \in S :
               /\ <<s, ss[2]>> \in R
               /\ ss[1] = s \/ <<ss[1], s>> \in TransitiveClosureOn(R, S)},
       <2>_a238 ,
       IsaM("blast") 
PROVE  R \cap S \X S \subseteq U

@!!END

@!!BEGIN
@!!type:obligation
@!!id:155
@!!loc:361:8:361:21
@!!status:to be proved
@!!obl:ASSUME NEW CONSTANT R,
       NEW CONSTANT S,
       NEW CONSTANT i \in S,
       NEW CONSTANT k \in S,
       <<i, k>> \in TransitiveClosureOn(R, S) ,
       U ==
         {ss \in S \X S :
            \E s \in S :
               /\ <<s, ss[2]>> \in R
               /\ ss[1] = s \/ <<ss[1], s>> \in TransitiveClosureOn(R, S)},
       <2>_a238 
PROVE  IsaM("blast")

@!!END

@!!BEGIN
@!!type:obligation
@!!id:156
@!!loc:369:5:369:7
@!!status:to be proved
@!!obl:ASSUME IsTransitivelyClosedOn(R, S) ==
         \A i, j, k \in S :
            <<i, j>> \in R /\ <<j, k>> \in R => <<i, k>> \in R,
       NEW CONSTANT R,
       NEW CONSTANT S,
       NEW CONSTANT i \in S,
       NEW CONSTANT k \in S,
       <<i, k>> \in TransitiveClosureOn(R, S) ,
       U ==
         {ss \in S \X S :
            \E s \in S :
               /\ <<s, ss[2]>> \in R
               /\ ss[1] = s \/ <<ss[1], s>> \in TransitiveClosureOn(R, S)},
       NEW CONSTANT x \in S,
       NEW CONSTANT y \in S,
       <<x, y>> \in U ,
       TransitiveClosureThm ,
       Zenon 
PROVE  <<x, y>> \in TransitiveClosureOn(R, S)

@!!END

@!!BEGIN
@!!type:obligation
@!!id:157
@!!loc:369:8:369:28
@!!status:to be proved
@!!obl:ASSUME IsTransitivelyClosedOn(R, S) ==
         \A i, j, k \in S :
            <<i, j>> \in R /\ <<j, k>> \in R => <<i, k>> \in R,
       NEW CONSTANT R,
       NEW CONSTANT S,
       NEW CONSTANT i \in S,
       NEW CONSTANT k \in S,
       <<i, k>> \in TransitiveClosureOn(R, S) ,
       U ==
         {ss \in S \X S :
            \E s \in S :
               /\ <<s, ss[2]>> \in R
               /\ ss[1] = s \/ <<ss[1], s>> \in TransitiveClosureOn(R, S)},
       NEW CONSTANT x \in S,
       NEW CONSTANT y \in S,
       <<x, y>> \in U 
PROVE  TransitiveClosureThm

@!!END

@!!BEGIN
@!!type:obligation
@!!id:158
@!!loc:369:30:369:35
@!!status:to be proved
@!!obl:ASSUME IsTransitivelyClosedOn(R, S) ==
         \A i, j, k \in S :
            <<i, j>> \in R /\ <<j, k>> \in R => <<i, k>> \in R,
       NEW CONSTANT R,
       NEW CONSTANT S,
       NEW CONSTANT i \in S,
       NEW CONSTANT k \in S,
       <<i, k>> \in TransitiveClosureOn(R, S) ,
       U ==
         {ss \in S \X S :
            \E s \in S :
               /\ <<s, ss[2]>> \in R
               /\ ss[1] = s \/ <<ss[1], s>> \in TransitiveClosureOn(R, S)},
       NEW CONSTANT x \in S,
       NEW CONSTANT y \in S,
       <<x, y>> \in U ,
       TransitiveClosureThm 
PROVE  Zenon

@!!END

@!!BEGIN
@!!type:obligation
@!!id:159
@!!loc:367:5:367:7
@!!status:to be proved
@!!obl:ASSUME NEW CONSTANT R,
       NEW CONSTANT S,
       NEW CONSTANT i \in S,
       NEW CONSTANT k \in S,
       <<i, k>> \in TransitiveClosureOn(R, S) ,
       U ==
         {ss \in S \X S :
            \E s \in S :
               /\ <<s, ss[2]>> \in R
               /\ ss[1] = s \/ <<ss[1], s>> \in TransitiveClosureOn(R, S)},
       <2>_a239 ,
       IsaM("blast") 
PROVE  U \subseteq TransitiveClosureOn(R, S)

@!!END

@!!BEGIN
@!!type:obligation
@!!id:160
@!!loc:367:8:367:21
@!!status:to be proved
@!!obl:ASSUME NEW CONSTANT R,
       NEW CONSTANT S,
       NEW CONSTANT i \in S,
       NEW CONSTANT k \in S,
       <<i, k>> \in TransitiveClosureOn(R, S) ,
       U ==
         {ss \in S \X S :
            \E s \in S :
               /\ <<s, ss[2]>> \in R
               /\ ss[1] = s \/ <<ss[1], s>> \in TransitiveClosureOn(R, S)},
       <2>_a239 
PROVE  IsaM("blast")

@!!END

@!!BEGIN
@!!type:obligation
@!!id:161
@!!loc:383:5:383:7
@!!status:to be proved
@!!obl:ASSUME NEW CONSTANT R,
       NEW CONSTANT S,
       NEW CONSTANT i \in S,
       NEW CONSTANT k \in S,
       <<i, k>> \in TransitiveClosureOn(R, S) ,
       U ==
         {ss \in S \X S :
            \E s \in S :
               /\ <<s, ss[2]>> \in R
               /\ ss[1] = s \/ <<ss[1], s>> \in TransitiveClosureOn(R, S)},
       NEW CONSTANT x \in S,
       NEW CONSTANT y \in S,
       NEW CONSTANT z \in S,
       NEW CONSTANT s \in S,
       <2>3 ,
       <2>4 
PROVE  <<x, z>> \in U

@!!END

@!!BEGIN
@!!type:obligation
@!!id:162
@!!loc:383:8:383:12
@!!status:to be proved
@!!obl:ASSUME NEW CONSTANT R,
       NEW CONSTANT S,
       NEW CONSTANT i \in S,
       NEW CONSTANT k \in S,
       <<i, k>> \in TransitiveClosureOn(R, S) ,
       U ==
         {ss \in S \X S :
            \E s \in S :
               /\ <<s, ss[2]>> \in R
               /\ ss[1] = s \/ <<ss[1], s>> \in TransitiveClosureOn(R, S)},
       NEW CONSTANT x \in S,
       NEW CONSTANT y \in S,
       NEW CONSTANT z \in S,
       NEW CONSTANT s \in S
PROVE  <2>3

@!!END

@!!BEGIN
@!!type:obligation
@!!id:163
@!!loc:383:14:383:18
@!!status:to be proved
@!!obl:ASSUME NEW CONSTANT R,
       NEW CONSTANT S,
       NEW CONSTANT i \in S,
       NEW CONSTANT k \in S,
       <<i, k>> \in TransitiveClosureOn(R, S) ,
       U ==
         {ss \in S \X S :
            \E s \in S :
               /\ <<s, ss[2]>> \in R
               /\ ss[1] = s \/ <<ss[1], s>> \in TransitiveClosureOn(R, S)},
       NEW CONSTANT x \in S,
       NEW CONSTANT y \in S,
       NEW CONSTANT z \in S,
       NEW CONSTANT s \in S,
       <2>3 
PROVE  <2>4

@!!END

@!!BEGIN
@!!type:obligation
@!!id:164
@!!loc:374:5:374:7
@!!status:to be proved
@!!obl:ASSUME IsTransitivelyClosedOn(R, S) ==
         \A i, j, k \in S :
            <<i, j>> \in R /\ <<j, k>> \in R => <<i, k>> \in R,
       NEW CONSTANT R,
       NEW CONSTANT S,
       NEW CONSTANT i \in S,
       NEW CONSTANT k \in S,
       <<i, k>> \in TransitiveClosureOn(R, S) ,
       U ==
         {ss \in S \X S :
            \E s \in S :
               /\ <<s, ss[2]>> \in R
               /\ ss[1] = s \/ <<ss[1], s>> \in TransitiveClosureOn(R, S)},
       <2>1 ,
       Zenon 
PROVE  IsTransitivelyClosedOn(U, S)

@!!END

@!!BEGIN
@!!type:obligation
@!!id:165
@!!loc:374:8:374:13
@!!status:to be proved
@!!obl:ASSUME IsTransitivelyClosedOn(R, S) ==
         \A i, j, k \in S :
            <<i, j>> \in R /\ <<j, k>> \in R => <<i, k>> \in R,
       NEW CONSTANT R,
       NEW CONSTANT S,
       NEW CONSTANT i \in S,
       NEW CONSTANT k \in S,
       <<i, k>> \in TransitiveClosureOn(R, S) ,
       U ==
         {ss \in S \X S :
            \E s \in S :
               /\ <<s, ss[2]>> \in R
               /\ ss[1] = s \/ <<ss[1], s>> \in TransitiveClosureOn(R, S)},
       <2>1 
PROVE  Zenon

@!!END

@!!BEGIN
@!!type:obligation
@!!id:166
@!!loc:376:5:376:7
@!!status:to be proved
@!!obl:ASSUME NEW CONSTANT R,
       NEW CONSTANT S,
       NEW CONSTANT i \in S,
       NEW CONSTANT k \in S,
       <<i, k>> \in TransitiveClosureOn(R, S) ,
       U ==
         {ss \in S \X S :
            \E s \in S :
               /\ <<s, ss[2]>> \in R
               /\ ss[1] = s \/ <<ss[1], s>> \in TransitiveClosureOn(R, S)},
       NEW CONSTANT x \in S,
       NEW CONSTANT y \in S,
       NEW CONSTANT z \in S,
       <2>1 ,
       <1>2 ,
       Zenon 
PROVE  <<x, y>> \in TransitiveClosureOn(R, S)

@!!END

@!!BEGIN
@!!type:obligation
@!!id:167
@!!loc:376:8:376:12
@!!status:to be proved
@!!obl:ASSUME NEW CONSTANT R,
       NEW CONSTANT S,
       NEW CONSTANT i \in S,
       NEW CONSTANT k \in S,
       <<i, k>> \in TransitiveClosureOn(R, S) ,
       U ==
         {ss \in S \X S :
            \E s \in S :
               /\ <<s, ss[2]>> \in R
               /\ ss[1] = s \/ <<ss[1], s>> \in TransitiveClosureOn(R, S)},
       NEW CONSTANT x \in S,
       NEW CONSTANT y \in S,
       NEW CONSTANT z \in S
PROVE  <2>1

@!!END

@!!BEGIN
@!!type:obligation
@!!id:168
@!!loc:376:14:376:18
@!!status:to be proved
@!!obl:ASSUME NEW CONSTANT R,
       NEW CONSTANT S,
       NEW CONSTANT i \in S,
       NEW CONSTANT k \in S,
       <<i, k>> \in TransitiveClosureOn(R, S) ,
       U ==
         {ss \in S \X S :
            \E s \in S :
               /\ <<s, ss[2]>> \in R
               /\ ss[1] = s \/ <<ss[1], s>> \in TransitiveClosureOn(R, S)},
       NEW CONSTANT x \in S,
       NEW CONSTANT y \in S,
       NEW CONSTANT z \in S,
       <2>1 
PROVE  <1>2

@!!END

@!!BEGIN
@!!type:obligation
@!!id:169
@!!loc:376:20:376:25
@!!status:to be proved
@!!obl:ASSUME NEW CONSTANT R,
       NEW CONSTANT S,
       NEW CONSTANT i \in S,
       NEW CONSTANT k \in S,
       <<i, k>> \in TransitiveClosureOn(R, S) ,
       U ==
         {ss \in S \X S :
            \E s \in S :
               /\ <<s, ss[2]>> \in R
               /\ ss[1] = s \/ <<ss[1], s>> \in TransitiveClosureOn(R, S)},
       NEW CONSTANT x \in S,
       NEW CONSTANT y \in S,
       NEW CONSTANT z \in S,
       <2>1 ,
       <1>2 
PROVE  Zenon

@!!END

@!!BEGIN
@!!type:obligation
@!!id:170
@!!loc:379:5:379:7
@!!status:to be proved
@!!obl:ASSUME NEW CONSTANT R,
       NEW CONSTANT S,
       NEW CONSTANT i \in S,
       NEW CONSTANT k \in S,
       <<i, k>> \in TransitiveClosureOn(R, S) ,
       U ==
         {ss \in S \X S :
            \E s \in S :
               /\ <<s, ss[2]>> \in R
               /\ ss[1] = s \/ <<ss[1], s>> \in TransitiveClosureOn(R, S)},
       NEW CONSTANT x \in S,
       NEW CONSTANT y \in S,
       NEW CONSTANT z \in S,
       <2>1 ,
       Zenon 
PROVE  \E s \in S :
          /\ <<s, z>> \in R
          /\ y = s \/ <<y, s>> \in TransitiveClosureOn(R, S)

@!!END

@!!BEGIN
@!!type:obligation
@!!id:171
@!!loc:379:8:379:12
@!!status:to be proved
@!!obl:ASSUME NEW CONSTANT R,
       NEW CONSTANT S,
       NEW CONSTANT i \in S,
       NEW CONSTANT k \in S,
       <<i, k>> \in TransitiveClosureOn(R, S) ,
       U ==
         {ss \in S \X S :
            \E s \in S :
               /\ <<s, ss[2]>> \in R
               /\ ss[1] = s \/ <<ss[1], s>> \in TransitiveClosureOn(R, S)},
       NEW CONSTANT x \in S,
       NEW CONSTANT y \in S,
       NEW CONSTANT z \in S
PROVE  <2>1

@!!END

@!!BEGIN
@!!type:obligation
@!!id:172
@!!loc:379:14:379:19
@!!status:to be proved
@!!obl:ASSUME NEW CONSTANT R,
       NEW CONSTANT S,
       NEW CONSTANT i \in S,
       NEW CONSTANT k \in S,
       <<i, k>> \in TransitiveClosureOn(R, S) ,
       U ==
         {ss \in S \X S :
            \E s \in S :
               /\ <<s, ss[2]>> \in R
               /\ ss[1] = s \/ <<ss[1], s>> \in TransitiveClosureOn(R, S)},
       NEW CONSTANT x \in S,
       NEW CONSTANT y \in S,
       NEW CONSTANT z \in S,
       <2>1 
PROVE  Zenon

@!!END

@!!BEGIN
@!!type:obligation
@!!id:174
@!!loc:381:5:381:7
@!!status:to be proved
@!!obl:ASSUME IsTransitivelyClosedOn(R, S) ==
         \A i, j, k \in S :
            <<i, j>> \in R /\ <<j, k>> \in R => <<i, k>> \in R,
       NEW CONSTANT R,
       NEW CONSTANT S,
       NEW CONSTANT i \in S,
       NEW CONSTANT k \in S,
       <<i, k>> \in TransitiveClosureOn(R, S) ,
       U ==
         {ss \in S \X S :
            \E s \in S :
               /\ <<s, ss[2]>> \in R
               /\ ss[1] = s \/ <<ss[1], s>> \in TransitiveClosureOn(R, S)},
       NEW CONSTANT x \in S,
       NEW CONSTANT y \in S,
       NEW CONSTANT z \in S,
       NEW CONSTANT s \in S,
       <2>2 ,
       <2>3 ,
       TransitiveClosureThm 
PROVE  <<x, s>> \in TransitiveClosureOn(R, S)

@!!END

@!!BEGIN
@!!type:obligation
@!!id:175
@!!loc:381:8:381:12
@!!status:to be proved
@!!obl:ASSUME IsTransitivelyClosedOn(R, S) ==
         \A i, j, k \in S :
            <<i, j>> \in R /\ <<j, k>> \in R => <<i, k>> \in R,
       NEW CONSTANT R,
       NEW CONSTANT S,
       NEW CONSTANT i \in S,
       NEW CONSTANT k \in S,
       <<i, k>> \in TransitiveClosureOn(R, S) ,
       U ==
         {ss \in S \X S :
            \E s \in S :
               /\ <<s, ss[2]>> \in R
               /\ ss[1] = s \/ <<ss[1], s>> \in TransitiveClosureOn(R, S)},
       NEW CONSTANT x \in S,
       NEW CONSTANT y \in S,
       NEW CONSTANT z \in S,
       NEW CONSTANT s \in S
PROVE  <2>2

@!!END

@!!BEGIN
@!!type:obligation
@!!id:176
@!!loc:381:14:381:18
@!!status:to be proved
@!!obl:ASSUME IsTransitivelyClosedOn(R, S) ==
         \A i, j, k \in S :
            <<i, j>> \in R /\ <<j, k>> \in R => <<i, k>> \in R,
       NEW CONSTANT R,
       NEW CONSTANT S,
       NEW CONSTANT i \in S,
       NEW CONSTANT k \in S,
       <<i, k>> \in TransitiveClosureOn(R, S) ,
       U ==
         {ss \in S \X S :
            \E s \in S :
               /\ <<s, ss[2]>> \in R
               /\ ss[1] = s \/ <<ss[1], s>> \in TransitiveClosureOn(R, S)},
       NEW CONSTANT x \in S,
       NEW CONSTANT y \in S,
       NEW CONSTANT z \in S,
       NEW CONSTANT s \in S,
       <2>2 
PROVE  <2>3

@!!END

@!!BEGIN
@!!type:obligation
@!!id:177
@!!loc:381:20:381:40
@!!status:to be proved
@!!obl:ASSUME IsTransitivelyClosedOn(R, S) ==
         \A i, j, k \in S :
            <<i, j>> \in R /\ <<j, k>> \in R => <<i, k>> \in R,
       NEW CONSTANT R,
       NEW CONSTANT S,
       NEW CONSTANT i \in S,
       NEW CONSTANT k \in S,
       <<i, k>> \in TransitiveClosureOn(R, S) ,
       U ==
         {ss \in S \X S :
            \E s \in S :
               /\ <<s, ss[2]>> \in R
               /\ ss[1] = s \/ <<ss[1], s>> \in TransitiveClosureOn(R, S)},
       NEW CONSTANT x \in S,
       NEW CONSTANT y \in S,
       NEW CONSTANT z \in S,
       NEW CONSTANT s \in S,
       <2>2 ,
       <2>3 
PROVE  TransitiveClosureThm

@!!END

@!!BEGIN
@!!type:obligation
@!!id:178
@!!loc:446:3:446:5
@!!status:to be proved
@!!obl:ASSUME NEW CONSTANT R,
       NEW CONSTANT S,
       IsWellFoundedOn(R, S) ,
       NEW CONSTANT T \in SUBSET S,
       T # {} ,
       TT ==
         T
         \cup {j \in S :
                 \E i, k \in T :
                    /\ <<i, j>> \in TransitiveClosureOn(R, S)
                    /\ <<j, k>> \in TransitiveClosureOn(R, S)},
       NEW CONSTANT x \in TT,
       <1>2 ,
       <1>3 
PROVE  \E x_1 \in T : \A y \in T : ~<<y, x_1>> \in TransitiveClosureOn(R, S)

@!!END

@!!BEGIN
@!!type:obligation
@!!id:179
@!!loc:446:6:446:10
@!!status:to be proved
@!!obl:ASSUME NEW CONSTANT R,
       NEW CONSTANT S,
       IsWellFoundedOn(R, S) ,
       NEW CONSTANT T \in SUBSET S,
       T # {} ,
       TT ==
         T
         \cup {j \in S :
                 \E i, k \in T :
                    /\ <<i, j>> \in TransitiveClosureOn(R, S)
                    /\ <<j, k>> \in TransitiveClosureOn(R, S)},
       NEW CONSTANT x \in TT
PROVE  <1>2

@!!END

@!!BEGIN
@!!type:obligation
@!!id:180
@!!loc:446:12:446:16
@!!status:to be proved
@!!obl:ASSUME NEW CONSTANT R,
       NEW CONSTANT S,
       IsWellFoundedOn(R, S) ,
       NEW CONSTANT T \in SUBSET S,
       T # {} ,
       TT ==
         T
         \cup {j \in S :
                 \E i, k \in T :
                    /\ <<i, j>> \in TransitiveClosureOn(R, S)
                    /\ <<j, k>> \in TransitiveClosureOn(R, S)},
       NEW CONSTANT x \in TT,
       <1>2 
PROVE  <1>3

@!!END

@!!BEGIN
@!!type:obligation
@!!id:181
@!!loc:407:3:407:5
@!!status:to be proved
@!!obl:ASSUME NEW CONSTANT R,
       NEW CONSTANT S,
       IsWellFoundedOn(R, S) ,
       <1>_a275 ,
       MinWF 
PROVE  IsWellFoundedOn(TransitiveClosureOn(R, S), S)

@!!END

@!!BEGIN
@!!type:obligation
@!!id:182
@!!loc:407:6:407:11
@!!status:to be proved
@!!obl:ASSUME NEW CONSTANT R,
       NEW CONSTANT S,
       IsWellFoundedOn(R, S) ,
       <1>_a275 
PROVE  MinWF

@!!END

@!!BEGIN
@!!type:obligation
@!!id:183
@!!loc:415:3:415:5
@!!status:to be proved
@!!obl:ASSUME NEW CONSTANT R,
       NEW CONSTANT S,
       IsWellFoundedOn(R, S) ,
       NEW CONSTANT T \in SUBSET S,
       T # {} ,
       TT ==
         T
         \cup {j \in S :
                 \E i, k \in T :
                    /\ <<i, j>> \in TransitiveClosureOn(R, S)
                    /\ <<j, k>> \in TransitiveClosureOn(R, S)},
       WFMin ,
       Zenon 
PROVE  \E x \in TT : \A y \in TT : ~<<y, x>> \in R

@!!END

@!!BEGIN
@!!type:obligation
@!!id:184
@!!loc:415:6:415:11
@!!status:to be proved
@!!obl:ASSUME NEW CONSTANT R,
       NEW CONSTANT S,
       IsWellFoundedOn(R, S) ,
       NEW CONSTANT T \in SUBSET S,
       T # {} ,
       TT ==
         T
         \cup {j \in S :
                 \E i, k \in T :
                    /\ <<i, j>> \in TransitiveClosureOn(R, S)
                    /\ <<j, k>> \in TransitiveClosureOn(R, S)}
PROVE  WFMin

@!!END

@!!BEGIN
@!!type:obligation
@!!id:185
@!!loc:415:13:415:18
@!!status:to be proved
@!!obl:ASSUME NEW CONSTANT R,
       NEW CONSTANT S,
       IsWellFoundedOn(R, S) ,
       NEW CONSTANT T \in SUBSET S,
       T # {} ,
       TT ==
         T
         \cup {j \in S :
                 \E i, k \in T :
                    /\ <<i, j>> \in TransitiveClosureOn(R, S)
                    /\ <<j, k>> \in TransitiveClosureOn(R, S)},
       WFMin 
PROVE  Zenon

@!!END

@!!BEGIN
@!!type:obligation
@!!id:187
@!!loc:432:5:432:7
@!!status:to be proved
@!!obl:ASSUME NEW CONSTANT R,
       NEW CONSTANT S,
       IsWellFoundedOn(R, S) ,
       NEW CONSTANT T \in SUBSET S,
       T # {} ,
       TT ==
         T
         \cup {j \in S :
                 \E i, k \in T :
                    /\ <<i, j>> \in TransitiveClosureOn(R, S)
                    /\ <<j, k>> \in TransitiveClosureOn(R, S)},
       NEW CONSTANT x \in TT,
       <2>1 ,
       Zenon 
PROVE  x \in T

@!!END

@!!BEGIN
@!!type:obligation
@!!id:188
@!!loc:432:8:432:12
@!!status:to be proved
@!!obl:ASSUME NEW CONSTANT R,
       NEW CONSTANT S,
       IsWellFoundedOn(R, S) ,
       NEW CONSTANT T \in SUBSET S,
       T # {} ,
       TT ==
         T
         \cup {j \in S :
                 \E i, k \in T :
                    /\ <<i, j>> \in TransitiveClosureOn(R, S)
                    /\ <<j, k>> \in TransitiveClosureOn(R, S)},
       NEW CONSTANT x \in TT
PROVE  <2>1

@!!END

@!!BEGIN
@!!type:obligation
@!!id:189
@!!loc:432:14:432:19
@!!status:to be proved
@!!obl:ASSUME NEW CONSTANT R,
       NEW CONSTANT S,
       IsWellFoundedOn(R, S) ,
       NEW CONSTANT T \in SUBSET S,
       T # {} ,
       TT ==
         T
         \cup {j \in S :
                 \E i, k \in T :
                    /\ <<i, j>> \in TransitiveClosureOn(R, S)
                    /\ <<j, k>> \in TransitiveClosureOn(R, S)},
       NEW CONSTANT x \in TT,
       <2>1 
PROVE  Zenon

@!!END

@!!BEGIN
@!!type:obligation
@!!id:190
@!!loc:430:7:430:9
@!!status:to be proved
@!!obl:ASSUME NEW CONSTANT R,
       NEW CONSTANT S,
       IsWellFoundedOn(R, S) ,
       NEW CONSTANT T \in SUBSET S,
       T # {} ,
       TT ==
         T
         \cup {j \in S :
                 \E i, k \in T :
                    /\ <<i, j>> \in TransitiveClosureOn(R, S)
                    /\ <<j, k>> \in TransitiveClosureOn(R, S)},
       NEW CONSTANT x \in TT,
       NEW CONSTANT i \in T,
       NEW CONSTANT k \in T,
       NEW CONSTANT j \in S,
       <3>1 ,
       <3>2 ,
       <1>1 ,
       Zenon 
PROVE  FALSE

@!!END

@!!BEGIN
@!!type:obligation
@!!id:191
@!!loc:430:10:430:14
@!!status:to be proved
@!!obl:ASSUME NEW CONSTANT R,
       NEW CONSTANT S,
       IsWellFoundedOn(R, S) ,
       NEW CONSTANT T \in SUBSET S,
       T # {} ,
       TT ==
         T
         \cup {j \in S :
                 \E i, k \in T :
                    /\ <<i, j>> \in TransitiveClosureOn(R, S)
                    /\ <<j, k>> \in TransitiveClosureOn(R, S)},
       NEW CONSTANT x \in TT,
       NEW CONSTANT i \in T,
       NEW CONSTANT k \in T,
       NEW CONSTANT j \in S
PROVE  <3>1

@!!END

@!!BEGIN
@!!type:obligation
@!!id:192
@!!loc:430:16:430:20
@!!status:to be proved
@!!obl:ASSUME NEW CONSTANT R,
       NEW CONSTANT S,
       IsWellFoundedOn(R, S) ,
       NEW CONSTANT T \in SUBSET S,
       T # {} ,
       TT ==
         T
         \cup {j \in S :
                 \E i, k \in T :
                    /\ <<i, j>> \in TransitiveClosureOn(R, S)
                    /\ <<j, k>> \in TransitiveClosureOn(R, S)},
       NEW CONSTANT x \in TT,
       NEW CONSTANT i \in T,
       NEW CONSTANT k \in T,
       NEW CONSTANT j \in S,
       <3>1 
PROVE  <3>2

@!!END

@!!BEGIN
@!!type:obligation
@!!id:193
@!!loc:430:22:430:26
@!!status:to be proved
@!!obl:ASSUME NEW CONSTANT R,
       NEW CONSTANT S,
       IsWellFoundedOn(R, S) ,
       NEW CONSTANT T \in SUBSET S,
       T # {} ,
       TT ==
         T
         \cup {j \in S :
                 \E i, k \in T :
                    /\ <<i, j>> \in TransitiveClosureOn(R, S)
                    /\ <<j, k>> \in TransitiveClosureOn(R, S)},
       NEW CONSTANT x \in TT,
       NEW CONSTANT i \in T,
       NEW CONSTANT k \in T,
       NEW CONSTANT j \in S,
       <3>1 ,
       <3>2 
PROVE  <1>1

@!!END

@!!BEGIN
@!!type:obligation
@!!id:194
@!!loc:430:28:430:33
@!!status:to be proved
@!!obl:ASSUME NEW CONSTANT R,
       NEW CONSTANT S,
       IsWellFoundedOn(R, S) ,
       NEW CONSTANT T \in SUBSET S,
       T # {} ,
       TT ==
         T
         \cup {j \in S :
                 \E i, k \in T :
                    /\ <<i, j>> \in TransitiveClosureOn(R, S)
                    /\ <<j, k>> \in TransitiveClosureOn(R, S)},
       NEW CONSTANT x \in TT,
       NEW CONSTANT i \in T,
       NEW CONSTANT k \in T,
       NEW CONSTANT j \in S,
       <3>1 ,
       <3>2 ,
       <1>1 
PROVE  Zenon

@!!END

@!!BEGIN
@!!type:obligation
@!!id:195
@!!loc:423:7:423:9
@!!status:to be proved
@!!obl:ASSUME NEW CONSTANT R,
       NEW CONSTANT S,
       IsWellFoundedOn(R, S) ,
       NEW CONSTANT T \in SUBSET S,
       T # {} ,
       TT ==
         T
         \cup {j \in S :
                 \E i, k \in T :
                    /\ <<i, j>> \in TransitiveClosureOn(R, S)
                    /\ <<j, k>> \in TransitiveClosureOn(R, S)},
       NEW CONSTANT x \in TT,
       NEW CONSTANT i \in T,
       NEW CONSTANT k \in T,
       <2>1 ,
       TransitiveClosureChopLast ,
       Zenon 
PROVE  \E j \in S :
          /\ <<j, x>> \in R
          /\ i = j \/ <<i, j>> \in TransitiveClosureOn(R, S)

@!!END

@!!BEGIN
@!!type:obligation
@!!id:196
@!!loc:423:10:423:14
@!!status:to be proved
@!!obl:ASSUME NEW CONSTANT R,
       NEW CONSTANT S,
       IsWellFoundedOn(R, S) ,
       NEW CONSTANT T \in SUBSET S,
       T # {} ,
       TT ==
         T
         \cup {j \in S :
                 \E i, k \in T :
                    /\ <<i, j>> \in TransitiveClosureOn(R, S)
                    /\ <<j, k>> \in TransitiveClosureOn(R, S)},
       NEW CONSTANT x \in TT,
       NEW CONSTANT i \in T,
       NEW CONSTANT k \in T
PROVE  <2>1

@!!END

@!!BEGIN
@!!type:obligation
@!!id:197
@!!loc:423:16:423:41
@!!status:to be proved
@!!obl:ASSUME NEW CONSTANT R,
       NEW CONSTANT S,
       IsWellFoundedOn(R, S) ,
       NEW CONSTANT T \in SUBSET S,
       T # {} ,
       TT ==
         T
         \cup {j \in S :
                 \E i, k \in T :
                    /\ <<i, j>> \in TransitiveClosureOn(R, S)
                    /\ <<j, k>> \in TransitiveClosureOn(R, S)},
       NEW CONSTANT x \in TT,
       NEW CONSTANT i \in T,
       NEW CONSTANT k \in T,
       <2>1 
PROVE  TransitiveClosureChopLast

@!!END

@!!BEGIN
@!!type:obligation
@!!id:198
@!!loc:423:43:423:48
@!!status:to be proved
@!!obl:ASSUME NEW CONSTANT R,
       NEW CONSTANT S,
       IsWellFoundedOn(R, S) ,
       NEW CONSTANT T \in SUBSET S,
       T # {} ,
       TT ==
         T
         \cup {j \in S :
                 \E i, k \in T :
                    /\ <<i, j>> \in TransitiveClosureOn(R, S)
                    /\ <<j, k>> \in TransitiveClosureOn(R, S)},
       NEW CONSTANT x \in TT,
       NEW CONSTANT i \in T,
       NEW CONSTANT k \in T,
       <2>1 ,
       TransitiveClosureChopLast 
PROVE  Zenon

@!!END

@!!BEGIN
@!!type:obligation
@!!id:200
@!!loc:428:9:428:11
@!!status:to be proved
@!!obl:ASSUME NEW CONSTANT R,
       NEW CONSTANT S,
       IsWellFoundedOn(R, S) ,
       NEW CONSTANT T \in SUBSET S,
       T # {} ,
       TT ==
         T
         \cup {j \in S :
                 \E i, k \in T :
                    /\ <<i, j>> \in TransitiveClosureOn(R, S)
                    /\ <<j, k>> \in TransitiveClosureOn(R, S)},
       NEW CONSTANT x \in TT,
       NEW CONSTANT i \in T,
       NEW CONSTANT k \in T,
       NEW CONSTANT j \in S,
       <3>1 ,
       <4>1 
PROVE  j \in TT

@!!END

@!!BEGIN
@!!type:obligation
@!!id:201
@!!loc:428:12:428:16
@!!status:to be proved
@!!obl:ASSUME NEW CONSTANT R,
       NEW CONSTANT S,
       IsWellFoundedOn(R, S) ,
       NEW CONSTANT T \in SUBSET S,
       T # {} ,
       TT ==
         T
         \cup {j \in S :
                 \E i, k \in T :
                    /\ <<i, j>> \in TransitiveClosureOn(R, S)
                    /\ <<j, k>> \in TransitiveClosureOn(R, S)},
       NEW CONSTANT x \in TT,
       NEW CONSTANT i \in T,
       NEW CONSTANT k \in T,
       NEW CONSTANT j \in S
PROVE  <3>1

@!!END

@!!BEGIN
@!!type:obligation
@!!id:202
@!!loc:428:18:428:22
@!!status:to be proved
@!!obl:ASSUME NEW CONSTANT R,
       NEW CONSTANT S,
       IsWellFoundedOn(R, S) ,
       NEW CONSTANT T \in SUBSET S,
       T # {} ,
       TT ==
         T
         \cup {j \in S :
                 \E i, k \in T :
                    /\ <<i, j>> \in TransitiveClosureOn(R, S)
                    /\ <<j, k>> \in TransitiveClosureOn(R, S)},
       NEW CONSTANT x \in TT,
       NEW CONSTANT i \in T,
       NEW CONSTANT k \in T,
       NEW CONSTANT j \in S,
       <3>1 
PROVE  <4>1

@!!END

@!!BEGIN
@!!type:obligation
@!!id:203
@!!loc:426:9:426:11
@!!status:to be proved
@!!obl:ASSUME NEW CONSTANT R,
       NEW CONSTANT S,
       IsWellFoundedOn(R, S) ,
       NEW CONSTANT T \in SUBSET S,
       T # {} ,
       TT ==
         T
         \cup {j \in S :
                 \E i, k \in T :
                    /\ <<i, j>> \in TransitiveClosureOn(R, S)
                    /\ <<j, k>> \in TransitiveClosureOn(R, S)},
       NEW CONSTANT x \in TT,
       NEW CONSTANT i \in T,
       NEW CONSTANT k \in T,
       NEW CONSTANT j \in S,
       <3>1 ,
       <4>1 ,
       <2>1 ,
       RTCTC ,
       Zenon 
PROVE  j \in TT

@!!END

@!!BEGIN
@!!type:obligation
@!!id:204
@!!loc:426:12:426:16
@!!status:to be proved
@!!obl:ASSUME NEW CONSTANT R,
       NEW CONSTANT S,
       IsWellFoundedOn(R, S) ,
       NEW CONSTANT T \in SUBSET S,
       T # {} ,
       TT ==
         T
         \cup {j \in S :
                 \E i, k \in T :
                    /\ <<i, j>> \in TransitiveClosureOn(R, S)
                    /\ <<j, k>> \in TransitiveClosureOn(R, S)},
       NEW CONSTANT x \in TT,
       NEW CONSTANT i \in T,
       NEW CONSTANT k \in T,
       NEW CONSTANT j \in S
PROVE  <3>1

@!!END

@!!BEGIN
@!!type:obligation
@!!id:205
@!!loc:426:18:426:22
@!!status:to be proved
@!!obl:ASSUME NEW CONSTANT R,
       NEW CONSTANT S,
       IsWellFoundedOn(R, S) ,
       NEW CONSTANT T \in SUBSET S,
       T # {} ,
       TT ==
         T
         \cup {j \in S :
                 \E i, k \in T :
                    /\ <<i, j>> \in TransitiveClosureOn(R, S)
                    /\ <<j, k>> \in TransitiveClosureOn(R, S)},
       NEW CONSTANT x \in TT,
       NEW CONSTANT i \in T,
       NEW CONSTANT k \in T,
       NEW CONSTANT j \in S,
       <3>1 
PROVE  <4>1

@!!END

@!!BEGIN
@!!type:obligation
@!!id:206
@!!loc:426:24:426:28
@!!status:to be proved
@!!obl:ASSUME NEW CONSTANT R,
       NEW CONSTANT S,
       IsWellFoundedOn(R, S) ,
       NEW CONSTANT T \in SUBSET S,
       T # {} ,
       TT ==
         T
         \cup {j \in S :
                 \E i, k \in T :
                    /\ <<i, j>> \in TransitiveClosureOn(R, S)
                    /\ <<j, k>> \in TransitiveClosureOn(R, S)},
       NEW CONSTANT x \in TT,
       NEW CONSTANT i \in T,
       NEW CONSTANT k \in T,
       NEW CONSTANT j \in S,
       <3>1 ,
       <4>1 
PROVE  <2>1

@!!END

@!!BEGIN
@!!type:obligation
@!!id:207
@!!loc:426:30:426:35
@!!status:to be proved
@!!obl:ASSUME NEW CONSTANT R,
       NEW CONSTANT S,
       IsWellFoundedOn(R, S) ,
       NEW CONSTANT T \in SUBSET S,
       T # {} ,
       TT ==
         T
         \cup {j \in S :
                 \E i, k \in T :
                    /\ <<i, j>> \in TransitiveClosureOn(R, S)
                    /\ <<j, k>> \in TransitiveClosureOn(R, S)},
       NEW CONSTANT x \in TT,
       NEW CONSTANT i \in T,
       NEW CONSTANT k \in T,
       NEW CONSTANT j \in S,
       <3>1 ,
       <4>1 ,
       <2>1 
PROVE  RTCTC

@!!END

@!!BEGIN
@!!type:obligation
@!!id:208
@!!loc:426:37:426:42
@!!status:to be proved
@!!obl:ASSUME NEW CONSTANT R,
       NEW CONSTANT S,
       IsWellFoundedOn(R, S) ,
       NEW CONSTANT T \in SUBSET S,
       T # {} ,
       TT ==
         T
         \cup {j \in S :
                 \E i, k \in T :
                    /\ <<i, j>> \in TransitiveClosureOn(R, S)
                    /\ <<j, k>> \in TransitiveClosureOn(R, S)},
       NEW CONSTANT x \in TT,
       NEW CONSTANT i \in T,
       NEW CONSTANT k \in T,
       NEW CONSTANT j \in S,
       <3>1 ,
       <4>1 ,
       <2>1 ,
       RTCTC 
PROVE  Zenon

@!!END

@!!BEGIN
@!!type:obligation
@!!id:209
@!!loc:444:5:444:7
@!!status:to be proved
@!!obl:ASSUME NEW CONSTANT R,
       NEW CONSTANT S,
       IsWellFoundedOn(R, S) ,
       NEW CONSTANT T \in SUBSET S,
       T # {} ,
       TT ==
         T
         \cup {j \in S :
                 \E i, k \in T :
                    /\ <<i, j>> \in TransitiveClosureOn(R, S)
                    /\ <<j, k>> \in TransitiveClosureOn(R, S)},
       NEW CONSTANT x \in TT,
       NEW CONSTANT y \in T,
       NEW CONSTANT j \in S,
       <2>1 ,
       <2>2 ,
       <1>1 ,
       Zenon 
PROVE  FALSE

@!!END

@!!BEGIN
@!!type:obligation
@!!id:210
@!!loc:444:8:444:12
@!!status:to be proved
@!!obl:ASSUME NEW CONSTANT R,
       NEW CONSTANT S,
       IsWellFoundedOn(R, S) ,
       NEW CONSTANT T \in SUBSET S,
       T # {} ,
       TT ==
         T
         \cup {j \in S :
                 \E i, k \in T :
                    /\ <<i, j>> \in TransitiveClosureOn(R, S)
                    /\ <<j, k>> \in TransitiveClosureOn(R, S)},
       NEW CONSTANT x \in TT,
       NEW CONSTANT y \in T,
       NEW CONSTANT j \in S
PROVE  <2>1

@!!END

@!!BEGIN
@!!type:obligation
@!!id:211
@!!loc:444:14:444:18
@!!status:to be proved
@!!obl:ASSUME NEW CONSTANT R,
       NEW CONSTANT S,
       IsWellFoundedOn(R, S) ,
       NEW CONSTANT T \in SUBSET S,
       T # {} ,
       TT ==
         T
         \cup {j \in S :
                 \E i, k \in T :
                    /\ <<i, j>> \in TransitiveClosureOn(R, S)
                    /\ <<j, k>> \in TransitiveClosureOn(R, S)},
       NEW CONSTANT x \in TT,
       NEW CONSTANT y \in T,
       NEW CONSTANT j \in S,
       <2>1 
PROVE  <2>2

@!!END

@!!BEGIN
@!!type:obligation
@!!id:212
@!!loc:444:20:444:24
@!!status:to be proved
@!!obl:ASSUME NEW CONSTANT R,
       NEW CONSTANT S,
       IsWellFoundedOn(R, S) ,
       NEW CONSTANT T \in SUBSET S,
       T # {} ,
       TT ==
         T
         \cup {j \in S :
                 \E i, k \in T :
                    /\ <<i, j>> \in TransitiveClosureOn(R, S)
                    /\ <<j, k>> \in TransitiveClosureOn(R, S)},
       NEW CONSTANT x \in TT,
       NEW CONSTANT y \in T,
       NEW CONSTANT j \in S,
       <2>1 ,
       <2>2 
PROVE  <1>1

@!!END

@!!BEGIN
@!!type:obligation
@!!id:213
@!!loc:444:26:444:31
@!!status:to be proved
@!!obl:ASSUME NEW CONSTANT R,
       NEW CONSTANT S,
       IsWellFoundedOn(R, S) ,
       NEW CONSTANT T \in SUBSET S,
       T # {} ,
       TT ==
         T
         \cup {j \in S :
                 \E i, k \in T :
                    /\ <<i, j>> \in TransitiveClosureOn(R, S)
                    /\ <<j, k>> \in TransitiveClosureOn(R, S)},
       NEW CONSTANT x \in TT,
       NEW CONSTANT y \in T,
       NEW CONSTANT j \in S,
       <2>1 ,
       <2>2 ,
       <1>1 
PROVE  Zenon

@!!END

@!!BEGIN
@!!type:obligation
@!!id:214
@!!loc:437:5:437:7
@!!status:to be proved
@!!obl:ASSUME NEW CONSTANT R,
       NEW CONSTANT S,
       IsWellFoundedOn(R, S) ,
       NEW CONSTANT T \in SUBSET S,
       T # {} ,
       TT ==
         T
         \cup {j \in S :
                 \E i, k \in T :
                    /\ <<i, j>> \in TransitiveClosureOn(R, S)
                    /\ <<j, k>> \in TransitiveClosureOn(R, S)},
       NEW CONSTANT x \in TT,
       NEW CONSTANT y \in T,
       <1>3 ,
       TransitiveClosureChopLast 
PROVE  \E j \in S :
          /\ <<j, x>> \in R
          /\ y = j \/ <<y, j>> \in TransitiveClosureOn(R, S)

@!!END

@!!BEGIN
@!!type:obligation
@!!id:215
@!!loc:437:8:437:12
@!!status:to be proved
@!!obl:ASSUME NEW CONSTANT R,
       NEW CONSTANT S,
       IsWellFoundedOn(R, S) ,
       NEW CONSTANT T \in SUBSET S,
       T # {} ,
       TT ==
         T
         \cup {j \in S :
                 \E i, k \in T :
                    /\ <<i, j>> \in TransitiveClosureOn(R, S)
                    /\ <<j, k>> \in TransitiveClosureOn(R, S)},
       NEW CONSTANT x \in TT,
       NEW CONSTANT y \in T
PROVE  <1>3

@!!END

@!!BEGIN
@!!type:obligation
@!!id:216
@!!loc:437:14:437:39
@!!status:to be proved
@!!obl:ASSUME NEW CONSTANT R,
       NEW CONSTANT S,
       IsWellFoundedOn(R, S) ,
       NEW CONSTANT T \in SUBSET S,
       T # {} ,
       TT ==
         T
         \cup {j \in S :
                 \E i, k \in T :
                    /\ <<i, j>> \in TransitiveClosureOn(R, S)
                    /\ <<j, k>> \in TransitiveClosureOn(R, S)},
       NEW CONSTANT x \in TT,
       NEW CONSTANT y \in T,
       <1>3 
PROVE  TransitiveClosureChopLast

@!!END

@!!BEGIN
@!!type:obligation
@!!id:218
@!!loc:442:7:442:9
@!!status:to be proved
@!!obl:ASSUME NEW CONSTANT R,
       NEW CONSTANT S,
       IsWellFoundedOn(R, S) ,
       NEW CONSTANT T \in SUBSET S,
       T # {} ,
       TT ==
         T
         \cup {j \in S :
                 \E i, k \in T :
                    /\ <<i, j>> \in TransitiveClosureOn(R, S)
                    /\ <<j, k>> \in TransitiveClosureOn(R, S)},
       NEW CONSTANT x \in TT,
       NEW CONSTANT y \in T,
       NEW CONSTANT j \in S,
       <2>1 ,
       <3>1 
PROVE  j \in TT

@!!END

@!!BEGIN
@!!type:obligation
@!!id:219
@!!loc:442:10:442:14
@!!status:to be proved
@!!obl:ASSUME NEW CONSTANT R,
       NEW CONSTANT S,
       IsWellFoundedOn(R, S) ,
       NEW CONSTANT T \in SUBSET S,
       T # {} ,
       TT ==
         T
         \cup {j \in S :
                 \E i, k \in T :
                    /\ <<i, j>> \in TransitiveClosureOn(R, S)
                    /\ <<j, k>> \in TransitiveClosureOn(R, S)},
       NEW CONSTANT x \in TT,
       NEW CONSTANT y \in T,
       NEW CONSTANT j \in S
PROVE  <2>1

@!!END

@!!BEGIN
@!!type:obligation
@!!id:220
@!!loc:442:16:442:20
@!!status:to be proved
@!!obl:ASSUME NEW CONSTANT R,
       NEW CONSTANT S,
       IsWellFoundedOn(R, S) ,
       NEW CONSTANT T \in SUBSET S,
       T # {} ,
       TT ==
         T
         \cup {j \in S :
                 \E i, k \in T :
                    /\ <<i, j>> \in TransitiveClosureOn(R, S)
                    /\ <<j, k>> \in TransitiveClosureOn(R, S)},
       NEW CONSTANT x \in TT,
       NEW CONSTANT y \in T,
       NEW CONSTANT j \in S,
       <2>1 
PROVE  <3>1

@!!END

@!!BEGIN
@!!type:obligation
@!!id:221
@!!loc:440:7:440:9
@!!status:to be proved
@!!obl:ASSUME NEW CONSTANT R,
       NEW CONSTANT S,
       IsWellFoundedOn(R, S) ,
       NEW CONSTANT T \in SUBSET S,
       T # {} ,
       TT ==
         T
         \cup {j \in S :
                 \E i, k \in T :
                    /\ <<i, j>> \in TransitiveClosureOn(R, S)
                    /\ <<j, k>> \in TransitiveClosureOn(R, S)},
       NEW CONSTANT x \in TT,
       NEW CONSTANT y \in T,
       NEW CONSTANT j \in S,
       <1>2 ,
       <3>1 ,
       <2>1 ,
       TransitiveClosureThm 
PROVE  j \in TT

@!!END

@!!BEGIN
@!!type:obligation
@!!id:222
@!!loc:440:10:440:14
@!!status:to be proved
@!!obl:ASSUME NEW CONSTANT R,
       NEW CONSTANT S,
       IsWellFoundedOn(R, S) ,
       NEW CONSTANT T \in SUBSET S,
       T # {} ,
       TT ==
         T
         \cup {j \in S :
                 \E i, k \in T :
                    /\ <<i, j>> \in TransitiveClosureOn(R, S)
                    /\ <<j, k>> \in TransitiveClosureOn(R, S)},
       NEW CONSTANT x \in TT,
       NEW CONSTANT y \in T,
       NEW CONSTANT j \in S
PROVE  <1>2

@!!END

@!!BEGIN
@!!type:obligation
@!!id:223
@!!loc:440:16:440:20
@!!status:to be proved
@!!obl:ASSUME NEW CONSTANT R,
       NEW CONSTANT S,
       IsWellFoundedOn(R, S) ,
       NEW CONSTANT T \in SUBSET S,
       T # {} ,
       TT ==
         T
         \cup {j \in S :
                 \E i, k \in T :
                    /\ <<i, j>> \in TransitiveClosureOn(R, S)
                    /\ <<j, k>> \in TransitiveClosureOn(R, S)},
       NEW CONSTANT x \in TT,
       NEW CONSTANT y \in T,
       NEW CONSTANT j \in S,
       <1>2 
PROVE  <3>1

@!!END

@!!BEGIN
@!!type:obligation
@!!id:224
@!!loc:440:22:440:26
@!!status:to be proved
@!!obl:ASSUME NEW CONSTANT R,
       NEW CONSTANT S,
       IsWellFoundedOn(R, S) ,
       NEW CONSTANT T \in SUBSET S,
       T # {} ,
       TT ==
         T
         \cup {j \in S :
                 \E i, k \in T :
                    /\ <<i, j>> \in TransitiveClosureOn(R, S)
                    /\ <<j, k>> \in TransitiveClosureOn(R, S)},
       NEW CONSTANT x \in TT,
       NEW CONSTANT y \in T,
       NEW CONSTANT j \in S,
       <1>2 ,
       <3>1 
PROVE  <2>1

@!!END

@!!BEGIN
@!!type:obligation
@!!id:225
@!!loc:440:28:440:48
@!!status:to be proved
@!!obl:ASSUME NEW CONSTANT R,
       NEW CONSTANT S,
       IsWellFoundedOn(R, S) ,
       NEW CONSTANT T \in SUBSET S,
       T # {} ,
       TT ==
         T
         \cup {j \in S :
                 \E i, k \in T :
                    /\ <<i, j>> \in TransitiveClosureOn(R, S)
                    /\ <<j, k>> \in TransitiveClosureOn(R, S)},
       NEW CONSTANT x \in TT,
       NEW CONSTANT y \in T,
       NEW CONSTANT j \in S,
       <1>2 ,
       <3>1 ,
       <2>1 
PROVE  TransitiveClosureThm

@!!END

@!!BEGIN
@!!type:obligation
@!!id:226
@!!loc:465:2:465:4
@!!status:to be proved
@!!obl:ASSUME NEW CONSTANT Def(_, _),
       NEW CONSTANT R,
       NEW CONSTANT S,
       NEW CONSTANT f,
       IsWellFoundedOn(R, S) ,
       WFDefOn(R, S, Def) ,
       OpDefinesFcn(f, S, Def) ,
       TC == TransitiveClosureOn(R, S),
       <1>1 ,
       <1>2 ,
       <1>3 ,
       WFInductiveDefLemma 
PROVE  WFInductiveDefines(f, S, Def)

@!!END

@!!BEGIN
@!!type:obligation
@!!id:227
@!!loc:465:5:465:9
@!!status:to be proved
@!!obl:ASSUME NEW CONSTANT Def(_, _),
       NEW CONSTANT R,
       NEW CONSTANT S,
       NEW CONSTANT f,
       IsWellFoundedOn(R, S) ,
       WFDefOn(R, S, Def) ,
       OpDefinesFcn(f, S, Def) ,
       TC == TransitiveClosureOn(R, S)
PROVE  <1>1

@!!END

@!!BEGIN
@!!type:obligation
@!!id:228
@!!loc:465:11:465:15
@!!status:to be proved
@!!obl:ASSUME NEW CONSTANT Def(_, _),
       NEW CONSTANT R,
       NEW CONSTANT S,
       NEW CONSTANT f,
       IsWellFoundedOn(R, S) ,
       WFDefOn(R, S, Def) ,
       OpDefinesFcn(f, S, Def) ,
       TC == TransitiveClosureOn(R, S),
       <1>1 
PROVE  <1>2

@!!END

@!!BEGIN
@!!type:obligation
@!!id:229
@!!loc:465:17:465:21
@!!status:to be proved
@!!obl:ASSUME NEW CONSTANT Def(_, _),
       NEW CONSTANT R,
       NEW CONSTANT S,
       NEW CONSTANT f,
       IsWellFoundedOn(R, S) ,
       WFDefOn(R, S, Def) ,
       OpDefinesFcn(f, S, Def) ,
       TC == TransitiveClosureOn(R, S),
       <1>1 ,
       <1>2 
PROVE  <1>3

@!!END

@!!BEGIN
@!!type:obligation
@!!id:230
@!!loc:465:23:465:42
@!!status:to be proved
@!!obl:ASSUME NEW CONSTANT Def(_, _),
       NEW CONSTANT R,
       NEW CONSTANT S,
       NEW CONSTANT f,
       IsWellFoundedOn(R, S) ,
       WFDefOn(R, S, Def) ,
       OpDefinesFcn(f, S, Def) ,
       TC == TransitiveClosureOn(R, S),
       <1>1 ,
       <1>2 ,
       <1>3 
PROVE  WFInductiveDefLemma

@!!END

@!!BEGIN
@!!type:obligation
@!!id:231
@!!loc:456:3:456:5
@!!status:to be proved
@!!obl:ASSUME NEW CONSTANT Def(_, _),
       NEW CONSTANT R,
       NEW CONSTANT S,
       NEW CONSTANT f,
       IsWellFoundedOn(R, S) ,
       WFDefOn(R, S, Def) ,
       OpDefinesFcn(f, S, Def) ,
       TC == TransitiveClosureOn(R, S),
       TransitiveClosureThm 
PROVE  IsTransitivelyClosedOn(TC, S)

@!!END

@!!BEGIN
@!!type:obligation
@!!id:232
@!!loc:456:6:456:26
@!!status:to be proved
@!!obl:ASSUME NEW CONSTANT Def(_, _),
       NEW CONSTANT R,
       NEW CONSTANT S,
       NEW CONSTANT f,
       IsWellFoundedOn(R, S) ,
       WFDefOn(R, S, Def) ,
       OpDefinesFcn(f, S, Def) ,
       TC == TransitiveClosureOn(R, S)
PROVE  TransitiveClosureThm

@!!END

@!!BEGIN
@!!type:obligation
@!!id:233
@!!loc:458:3:458:5
@!!status:to be proved
@!!obl:ASSUME NEW CONSTANT Def(_, _),
       NEW CONSTANT R,
       NEW CONSTANT S,
       NEW CONSTANT f,
       IsWellFoundedOn(R, S) ,
       WFDefOn(R, S, Def) ,
       OpDefinesFcn(f, S, Def) ,
       TC == TransitiveClosureOn(R, S),
       TransitiveClosureWF 
PROVE  IsWellFoundedOn(TC, S)

@!!END

@!!BEGIN
@!!type:obligation
@!!id:234
@!!loc:458:6:458:25
@!!status:to be proved
@!!obl:ASSUME NEW CONSTANT Def(_, _),
       NEW CONSTANT R,
       NEW CONSTANT S,
       NEW CONSTANT f,
       IsWellFoundedOn(R, S) ,
       WFDefOn(R, S, Def) ,
       OpDefinesFcn(f, S, Def) ,
       TC == TransitiveClosureOn(R, S)
PROVE  TransitiveClosureWF

@!!END

@!!BEGIN
@!!type:obligation
@!!id:235
@!!loc:463:5:463:7
@!!status:to be proved
@!!obl:ASSUME WFDefOn(R, S, Def(_, _)) ==
         \A g, h :
            \A x \in S :
               (\A y \in SetLessThan(x, R, S) : g[y] = h[y])
               => Def(g, x) = Def(h, x),
       NEW CONSTANT Def(_, _),
       NEW CONSTANT R,
       NEW CONSTANT S,
       NEW CONSTANT f,
       IsWellFoundedOn(R, S) ,
       WFDefOn(R, S, Def) ,
       OpDefinesFcn(f, S, Def) ,
       TC == TransitiveClosureOn(R, S),
       <2>1 ,
       Zenon 
PROVE  WFDefOn(TC, S, Def)

@!!END

@!!BEGIN
@!!type:obligation
@!!id:236
@!!loc:463:8:463:12
@!!status:to be proved
@!!obl:ASSUME WFDefOn(R, S, Def(_, _)) ==
         \A g, h :
            \A x \in S :
               (\A y \in SetLessThan(x, R, S) : g[y] = h[y])
               => Def(g, x) = Def(h, x),
       NEW CONSTANT Def(_, _),
       NEW CONSTANT R,
       NEW CONSTANT S,
       NEW CONSTANT f,
       IsWellFoundedOn(R, S) ,
       WFDefOn(R, S, Def) ,
       OpDefinesFcn(f, S, Def) ,
       TC == TransitiveClosureOn(R, S)
PROVE  <2>1

@!!END

@!!BEGIN
@!!type:obligation
@!!id:237
@!!loc:463:14:463:19
@!!status:to be proved
@!!obl:ASSUME WFDefOn(R, S, Def(_, _)) ==
         \A g, h :
            \A x \in S :
               (\A y \in SetLessThan(x, R, S) : g[y] = h[y])
               => Def(g, x) = Def(h, x),
       NEW CONSTANT Def(_, _),
       NEW CONSTANT R,
       NEW CONSTANT S,
       NEW CONSTANT f,
       IsWellFoundedOn(R, S) ,
       WFDefOn(R, S, Def) ,
       OpDefinesFcn(f, S, Def) ,
       TC == TransitiveClosureOn(R, S),
       <2>1 
PROVE  Zenon

@!!END

@!!BEGIN
@!!type:obligation
@!!id:238
@!!loc:461:5:461:7
@!!status:to be proved
@!!obl:ASSUME SetLessThan(x, R, S) == {y \in S : <<y, x>> \in R},
       NEW CONSTANT Def(_, _),
       NEW CONSTANT R,
       NEW CONSTANT S,
       NEW CONSTANT f,
       IsWellFoundedOn(R, S) ,
       WFDefOn(R, S, Def) ,
       OpDefinesFcn(f, S, Def) ,
       TC == TransitiveClosureOn(R, S),
       TransitiveClosureThm 
PROVE  \A x \in S : SetLessThan(x, R, S) \subseteq SetLessThan(x, TC, S)

@!!END

@!!BEGIN
@!!type:obligation
@!!id:239
@!!loc:461:8:461:28
@!!status:to be proved
@!!obl:ASSUME SetLessThan(x, R, S) == {y \in S : <<y, x>> \in R},
       NEW CONSTANT Def(_, _),
       NEW CONSTANT R,
       NEW CONSTANT S,
       NEW CONSTANT f,
       IsWellFoundedOn(R, S) ,
       WFDefOn(R, S, Def) ,
       OpDefinesFcn(f, S, Def) ,
       TC == TransitiveClosureOn(R, S)
PROVE  TransitiveClosureThm

@!!END

@!!BEGIN
@!!type:obligation
@!!id:240
@!!loc:499:3:499:5
@!!status:to be proved
@!!obl:ASSUME WFInductiveDefines(f, S, Def(_, _)) == f = [x \in S |-> Def(f, x)],
       NEW CONSTANT Def(_, _),
       NEW CONSTANT f,
       NEW CONSTANT R,
       NEW CONSTANT S,
       NEW CONSTANT T,
       T # {} ,
       IsWellFoundedOn(R, S) ,
       WFDefOn(R, S, Def) ,
       WFInductiveDefines(f, S, Def) ,
       \A g \in [S -> T], s \in S : Def(g, s) \in T ,
       <1>1 
PROVE  f \in [S -> T]

@!!END

@!!BEGIN
@!!type:obligation
@!!id:241
@!!loc:499:6:499:10
@!!status:to be proved
@!!obl:ASSUME WFInductiveDefines(f, S, Def(_, _)) == f = [x \in S |-> Def(f, x)],
       NEW CONSTANT Def(_, _),
       NEW CONSTANT f,
       NEW CONSTANT R,
       NEW CONSTANT S,
       NEW CONSTANT T,
       T # {} ,
       IsWellFoundedOn(R, S) ,
       WFDefOn(R, S, Def) ,
       WFInductiveDefines(f, S, Def) ,
       \A g \in [S -> T], s \in S : Def(g, s) \in T 
PROVE  <1>1

@!!END

@!!BEGIN
@!!type:obligation
@!!id:242
@!!loc:497:5:497:7
@!!status:to be proved
@!!obl:ASSUME WFDefOn(R, S, Def(_, _)) ==
         \A g, h :
            \A x \in S :
               (\A y \in SetLessThan(x, R, S) : g[y] = h[y])
               => Def(g, x) = Def(h, x),
       WFInductiveDefines(f, S, Def(_, _)) == f = [x \in S |-> Def(f, x)],
       NEW CONSTANT Def(_, _),
       NEW CONSTANT f,
       NEW CONSTANT R,
       NEW CONSTANT S,
       NEW CONSTANT T,
       T # {} ,
       IsWellFoundedOn(R, S) ,
       WFDefOn(R, S, Def) ,
       WFInductiveDefines(f, S, Def) ,
       \A g \in [S -> T], s \in S : Def(g, s) \in T ,
       NEW CONSTANT s \in S,
       NEW CONSTANT t0,
       g == [x \in S |-> IF x \in SetLessThan(s, R, S) THEN f[x] ELSE t0],
       <2>3 ,
       <2>4 
PROVE  f[s] \in T

@!!END

@!!BEGIN
@!!type:obligation
@!!id:243
@!!loc:497:8:497:12
@!!status:to be proved
@!!obl:ASSUME WFDefOn(R, S, Def(_, _)) ==
         \A g, h :
            \A x \in S :
               (\A y \in SetLessThan(x, R, S) : g[y] = h[y])
               => Def(g, x) = Def(h, x),
       WFInductiveDefines(f, S, Def(_, _)) == f = [x \in S |-> Def(f, x)],
       NEW CONSTANT Def(_, _),
       NEW CONSTANT f,
       NEW CONSTANT R,
       NEW CONSTANT S,
       NEW CONSTANT T,
       T # {} ,
       IsWellFoundedOn(R, S) ,
       WFDefOn(R, S, Def) ,
       WFInductiveDefines(f, S, Def) ,
       \A g \in [S -> T], s \in S : Def(g, s) \in T ,
       NEW CONSTANT s \in S,
       NEW CONSTANT t0,
       g == [x \in S |-> IF x \in SetLessThan(s, R, S) THEN f[x] ELSE t0]
PROVE  <2>3

@!!END

@!!BEGIN
@!!type:obligation
@!!id:244
@!!loc:497:14:497:18
@!!status:to be proved
@!!obl:ASSUME WFDefOn(R, S, Def(_, _)) ==
         \A g, h :
            \A x \in S :
               (\A y \in SetLessThan(x, R, S) : g[y] = h[y])
               => Def(g, x) = Def(h, x),
       WFInductiveDefines(f, S, Def(_, _)) == f = [x \in S |-> Def(f, x)],
       NEW CONSTANT Def(_, _),
       NEW CONSTANT f,
       NEW CONSTANT R,
       NEW CONSTANT S,
       NEW CONSTANT T,
       T # {} ,
       IsWellFoundedOn(R, S) ,
       WFDefOn(R, S, Def) ,
       WFInductiveDefines(f, S, Def) ,
       \A g \in [S -> T], s \in S : Def(g, s) \in T ,
       NEW CONSTANT s \in S,
       NEW CONSTANT t0,
       g == [x \in S |-> IF x \in SetLessThan(s, R, S) THEN f[x] ELSE t0],
       <2>3 
PROVE  <2>4

@!!END

@!!BEGIN
@!!type:obligation
@!!id:245
@!!loc:484:5:484:7
@!!status:to be proved
@!!obl:ASSUME NEW CONSTANT Def(_, _),
       NEW CONSTANT f,
       NEW CONSTANT R,
       NEW CONSTANT S,
       NEW CONSTANT T,
       <2>1 ,
       IsWellFoundedOn(R, S) ,
       WFInduction ,
       IsaM("auto") 
PROVE  \A s \in S : f[s] \in T

@!!END

@!!BEGIN
@!!type:obligation
@!!id:246
@!!loc:484:13:484:17
@!!status:to be proved
@!!obl:ASSUME NEW CONSTANT Def(_, _),
       NEW CONSTANT f,
       NEW CONSTANT R,
       NEW CONSTANT S,
       NEW CONSTANT T,
       T # {} ,
       IsWellFoundedOn(R, S) ,
       WFDefOn(R, S, Def) ,
       WFInductiveDefines(f, S, Def) ,
       \A g \in [S -> T], s \in S : Def(g, s) \in T ,
       <2>1 
PROVE  <2>1

@!!END

@!!BEGIN
@!!type:obligation
@!!id:247
@!!loc:484:19:484:40
@!!status:to be proved
@!!obl:ASSUME NEW CONSTANT Def(_, _),
       NEW CONSTANT f,
       NEW CONSTANT R,
       NEW CONSTANT S,
       NEW CONSTANT T,
       T # {} ,
       IsWellFoundedOn(R, S) ,
       WFDefOn(R, S, Def) ,
       WFInductiveDefines(f, S, Def) ,
       \A g \in [S -> T], s \in S : Def(g, s) \in T ,
       <2>1 ,
       <2>1 
PROVE  IsWellFoundedOn(R, S)

@!!END

@!!BEGIN
@!!type:obligation
@!!id:248
@!!loc:484:42:484:53
@!!status:to be proved
@!!obl:ASSUME NEW CONSTANT Def(_, _),
       NEW CONSTANT f,
       NEW CONSTANT R,
       NEW CONSTANT S,
       NEW CONSTANT T,
       T # {} ,
       IsWellFoundedOn(R, S) ,
       WFDefOn(R, S, Def) ,
       WFInductiveDefines(f, S, Def) ,
       \A g \in [S -> T], s \in S : Def(g, s) \in T ,
       <2>1 ,
       <2>1 ,
       IsWellFoundedOn(R, S) 
PROVE  WFInduction

@!!END

@!!BEGIN
@!!type:obligation
@!!id:249
@!!loc:484:55:484:67
@!!status:to be proved
@!!obl:ASSUME NEW CONSTANT Def(_, _),
       NEW CONSTANT f,
       NEW CONSTANT R,
       NEW CONSTANT S,
       NEW CONSTANT T,
       T # {} ,
       IsWellFoundedOn(R, S) ,
       WFDefOn(R, S, Def) ,
       WFInductiveDefines(f, S, Def) ,
       \A g \in [S -> T], s \in S : Def(g, s) \in T ,
       <2>1 ,
       <2>1 ,
       IsWellFoundedOn(R, S) ,
       WFInduction 
PROVE  IsaM("auto")

@!!END

@!!BEGIN
@!!type:obligation
@!!id:250
@!!loc:486:5:486:12
@!!status:to be proved
@!!obl:ASSUME NEW CONSTANT Def(_, _),
       NEW CONSTANT f,
       NEW CONSTANT R,
       NEW CONSTANT S,
       NEW CONSTANT T,
       T # {} ,
       IsWellFoundedOn(R, S) ,
       WFDefOn(R, S, Def) ,
       WFInductiveDefines(f, S, Def) ,
       \A g \in [S -> T], s \in S : Def(g, s) \in T ,
       NEW CONSTANT s \in S
PROVE  \E t0 : t0 \in T

@!!END

@!!BEGIN
@!!type:obligation
@!!id:252
@!!loc:493:7:493:9
@!!status:to be proved
@!!obl:ASSUME NEW CONSTANT Def(_, _),
       NEW CONSTANT f,
       NEW CONSTANT R,
       NEW CONSTANT S,
       NEW CONSTANT T,
       T # {} ,
       IsWellFoundedOn(R, S) ,
       WFDefOn(R, S, Def) ,
       WFInductiveDefines(f, S, Def) ,
       \A g \in [S -> T], s \in S : Def(g, s) \in T ,
       NEW CONSTANT s \in S,
       NEW CONSTANT t0,
       g == [x \in S |-> IF x \in SetLessThan(s, R, S) THEN f[x] ELSE t0],
       <3>_a342 ,
       <2>1 ,
       <2>2 
PROVE  /\ g \in [S -> T]
       /\ \A x \in SetLessThan(s, R, S) : g[x] = f[x]

@!!END

@!!BEGIN
@!!type:obligation
@!!id:253
@!!loc:493:10:493:14
@!!status:to be proved
@!!obl:ASSUME NEW CONSTANT Def(_, _),
       NEW CONSTANT f,
       NEW CONSTANT R,
       NEW CONSTANT S,
       NEW CONSTANT T,
       T # {} ,
       IsWellFoundedOn(R, S) ,
       WFDefOn(R, S, Def) ,
       WFInductiveDefines(f, S, Def) ,
       \A g \in [S -> T], s \in S : Def(g, s) \in T ,
       NEW CONSTANT s \in S,
       NEW CONSTANT t0,
       g == [x \in S |-> IF x \in SetLessThan(s, R, S) THEN f[x] ELSE t0],
       <3>_a342 
PROVE  <2>1

@!!END

@!!BEGIN
@!!type:obligation
@!!id:254
@!!loc:493:16:493:20
@!!status:to be proved
@!!obl:ASSUME NEW CONSTANT Def(_, _),
       NEW CONSTANT f,
       NEW CONSTANT R,
       NEW CONSTANT S,
       NEW CONSTANT T,
       T # {} ,
       IsWellFoundedOn(R, S) ,
       WFDefOn(R, S, Def) ,
       WFInductiveDefines(f, S, Def) ,
       \A g \in [S -> T], s \in S : Def(g, s) \in T ,
       NEW CONSTANT s \in S,
       NEW CONSTANT t0,
       g == [x \in S |-> IF x \in SetLessThan(s, R, S) THEN f[x] ELSE t0],
       <3>_a342 ,
       <2>1 
PROVE  <2>2

@!!END

@!!BEGIN
@!!type:obligation
@!!id:255
@!!loc:491:7:491:9
@!!status:to be proved
@!!obl:ASSUME SetLessThan(x, R, S) == {y \in S : <<y, x>> \in R},
       NEW CONSTANT Def(_, _),
       NEW CONSTANT f,
       NEW CONSTANT R,
       NEW CONSTANT S,
       NEW CONSTANT T,
       T # {} ,
       IsWellFoundedOn(R, S) ,
       WFDefOn(R, S, Def) ,
       WFInductiveDefines(f, S, Def) ,
       \A g \in [S -> T], s \in S : Def(g, s) \in T ,
       NEW CONSTANT s \in S,
       NEW CONSTANT t0,
       g == [x \in S |-> IF x \in SetLessThan(s, R, S) THEN f[x] ELSE t0]
PROVE  SetLessThan(s, R, S) \subseteq S

@!!END

@!!BEGIN
@!!type:obligation
@!!id:256
@!!loc:495:5:495:7
@!!status:to be proved
@!!obl:ASSUME WFDefOn(R, S, Def(_, _)) ==
         \A g, h :
            \A x \in S :
               (\A y \in SetLessThan(x, R, S) : g[y] = h[y])
               => Def(g, x) = Def(h, x),
       NEW CONSTANT Def(_, _),
       NEW CONSTANT f,
       NEW CONSTANT R,
       NEW CONSTANT S,
       NEW CONSTANT T,
       T # {} ,
       IsWellFoundedOn(R, S) ,
       WFDefOn(R, S, Def) ,
       WFInductiveDefines(f, S, Def) ,
       \A g \in [S -> T], s \in S : Def(g, s) \in T ,
       NEW CONSTANT s \in S,
       NEW CONSTANT t0,
       g == [x \in S |-> IF x \in SetLessThan(s, R, S) THEN f[x] ELSE t0],
       <2>3 
PROVE  Def(f, s) = Def(g, s)

@!!END

@!!BEGIN
@!!type:obligation
@!!id:257
@!!loc:495:8:495:12
@!!status:to be proved
@!!obl:ASSUME WFDefOn(R, S, Def(_, _)) ==
         \A g, h :
            \A x \in S :
               (\A y \in SetLessThan(x, R, S) : g[y] = h[y])
               => Def(g, x) = Def(h, x),
       NEW CONSTANT Def(_, _),
       NEW CONSTANT f,
       NEW CONSTANT R,
       NEW CONSTANT S,
       NEW CONSTANT T,
       T # {} ,
       IsWellFoundedOn(R, S) ,
       WFDefOn(R, S, Def) ,
       WFInductiveDefines(f, S, Def) ,
       \A g \in [S -> T], s \in S : Def(g, s) \in T ,
       NEW CONSTANT s \in S,
       NEW CONSTANT t0,
       g == [x \in S |-> IF x \in SetLessThan(s, R, S) THEN f[x] ELSE t0]
PROVE  <2>3

@!!END

@!!BEGIN
@!!type:obligation
@!!id:258
@!!loc:551:5:551:7
@!!status:to be proved
@!!obl:ASSUME R == OpToRel(LAMBDA x1, x2 : x1 < x2, Nat),
       NEW CONSTANT ff \in [Nat -> Nat],
       P(n) ==
         \E f \in [Nat -> Nat] :
            /\ \A m \in Nat : <<f[m + 1], f[m]>> \in R
            /\ f[0] = n,
       <1>2 ,
       <1>4 
PROVE  FALSE

@!!END

@!!BEGIN
@!!type:obligation
@!!id:259
@!!loc:551:8:551:12
@!!status:to be proved
@!!obl:ASSUME R == OpToRel(LAMBDA x1, x2 : x1 < x2, Nat),
       NEW CONSTANT ff \in [Nat -> Nat],
       P(n) ==
         \E f \in [Nat -> Nat] :
            /\ \A m \in Nat : <<f[m + 1], f[m]>> \in R
            /\ f[0] = n
PROVE  <1>2

@!!END

@!!BEGIN
@!!type:obligation
@!!id:260
@!!loc:551:14:551:18
@!!status:to be proved
@!!obl:ASSUME R == OpToRel(LAMBDA x1, x2 : x1 < x2, Nat),
       NEW CONSTANT ff \in [Nat -> Nat],
       P(n) ==
         \E f \in [Nat -> Nat] :
            /\ \A m \in Nat : <<f[m + 1], f[m]>> \in R
            /\ f[0] = n,
       <1>2 
PROVE  <1>4

@!!END

@!!BEGIN
@!!type:obligation
@!!id:261
@!!loc:519:3:519:5
@!!status:to be proved
@!!obl:ASSUME IsWellFoundedOn(R, S) ==
         ~(\E f \in [Nat -> S] : \A n \in Nat : <<f[n + 1], f[n]>> \in R),
       OpToRel(\prec(_, _), S) == {ss \in S \X S : ss[1] \prec ss[2]},
       R == OpToRel(LAMBDA x1, x2 : x1 < x2, Nat),
       <1>1 ,
       Zenon 
PROVE  IsWellFoundedOn(OpToRel(LAMBDA x1, x2 : x1 < x2, Nat), Nat)

@!!END

@!!BEGIN
@!!type:obligation
@!!id:262
@!!loc:519:6:519:11
@!!status:to be proved
@!!obl:ASSUME IsWellFoundedOn(R, S) ==
         ~(\E f \in [Nat -> S] : \A n \in Nat : <<f[n + 1], f[n]>> \in R),
       OpToRel(\prec(_, _), S) == {ss \in S \X S : ss[1] \prec ss[2]},
       R == OpToRel(LAMBDA x1, x2 : x1 < x2, Nat),
       <1>1 
PROVE  Zenon

@!!END

@!!BEGIN
@!!type:obligation
@!!id:263
@!!loc:525:3:525:5
@!!status:to be proved
@!!obl:ASSUME OpToRel(\prec(_, _), S) == {ss \in S \X S : ss[1] \prec ss[2]},
       R == OpToRel(LAMBDA x1, x2 : x1 < x2, Nat),
       NEW CONSTANT ff \in [Nat -> Nat],
       P(n) ==
         \E f \in [Nat -> Nat] :
            /\ \A m \in Nat : <<f[m + 1], f[m]>> \in R
            /\ f[0] = n,
       <1>1 ,
       Isa 
PROVE  P(ff[0])

@!!END

@!!BEGIN
@!!type:obligation
@!!id:264
@!!loc:525:6:525:10
@!!status:to be proved
@!!obl:ASSUME OpToRel(\prec(_, _), S) == {ss \in S \X S : ss[1] \prec ss[2]},
       R == OpToRel(LAMBDA x1, x2 : x1 < x2, Nat),
       NEW CONSTANT ff \in [Nat -> Nat],
       P(n) ==
         \E f \in [Nat -> Nat] :
            /\ \A m \in Nat : <<f[m + 1], f[m]>> \in R
            /\ f[0] = n
PROVE  <1>1

@!!END

@!!BEGIN
@!!type:obligation
@!!id:265
@!!loc:525:12:525:15
@!!status:to be proved
@!!obl:ASSUME OpToRel(\prec(_, _), S) == {ss \in S \X S : ss[1] \prec ss[2]},
       R == OpToRel(LAMBDA x1, x2 : x1 < x2, Nat),
       NEW CONSTANT ff \in [Nat -> Nat],
       P(n) ==
         \E f \in [Nat -> Nat] :
            /\ \A m \in Nat : <<f[m + 1], f[m]>> \in R
            /\ f[0] = n,
       <1>1 
PROVE  Isa

@!!END

@!!BEGIN
@!!type:obligation
@!!id:266
@!!loc:543:5:543:7
@!!status:to be proved
@!!obl:ASSUME R == OpToRel(LAMBDA x1, x2 : x1 < x2, Nat),
       NEW CONSTANT ff \in [Nat -> Nat],
       P(n) ==
         \E f \in [Nat -> Nat] :
            /\ \A m \in Nat : <<f[m + 1], f[m]>> \in R
            /\ f[0] = n,
       NEW CONSTANT n \in Nat,
       NEW CONSTANT f \in [Nat -> Nat],
       \A m \in Nat : <<f[m + 1], f[m]>> \in R ,
       f[0] = n ,
       g == [i \in Nat |-> f[i + 1]],
       <2>1 ,
       <2>2 ,
       <2>3 ,
       <1>3 
PROVE  FALSE

@!!END

@!!BEGIN
@!!type:obligation
@!!id:267
@!!loc:543:8:543:12
@!!status:to be proved
@!!obl:ASSUME R == OpToRel(LAMBDA x1, x2 : x1 < x2, Nat),
       NEW CONSTANT ff \in [Nat -> Nat],
       P(n) ==
         \E f \in [Nat -> Nat] :
            /\ \A m \in Nat : <<f[m + 1], f[m]>> \in R
            /\ f[0] = n,
       NEW CONSTANT n \in Nat,
       NEW CONSTANT f \in [Nat -> Nat],
       \A m \in Nat : <<f[m + 1], f[m]>> \in R ,
       f[0] = n ,
       g == [i \in Nat |-> f[i + 1]]
PROVE  <2>1

@!!END

@!!BEGIN
@!!type:obligation
@!!id:268
@!!loc:543:14:543:18
@!!status:to be proved
@!!obl:ASSUME R == OpToRel(LAMBDA x1, x2 : x1 < x2, Nat),
       NEW CONSTANT ff \in [Nat -> Nat],
       P(n) ==
         \E f \in [Nat -> Nat] :
            /\ \A m \in Nat : <<f[m + 1], f[m]>> \in R
            /\ f[0] = n,
       NEW CONSTANT n \in Nat,
       NEW CONSTANT f \in [Nat -> Nat],
       \A m \in Nat : <<f[m + 1], f[m]>> \in R ,
       f[0] = n ,
       g == [i \in Nat |-> f[i + 1]],
       <2>1 
PROVE  <2>2

@!!END

@!!BEGIN
@!!type:obligation
@!!id:269
@!!loc:543:20:543:24
@!!status:to be proved
@!!obl:ASSUME R == OpToRel(LAMBDA x1, x2 : x1 < x2, Nat),
       NEW CONSTANT ff \in [Nat -> Nat],
       P(n) ==
         \E f \in [Nat -> Nat] :
            /\ \A m \in Nat : <<f[m + 1], f[m]>> \in R
            /\ f[0] = n,
       NEW CONSTANT n \in Nat,
       NEW CONSTANT f \in [Nat -> Nat],
       \A m \in Nat : <<f[m + 1], f[m]>> \in R ,
       f[0] = n ,
       g == [i \in Nat |-> f[i + 1]],
       <2>1 ,
       <2>2 
PROVE  <2>3

@!!END

@!!BEGIN
@!!type:obligation
@!!id:270
@!!loc:543:26:543:30
@!!status:to be proved
@!!obl:ASSUME R == OpToRel(LAMBDA x1, x2 : x1 < x2, Nat),
       NEW CONSTANT ff \in [Nat -> Nat],
       P(n) ==
         \E f \in [Nat -> Nat] :
            /\ \A m \in Nat : <<f[m + 1], f[m]>> \in R
            /\ f[0] = n,
       NEW CONSTANT n \in Nat,
       NEW CONSTANT f \in [Nat -> Nat],
       \A m \in Nat : <<f[m + 1], f[m]>> \in R ,
       f[0] = n ,
       g == [i \in Nat |-> f[i + 1]],
       <2>1 ,
       <2>2 ,
       <2>3 
PROVE  <1>3

@!!END

@!!BEGIN
@!!type:obligation
@!!id:271
@!!loc:533:5:533:12
@!!status:to be proved
@!!obl:ASSUME R == OpToRel(LAMBDA x1, x2 : x1 < x2, Nat),
       NEW CONSTANT ff \in [Nat -> Nat],
       P(n) ==
         \E f \in [Nat -> Nat] :
            /\ \A m \in Nat : <<f[m + 1], f[m]>> \in R
            /\ f[0] = n,
       NEW CONSTANT n \in Nat,
       <2>_a365 
PROVE  ~P(n)

@!!END

@!!BEGIN
@!!type:obligation
@!!id:272
@!!loc:536:5:536:12
@!!status:to be proved
@!!obl:ASSUME R == OpToRel(LAMBDA x1, x2 : x1 < x2, Nat),
       NEW CONSTANT ff \in [Nat -> Nat],
       P(n) ==
         \E f \in [Nat -> Nat] :
            /\ \A m \in Nat : <<f[m + 1], f[m]>> \in R
            /\ f[0] = n,
       NEW CONSTANT n \in Nat,
       NEW CONSTANT f \in [Nat -> Nat],
       \A m \in Nat : <<f[m + 1], f[m]>> \in R ,
       f[0] = n ,
       g == [i \in Nat |-> f[i + 1]]
PROVE  g \in [Nat -> Nat]

@!!END

@!!BEGIN
@!!type:obligation
@!!id:273
@!!loc:538:5:538:7
@!!status:to be proved
@!!obl:ASSUME R == OpToRel(LAMBDA x1, x2 : x1 < x2, Nat),
       NEW CONSTANT ff \in [Nat -> Nat],
       P(n) ==
         \E f \in [Nat -> Nat] :
            /\ \A m \in Nat : <<f[m + 1], f[m]>> \in R
            /\ f[0] = n,
       NEW CONSTANT n \in Nat,
       NEW CONSTANT f \in [Nat -> Nat],
       \A m \in Nat : <<f[m + 1], f[m]>> \in R ,
       f[0] = n ,
       g == [i \in Nat |-> f[i + 1]],
       Isa 
PROVE  \A i \in Nat : <<g[i + 1], g[i]>> \in R

@!!END

@!!BEGIN
@!!type:obligation
@!!id:274
@!!loc:538:8:538:11
@!!status:to be proved
@!!obl:ASSUME R == OpToRel(LAMBDA x1, x2 : x1 < x2, Nat),
       NEW CONSTANT ff \in [Nat -> Nat],
       P(n) ==
         \E f \in [Nat -> Nat] :
            /\ \A m \in Nat : <<f[m + 1], f[m]>> \in R
            /\ f[0] = n,
       NEW CONSTANT n \in Nat,
       NEW CONSTANT f \in [Nat -> Nat],
       \A m \in Nat : <<f[m + 1], f[m]>> \in R ,
       f[0] = n ,
       g == [i \in Nat |-> f[i + 1]]
PROVE  Isa

@!!END

@!!BEGIN
@!!type:obligation
@!!id:275
@!!loc:541:15:541:17
@!!status:to be proved
@!!obl:ASSUME R == OpToRel(LAMBDA x1, x2 : x1 < x2, Nat),
       NEW CONSTANT ff \in [Nat -> Nat],
       P(n) ==
         \E f \in [Nat -> Nat] :
            /\ \A m \in Nat : <<f[m + 1], f[m]>> \in R
            /\ f[0] = n,
       NEW CONSTANT n \in Nat,
       NEW CONSTANT f \in [Nat -> Nat],
       \A m \in Nat : <<f[m + 1], f[m]>> \in R ,
       f[0] = n ,
       g == [i \in Nat |-> f[i + 1]],
       <3>_a366 ,
       Isa 
PROVE  g[0] \in 0..n - 1

@!!END

@!!BEGIN
@!!type:obligation
@!!id:276
@!!loc:541:18:541:21
@!!status:to be proved
@!!obl:ASSUME R == OpToRel(LAMBDA x1, x2 : x1 < x2, Nat),
       NEW CONSTANT ff \in [Nat -> Nat],
       P(n) ==
         \E f \in [Nat -> Nat] :
            /\ \A m \in Nat : <<f[m + 1], f[m]>> \in R
            /\ f[0] = n,
       NEW CONSTANT n \in Nat,
       NEW CONSTANT f \in [Nat -> Nat],
       \A m \in Nat : <<f[m + 1], f[m]>> \in R ,
       f[0] = n ,
       g == [i \in Nat |-> f[i + 1]],
       <3>_a366 
PROVE  Isa

@!!END

@!!BEGIN
@!!type:obligation
@!!id:277
@!!loc:540:23:540:25
@!!status:to be proved
@!!obl:ASSUME OpToRel(\prec(_, _), S) == {ss \in S \X S : ss[1] \prec ss[2]},
       R == OpToRel(LAMBDA x1, x2 : x1 < x2, Nat),
       NEW CONSTANT ff \in [Nat -> Nat],
       P(n) ==
         \E f \in [Nat -> Nat] :
            /\ \A m \in Nat : <<f[m + 1], f[m]>> \in R
            /\ f[0] = n,
       NEW CONSTANT n \in Nat,
       NEW CONSTANT f \in [Nat -> Nat],
       \A m \in Nat : <<f[m + 1], f[m]>> \in R ,
       f[0] = n ,
       g == [i \in Nat |-> f[i + 1]],
       Isa 
PROVE  f[1] < f[0]

@!!END

@!!BEGIN
@!!type:obligation
@!!id:278
@!!loc:540:26:540:29
@!!status:to be proved
@!!obl:ASSUME OpToRel(\prec(_, _), S) == {ss \in S \X S : ss[1] \prec ss[2]},
       R == OpToRel(LAMBDA x1, x2 : x1 < x2, Nat),
       NEW CONSTANT ff \in [Nat -> Nat],
       P(n) ==
         \E f \in [Nat -> Nat] :
            /\ \A m \in Nat : <<f[m + 1], f[m]>> \in R
            /\ f[0] = n,
       NEW CONSTANT n \in Nat,
       NEW CONSTANT f \in [Nat -> Nat],
       \A m \in Nat : <<f[m + 1], f[m]>> \in R ,
       f[0] = n ,
       g == [i \in Nat |-> f[i + 1]]
PROVE  Isa

@!!END

@!!BEGIN
@!!type:obligation
@!!id:279
@!!loc:549:5:549:7
@!!status:to be proved
@!!obl:ASSUME R == OpToRel(LAMBDA x1, x2 : x1 < x2, Nat),
       NEW CONSTANT ff \in [Nat -> Nat],
       P(n) ==
         \E f \in [Nat -> Nat] :
            /\ \A m \in Nat : <<f[m + 1], f[m]>> \in R
            /\ f[0] = n,
       <2>_a367 
PROVE  ~P(ff[0])

@!!END

@!!BEGIN
@!!type:obligation
@!!id:280
@!!loc:547:5:547:7
@!!status:to be proved
@!!obl:ASSUME R == OpToRel(LAMBDA x1, x2 : x1 < x2, Nat),
       NEW CONSTANT ff \in [Nat -> Nat],
       <1>3 ,
       GeneralNatInduction ,
       Isa 
PROVE  \A n \in Nat : ~P(n)

@!!END

@!!BEGIN
@!!type:obligation
@!!id:281
@!!loc:547:13:547:17
@!!status:to be proved
@!!obl:ASSUME R == OpToRel(LAMBDA x1, x2 : x1 < x2, Nat),
       NEW CONSTANT ff \in [Nat -> Nat]
PROVE  <1>3

@!!END

@!!BEGIN
@!!type:obligation
@!!id:282
@!!loc:547:19:547:38
@!!status:to be proved
@!!obl:ASSUME R == OpToRel(LAMBDA x1, x2 : x1 < x2, Nat),
       NEW CONSTANT ff \in [Nat -> Nat],
       <1>3 
PROVE  GeneralNatInduction

@!!END

@!!BEGIN
@!!type:obligation
@!!id:283
@!!loc:547:40:547:43
@!!status:to be proved
@!!obl:ASSUME R == OpToRel(LAMBDA x1, x2 : x1 < x2, Nat),
       NEW CONSTANT ff \in [Nat -> Nat],
       <1>3 ,
       GeneralNatInduction 
PROVE  Isa

@!!END

@!!BEGIN
@!!type:obligation
@!!id:284
@!!loc:575:2:575:4
@!!status:to be proved
@!!obl:ASSUME IsWellFoundedOn(R, S) ==
         ~(\E f \in [Nat -> S] : \A n \in Nat : <<f[n + 1], f[n]>> \in R),
       NEW CONSTANT S,
       NEW CONSTANT T,
       NEW CONSTANT R,
       NEW CONSTANT f(_),
       \A s \in S : f(s) \in T ,
       IsWellFoundedOn(R, T) ,
       NEW CONSTANT g \in [Nat -> S],
       \A n \in Nat : <<g[n + 1], g[n]>> \in PreImage(f, S, R) ,
       gg == [n \in Nat |-> f(g[n])],
       <1>1 ,
       Zenon 
PROVE  FALSE

@!!END

@!!BEGIN
@!!type:obligation
@!!id:285
@!!loc:575:5:575:9
@!!status:to be proved
@!!obl:ASSUME IsWellFoundedOn(R, S) ==
         ~(\E f \in [Nat -> S] : \A n \in Nat : <<f[n + 1], f[n]>> \in R),
       NEW CONSTANT S,
       NEW CONSTANT T,
       NEW CONSTANT R,
       NEW CONSTANT f(_),
       \A s \in S : f(s) \in T ,
       IsWellFoundedOn(R, T) ,
       NEW CONSTANT g \in [Nat -> S],
       \A n \in Nat : <<g[n + 1], g[n]>> \in PreImage(f, S, R) ,
       gg == [n \in Nat |-> f(g[n])]
PROVE  <1>1

@!!END

@!!BEGIN
@!!type:obligation
@!!id:286
@!!loc:575:11:575:16
@!!status:to be proved
@!!obl:ASSUME IsWellFoundedOn(R, S) ==
         ~(\E f \in [Nat -> S] : \A n \in Nat : <<f[n + 1], f[n]>> \in R),
       NEW CONSTANT S,
       NEW CONSTANT T,
       NEW CONSTANT R,
       NEW CONSTANT f(_),
       \A s \in S : f(s) \in T ,
       IsWellFoundedOn(R, T) ,
       NEW CONSTANT g \in [Nat -> S],
       \A n \in Nat : <<g[n + 1], g[n]>> \in PreImage(f, S, R) ,
       gg == [n \in Nat |-> f(g[n])],
       <1>1 
PROVE  Zenon

@!!END

@!!BEGIN
@!!type:obligation
@!!id:287
@!!loc:569:2:569:4
@!!status:to be proved
@!!obl:ASSUME IsWellFoundedOn(R, S) ==
         ~(\E f \in [Nat -> S] : \A n \in Nat : <<f[n + 1], f[n]>> \in R),
       NEW CONSTANT S,
       NEW CONSTANT T,
       NEW CONSTANT R,
       NEW CONSTANT f(_),
       \A s \in S : f(s) \in T ,
       IsWellFoundedOn(R, T) ,
       <1>_a397 
PROVE  IsWellFoundedOn(PreImage(f, S, R), S)

@!!END

@!!BEGIN
@!!type:obligation
@!!id:288
@!!loc:573:3:573:5
@!!status:to be proved
@!!obl:ASSUME PreImage(f(_), S, R) == {ss \in S \X S : <<f(ss[1]), f(ss[2])>> \in R},
       NEW CONSTANT S,
       NEW CONSTANT T,
       NEW CONSTANT R,
       NEW CONSTANT f(_),
       \A s \in S : f(s) \in T ,
       IsWellFoundedOn(R, T) ,
       NEW CONSTANT g \in [Nat -> S],
       \A n \in Nat : <<g[n + 1], g[n]>> \in PreImage(f, S, R) ,
       gg == [n \in Nat |-> f(g[n])],
       NEW CONSTANT n \in Nat,
       Isa 
PROVE  <<gg[n + 1], gg[n]>> \in R

@!!END

@!!BEGIN
@!!type:obligation
@!!id:289
@!!loc:573:6:573:9
@!!status:to be proved
@!!obl:ASSUME PreImage(f(_), S, R) == {ss \in S \X S : <<f(ss[1]), f(ss[2])>> \in R},
       NEW CONSTANT S,
       NEW CONSTANT T,
       NEW CONSTANT R,
       NEW CONSTANT f(_),
       \A s \in S : f(s) \in T ,
       IsWellFoundedOn(R, T) ,
       NEW CONSTANT g \in [Nat -> S],
       \A n \in Nat : <<g[n + 1], g[n]>> \in PreImage(f, S, R) ,
       gg == [n \in Nat |-> f(g[n])],
       NEW CONSTANT n \in Nat
PROVE  Isa

@!!END

@!!BEGIN
@!!type:obligation
@!!id:290
@!!loc:617:3:617:5
@!!status:to be proved
@!!obl:ASSUME NEW CONSTANT R1,
       NEW CONSTANT R2,
       NEW CONSTANT S1,
       NEW CONSTANT S2,
       IsWellFoundedOn(R1, S1) ,
       IsWellFoundedOn(R2, S2) ,
       NEW CONSTANT T \in SUBSET S1 \X S2,
       T # {} ,
       T1 == {tt[1] : tt \in T},
       NEW CONSTANT x1 \in T1,
       T2 == {tt[2] : tt \in {uu \in T : uu[1] = x1}},
       NEW CONSTANT x2 \in T2,
       <1>3 
PROVE  \E x \in T :
          \A y \in T : <<y, x>> \notin LexPairOrdering(R1, R2, S1, S2)

@!!END

@!!BEGIN
@!!type:obligation
@!!id:291
@!!loc:617:6:617:10
@!!status:to be proved
@!!obl:ASSUME NEW CONSTANT R1,
       NEW CONSTANT R2,
       NEW CONSTANT S1,
       NEW CONSTANT S2,
       IsWellFoundedOn(R1, S1) ,
       IsWellFoundedOn(R2, S2) ,
       NEW CONSTANT T \in SUBSET S1 \X S2,
       T # {} ,
       T1 == {tt[1] : tt \in T},
       NEW CONSTANT x1 \in T1,
       T2 == {tt[2] : tt \in {uu \in T : uu[1] = x1}},
       NEW CONSTANT x2 \in T2
PROVE  <1>3

@!!END

@!!BEGIN
@!!type:obligation
@!!id:292
@!!loc:594:3:594:5
@!!status:to be proved
@!!obl:ASSUME NEW CONSTANT R1,
       NEW CONSTANT R2,
       NEW CONSTANT S1,
       NEW CONSTANT S2,
       IsWellFoundedOn(R1, S1) ,
       IsWellFoundedOn(R2, S2) ,
       <1>_a407 ,
       MinWF ,
       Zenon 
PROVE  IsWellFoundedOn(LexPairOrdering(R1, R2, S1, S2), S1 \X S2)

@!!END

@!!BEGIN
@!!type:obligation
@!!id:293
@!!loc:594:6:594:11
@!!status:to be proved
@!!obl:ASSUME NEW CONSTANT R1,
       NEW CONSTANT R2,
       NEW CONSTANT S1,
       NEW CONSTANT S2,
       IsWellFoundedOn(R1, S1) ,
       IsWellFoundedOn(R2, S2) ,
       <1>_a407 
PROVE  MinWF

@!!END

@!!BEGIN
@!!type:obligation
@!!id:294
@!!loc:594:13:594:18
@!!status:to be proved
@!!obl:ASSUME NEW CONSTANT R1,
       NEW CONSTANT R2,
       NEW CONSTANT S1,
       NEW CONSTANT S2,
       IsWellFoundedOn(R1, S1) ,
       IsWellFoundedOn(R2, S2) ,
       <1>_a407 ,
       MinWF 
PROVE  Zenon

@!!END

@!!BEGIN
@!!type:obligation
@!!id:295
@!!loc:600:5:600:7
@!!status:to be proved
@!!obl:ASSUME NEW CONSTANT R1,
       NEW CONSTANT R2,
       NEW CONSTANT S1,
       NEW CONSTANT S2,
       IsWellFoundedOn(R1, S1) ,
       IsWellFoundedOn(R2, S2) ,
       NEW CONSTANT T \in SUBSET S1 \X S2,
       T # {} ,
       T1 == {tt[1] : tt \in T},
       <2>1 ,
       WFMin ,
       Zenon 
PROVE  \E x1 \in T1 : \A y1 \in T1 : <<y1, x1>> \notin R1

@!!END

@!!BEGIN
@!!type:obligation
@!!id:296
@!!loc:600:8:600:12
@!!status:to be proved
@!!obl:ASSUME NEW CONSTANT R1,
       NEW CONSTANT R2,
       NEW CONSTANT S1,
       NEW CONSTANT S2,
       IsWellFoundedOn(R1, S1) ,
       IsWellFoundedOn(R2, S2) ,
       NEW CONSTANT T \in SUBSET S1 \X S2,
       T # {} ,
       T1 == {tt[1] : tt \in T}
PROVE  <2>1

@!!END

@!!BEGIN
@!!type:obligation
@!!id:297
@!!loc:600:14:600:19
@!!status:to be proved
@!!obl:ASSUME NEW CONSTANT R1,
       NEW CONSTANT R2,
       NEW CONSTANT S1,
       NEW CONSTANT S2,
       IsWellFoundedOn(R1, S1) ,
       IsWellFoundedOn(R2, S2) ,
       NEW CONSTANT T \in SUBSET S1 \X S2,
       T # {} ,
       T1 == {tt[1] : tt \in T},
       <2>1 
PROVE  WFMin

@!!END

@!!BEGIN
@!!type:obligation
@!!id:298
@!!loc:600:21:600:26
@!!status:to be proved
@!!obl:ASSUME NEW CONSTANT R1,
       NEW CONSTANT R2,
       NEW CONSTANT S1,
       NEW CONSTANT S2,
       IsWellFoundedOn(R1, S1) ,
       IsWellFoundedOn(R2, S2) ,
       NEW CONSTANT T \in SUBSET S1 \X S2,
       T # {} ,
       T1 == {tt[1] : tt \in T},
       <2>1 ,
       WFMin 
PROVE  Zenon

@!!END

@!!BEGIN
@!!type:obligation
@!!id:299
@!!loc:598:5:598:12
@!!status:to be proved
@!!obl:ASSUME NEW CONSTANT R1,
       NEW CONSTANT R2,
       NEW CONSTANT S1,
       NEW CONSTANT S2,
       IsWellFoundedOn(R1, S1) ,
       IsWellFoundedOn(R2, S2) ,
       NEW CONSTANT T \in SUBSET S1 \X S2,
       T # {} ,
       T1 == {tt[1] : tt \in T}
PROVE  T1 \subseteq S1 /\ T1 # {}

@!!END

@!!BEGIN
@!!type:obligation
@!!id:301
@!!loc:606:5:606:7
@!!status:to be proved
@!!obl:ASSUME NEW CONSTANT R1,
       NEW CONSTANT R2,
       NEW CONSTANT S1,
       NEW CONSTANT S2,
       IsWellFoundedOn(R1, S1) ,
       IsWellFoundedOn(R2, S2) ,
       NEW CONSTANT T \in SUBSET S1 \X S2,
       T # {} ,
       T1 == {tt[1] : tt \in T},
       NEW CONSTANT x1 \in T1,
       T2 == {tt[2] : tt \in {uu \in T : uu[1] = x1}},
       <2>1 ,
       WFMin ,
       Zenon 
PROVE  \E x2 \in T2 : \A y2 \in T2 : <<y2, x2>> \notin R2

@!!END

@!!BEGIN
@!!type:obligation
@!!id:302
@!!loc:606:8:606:12
@!!status:to be proved
@!!obl:ASSUME NEW CONSTANT R1,
       NEW CONSTANT R2,
       NEW CONSTANT S1,
       NEW CONSTANT S2,
       IsWellFoundedOn(R1, S1) ,
       IsWellFoundedOn(R2, S2) ,
       NEW CONSTANT T \in SUBSET S1 \X S2,
       T # {} ,
       T1 == {tt[1] : tt \in T},
       NEW CONSTANT x1 \in T1,
       T2 == {tt[2] : tt \in {uu \in T : uu[1] = x1}}
PROVE  <2>1

@!!END

@!!BEGIN
@!!type:obligation
@!!id:303
@!!loc:606:14:606:19
@!!status:to be proved
@!!obl:ASSUME NEW CONSTANT R1,
       NEW CONSTANT R2,
       NEW CONSTANT S1,
       NEW CONSTANT S2,
       IsWellFoundedOn(R1, S1) ,
       IsWellFoundedOn(R2, S2) ,
       NEW CONSTANT T \in SUBSET S1 \X S2,
       T # {} ,
       T1 == {tt[1] : tt \in T},
       NEW CONSTANT x1 \in T1,
       T2 == {tt[2] : tt \in {uu \in T : uu[1] = x1}},
       <2>1 
PROVE  WFMin

@!!END

@!!BEGIN
@!!type:obligation
@!!id:304
@!!loc:606:21:606:26
@!!status:to be proved
@!!obl:ASSUME NEW CONSTANT R1,
       NEW CONSTANT R2,
       NEW CONSTANT S1,
       NEW CONSTANT S2,
       IsWellFoundedOn(R1, S1) ,
       IsWellFoundedOn(R2, S2) ,
       NEW CONSTANT T \in SUBSET S1 \X S2,
       T # {} ,
       T1 == {tt[1] : tt \in T},
       NEW CONSTANT x1 \in T1,
       T2 == {tt[2] : tt \in {uu \in T : uu[1] = x1}},
       <2>1 ,
       WFMin 
PROVE  Zenon

@!!END

@!!BEGIN
@!!type:obligation
@!!id:305
@!!loc:604:5:604:12
@!!status:to be proved
@!!obl:ASSUME NEW CONSTANT R1,
       NEW CONSTANT R2,
       NEW CONSTANT S1,
       NEW CONSTANT S2,
       IsWellFoundedOn(R1, S1) ,
       IsWellFoundedOn(R2, S2) ,
       NEW CONSTANT T \in SUBSET S1 \X S2,
       T # {} ,
       T1 == {tt[1] : tt \in T},
       NEW CONSTANT x1 \in T1,
       T2 == {tt[2] : tt \in {uu \in T : uu[1] = x1}}
PROVE  T2 \subseteq S2 /\ T2 # {}

@!!END

@!!BEGIN
@!!type:obligation
@!!id:307
@!!loc:615:5:615:7
@!!status:to be proved
@!!obl:ASSUME LexPairOrdering(R1, R2, S1, S2) ==
         {ss \in (S1 \X S2) \X S1 \X S2 :
            \/ <<ss[1][1], ss[2][1]>> \in R1
            \/ /\ ss[1][1] = ss[2][1]
               /\ <<ss[1][2], ss[2][2]>> \in R2},
       NEW CONSTANT R1,
       NEW CONSTANT R2,
       NEW CONSTANT S1,
       NEW CONSTANT S2,
       IsWellFoundedOn(R1, S1) ,
       IsWellFoundedOn(R2, S2) ,
       NEW CONSTANT T \in SUBSET S1 \X S2,
       T # {} ,
       T1 == {tt[1] : tt \in T},
       NEW CONSTANT x1 \in T1,
       T2 == {tt[2] : tt \in {uu \in T : uu[1] = x1}},
       NEW CONSTANT x2 \in T2,
       NEW CONSTANT t \in T,
       <2>1 ,
       <2>2 ,
       <1>3 
PROVE  FALSE

@!!END

@!!BEGIN
@!!type:obligation
@!!id:308
@!!loc:615:8:615:12
@!!status:to be proved
@!!obl:ASSUME LexPairOrdering(R1, R2, S1, S2) ==
         {ss \in (S1 \X S2) \X S1 \X S2 :
            \/ <<ss[1][1], ss[2][1]>> \in R1
            \/ /\ ss[1][1] = ss[2][1]
               /\ <<ss[1][2], ss[2][2]>> \in R2},
       NEW CONSTANT R1,
       NEW CONSTANT R2,
       NEW CONSTANT S1,
       NEW CONSTANT S2,
       IsWellFoundedOn(R1, S1) ,
       IsWellFoundedOn(R2, S2) ,
       NEW CONSTANT T \in SUBSET S1 \X S2,
       T # {} ,
       T1 == {tt[1] : tt \in T},
       NEW CONSTANT x1 \in T1,
       T2 == {tt[2] : tt \in {uu \in T : uu[1] = x1}},
       NEW CONSTANT x2 \in T2,
       NEW CONSTANT t \in T
PROVE  <2>1

@!!END

@!!BEGIN
@!!type:obligation
@!!id:309
@!!loc:615:14:615:18
@!!status:to be proved
@!!obl:ASSUME LexPairOrdering(R1, R2, S1, S2) ==
         {ss \in (S1 \X S2) \X S1 \X S2 :
            \/ <<ss[1][1], ss[2][1]>> \in R1
            \/ /\ ss[1][1] = ss[2][1]
               /\ <<ss[1][2], ss[2][2]>> \in R2},
       NEW CONSTANT R1,
       NEW CONSTANT R2,
       NEW CONSTANT S1,
       NEW CONSTANT S2,
       IsWellFoundedOn(R1, S1) ,
       IsWellFoundedOn(R2, S2) ,
       NEW CONSTANT T \in SUBSET S1 \X S2,
       T # {} ,
       T1 == {tt[1] : tt \in T},
       NEW CONSTANT x1 \in T1,
       T2 == {tt[2] : tt \in {uu \in T : uu[1] = x1}},
       NEW CONSTANT x2 \in T2,
       NEW CONSTANT t \in T,
       <2>1 
PROVE  <2>2

@!!END

@!!BEGIN
@!!type:obligation
@!!id:310
@!!loc:615:20:615:24
@!!status:to be proved
@!!obl:ASSUME LexPairOrdering(R1, R2, S1, S2) ==
         {ss \in (S1 \X S2) \X S1 \X S2 :
            \/ <<ss[1][1], ss[2][1]>> \in R1
            \/ /\ ss[1][1] = ss[2][1]
               /\ <<ss[1][2], ss[2][2]>> \in R2},
       NEW CONSTANT R1,
       NEW CONSTANT R2,
       NEW CONSTANT S1,
       NEW CONSTANT S2,
       IsWellFoundedOn(R1, S1) ,
       IsWellFoundedOn(R2, S2) ,
       NEW CONSTANT T \in SUBSET S1 \X S2,
       T # {} ,
       T1 == {tt[1] : tt \in T},
       NEW CONSTANT x1 \in T1,
       T2 == {tt[2] : tt \in {uu \in T : uu[1] = x1}},
       NEW CONSTANT x2 \in T2,
       NEW CONSTANT t \in T,
       <2>1 ,
       <2>2 
PROVE  <1>3

@!!END

@!!BEGIN
@!!type:obligation
@!!id:311
@!!loc:611:5:611:7
@!!status:to be proved
@!!obl:ASSUME NEW CONSTANT R1,
       NEW CONSTANT R2,
       NEW CONSTANT S1,
       NEW CONSTANT S2,
       IsWellFoundedOn(R1, S1) ,
       IsWellFoundedOn(R2, S2) ,
       NEW CONSTANT T \in SUBSET S1 \X S2,
       T # {} ,
       T1 == {tt[1] : tt \in T},
       NEW CONSTANT x1 \in T1,
       T2 == {tt[2] : tt \in {uu \in T : uu[1] = x1}},
       NEW CONSTANT x2 \in T2,
       NEW CONSTANT t \in T,
       <1>1 ,
       <2>1 
PROVE  FALSE

@!!END

@!!BEGIN
@!!type:obligation
@!!id:312
@!!loc:611:8:611:12
@!!status:to be proved
@!!obl:ASSUME NEW CONSTANT R1,
       NEW CONSTANT R2,
       NEW CONSTANT S1,
       NEW CONSTANT S2,
       IsWellFoundedOn(R1, S1) ,
       IsWellFoundedOn(R2, S2) ,
       NEW CONSTANT T \in SUBSET S1 \X S2,
       T # {} ,
       T1 == {tt[1] : tt \in T},
       NEW CONSTANT x1 \in T1,
       T2 == {tt[2] : tt \in {uu \in T : uu[1] = x1}},
       NEW CONSTANT x2 \in T2,
       NEW CONSTANT t \in T
PROVE  <1>1

@!!END

@!!BEGIN
@!!type:obligation
@!!id:313
@!!loc:611:14:611:18
@!!status:to be proved
@!!obl:ASSUME NEW CONSTANT R1,
       NEW CONSTANT R2,
       NEW CONSTANT S1,
       NEW CONSTANT S2,
       IsWellFoundedOn(R1, S1) ,
       IsWellFoundedOn(R2, S2) ,
       NEW CONSTANT T \in SUBSET S1 \X S2,
       T # {} ,
       T1 == {tt[1] : tt \in T},
       NEW CONSTANT x1 \in T1,
       T2 == {tt[2] : tt \in {uu \in T : uu[1] = x1}},
       NEW CONSTANT x2 \in T2,
       NEW CONSTANT t \in T,
       <1>1 
PROVE  <2>1

@!!END

@!!BEGIN
@!!type:obligation
@!!id:314
@!!loc:613:5:613:7
@!!status:to be proved
@!!obl:ASSUME NEW CONSTANT R1,
       NEW CONSTANT R2,
       NEW CONSTANT S1,
       NEW CONSTANT S2,
       IsWellFoundedOn(R1, S1) ,
       IsWellFoundedOn(R2, S2) ,
       NEW CONSTANT T \in SUBSET S1 \X S2,
       T # {} ,
       T1 == {tt[1] : tt \in T},
       NEW CONSTANT x1 \in T1,
       T2 == {tt[2] : tt \in {uu \in T : uu[1] = x1}},
       NEW CONSTANT x2 \in T2,
       NEW CONSTANT t \in T,
       <1>2 ,
       <2>2 
PROVE  FALSE

@!!END

@!!BEGIN
@!!type:obligation
@!!id:315
@!!loc:613:8:613:12
@!!status:to be proved
@!!obl:ASSUME NEW CONSTANT R1,
       NEW CONSTANT R2,
       NEW CONSTANT S1,
       NEW CONSTANT S2,
       IsWellFoundedOn(R1, S1) ,
       IsWellFoundedOn(R2, S2) ,
       NEW CONSTANT T \in SUBSET S1 \X S2,
       T # {} ,
       T1 == {tt[1] : tt \in T},
       NEW CONSTANT x1 \in T1,
       T2 == {tt[2] : tt \in {uu \in T : uu[1] = x1}},
       NEW CONSTANT x2 \in T2,
       NEW CONSTANT t \in T
PROVE  <1>2

@!!END

@!!BEGIN
@!!type:obligation
@!!id:316
@!!loc:613:14:613:18
@!!status:to be proved
@!!obl:ASSUME NEW CONSTANT R1,
       NEW CONSTANT R2,
       NEW CONSTANT S1,
       NEW CONSTANT S2,
       IsWellFoundedOn(R1, S1) ,
       IsWellFoundedOn(R2, S2) ,
       NEW CONSTANT T \in SUBSET S1 \X S2,
       T # {} ,
       T1 == {tt[1] : tt \in T},
       NEW CONSTANT x1 \in T1,
       T2 == {tt[2] : tt \in {uu \in T : uu[1] = x1}},
       NEW CONSTANT x2 \in T2,
       NEW CONSTANT t \in T,
       <1>2 
PROVE  <2>2

@!!END

@!!BEGIN
@!!type:obligation
@!!id:317
@!!loc:722:3:722:5
@!!status:to be proved
@!!obl:ASSUME NEW CONSTANT R,
       NEW CONSTANT S,
       NEW CONSTANT n \in Nat,
       IsWellFoundedOn(R, S) ,
       LPO(m) == LexProductOrdering(R, S, m),
       P(m) == IsWellFoundedOn(LPO(m), [1..m -> S]),
       <1>3 
PROVE  IsWellFoundedOn(LexProductOrdering(R, S, n), [1..n -> S])

@!!END

@!!BEGIN
@!!type:obligation
@!!id:318
@!!loc:722:6:722:10
@!!status:to be proved
@!!obl:ASSUME NEW CONSTANT R,
       NEW CONSTANT S,
       NEW CONSTANT n \in Nat,
       IsWellFoundedOn(R, S) ,
       LPO(m) == LexProductOrdering(R, S, m),
       P(m) == IsWellFoundedOn(LPO(m), [1..m -> S])
PROVE  <1>3

@!!END

@!!BEGIN
@!!type:obligation
@!!id:319
@!!loc:639:3:639:5
@!!status:to be proved
@!!obl:ASSUME LexProductOrdering(R, S, n) ==
         {ff \in [1..n -> S] \X [1..n -> S] :
            \E j \in 1..n :
               /\ \A i \in 1..j - 1 : ff[1][i] = ff[2][i]
               /\ <<ff[1][j], ff[2][j]>> \in R},
       NEW CONSTANT R,
       NEW CONSTANT S,
       NEW CONSTANT n \in Nat,
       IsWellFoundedOn(R, S) ,
       LPO(m) == LexProductOrdering(R, S, m),
       P(m) == IsWellFoundedOn(LPO(m), [1..m -> S]),
       EmptyIsWellFounded ,
       1..0 = {} ,
       Zenon 
PROVE  P(0)

@!!END

@!!BEGIN
@!!type:obligation
@!!id:320
@!!loc:639:6:639:24
@!!status:to be proved
@!!obl:ASSUME LexProductOrdering(R, S, n) ==
         {ff \in [1..n -> S] \X [1..n -> S] :
            \E j \in 1..n :
               /\ \A i \in 1..j - 1 : ff[1][i] = ff[2][i]
               /\ <<ff[1][j], ff[2][j]>> \in R},
       NEW CONSTANT R,
       NEW CONSTANT S,
       NEW CONSTANT n \in Nat,
       IsWellFoundedOn(R, S) ,
       LPO(m) == LexProductOrdering(R, S, m),
       P(m) == IsWellFoundedOn(LPO(m), [1..m -> S])
PROVE  EmptyIsWellFounded

@!!END

@!!BEGIN
@!!type:obligation
@!!id:321
@!!loc:639:26:639:35
@!!status:to be proved
@!!obl:ASSUME LexProductOrdering(R, S, n) ==
         {ff \in [1..n -> S] \X [1..n -> S] :
            \E j \in 1..n :
               /\ \A i \in 1..j - 1 : ff[1][i] = ff[2][i]
               /\ <<ff[1][j], ff[2][j]>> \in R},
       NEW CONSTANT R,
       NEW CONSTANT S,
       NEW CONSTANT n \in Nat,
       IsWellFoundedOn(R, S) ,
       LPO(m) == LexProductOrdering(R, S, m),
       P(m) == IsWellFoundedOn(LPO(m), [1..m -> S]),
       EmptyIsWellFounded 
PROVE  1..0 = {}

@!!END

@!!BEGIN
@!!type:obligation
@!!id:322
@!!loc:639:37:639:42
@!!status:to be proved
@!!obl:ASSUME LexProductOrdering(R, S, n) ==
         {ff \in [1..n -> S] \X [1..n -> S] :
            \E j \in 1..n :
               /\ \A i \in 1..j - 1 : ff[1][i] = ff[2][i]
               /\ <<ff[1][j], ff[2][j]>> \in R},
       NEW CONSTANT R,
       NEW CONSTANT S,
       NEW CONSTANT n \in Nat,
       IsWellFoundedOn(R, S) ,
       LPO(m) == LexProductOrdering(R, S, m),
       P(m) == IsWellFoundedOn(LPO(m), [1..m -> S]),
       EmptyIsWellFounded ,
       1..0 = {} 
PROVE  Zenon

@!!END

@!!BEGIN
@!!type:obligation
@!!id:323
@!!loc:718:5:718:7
@!!status:to be proved
@!!obl:ASSUME NEW CONSTANT R,
       NEW CONSTANT S,
       NEW CONSTANT n \in Nat,
       IsWellFoundedOn(R, S) ,
       LPO(m) == LexProductOrdering(R, S, m),
       P(m) == IsWellFoundedOn(LPO(m), [1..m -> S]),
       NEW CONSTANT m \in Nat,
       g(ss) == <<[i \in 1..m |-> ss[i]], ss[m + 1]>>,
       <2>2 ,
       <2>3 
PROVE  P(m + 1)

@!!END

@!!BEGIN
@!!type:obligation
@!!id:324
@!!loc:718:8:718:12
@!!status:to be proved
@!!obl:ASSUME NEW CONSTANT R,
       NEW CONSTANT S,
       NEW CONSTANT n \in Nat,
       IsWellFoundedOn(R, S) ,
       LPO(m) == LexProductOrdering(R, S, m),
       P(m) == IsWellFoundedOn(LPO(m), [1..m -> S]),
       NEW CONSTANT m \in Nat,
       g(ss) == <<[i \in 1..m |-> ss[i]], ss[m + 1]>>
PROVE  <2>2

@!!END

@!!BEGIN
@!!type:obligation
@!!id:325
@!!loc:718:14:718:18
@!!status:to be proved
@!!obl:ASSUME NEW CONSTANT R,
       NEW CONSTANT S,
       NEW CONSTANT n \in Nat,
       IsWellFoundedOn(R, S) ,
       LPO(m) == LexProductOrdering(R, S, m),
       P(m) == IsWellFoundedOn(LPO(m), [1..m -> S]),
       NEW CONSTANT m \in Nat,
       g(ss) == <<[i \in 1..m |-> ss[i]], ss[m + 1]>>,
       <2>2 
PROVE  <2>3

@!!END

@!!BEGIN
@!!type:obligation
@!!id:326
@!!loc:643:5:643:7
@!!status:to be proved
@!!obl:ASSUME NEW CONSTANT R,
       NEW CONSTANT S,
       NEW CONSTANT n \in Nat,
       IsWellFoundedOn(R, S) ,
       LPO(m) == LexProductOrdering(R, S, m),
       P(m) == IsWellFoundedOn(LPO(m), [1..m -> S]),
       NEW CONSTANT m \in Nat,
       <1>2 ,
       WFLexPairOrdering 
PROVE  IsWellFoundedOn(LexPairOrdering(LPO(m), R, [1..m -> S], S),
                       [1..m -> S] \X S)

@!!END

@!!BEGIN
@!!type:obligation
@!!id:327
@!!loc:643:8:643:12
@!!status:to be proved
@!!obl:ASSUME NEW CONSTANT R,
       NEW CONSTANT S,
       NEW CONSTANT n \in Nat,
       IsWellFoundedOn(R, S) ,
       LPO(m) == LexProductOrdering(R, S, m),
       P(m) == IsWellFoundedOn(LPO(m), [1..m -> S]),
       NEW CONSTANT m \in Nat
PROVE  <1>2

@!!END

@!!BEGIN
@!!type:obligation
@!!id:328
@!!loc:643:14:643:31
@!!status:to be proved
@!!obl:ASSUME NEW CONSTANT R,
       NEW CONSTANT S,
       NEW CONSTANT n \in Nat,
       IsWellFoundedOn(R, S) ,
       LPO(m) == LexProductOrdering(R, S, m),
       P(m) == IsWellFoundedOn(LPO(m), [1..m -> S]),
       NEW CONSTANT m \in Nat,
       <1>2 
PROVE  WFLexPairOrdering

@!!END

@!!BEGIN
@!!type:obligation
@!!id:329
@!!loc:657:7:657:9
@!!status:to be proved
@!!obl:ASSUME NEW CONSTANT R,
       NEW CONSTANT S,
       NEW CONSTANT n \in Nat,
       IsWellFoundedOn(R, S) ,
       LPO(m) == LexProductOrdering(R, S, m),
       P(m) == IsWellFoundedOn(LPO(m), [1..m -> S]),
       NEW CONSTANT m \in Nat,
       <2>1 ,
       <3>1 ,
       PreImageWellFounded ,
       Isa 
PROVE  IsWellFoundedOn(PreImage(g, [1..m + 1 -> S],
                                LexPairOrdering(LPO(m), R, [1..m -> S], S)),
                       [1..m + 1 -> S])

@!!END

@!!BEGIN
@!!type:obligation
@!!id:330
@!!loc:657:10:657:14
@!!status:to be proved
@!!obl:ASSUME NEW CONSTANT R,
       NEW CONSTANT S,
       NEW CONSTANT n \in Nat,
       IsWellFoundedOn(R, S) ,
       LPO(m) == LexProductOrdering(R, S, m),
       P(m) == IsWellFoundedOn(LPO(m), [1..m -> S]),
       NEW CONSTANT m \in Nat
PROVE  <2>1

@!!END

@!!BEGIN
@!!type:obligation
@!!id:331
@!!loc:657:16:657:20
@!!status:to be proved
@!!obl:ASSUME NEW CONSTANT R,
       NEW CONSTANT S,
       NEW CONSTANT n \in Nat,
       IsWellFoundedOn(R, S) ,
       LPO(m) == LexProductOrdering(R, S, m),
       P(m) == IsWellFoundedOn(LPO(m), [1..m -> S]),
       NEW CONSTANT m \in Nat,
       <2>1 
PROVE  <3>1

@!!END

@!!BEGIN
@!!type:obligation
@!!id:332
@!!loc:657:22:657:41
@!!status:to be proved
@!!obl:ASSUME NEW CONSTANT R,
       NEW CONSTANT S,
       NEW CONSTANT n \in Nat,
       IsWellFoundedOn(R, S) ,
       LPO(m) == LexProductOrdering(R, S, m),
       P(m) == IsWellFoundedOn(LPO(m), [1..m -> S]),
       NEW CONSTANT m \in Nat,
       <2>1 ,
       <3>1 
PROVE  PreImageWellFounded

@!!END

@!!BEGIN
@!!type:obligation
@!!id:333
@!!loc:657:43:657:46
@!!status:to be proved
@!!obl:ASSUME NEW CONSTANT R,
       NEW CONSTANT S,
       NEW CONSTANT n \in Nat,
       IsWellFoundedOn(R, S) ,
       LPO(m) == LexProductOrdering(R, S, m),
       P(m) == IsWellFoundedOn(LPO(m), [1..m -> S]),
       NEW CONSTANT m \in Nat,
       <2>1 ,
       <3>1 ,
       PreImageWellFounded 
PROVE  Isa

@!!END

@!!BEGIN
@!!type:obligation
@!!id:334
@!!loc:654:7:654:14
@!!status:to be proved
@!!obl:ASSUME NEW CONSTANT R,
       NEW CONSTANT S,
       NEW CONSTANT n \in Nat,
       IsWellFoundedOn(R, S) ,
       LPO(m) == LexProductOrdering(R, S, m),
       P(m) == IsWellFoundedOn(LPO(m), [1..m -> S]),
       NEW CONSTANT m \in Nat,
       g(ss) == <<[i \in 1..m |-> ss[i]], ss[m + 1]>>
PROVE  \A ss \in [1..m + 1 -> S] : g(ss) \in [1..m -> S] \X S

@!!END

@!!BEGIN
@!!type:obligation
@!!id:335
@!!loc:716:7:716:9
@!!status:to be proved
@!!obl:ASSUME NEW CONSTANT R,
       NEW CONSTANT S,
       NEW CONSTANT n \in Nat,
       IsWellFoundedOn(R, S) ,
       LPO(m) == LexProductOrdering(R, S, m),
       P(m) == IsWellFoundedOn(LPO(m), [1..m -> S]),
       NEW CONSTANT m \in Nat,
       g(ss) == <<[i \in 1..m |-> ss[i]], ss[m + 1]>>,
       <3>1 ,
       <3>2 
PROVE  LPO(m + 1)
       = PreImage(g, [1..m + 1 -> S],
                  LexPairOrdering(LPO(m), R, [1..m -> S], S))

@!!END

@!!BEGIN
@!!type:obligation
@!!id:336
@!!loc:716:10:716:14
@!!status:to be proved
@!!obl:ASSUME NEW CONSTANT R,
       NEW CONSTANT S,
       NEW CONSTANT n \in Nat,
       IsWellFoundedOn(R, S) ,
       LPO(m) == LexProductOrdering(R, S, m),
       P(m) == IsWellFoundedOn(LPO(m), [1..m -> S]),
       NEW CONSTANT m \in Nat,
       g(ss) == <<[i \in 1..m |-> ss[i]], ss[m + 1]>>
PROVE  <3>1

@!!END

@!!BEGIN
@!!type:obligation
@!!id:337
@!!loc:716:16:716:20
@!!status:to be proved
@!!obl:ASSUME NEW CONSTANT R,
       NEW CONSTANT S,
       NEW CONSTANT n \in Nat,
       IsWellFoundedOn(R, S) ,
       LPO(m) == LexProductOrdering(R, S, m),
       P(m) == IsWellFoundedOn(LPO(m), [1..m -> S]),
       NEW CONSTANT m \in Nat,
       g(ss) == <<[i \in 1..m |-> ss[i]], ss[m + 1]>>,
       <3>1 
PROVE  <3>2

@!!END

@!!BEGIN
@!!type:obligation
@!!id:338
@!!loc:660:7:660:14
@!!status:to be proved
@!!obl:ASSUME NEW CONSTANT R,
       NEW CONSTANT S,
       NEW CONSTANT n \in Nat,
       IsWellFoundedOn(R, S) ,
       LPO(m) == LexProductOrdering(R, S, m),
       P(m) == IsWellFoundedOn(LPO(m), [1..m -> S]),
       NEW CONSTANT m \in Nat,
       g(ss) == <<[i \in 1..m |-> ss[i]], ss[m + 1]>>
PROVE  1..m + 1 = 1..m \cup {m + 1}

@!!END

@!!BEGIN
@!!type:obligation
@!!id:339
@!!loc:685:9:685:11
@!!status:to be proved
@!!obl:ASSUME PreImage(f(_), S, R) == {ss \in S \X S : <<f(ss[1]), f(ss[2])>> \in R},
       NEW CONSTANT R,
       NEW CONSTANT S,
       NEW CONSTANT n \in Nat,
       IsWellFoundedOn(R, S) ,
       LPO(m) == LexProductOrdering(R, S, m),
       P(m) == IsWellFoundedOn(LPO(m), [1..m -> S]),
       NEW CONSTANT m \in Nat,
       g(ss) == <<[i \in 1..m |-> ss[i]], ss[m + 1]>>,
       NEW CONSTANT x \in [1..m + 1 -> S],
       NEW CONSTANT y \in [1..m + 1 -> S],
       NEW CONSTANT j \in 1..m + 1,
       \A i \in 1..j - 1 : x[i] = y[i] ,
       <<x[j], y[j]>> \in R ,
       <4>2 ,
       Zenon 
PROVE  <<x, y>>
       \in PreImage(g, [1..m + 1 -> S],
                    LexPairOrdering(LPO(m), R, [1..m -> S], S))

@!!END

@!!BEGIN
@!!type:obligation
@!!id:340
@!!loc:685:12:685:16
@!!status:to be proved
@!!obl:ASSUME PreImage(f(_), S, R) == {ss \in S \X S : <<f(ss[1]), f(ss[2])>> \in R},
       NEW CONSTANT R,
       NEW CONSTANT S,
       NEW CONSTANT n \in Nat,
       IsWellFoundedOn(R, S) ,
       LPO(m) == LexProductOrdering(R, S, m),
       P(m) == IsWellFoundedOn(LPO(m), [1..m -> S]),
       NEW CONSTANT m \in Nat,
       g(ss) == <<[i \in 1..m |-> ss[i]], ss[m + 1]>>,
       NEW CONSTANT x \in [1..m + 1 -> S],
       NEW CONSTANT y \in [1..m + 1 -> S],
       NEW CONSTANT j \in 1..m + 1,
       \A i \in 1..j - 1 : x[i] = y[i] ,
       <<x[j], y[j]>> \in R 
PROVE  <4>2

@!!END

@!!BEGIN
@!!type:obligation
@!!id:341
@!!loc:685:18:685:23
@!!status:to be proved
@!!obl:ASSUME PreImage(f(_), S, R) == {ss \in S \X S : <<f(ss[1]), f(ss[2])>> \in R},
       NEW CONSTANT R,
       NEW CONSTANT S,
       NEW CONSTANT n \in Nat,
       IsWellFoundedOn(R, S) ,
       LPO(m) == LexProductOrdering(R, S, m),
       P(m) == IsWellFoundedOn(LPO(m), [1..m -> S]),
       NEW CONSTANT m \in Nat,
       g(ss) == <<[i \in 1..m |-> ss[i]], ss[m + 1]>>,
       NEW CONSTANT x \in [1..m + 1 -> S],
       NEW CONSTANT y \in [1..m + 1 -> S],
       NEW CONSTANT j \in 1..m + 1,
       \A i \in 1..j - 1 : x[i] = y[i] ,
       <<x[j], y[j]>> \in R ,
       <4>2 
PROVE  Zenon

@!!END

@!!BEGIN
@!!type:obligation
@!!id:342
@!!loc:667:9:667:11
@!!status:to be proved
@!!obl:ASSUME LexProductOrdering(R, S, n) ==
         {ff \in [1..n -> S] \X [1..n -> S] :
            \E j \in 1..n :
               /\ \A i \in 1..j - 1 : ff[1][i] = ff[2][i]
               /\ <<ff[1][j], ff[2][j]>> \in R},
       NEW CONSTANT R,
       NEW CONSTANT S,
       NEW CONSTANT n \in Nat,
       IsWellFoundedOn(R, S) ,
       LPO(m) == LexProductOrdering(R, S, m),
       P(m) == IsWellFoundedOn(LPO(m), [1..m -> S]),
       NEW CONSTANT m \in Nat,
       g(ss) == <<[i \in 1..m |-> ss[i]], ss[m + 1]>>,
       <4>_a436 ,
       Isa 
PROVE  LPO(m + 1)
       \subseteq PreImage(g, [1..m + 1 -> S],
                          LexPairOrdering(LPO(m), R, [1..m -> S], S))

@!!END

@!!BEGIN
@!!type:obligation
@!!id:343
@!!loc:667:12:667:15
@!!status:to be proved
@!!obl:ASSUME LexProductOrdering(R, S, n) ==
         {ff \in [1..n -> S] \X [1..n -> S] :
            \E j \in 1..n :
               /\ \A i \in 1..j - 1 : ff[1][i] = ff[2][i]
               /\ <<ff[1][j], ff[2][j]>> \in R},
       NEW CONSTANT R,
       NEW CONSTANT S,
       NEW CONSTANT n \in Nat,
       IsWellFoundedOn(R, S) ,
       LPO(m) == LexProductOrdering(R, S, m),
       P(m) == IsWellFoundedOn(LPO(m), [1..m -> S]),
       NEW CONSTANT m \in Nat,
       g(ss) == <<[i \in 1..m |-> ss[i]], ss[m + 1]>>,
       <4>_a436 
PROVE  Isa

@!!END

@!!BEGIN
@!!type:obligation
@!!id:344
@!!loc:669:9:669:16
@!!status:to be proved
@!!obl:ASSUME NEW CONSTANT R,
       NEW CONSTANT S,
       NEW CONSTANT n \in Nat,
       IsWellFoundedOn(R, S) ,
       LPO(m) == LexProductOrdering(R, S, m),
       P(m) == IsWellFoundedOn(LPO(m), [1..m -> S]),
       NEW CONSTANT m \in Nat,
       g(ss) == <<[i \in 1..m |-> ss[i]], ss[m + 1]>>,
       NEW CONSTANT x \in [1..m + 1 -> S],
       NEW CONSTANT y \in [1..m + 1 -> S],
       NEW CONSTANT j \in 1..m + 1,
       \A i \in 1..j - 1 : x[i] = y[i] ,
       <<x[j], y[j]>> \in R 
PROVE  \A i \in 1..j - 1 : i \in 1..m

@!!END

@!!BEGIN
@!!type:obligation
@!!id:345
@!!loc:683:11:683:13
@!!status:to be proved
@!!obl:ASSUME NEW CONSTANT R,
       NEW CONSTANT S,
       NEW CONSTANT n \in Nat,
       IsWellFoundedOn(R, S) ,
       LPO(m) == LexProductOrdering(R, S, m),
       P(m) == IsWellFoundedOn(LPO(m), [1..m -> S]),
       NEW CONSTANT m \in Nat,
       g(ss) == <<[i \in 1..m |-> ss[i]], ss[m + 1]>>,
       NEW CONSTANT x \in [1..m + 1 -> S],
       NEW CONSTANT y \in [1..m + 1 -> S],
       NEW CONSTANT j \in 1..m + 1,
       \A i \in 1..j - 1 : x[i] = y[i] ,
       <<x[j], y[j]>> \in R ,
       <5>1 ,
       <5>2 
PROVE  <<g(x), g(y)>> \in LexPairOrdering(LPO(m), R, [1..m -> S], S)

@!!END

@!!BEGIN
@!!type:obligation
@!!id:346
@!!loc:683:14:683:18
@!!status:to be proved
@!!obl:ASSUME NEW CONSTANT R,
       NEW CONSTANT S,
       NEW CONSTANT n \in Nat,
       IsWellFoundedOn(R, S) ,
       LPO(m) == LexProductOrdering(R, S, m),
       P(m) == IsWellFoundedOn(LPO(m), [1..m -> S]),
       NEW CONSTANT m \in Nat,
       g(ss) == <<[i \in 1..m |-> ss[i]], ss[m + 1]>>,
       NEW CONSTANT x \in [1..m + 1 -> S],
       NEW CONSTANT y \in [1..m + 1 -> S],
       NEW CONSTANT j \in 1..m + 1,
       \A i \in 1..j - 1 : x[i] = y[i] ,
       <<x[j], y[j]>> \in R 
PROVE  <5>1

@!!END

@!!BEGIN
@!!type:obligation
@!!id:347
@!!loc:683:20:683:24
@!!status:to be proved
@!!obl:ASSUME NEW CONSTANT R,
       NEW CONSTANT S,
       NEW CONSTANT n \in Nat,
       IsWellFoundedOn(R, S) ,
       LPO(m) == LexProductOrdering(R, S, m),
       P(m) == IsWellFoundedOn(LPO(m), [1..m -> S]),
       NEW CONSTANT m \in Nat,
       g(ss) == <<[i \in 1..m |-> ss[i]], ss[m + 1]>>,
       NEW CONSTANT x \in [1..m + 1 -> S],
       NEW CONSTANT y \in [1..m + 1 -> S],
       NEW CONSTANT j \in 1..m + 1,
       \A i \in 1..j - 1 : x[i] = y[i] ,
       <<x[j], y[j]>> \in R ,
       <5>1 
PROVE  <5>2

@!!END

@!!BEGIN
@!!type:obligation
@!!id:348
@!!loc:675:13:675:15
@!!status:to be proved
@!!obl:ASSUME LexPairOrdering(R1, R2, S1, S2) ==
         {ss \in (S1 \X S2) \X S1 \X S2 :
            \/ <<ss[1][1], ss[2][1]>> \in R1
            \/ /\ ss[1][1] = ss[2][1]
               /\ <<ss[1][2], ss[2][2]>> \in R2},
       NEW CONSTANT R,
       NEW CONSTANT S,
       NEW CONSTANT n \in Nat,
       IsWellFoundedOn(R, S) ,
       LPO(m) == LexProductOrdering(R, S, m),
       P(m) == IsWellFoundedOn(LPO(m), [1..m -> S]),
       NEW CONSTANT m \in Nat,
       g(ss) == <<[i \in 1..m |-> ss[i]], ss[m + 1]>>,
       NEW CONSTANT x \in [1..m + 1 -> S],
       NEW CONSTANT y \in [1..m + 1 -> S],
       NEW CONSTANT j \in 1..m + 1,
       \A i \in 1..j - 1 : x[i] = y[i] ,
       <<x[j], y[j]>> \in R ,
       <6>1 
PROVE  <<g(x), g(y)>> \in LexPairOrdering(LPO(m), R, [1..m -> S], S)

@!!END

@!!BEGIN
@!!type:obligation
@!!id:349
@!!loc:675:16:675:20
@!!status:to be proved
@!!obl:ASSUME LexPairOrdering(R1, R2, S1, S2) ==
         {ss \in (S1 \X S2) \X S1 \X S2 :
            \/ <<ss[1][1], ss[2][1]>> \in R1
            \/ /\ ss[1][1] = ss[2][1]
               /\ <<ss[1][2], ss[2][2]>> \in R2},
       NEW CONSTANT R,
       NEW CONSTANT S,
       NEW CONSTANT n \in Nat,
       IsWellFoundedOn(R, S) ,
       LPO(m) == LexProductOrdering(R, S, m),
       P(m) == IsWellFoundedOn(LPO(m), [1..m -> S]),
       NEW CONSTANT m \in Nat,
       g(ss) == <<[i \in 1..m |-> ss[i]], ss[m + 1]>>,
       NEW CONSTANT x \in [1..m + 1 -> S],
       NEW CONSTANT y \in [1..m + 1 -> S],
       NEW CONSTANT j \in 1..m + 1,
       \A i \in 1..j - 1 : x[i] = y[i] ,
       <<x[j], y[j]>> \in R 
PROVE  <6>1

@!!END

@!!BEGIN
@!!type:obligation
@!!id:350
@!!loc:673:13:673:15
@!!status:to be proved
@!!obl:ASSUME LexProductOrdering(R, S, n) ==
         {ff \in [1..n -> S] \X [1..n -> S] :
            \E j \in 1..n :
               /\ \A i \in 1..j - 1 : ff[1][i] = ff[2][i]
               /\ <<ff[1][j], ff[2][j]>> \in R},
       NEW CONSTANT R,
       NEW CONSTANT S,
       NEW CONSTANT n \in Nat,
       IsWellFoundedOn(R, S) ,
       LPO(m) == LexProductOrdering(R, S, m),
       P(m) == IsWellFoundedOn(LPO(m), [1..m -> S]),
       NEW CONSTANT m \in Nat,
       g(ss) == <<[i \in 1..m |-> ss[i]], ss[m + 1]>>,
       NEW CONSTANT x \in [1..m + 1 -> S],
       NEW CONSTANT y \in [1..m + 1 -> S],
       NEW CONSTANT j \in 1..m + 1,
       \A i \in 1..j - 1 : x[i] = y[i] ,
       <<x[j], y[j]>> \in R ,
       <3>0 ,
       <4>1 ,
       <5>1 ,
       Zenon 
PROVE  <<g(x)[1], g(y)[1]>> \in LPO(m)

@!!END

@!!BEGIN
@!!type:obligation
@!!id:351
@!!loc:673:16:673:20
@!!status:to be proved
@!!obl:ASSUME LexProductOrdering(R, S, n) ==
         {ff \in [1..n -> S] \X [1..n -> S] :
            \E j \in 1..n :
               /\ \A i \in 1..j - 1 : ff[1][i] = ff[2][i]
               /\ <<ff[1][j], ff[2][j]>> \in R},
       NEW CONSTANT R,
       NEW CONSTANT S,
       NEW CONSTANT n \in Nat,
       IsWellFoundedOn(R, S) ,
       LPO(m) == LexProductOrdering(R, S, m),
       P(m) == IsWellFoundedOn(LPO(m), [1..m -> S]),
       NEW CONSTANT m \in Nat,
       g(ss) == <<[i \in 1..m |-> ss[i]], ss[m + 1]>>,
       NEW CONSTANT x \in [1..m + 1 -> S],
       NEW CONSTANT y \in [1..m + 1 -> S],
       NEW CONSTANT j \in 1..m + 1,
       \A i \in 1..j - 1 : x[i] = y[i] ,
       <<x[j], y[j]>> \in R 
PROVE  <3>0

@!!END

@!!BEGIN
@!!type:obligation
@!!id:352
@!!loc:673:22:673:26
@!!status:to be proved
@!!obl:ASSUME LexProductOrdering(R, S, n) ==
         {ff \in [1..n -> S] \X [1..n -> S] :
            \E j \in 1..n :
               /\ \A i \in 1..j - 1 : ff[1][i] = ff[2][i]
               /\ <<ff[1][j], ff[2][j]>> \in R},
       NEW CONSTANT R,
       NEW CONSTANT S,
       NEW CONSTANT n \in Nat,
       IsWellFoundedOn(R, S) ,
       LPO(m) == LexProductOrdering(R, S, m),
       P(m) == IsWellFoundedOn(LPO(m), [1..m -> S]),
       NEW CONSTANT m \in Nat,
       g(ss) == <<[i \in 1..m |-> ss[i]], ss[m + 1]>>,
       NEW CONSTANT x \in [1..m + 1 -> S],
       NEW CONSTANT y \in [1..m + 1 -> S],
       NEW CONSTANT j \in 1..m + 1,
       \A i \in 1..j - 1 : x[i] = y[i] ,
       <<x[j], y[j]>> \in R ,
       <3>0 
PROVE  <4>1

@!!END

@!!BEGIN
@!!type:obligation
@!!id:353
@!!loc:673:28:673:32
@!!status:to be proved
@!!obl:ASSUME LexProductOrdering(R, S, n) ==
         {ff \in [1..n -> S] \X [1..n -> S] :
            \E j \in 1..n :
               /\ \A i \in 1..j - 1 : ff[1][i] = ff[2][i]
               /\ <<ff[1][j], ff[2][j]>> \in R},
       NEW CONSTANT R,
       NEW CONSTANT S,
       NEW CONSTANT n \in Nat,
       IsWellFoundedOn(R, S) ,
       LPO(m) == LexProductOrdering(R, S, m),
       P(m) == IsWellFoundedOn(LPO(m), [1..m -> S]),
       NEW CONSTANT m \in Nat,
       g(ss) == <<[i \in 1..m |-> ss[i]], ss[m + 1]>>,
       NEW CONSTANT x \in [1..m + 1 -> S],
       NEW CONSTANT y \in [1..m + 1 -> S],
       NEW CONSTANT j \in 1..m + 1,
       \A i \in 1..j - 1 : x[i] = y[i] ,
       <<x[j], y[j]>> \in R ,
       <3>0 ,
       <4>1 
PROVE  <5>1

@!!END

@!!BEGIN
@!!type:obligation
@!!id:354
@!!loc:673:34:673:39
@!!status:to be proved
@!!obl:ASSUME LexProductOrdering(R, S, n) ==
         {ff \in [1..n -> S] \X [1..n -> S] :
            \E j \in 1..n :
               /\ \A i \in 1..j - 1 : ff[1][i] = ff[2][i]
               /\ <<ff[1][j], ff[2][j]>> \in R},
       NEW CONSTANT R,
       NEW CONSTANT S,
       NEW CONSTANT n \in Nat,
       IsWellFoundedOn(R, S) ,
       LPO(m) == LexProductOrdering(R, S, m),
       P(m) == IsWellFoundedOn(LPO(m), [1..m -> S]),
       NEW CONSTANT m \in Nat,
       g(ss) == <<[i \in 1..m |-> ss[i]], ss[m + 1]>>,
       NEW CONSTANT x \in [1..m + 1 -> S],
       NEW CONSTANT y \in [1..m + 1 -> S],
       NEW CONSTANT j \in 1..m + 1,
       \A i \in 1..j - 1 : x[i] = y[i] ,
       <<x[j], y[j]>> \in R ,
       <3>0 ,
       <4>1 ,
       <5>1 
PROVE  Zenon

@!!END

@!!BEGIN
@!!type:obligation
@!!id:355
@!!loc:681:13:681:15
@!!status:to be proved
@!!obl:ASSUME LexPairOrdering(R1, R2, S1, S2) ==
         {ss \in (S1 \X S2) \X S1 \X S2 :
            \/ <<ss[1][1], ss[2][1]>> \in R1
            \/ /\ ss[1][1] = ss[2][1]
               /\ <<ss[1][2], ss[2][2]>> \in R2},
       NEW CONSTANT R,
       NEW CONSTANT S,
       NEW CONSTANT n \in Nat,
       IsWellFoundedOn(R, S) ,
       LPO(m) == LexProductOrdering(R, S, m),
       P(m) == IsWellFoundedOn(LPO(m), [1..m -> S]),
       NEW CONSTANT m \in Nat,
       g(ss) == <<[i \in 1..m |-> ss[i]], ss[m + 1]>>,
       NEW CONSTANT x \in [1..m + 1 -> S],
       NEW CONSTANT y \in [1..m + 1 -> S],
       NEW CONSTANT j \in 1..m + 1,
       \A i \in 1..j - 1 : x[i] = y[i] ,
       <<x[j], y[j]>> \in R ,
       <6>1 
PROVE  <<g(x), g(y)>> \in LexPairOrdering(LPO(m), R, [1..m -> S], S)

@!!END

@!!BEGIN
@!!type:obligation
@!!id:356
@!!loc:681:16:681:20
@!!status:to be proved
@!!obl:ASSUME LexPairOrdering(R1, R2, S1, S2) ==
         {ss \in (S1 \X S2) \X S1 \X S2 :
            \/ <<ss[1][1], ss[2][1]>> \in R1
            \/ /\ ss[1][1] = ss[2][1]
               /\ <<ss[1][2], ss[2][2]>> \in R2},
       NEW CONSTANT R,
       NEW CONSTANT S,
       NEW CONSTANT n \in Nat,
       IsWellFoundedOn(R, S) ,
       LPO(m) == LexProductOrdering(R, S, m),
       P(m) == IsWellFoundedOn(LPO(m), [1..m -> S]),
       NEW CONSTANT m \in Nat,
       g(ss) == <<[i \in 1..m |-> ss[i]], ss[m + 1]>>,
       NEW CONSTANT x \in [1..m + 1 -> S],
       NEW CONSTANT y \in [1..m + 1 -> S],
       NEW CONSTANT j \in 1..m + 1,
       \A i \in 1..j - 1 : x[i] = y[i] ,
       <<x[j], y[j]>> \in R 
PROVE  <6>1

@!!END

@!!BEGIN
@!!type:obligation
@!!id:357
@!!loc:679:13:679:15
@!!status:to be proved
@!!obl:ASSUME NEW CONSTANT R,
       NEW CONSTANT S,
       NEW CONSTANT n \in Nat,
       IsWellFoundedOn(R, S) ,
       LPO(m) == LexProductOrdering(R, S, m),
       P(m) == IsWellFoundedOn(LPO(m), [1..m -> S]),
       NEW CONSTANT m \in Nat,
       g(ss) == <<[i \in 1..m |-> ss[i]], ss[m + 1]>>,
       NEW CONSTANT x \in [1..m + 1 -> S],
       NEW CONSTANT y \in [1..m + 1 -> S],
       NEW CONSTANT j \in 1..m + 1,
       \A i \in 1..j - 1 : x[i] = y[i] ,
       <<x[j], y[j]>> \in R ,
       <3>0 ,
       <5>2 
PROVE  /\ g(x)[1] = g(y)[1]
       /\ <<g(x)[2], g(y)[2]>> \in R

@!!END

@!!BEGIN
@!!type:obligation
@!!id:358
@!!loc:679:16:679:20
@!!status:to be proved
@!!obl:ASSUME NEW CONSTANT R,
       NEW CONSTANT S,
       NEW CONSTANT n \in Nat,
       IsWellFoundedOn(R, S) ,
       LPO(m) == LexProductOrdering(R, S, m),
       P(m) == IsWellFoundedOn(LPO(m), [1..m -> S]),
       NEW CONSTANT m \in Nat,
       g(ss) == <<[i \in 1..m |-> ss[i]], ss[m + 1]>>,
       NEW CONSTANT x \in [1..m + 1 -> S],
       NEW CONSTANT y \in [1..m + 1 -> S],
       NEW CONSTANT j \in 1..m + 1,
       \A i \in 1..j - 1 : x[i] = y[i] ,
       <<x[j], y[j]>> \in R 
PROVE  <3>0

@!!END

@!!BEGIN
@!!type:obligation
@!!id:359
@!!loc:679:22:679:26
@!!status:to be proved
@!!obl:ASSUME NEW CONSTANT R,
       NEW CONSTANT S,
       NEW CONSTANT n \in Nat,
       IsWellFoundedOn(R, S) ,
       LPO(m) == LexProductOrdering(R, S, m),
       P(m) == IsWellFoundedOn(LPO(m), [1..m -> S]),
       NEW CONSTANT m \in Nat,
       g(ss) == <<[i \in 1..m |-> ss[i]], ss[m + 1]>>,
       NEW CONSTANT x \in [1..m + 1 -> S],
       NEW CONSTANT y \in [1..m + 1 -> S],
       NEW CONSTANT j \in 1..m + 1,
       \A i \in 1..j - 1 : x[i] = y[i] ,
       <<x[j], y[j]>> \in R ,
       <3>0 
PROVE  <5>2

@!!END

@!!BEGIN
@!!type:obligation
@!!id:360
@!!loc:714:9:714:11
@!!status:to be proved
@!!obl:ASSUME LexPairOrdering(R1, R2, S1, S2) ==
         {ss \in (S1 \X S2) \X S1 \X S2 :
            \/ <<ss[1][1], ss[2][1]>> \in R1
            \/ /\ ss[1][1] = ss[2][1]
               /\ <<ss[1][2], ss[2][2]>> \in R2},
       NEW CONSTANT R,
       NEW CONSTANT S,
       NEW CONSTANT n \in Nat,
       IsWellFoundedOn(R, S) ,
       LPO(m) == LexProductOrdering(R, S, m),
       P(m) == IsWellFoundedOn(LPO(m), [1..m -> S]),
       NEW CONSTANT m \in Nat,
       g(ss) == <<[i \in 1..m |-> ss[i]], ss[m + 1]>>,
       NEW CONSTANT x \in [1..m + 1 -> S],
       NEW CONSTANT y \in [1..m + 1 -> S],
       <<g(x), g(y)>> \in LexPairOrdering(LPO(m), R, [1..m -> S], S) ,
       <4>1 ,
       <4>2 ,
       Zenon 
PROVE  <<x, y>> \in LPO(m + 1)

@!!END

@!!BEGIN
@!!type:obligation
@!!id:361
@!!loc:714:12:714:16
@!!status:to be proved
@!!obl:ASSUME LexPairOrdering(R1, R2, S1, S2) ==
         {ss \in (S1 \X S2) \X S1 \X S2 :
            \/ <<ss[1][1], ss[2][1]>> \in R1
            \/ /\ ss[1][1] = ss[2][1]
               /\ <<ss[1][2], ss[2][2]>> \in R2},
       NEW CONSTANT R,
       NEW CONSTANT S,
       NEW CONSTANT n \in Nat,
       IsWellFoundedOn(R, S) ,
       LPO(m) == LexProductOrdering(R, S, m),
       P(m) == IsWellFoundedOn(LPO(m), [1..m -> S]),
       NEW CONSTANT m \in Nat,
       g(ss) == <<[i \in 1..m |-> ss[i]], ss[m + 1]>>,
       NEW CONSTANT x \in [1..m + 1 -> S],
       NEW CONSTANT y \in [1..m + 1 -> S],
       <<g(x), g(y)>> \in LexPairOrdering(LPO(m), R, [1..m -> S], S) 
PROVE  <4>1

@!!END

@!!BEGIN
@!!type:obligation
@!!id:362
@!!loc:714:18:714:22
@!!status:to be proved
@!!obl:ASSUME LexPairOrdering(R1, R2, S1, S2) ==
         {ss \in (S1 \X S2) \X S1 \X S2 :
            \/ <<ss[1][1], ss[2][1]>> \in R1
            \/ /\ ss[1][1] = ss[2][1]
               /\ <<ss[1][2], ss[2][2]>> \in R2},
       NEW CONSTANT R,
       NEW CONSTANT S,
       NEW CONSTANT n \in Nat,
       IsWellFoundedOn(R, S) ,
       LPO(m) == LexProductOrdering(R, S, m),
       P(m) == IsWellFoundedOn(LPO(m), [1..m -> S]),
       NEW CONSTANT m \in Nat,
       g(ss) == <<[i \in 1..m |-> ss[i]], ss[m + 1]>>,
       NEW CONSTANT x \in [1..m + 1 -> S],
       NEW CONSTANT y \in [1..m + 1 -> S],
       <<g(x), g(y)>> \in LexPairOrdering(LPO(m), R, [1..m -> S], S) ,
       <4>1 
PROVE  <4>2

@!!END

@!!BEGIN
@!!type:obligation
@!!id:363
@!!loc:714:24:714:29
@!!status:to be proved
@!!obl:ASSUME LexPairOrdering(R1, R2, S1, S2) ==
         {ss \in (S1 \X S2) \X S1 \X S2 :
            \/ <<ss[1][1], ss[2][1]>> \in R1
            \/ /\ ss[1][1] = ss[2][1]
               /\ <<ss[1][2], ss[2][2]>> \in R2},
       NEW CONSTANT R,
       NEW CONSTANT S,
       NEW CONSTANT n \in Nat,
       IsWellFoundedOn(R, S) ,
       LPO(m) == LexProductOrdering(R, S, m),
       P(m) == IsWellFoundedOn(LPO(m), [1..m -> S]),
       NEW CONSTANT m \in Nat,
       g(ss) == <<[i \in 1..m |-> ss[i]], ss[m + 1]>>,
       NEW CONSTANT x \in [1..m + 1 -> S],
       NEW CONSTANT y \in [1..m + 1 -> S],
       <<g(x), g(y)>> \in LexPairOrdering(LPO(m), R, [1..m -> S], S) ,
       <4>1 ,
       <4>2 
PROVE  Zenon

@!!END

@!!BEGIN
@!!type:obligation
@!!id:364
@!!loc:690:9:690:11
@!!status:to be proved
@!!obl:ASSUME PreImage(f(_), S, R) == {ss \in S \X S : <<f(ss[1]), f(ss[2])>> \in R},
       NEW CONSTANT R,
       NEW CONSTANT S,
       NEW CONSTANT n \in Nat,
       IsWellFoundedOn(R, S) ,
       LPO(m) == LexProductOrdering(R, S, m),
       P(m) == IsWellFoundedOn(LPO(m), [1..m -> S]),
       NEW CONSTANT m \in Nat,
       g(ss) == <<[i \in 1..m |-> ss[i]], ss[m + 1]>>,
       <4>_a437 ,
       Isa 
PROVE  PreImage(g, [1..m + 1 -> S],
                LexPairOrdering(LPO(m), R, [1..m -> S], S))
       \subseteq LPO(m + 1)

@!!END

@!!BEGIN
@!!type:obligation
@!!id:365
@!!loc:690:12:690:15
@!!status:to be proved
@!!obl:ASSUME PreImage(f(_), S, R) == {ss \in S \X S : <<f(ss[1]), f(ss[2])>> \in R},
       NEW CONSTANT R,
       NEW CONSTANT S,
       NEW CONSTANT n \in Nat,
       IsWellFoundedOn(R, S) ,
       LPO(m) == LexProductOrdering(R, S, m),
       P(m) == IsWellFoundedOn(LPO(m), [1..m -> S]),
       NEW CONSTANT m \in Nat,
       g(ss) == <<[i \in 1..m |-> ss[i]], ss[m + 1]>>,
       <4>_a437 
PROVE  Isa

@!!END

@!!BEGIN
@!!type:obligation
@!!id:366
@!!loc:702:11:702:13
@!!status:to be proved
@!!obl:ASSUME LexProductOrdering(R, S, n) ==
         {ff \in [1..n -> S] \X [1..n -> S] :
            \E j \in 1..n :
               /\ \A i \in 1..j - 1 : ff[1][i] = ff[2][i]
               /\ <<ff[1][j], ff[2][j]>> \in R},
       NEW CONSTANT R,
       NEW CONSTANT S,
       NEW CONSTANT n \in Nat,
       IsWellFoundedOn(R, S) ,
       LPO(m) == LexProductOrdering(R, S, m),
       P(m) == IsWellFoundedOn(LPO(m), [1..m -> S]),
       NEW CONSTANT m \in Nat,
       NEW CONSTANT x \in [1..m + 1 -> S],
       NEW CONSTANT y \in [1..m + 1 -> S],
       <<g(x), g(y)>> \in LexPairOrdering(LPO(m), R, [1..m -> S], S) ,
       NEW CONSTANT j \in 1..m,
       <5>1 ,
       <5>3 ,
       <3>0 ,
       Zenon 
PROVE  <<x, y>> \in LPO(m + 1)

@!!END

@!!BEGIN
@!!type:obligation
@!!id:367
@!!loc:702:14:702:18
@!!status:to be proved
@!!obl:ASSUME LexProductOrdering(R, S, n) ==
         {ff \in [1..n -> S] \X [1..n -> S] :
            \E j \in 1..n :
               /\ \A i \in 1..j - 1 : ff[1][i] = ff[2][i]
               /\ <<ff[1][j], ff[2][j]>> \in R},
       NEW CONSTANT R,
       NEW CONSTANT S,
       NEW CONSTANT n \in Nat,
       IsWellFoundedOn(R, S) ,
       LPO(m) == LexProductOrdering(R, S, m),
       P(m) == IsWellFoundedOn(LPO(m), [1..m -> S]),
       NEW CONSTANT m \in Nat,
       NEW CONSTANT x \in [1..m + 1 -> S],
       NEW CONSTANT y \in [1..m + 1 -> S],
       <<g(x), g(y)>> \in LexPairOrdering(LPO(m), R, [1..m -> S], S) ,
       NEW CONSTANT j \in 1..m
PROVE  <5>1

@!!END

@!!BEGIN
@!!type:obligation
@!!id:368
@!!loc:702:20:702:24
@!!status:to be proved
@!!obl:ASSUME LexProductOrdering(R, S, n) ==
         {ff \in [1..n -> S] \X [1..n -> S] :
            \E j \in 1..n :
               /\ \A i \in 1..j - 1 : ff[1][i] = ff[2][i]
               /\ <<ff[1][j], ff[2][j]>> \in R},
       NEW CONSTANT R,
       NEW CONSTANT S,
       NEW CONSTANT n \in Nat,
       IsWellFoundedOn(R, S) ,
       LPO(m) == LexProductOrdering(R, S, m),
       P(m) == IsWellFoundedOn(LPO(m), [1..m -> S]),
       NEW CONSTANT m \in Nat,
       NEW CONSTANT x \in [1..m + 1 -> S],
       NEW CONSTANT y \in [1..m + 1 -> S],
       <<g(x), g(y)>> \in LexPairOrdering(LPO(m), R, [1..m -> S], S) ,
       NEW CONSTANT j \in 1..m,
       <5>1 
PROVE  <5>3

@!!END

@!!BEGIN
@!!type:obligation
@!!id:369
@!!loc:702:26:702:30
@!!status:to be proved
@!!obl:ASSUME LexProductOrdering(R, S, n) ==
         {ff \in [1..n -> S] \X [1..n -> S] :
            \E j \in 1..n :
               /\ \A i \in 1..j - 1 : ff[1][i] = ff[2][i]
               /\ <<ff[1][j], ff[2][j]>> \in R},
       NEW CONSTANT R,
       NEW CONSTANT S,
       NEW CONSTANT n \in Nat,
       IsWellFoundedOn(R, S) ,
       LPO(m) == LexProductOrdering(R, S, m),
       P(m) == IsWellFoundedOn(LPO(m), [1..m -> S]),
       NEW CONSTANT m \in Nat,
       NEW CONSTANT x \in [1..m + 1 -> S],
       NEW CONSTANT y \in [1..m + 1 -> S],
       <<g(x), g(y)>> \in LexPairOrdering(LPO(m), R, [1..m -> S], S) ,
       NEW CONSTANT j \in 1..m,
       <5>1 ,
       <5>3 
PROVE  <3>0

@!!END

@!!BEGIN
@!!type:obligation
@!!id:370
@!!loc:702:32:702:37
@!!status:to be proved
@!!obl:ASSUME LexProductOrdering(R, S, n) ==
         {ff \in [1..n -> S] \X [1..n -> S] :
            \E j \in 1..n :
               /\ \A i \in 1..j - 1 : ff[1][i] = ff[2][i]
               /\ <<ff[1][j], ff[2][j]>> \in R},
       NEW CONSTANT R,
       NEW CONSTANT S,
       NEW CONSTANT n \in Nat,
       IsWellFoundedOn(R, S) ,
       LPO(m) == LexProductOrdering(R, S, m),
       P(m) == IsWellFoundedOn(LPO(m), [1..m -> S]),
       NEW CONSTANT m \in Nat,
       NEW CONSTANT x \in [1..m + 1 -> S],
       NEW CONSTANT y \in [1..m + 1 -> S],
       <<g(x), g(y)>> \in LexPairOrdering(LPO(m), R, [1..m -> S], S) ,
       NEW CONSTANT j \in 1..m,
       <5>1 ,
       <5>3 ,
       <3>0 
PROVE  Zenon

@!!END

@!!BEGIN
@!!type:obligation
@!!id:371
@!!loc:695:11:695:13
@!!status:to be proved
@!!obl:ASSUME LexProductOrdering(R, S, n) ==
         {ff \in [1..n -> S] \X [1..n -> S] :
            \E j \in 1..n :
               /\ \A i \in 1..j - 1 : ff[1][i] = ff[2][i]
               /\ <<ff[1][j], ff[2][j]>> \in R},
       NEW CONSTANT R,
       NEW CONSTANT S,
       NEW CONSTANT n \in Nat,
       IsWellFoundedOn(R, S) ,
       LPO(m) == LexProductOrdering(R, S, m),
       P(m) == IsWellFoundedOn(LPO(m), [1..m -> S]),
       NEW CONSTANT m \in Nat,
       NEW CONSTANT x \in [1..m + 1 -> S],
       NEW CONSTANT y \in [1..m + 1 -> S],
       <<g(x), g(y)>> \in LexPairOrdering(LPO(m), R, [1..m -> S], S) ,
       <4>1 ,
       Zenon 
PROVE  \E j \in 1..m :
          /\ \A i \in 1..j - 1 : g(x)[1][i] = g(y)[1][i]
          /\ <<g(x)[1][j], g(y)[1][j]>> \in R

@!!END

@!!BEGIN
@!!type:obligation
@!!id:372
@!!loc:695:14:695:18
@!!status:to be proved
@!!obl:ASSUME LexProductOrdering(R, S, n) ==
         {ff \in [1..n -> S] \X [1..n -> S] :
            \E j \in 1..n :
               /\ \A i \in 1..j - 1 : ff[1][i] = ff[2][i]
               /\ <<ff[1][j], ff[2][j]>> \in R},
       NEW CONSTANT R,
       NEW CONSTANT S,
       NEW CONSTANT n \in Nat,
       IsWellFoundedOn(R, S) ,
       LPO(m) == LexProductOrdering(R, S, m),
       P(m) == IsWellFoundedOn(LPO(m), [1..m -> S]),
       NEW CONSTANT m \in Nat,
       NEW CONSTANT x \in [1..m + 1 -> S],
       NEW CONSTANT y \in [1..m + 1 -> S],
       <<g(x), g(y)>> \in LexPairOrdering(LPO(m), R, [1..m -> S], S) 
PROVE  <4>1

@!!END

@!!BEGIN
@!!type:obligation
@!!id:373
@!!loc:695:20:695:25
@!!status:to be proved
@!!obl:ASSUME LexProductOrdering(R, S, n) ==
         {ff \in [1..n -> S] \X [1..n -> S] :
            \E j \in 1..n :
               /\ \A i \in 1..j - 1 : ff[1][i] = ff[2][i]
               /\ <<ff[1][j], ff[2][j]>> \in R},
       NEW CONSTANT R,
       NEW CONSTANT S,
       NEW CONSTANT n \in Nat,
       IsWellFoundedOn(R, S) ,
       LPO(m) == LexProductOrdering(R, S, m),
       P(m) == IsWellFoundedOn(LPO(m), [1..m -> S]),
       NEW CONSTANT m \in Nat,
       NEW CONSTANT x \in [1..m + 1 -> S],
       NEW CONSTANT y \in [1..m + 1 -> S],
       <<g(x), g(y)>> \in LexPairOrdering(LPO(m), R, [1..m -> S], S) ,
       <4>1 
PROVE  Zenon

@!!END

@!!BEGIN
@!!type:obligation
@!!id:375
@!!loc:700:11:700:13
@!!status:to be proved
@!!obl:ASSUME NEW CONSTANT R,
       NEW CONSTANT S,
       NEW CONSTANT n \in Nat,
       IsWellFoundedOn(R, S) ,
       LPO(m) == LexProductOrdering(R, S, m),
       P(m) == IsWellFoundedOn(LPO(m), [1..m -> S]),
       NEW CONSTANT m \in Nat,
       g(ss) == <<[i \in 1..m |-> ss[i]], ss[m + 1]>>,
       NEW CONSTANT x \in [1..m + 1 -> S],
       NEW CONSTANT y \in [1..m + 1 -> S],
       <<g(x), g(y)>> \in LexPairOrdering(LPO(m), R, [1..m -> S], S) ,
       NEW CONSTANT j \in 1..m
PROVE  /\ g(x)[1][j] = x[j]
       /\ \A i \in 1..j - 1 : g(x)[1][i] = x[i]
       /\ g(y)[1][j] = y[j]
       /\ \A i \in 1..j - 1 : g(y)[1][i] = y[i]

@!!END

@!!BEGIN
@!!type:obligation
@!!id:376
@!!loc:712:11:712:13
@!!status:to be proved
@!!obl:ASSUME LexProductOrdering(R, S, n) ==
         {ff \in [1..n -> S] \X [1..n -> S] :
            \E j \in 1..n :
               /\ \A i \in 1..j - 1 : ff[1][i] = ff[2][i]
               /\ <<ff[1][j], ff[2][j]>> \in R},
       NEW CONSTANT R,
       NEW CONSTANT S,
       NEW CONSTANT n \in Nat,
       IsWellFoundedOn(R, S) ,
       LPO(m) == LexProductOrdering(R, S, m),
       P(m) == IsWellFoundedOn(LPO(m), [1..m -> S]),
       NEW CONSTANT m \in Nat,
       g(ss) == <<[i \in 1..m |-> ss[i]], ss[m + 1]>>,
       NEW CONSTANT x \in [1..m + 1 -> S],
       NEW CONSTANT y \in [1..m + 1 -> S],
       <<g(x), g(y)>> \in LexPairOrdering(LPO(m), R, [1..m -> S], S) ,
       <5>1 ,
       <5>3 
PROVE  <<x, y>> \in LPO(m + 1)

@!!END

@!!BEGIN
@!!type:obligation
@!!id:377
@!!loc:712:14:712:18
@!!status:to be proved
@!!obl:ASSUME LexProductOrdering(R, S, n) ==
         {ff \in [1..n -> S] \X [1..n -> S] :
            \E j \in 1..n :
               /\ \A i \in 1..j - 1 : ff[1][i] = ff[2][i]
               /\ <<ff[1][j], ff[2][j]>> \in R},
       NEW CONSTANT R,
       NEW CONSTANT S,
       NEW CONSTANT n \in Nat,
       IsWellFoundedOn(R, S) ,
       LPO(m) == LexProductOrdering(R, S, m),
       P(m) == IsWellFoundedOn(LPO(m), [1..m -> S]),
       NEW CONSTANT m \in Nat,
       g(ss) == <<[i \in 1..m |-> ss[i]], ss[m + 1]>>,
       NEW CONSTANT x \in [1..m + 1 -> S],
       NEW CONSTANT y \in [1..m + 1 -> S],
       <<g(x), g(y)>> \in LexPairOrdering(LPO(m), R, [1..m -> S], S) 
PROVE  <5>1

@!!END

@!!BEGIN
@!!type:obligation
@!!id:378
@!!loc:712:20:712:24
@!!status:to be proved
@!!obl:ASSUME LexProductOrdering(R, S, n) ==
         {ff \in [1..n -> S] \X [1..n -> S] :
            \E j \in 1..n :
               /\ \A i \in 1..j - 1 : ff[1][i] = ff[2][i]
               /\ <<ff[1][j], ff[2][j]>> \in R},
       NEW CONSTANT R,
       NEW CONSTANT S,
       NEW CONSTANT n \in Nat,
       IsWellFoundedOn(R, S) ,
       LPO(m) == LexProductOrdering(R, S, m),
       P(m) == IsWellFoundedOn(LPO(m), [1..m -> S]),
       NEW CONSTANT m \in Nat,
       g(ss) == <<[i \in 1..m |-> ss[i]], ss[m + 1]>>,
       NEW CONSTANT x \in [1..m + 1 -> S],
       NEW CONSTANT y \in [1..m + 1 -> S],
       <<g(x), g(y)>> \in LexPairOrdering(LPO(m), R, [1..m -> S], S) ,
       <5>1 
PROVE  <5>3

@!!END

@!!BEGIN
@!!type:obligation
@!!id:379
@!!loc:705:11:705:13
@!!status:to be proved
@!!obl:ASSUME NEW CONSTANT R,
       NEW CONSTANT S,
       NEW CONSTANT n \in Nat,
       IsWellFoundedOn(R, S) ,
       LPO(m) == LexProductOrdering(R, S, m),
       P(m) == IsWellFoundedOn(LPO(m), [1..m -> S]),
       NEW CONSTANT m \in Nat,
       g(ss) == <<[i \in 1..m |-> ss[i]], ss[m + 1]>>,
       NEW CONSTANT x \in [1..m + 1 -> S],
       NEW CONSTANT y \in [1..m + 1 -> S],
       <<g(x), g(y)>> \in LexPairOrdering(LPO(m), R, [1..m -> S], S) ,
       <4>2 
PROVE  <<x[m + 1], y[m + 1]>> \in R

@!!END

@!!BEGIN
@!!type:obligation
@!!id:380
@!!loc:705:14:705:18
@!!status:to be proved
@!!obl:ASSUME NEW CONSTANT R,
       NEW CONSTANT S,
       NEW CONSTANT n \in Nat,
       IsWellFoundedOn(R, S) ,
       LPO(m) == LexProductOrdering(R, S, m),
       P(m) == IsWellFoundedOn(LPO(m), [1..m -> S]),
       NEW CONSTANT m \in Nat,
       g(ss) == <<[i \in 1..m |-> ss[i]], ss[m + 1]>>,
       NEW CONSTANT x \in [1..m + 1 -> S],
       NEW CONSTANT y \in [1..m + 1 -> S],
       <<g(x), g(y)>> \in LexPairOrdering(LPO(m), R, [1..m -> S], S) 
PROVE  <4>2

@!!END

@!!BEGIN
@!!type:obligation
@!!id:381
@!!loc:708:11:708:18
@!!status:to be proved
@!!obl:ASSUME NEW CONSTANT R,
       NEW CONSTANT S,
       NEW CONSTANT n \in Nat,
       IsWellFoundedOn(R, S) ,
       LPO(m) == LexProductOrdering(R, S, m),
       P(m) == IsWellFoundedOn(LPO(m), [1..m -> S]),
       NEW CONSTANT m \in Nat,
       g(ss) == <<[i \in 1..m |-> ss[i]], ss[m + 1]>>,
       NEW CONSTANT x \in [1..m + 1 -> S],
       NEW CONSTANT y \in [1..m + 1 -> S],
       <<g(x), g(y)>> \in LexPairOrdering(LPO(m), R, [1..m -> S], S) 
PROVE  \A i \in 1..m : /\ g(x)[1][i] = x[i]
                       /\ g(y)[1][i] = y[i]

@!!END

@!!BEGIN
@!!type:obligation
@!!id:382
@!!loc:710:11:710:13
@!!status:to be proved
@!!obl:ASSUME NEW CONSTANT R,
       NEW CONSTANT S,
       NEW CONSTANT n \in Nat,
       IsWellFoundedOn(R, S) ,
       LPO(m) == LexProductOrdering(R, S, m),
       P(m) == IsWellFoundedOn(LPO(m), [1..m -> S]),
       NEW CONSTANT m \in Nat,
       g(ss) == <<[i \in 1..m |-> ss[i]], ss[m + 1]>>,
       NEW CONSTANT x \in [1..m + 1 -> S],
       NEW CONSTANT y \in [1..m + 1 -> S],
       <<g(x), g(y)>> \in LexPairOrdering(LPO(m), R, [1..m -> S], S) ,
       <4>2 ,
       <5>2 ,
       Isa 
PROVE  \A i \in 1..(m + 1) - 1 : x[i] = y[i]

@!!END

@!!BEGIN
@!!type:obligation
@!!id:383
@!!loc:710:14:710:18
@!!status:to be proved
@!!obl:ASSUME NEW CONSTANT R,
       NEW CONSTANT S,
       NEW CONSTANT n \in Nat,
       IsWellFoundedOn(R, S) ,
       LPO(m) == LexProductOrdering(R, S, m),
       P(m) == IsWellFoundedOn(LPO(m), [1..m -> S]),
       NEW CONSTANT m \in Nat,
       g(ss) == <<[i \in 1..m |-> ss[i]], ss[m + 1]>>,
       NEW CONSTANT x \in [1..m + 1 -> S],
       NEW CONSTANT y \in [1..m + 1 -> S],
       <<g(x), g(y)>> \in LexPairOrdering(LPO(m), R, [1..m -> S], S) 
PROVE  <4>2

@!!END

@!!BEGIN
@!!type:obligation
@!!id:384
@!!loc:710:20:710:24
@!!status:to be proved
@!!obl:ASSUME NEW CONSTANT R,
       NEW CONSTANT S,
       NEW CONSTANT n \in Nat,
       IsWellFoundedOn(R, S) ,
       LPO(m) == LexProductOrdering(R, S, m),
       P(m) == IsWellFoundedOn(LPO(m), [1..m -> S]),
       NEW CONSTANT m \in Nat,
       g(ss) == <<[i \in 1..m |-> ss[i]], ss[m + 1]>>,
       NEW CONSTANT x \in [1..m + 1 -> S],
       NEW CONSTANT y \in [1..m + 1 -> S],
       <<g(x), g(y)>> \in LexPairOrdering(LPO(m), R, [1..m -> S], S) ,
       <4>2 
PROVE  <5>2

@!!END

@!!BEGIN
@!!type:obligation
@!!id:385
@!!loc:710:26:710:29
@!!status:to be proved
@!!obl:ASSUME NEW CONSTANT R,
       NEW CONSTANT S,
       NEW CONSTANT n \in Nat,
       IsWellFoundedOn(R, S) ,
       LPO(m) == LexProductOrdering(R, S, m),
       P(m) == IsWellFoundedOn(LPO(m), [1..m -> S]),
       NEW CONSTANT m \in Nat,
       g(ss) == <<[i \in 1..m |-> ss[i]], ss[m + 1]>>,
       NEW CONSTANT x \in [1..m + 1 -> S],
       NEW CONSTANT y \in [1..m + 1 -> S],
       <<g(x), g(y)>> \in LexPairOrdering(LPO(m), R, [1..m -> S], S) ,
       <4>2 ,
       <5>2 
PROVE  Isa

@!!END

@!!BEGIN
@!!type:obligation
@!!id:386
@!!loc:720:3:720:5
@!!status:to be proved
@!!obl:ASSUME NEW CONSTANT R,
       NEW CONSTANT S,
       NEW CONSTANT n \in Nat,
       IsWellFoundedOn(R, S) ,
       LPO(m) == LexProductOrdering(R, S, m),
       P(m) == IsWellFoundedOn(LPO(m), [1..m -> S]),
       <1>1 ,
       <1>2 ,
       NatInduction ,
       Isa 
PROVE  \A m \in Nat : P(m)

@!!END

@!!BEGIN
@!!type:obligation
@!!id:387
@!!loc:720:6:720:10
@!!status:to be proved
@!!obl:ASSUME NEW CONSTANT R,
       NEW CONSTANT S,
       NEW CONSTANT n \in Nat,
       IsWellFoundedOn(R, S) ,
       LPO(m) == LexProductOrdering(R, S, m),
       P(m) == IsWellFoundedOn(LPO(m), [1..m -> S])
PROVE  <1>1

@!!END

@!!BEGIN
@!!type:obligation
@!!id:388
@!!loc:720:12:720:16
@!!status:to be proved
@!!obl:ASSUME NEW CONSTANT R,
       NEW CONSTANT S,
       NEW CONSTANT n \in Nat,
       IsWellFoundedOn(R, S) ,
       LPO(m) == LexProductOrdering(R, S, m),
       P(m) == IsWellFoundedOn(LPO(m), [1..m -> S]),
       <1>1 
PROVE  <1>2

@!!END

@!!BEGIN
@!!type:obligation
@!!id:389
@!!loc:720:18:720:30
@!!status:to be proved
@!!obl:ASSUME NEW CONSTANT R,
       NEW CONSTANT S,
       NEW CONSTANT n \in Nat,
       IsWellFoundedOn(R, S) ,
       LPO(m) == LexProductOrdering(R, S, m),
       P(m) == IsWellFoundedOn(LPO(m), [1..m -> S]),
       <1>1 ,
       <1>2 
PROVE  NatInduction

@!!END

@!!BEGIN
@!!type:obligation
@!!id:390
@!!loc:720:32:720:35
@!!status:to be proved
@!!obl:ASSUME NEW CONSTANT R,
       NEW CONSTANT S,
       NEW CONSTANT n \in Nat,
       IsWellFoundedOn(R, S) ,
       LPO(m) == LexProductOrdering(R, S, m),
       P(m) == IsWellFoundedOn(LPO(m), [1..m -> S]),
       <1>1 ,
       <1>2 ,
       NatInduction 
PROVE  Isa

@!!END

@!!BEGIN
@!!type:obligationsnumber
@!!count:381
@!!END

@!!BEGIN
@!!type:obligation
@!!id:1
@!!loc:47:1:47:3
@!!status:normalized
@!!meth:time-limit: 5
@!!obl:\A S : ~(\E f \in [Nat -> S] : \A n \in Nat : <<f[n + 1], f[n]>> \in {})

@!!END

@!!BEGIN
@!!type:obligation
@!!id:2
@!!loc:54:1:54:3
@!!status:normalized
@!!meth:time-limit: 10
@!!obl:ASSUME NEW CONSTANT R,
       NEW CONSTANT S,
       NEW CONSTANT T \in SUBSET S,
       ~(\E f \in [Nat -> S] : \A n \in Nat : <<f[n + 1], f[n]>> \in R) ,
       TRUE 
PROVE  ~(\E f \in [Nat -> T] : \A n \in Nat : <<f[n + 1], f[n]>> \in R)

@!!END

@!!BEGIN
@!!type:obligation
@!!id:3
@!!loc:54:4:54:9
@!!status:trivial
@!!prover:tlapm
@!!already:false
@!!obl:ASSUME NEW CONSTANT R,
       NEW CONSTANT S,
       NEW CONSTANT T \in SUBSET S,
       ~(\E f \in [Nat -> S] : \A n \in Nat : <<f[n + 1], f[n]>> \in R) 
PROVE  TRUE

@!!END

@!!BEGIN
@!!type:obligation
@!!id:4
@!!loc:67:11:67:13
@!!status:normalized
@!!meth:time-limit: 5
@!!obl:ASSUME NEW CONSTANT S,
       NEW CONSTANT R,
       NEW CONSTANT RR,
       RR \cap S \X S \subseteq R ,
       ~(\E f \in [Nat -> S] : \A n \in Nat : <<f[n + 1], f[n]>> \in R) ,
       NEW CONSTANT f \in [Nat -> S],
       \A n \in Nat : <<f[n + 1], f[n]>> \in RR \cap S \X S 
PROVE  FALSE

@!!END

@!!BEGIN
@!!type:obligation
@!!id:5
@!!loc:67:14:67:18
@!!status:trivial
@!!prover:tlapm
@!!already:false
@!!obl:ASSUME NEW CONSTANT S,
       NEW CONSTANT R,
       NEW CONSTANT RR,
       RR \cap S \X S \subseteq R ,
       ~(\E f \in [Nat -> S] : \A n \in Nat : <<f[n + 1], f[n]>> \in R) ,
       NEW CONSTANT f \in [Nat -> S],
       \A n \in Nat : <<f[n + 1], f[n]>> \in RR \cap S \X S 
PROVE  \A n \in Nat : <<f[n + 1], f[n]>> \in RR \cap S \X S

@!!END

@!!BEGIN
@!!type:obligation
@!!id:6
@!!loc:64:3:64:5
@!!status:normalized
@!!meth:time-limit: 5
@!!obl:ASSUME NEW CONSTANT S,
       NEW CONSTANT R,
       NEW CONSTANT RR,
       RR \cap S \X S \subseteq R ,
       ~(\E f \in [Nat -> S] : \A n \in Nat : <<f[n + 1], f[n]>> \in R) ,
       ASSUME NEW CONSTANT f \in [Nat -> S],
              \A n \in Nat : <<f[n + 1], f[n]>> \in RR 
       PROVE  FALSE 
PROVE  ~(\E f \in [Nat -> S] : \A n \in Nat : <<f[n + 1], f[n]>> \in RR)

@!!END

@!!BEGIN
@!!type:obligation
@!!id:7
@!!loc:66:3:66:5
@!!status:normalized
@!!meth:time-limit: 5
@!!obl:ASSUME NEW CONSTANT S,
       NEW CONSTANT R,
       NEW CONSTANT RR,
       RR \cap S \X S \subseteq R ,
       IsWellFoundedOn(R, S) ,
       NEW CONSTANT f \in [Nat -> S],
       \A n \in Nat : <<f[n + 1], f[n]>> \in RR 
PROVE  \A n \in Nat : <<f[n + 1], f[n]>> \in RR \cap S \X S

@!!END

@!!BEGIN
@!!type:obligation
@!!id:8
@!!loc:66:6:66:10
@!!status:trivial
@!!prover:tlapm
@!!already:false
@!!obl:ASSUME NEW CONSTANT S,
       NEW CONSTANT R,
       NEW CONSTANT RR,
       RR \cap S \X S \subseteq R ,
       IsWellFoundedOn(R, S) ,
       NEW CONSTANT f \in [Nat -> S],
       \A n \in Nat : <<f[n + 1], f[n]>> \in RR 
PROVE  \A n \in Nat : <<f[n + 1], f[n]>> \in RR

@!!END

@!!BEGIN
@!!type:obligation
@!!id:9
@!!loc:107:3:107:5
@!!status:normalized
@!!meth:time-limit: 10
@!!obl:ASSUME NEW CONSTANT R,
       NEW CONSTANT S,
       ~(\E f \in [Nat -> S] : \A n \in Nat : <<f[n + 1], f[n]>> \in R) ,
       NEW CONSTANT T,
       T \subseteq S ,
       T # {} ,
       \A x \in T : \E y \in T : <<y, x>> \in R ,
       (CHOOSE f :
          f
          = [n \in Nat |->
               IF n = 0
                 THEN CHOOSE x \in T : TRUE
                 ELSE CHOOSE x \in T : <<x, f[n - 1]>> \in R])
       \in [Nat -> T] ,
       ASSUME NEW CONSTANT n \in Nat
       PROVE  <<(CHOOSE f :
                   f
                   = [n_1 \in Nat |->
                        IF n_1 = 0
                          THEN CHOOSE x \in T : TRUE
                          ELSE CHOOSE x \in T : <<x, f[n_1 - 1]>> \in R])[n
                                                                    + 1],
                (CHOOSE f :
                   f
                   = [n_1 \in Nat |->
                        IF n_1 = 0
                          THEN CHOOSE x \in T : TRUE
                          ELSE CHOOSE x \in T : <<x, f[n_1 - 1]>> \in R])[n]>>
              \in R ,
       TRUE 
PROVE  FALSE

@!!END

@!!BEGIN
@!!type:obligation
@!!id:10
@!!loc:107:6:107:10
@!!status:trivial
@!!prover:tlapm
@!!already:false
@!!obl:ASSUME NEW CONSTANT R,
       NEW CONSTANT S,
       ~(\E f \in [Nat -> S] : \A n \in Nat : <<f[n + 1], f[n]>> \in R) ,
       NEW CONSTANT T,
       T \subseteq S ,
       T # {} ,
       \A x \in T : \E y \in T : <<y, x>> \in R ,
       (CHOOSE f :
          f
          = [n \in Nat |->
               IF n = 0
                 THEN CHOOSE x \in T : TRUE
                 ELSE CHOOSE x \in T : <<x, f[n - 1]>> \in R])
       \in [Nat -> T] 
PROVE  (CHOOSE f :
          f
          = [n \in Nat |->
               IF n = 0
                 THEN CHOOSE x \in T : TRUE
                 ELSE CHOOSE x \in T : <<x, f[n - 1]>> \in R])
       \in [Nat -> T]

@!!END

@!!BEGIN
@!!type:obligation
@!!id:11
@!!loc:107:12:107:16
@!!status:trivial
@!!prover:tlapm
@!!already:false
@!!obl:ASSUME NEW CONSTANT R,
       NEW CONSTANT S,
       ~(\E f \in [Nat -> S] : \A n \in Nat : <<f[n + 1], f[n]>> \in R) ,
       NEW CONSTANT T,
       T \subseteq S ,
       T # {} ,
       \A x \in T : \E y \in T : <<y, x>> \in R ,
       ASSUME NEW CONSTANT n \in Nat
       PROVE  <<(CHOOSE f :
                   f
                   = [n_1 \in Nat |->
                        IF n_1 = 0
                          THEN CHOOSE x \in T : TRUE
                          ELSE CHOOSE x \in T : <<x, f[n_1 - 1]>> \in R])[n
                                                                    + 1],
                (CHOOSE f :
                   f
                   = [n_1 \in Nat |->
                        IF n_1 = 0
                          THEN CHOOSE x \in T : TRUE
                          ELSE CHOOSE x \in T : <<x, f[n_1 - 1]>> \in R])[n]>>
              \in R ,
       (CHOOSE f :
          f
          = [n \in Nat |->
               IF n = 0
                 THEN CHOOSE x \in T : TRUE
                 ELSE CHOOSE x \in T : <<x, f[n - 1]>> \in R])
       \in [Nat -> T] 
PROVE  ASSUME NEW CONSTANT n \in Nat
       PROVE  <<(CHOOSE f :
                   f
                   = [n_1 \in Nat |->
                        IF n_1 = 0
                          THEN CHOOSE x \in T : TRUE
                          ELSE CHOOSE x \in T : <<x, f[n_1 - 1]>> \in R])[n
                                                                    + 1],
                (CHOOSE f :
                   f
                   = [n_1 \in Nat |->
                        IF n_1 = 0
                          THEN CHOOSE x \in T : TRUE
                          ELSE CHOOSE x \in T : <<x, f[n_1 - 1]>> \in R])[n]>>
              \in R

@!!END

@!!BEGIN
@!!type:obligation
@!!id:12
@!!loc:107:18:107:23
@!!status:trivial
@!!prover:tlapm
@!!already:false
@!!obl:ASSUME NEW CONSTANT R,
       NEW CONSTANT S,
       ~(\E f \in [Nat -> S] : \A n \in Nat : <<f[n + 1], f[n]>> \in R) ,
       NEW CONSTANT T,
       T \subseteq S ,
       T # {} ,
       \A x \in T : \E y \in T : <<y, x>> \in R ,
       (CHOOSE f :
          f
          = [n \in Nat |->
               IF n = 0
                 THEN CHOOSE x \in T : TRUE
                 ELSE CHOOSE x \in T : <<x, f[n - 1]>> \in R])
       \in [Nat -> T] ,
       ASSUME NEW CONSTANT n \in Nat
       PROVE  <<(CHOOSE f :
                   f
                   = [n_1 \in Nat |->
                        IF n_1 = 0
                          THEN CHOOSE x \in T : TRUE
                          ELSE CHOOSE x \in T : <<x, f[n_1 - 1]>> \in R])[n
                                                                    + 1],
                (CHOOSE f :
                   f
                   = [n_1 \in Nat |->
                        IF n_1 = 0
                          THEN CHOOSE x \in T : TRUE
                          ELSE CHOOSE x \in T : <<x, f[n_1 - 1]>> \in R])[n]>>
              \in R 
PROVE  TRUE

@!!END

@!!BEGIN
@!!type:obligation
@!!id:13
@!!loc:87:3:87:5
@!!status:normalized
@!!meth:time-limit: 10
@!!obl:ASSUME NEW CONSTANT R,
       NEW CONSTANT S,
       IsWellFoundedOn(R, S) ,
       NEW CONSTANT T,
       T \subseteq S ,
       T # {} ,
       ASSUME \A x \in T : \E y \in T : <<y, x>> \in R 
       PROVE  FALSE ,
       TRUE 
PROVE  \E x \in T : \A y \in T : ~<<y, x>> \in R

@!!END

@!!BEGIN
@!!type:obligation
@!!id:14
@!!loc:87:6:87:11
@!!status:trivial
@!!prover:tlapm
@!!already:false
@!!obl:ASSUME NEW CONSTANT R,
       NEW CONSTANT S,
       IsWellFoundedOn(R, S) ,
       NEW CONSTANT T,
       T \subseteq S ,
       T # {} ,
       ASSUME \A x \in T : \E y \in T : <<y, x>> \in R 
       PROVE  FALSE 
PROVE  TRUE

@!!END

@!!BEGIN
@!!type:obligation
@!!id:15
@!!loc:95:5:95:7
@!!status:normalized
@!!meth:time-limit: 10
@!!obl:ASSUME NEW CONSTANT R,
       NEW CONSTANT S,
       IsWellFoundedOn(R, S) ,
       NEW CONSTANT T,
       T \subseteq S ,
       T # {} ,
       \A x \in T : \E y \in T : <<y, x>> \in R ,
       NatInductiveDefHypothesis(CHOOSE f :
                                   f
                                   = [n \in Nat |->
                                        IF n = 0
                                          THEN CHOOSE x \in T : TRUE
                                          ELSE CHOOSE x \in T :
                                                 <<x, f[n - 1]>> \in R],
                                 CHOOSE x \in T : TRUE,
                                 LAMBDA v, n :
                                   CHOOSE x \in T : <<x, v>> \in R) ,
       ASSUME NEW CONSTANT Def(_, _),
              NEW CONSTANT f,
              NEW CONSTANT f0,
              NatInductiveDefHypothesis(f, f0, Def) 
       PROVE  NatInductiveDefConclusion(f, f0, Def) ,
       TRUE 
PROVE  NatInductiveDefConclusion(CHOOSE f :
                                   f
                                   = [n \in Nat |->
                                        IF n = 0
                                          THEN CHOOSE x \in T : TRUE
                                          ELSE CHOOSE x \in T :
                                                 <<x, f[n - 1]>> \in R],
                                 CHOOSE x \in T : TRUE,
                                 LAMBDA v, n :
                                   CHOOSE x \in T : <<x, v>> \in R)

@!!END

@!!BEGIN
@!!type:obligation
@!!id:16
@!!loc:95:8:95:12
@!!status:trivial
@!!prover:tlapm
@!!already:false
@!!obl:ASSUME NEW CONSTANT R,
       NEW CONSTANT S,
       IsWellFoundedOn(R, S) ,
       NEW CONSTANT T,
       T \subseteq S ,
       T # {} ,
       \A x \in T : \E y \in T : <<y, x>> \in R ,
       NatInductiveDefHypothesis(CHOOSE f :
                                   f
                                   = [n \in Nat |->
                                        IF n = 0
                                          THEN CHOOSE x \in T : TRUE
                                          ELSE CHOOSE x \in T :
                                                 <<x, f[n - 1]>> \in R],
                                 CHOOSE x \in T : TRUE,
                                 LAMBDA v, n :
                                   CHOOSE x \in T : <<x, v>> \in R) 
PROVE  NatInductiveDefHypothesis(CHOOSE f :
                                   f
                                   = [n \in Nat |->
                                        IF n = 0
                                          THEN CHOOSE x \in T : TRUE
                                          ELSE CHOOSE x \in T :
                                                 <<x, f[n - 1]>> \in R],
                                 CHOOSE x \in T : TRUE,
                                 LAMBDA v, n :
                                   CHOOSE x \in T : <<x, v>> \in R)

@!!END

@!!BEGIN
@!!type:obligation
@!!id:17
@!!loc:95:14:95:29
@!!status:trivial
@!!prover:tlapm
@!!already:false
@!!obl:ASSUME ASSUME NEW CONSTANT Def(_, _),
              NEW CONSTANT f,
              NEW CONSTANT f0,
              NatInductiveDefHypothesis(f, f0, Def) 
       PROVE  NatInductiveDefConclusion(f, f0, Def) ,
       NEW CONSTANT R,
       NEW CONSTANT S,
       IsWellFoundedOn(R, S) ,
       NEW CONSTANT T,
       T \subseteq S ,
       T # {} ,
       \A x \in T : \E y \in T : <<y, x>> \in R ,
       NatInductiveDefHypothesis(CHOOSE f :
                                   f
                                   = [n \in Nat |->
                                        IF n = 0
                                          THEN CHOOSE x \in T : TRUE
                                          ELSE CHOOSE x \in T :
                                                 <<x, f[n - 1]>> \in R],
                                 CHOOSE x \in T : TRUE,
                                 LAMBDA v, n :
                                   CHOOSE x \in T : <<x, v>> \in R) 
PROVE  ASSUME NEW CONSTANT Def(_, _),
              NEW CONSTANT f,
              NEW CONSTANT f0,
              NatInductiveDefHypothesis(f, f0, Def) 
       PROVE  NatInductiveDefConclusion(f, f0, Def)

@!!END

@!!BEGIN
@!!type:obligation
@!!id:18
@!!loc:95:31:95:36
@!!status:trivial
@!!prover:tlapm
@!!already:false
@!!obl:ASSUME NEW CONSTANT R,
       NEW CONSTANT S,
       IsWellFoundedOn(R, S) ,
       NEW CONSTANT T,
       T \subseteq S ,
       T # {} ,
       \A x \in T : \E y \in T : <<y, x>> \in R ,
       NatInductiveDefHypothesis(CHOOSE f :
                                   f
                                   = [n \in Nat |->
                                        IF n = 0
                                          THEN CHOOSE x \in T : TRUE
                                          ELSE CHOOSE x \in T :
                                                 <<x, f[n - 1]>> \in R],
                                 CHOOSE x \in T : TRUE,
                                 LAMBDA v, n :
                                   CHOOSE x \in T : <<x, v>> \in R) ,
       ASSUME NEW CONSTANT Def(_, _),
              NEW CONSTANT f,
              NEW CONSTANT f0,
              NatInductiveDefHypothesis(f, f0, Def) 
       PROVE  NatInductiveDefConclusion(f, f0, Def) 
PROVE  TRUE

@!!END

@!!BEGIN
@!!type:obligation
@!!id:19
@!!loc:93:5:93:7
@!!status:normalized
@!!meth:time-limit: 10
@!!obl:ASSUME NEW CONSTANT R,
       NEW CONSTANT S,
       IsWellFoundedOn(R, S) ,
       NEW CONSTANT T,
       T \subseteq S ,
       T # {} ,
       \A x \in T : \E y \in T : <<y, x>> \in R ,
       TRUE 
PROVE  (CHOOSE f :
          f
          = [n \in Nat |->
               IF n = 0
                 THEN CHOOSE x \in T : TRUE
                 ELSE CHOOSE x \in T : <<x, f[n - 1]>> \in R])
       = (CHOOSE g :
            g
            = [i \in Nat |->
                 IF i = 0
                   THEN CHOOSE x \in T : TRUE
                   ELSE CHOOSE x \in T : <<x, g[i - 1]>> \in R])

@!!END

@!!BEGIN
@!!type:obligation
@!!id:20
@!!loc:93:8:93:13
@!!status:trivial
@!!prover:tlapm
@!!already:false
@!!obl:ASSUME NEW CONSTANT R,
       NEW CONSTANT S,
       IsWellFoundedOn(R, S) ,
       NEW CONSTANT T,
       T \subseteq S ,
       T # {} ,
       \A x \in T : \E y \in T : <<y, x>> \in R 
PROVE  TRUE

@!!END

@!!BEGIN
@!!type:obligation
@!!id:21
@!!loc:102:5:102:7
@!!status:normalized
@!!meth:time-limit: 30
@!!obl:ASSUME NEW CONSTANT R,
       NEW CONSTANT S,
       IsWellFoundedOn(R, S) ,
       NEW CONSTANT T,
       T \subseteq S ,
       T # {} ,
       \A x \in T : \E y \in T : <<y, x>> \in R ,
       NatInductiveDefConclusion(CHOOSE f :
                                   f
                                   = [n \in Nat |->
                                        IF n = 0
                                          THEN CHOOSE x \in T : TRUE
                                          ELSE CHOOSE x \in T :
                                                 <<x, f[n - 1]>> \in R],
                                 CHOOSE x \in T : TRUE,
                                 LAMBDA v, n :
                                   CHOOSE x \in T : <<x, v>> \in R) ,
       (CHOOSE x \in T : TRUE) \in T ,
       \A v \in T, n \in Nat \ {0} : (CHOOSE x \in T : <<x, v>> \in R) \in T ,
       ASSUME NEW CONSTANT Def(_, _),
              NEW CONSTANT S_1,
              NEW CONSTANT f,
              NEW CONSTANT f0 \in S_1,
              NatInductiveDefConclusion(f, f0, Def) ,
              f0 \in S_1 ,
              \A v \in S_1, n \in Nat \ {0} : Def(v, n) \in S_1 
       PROVE  f \in [Nat -> S_1] ,
       TRUE 
PROVE  (CHOOSE f :
          f
          = [n \in Nat |->
               IF n = 0
                 THEN CHOOSE x \in T : TRUE
                 ELSE CHOOSE x \in T : <<x, f[n - 1]>> \in R])
       \in [Nat -> T]

@!!END

@!!BEGIN
@!!type:obligation
@!!id:13
@!!loc:87:3:87:5
@!!status:proved
@!!prover:zenon
@!!meth:time-limit: 10; time-used: 0.0 (0%)
@!!already:false
@!!obl:
ASSUME NEW CONSTANT R,
       NEW CONSTANT S,
       IsWellFoundedOn(R, S) ,
       NEW CONSTANT T,
       T \subseteq S ,
       T # {} ,
       ASSUME \A x \in T : \E y \in T : <<y, x>> \in R 
       PROVE  FALSE ,
       TRUE 
PROVE  \E x \in T : \A y \in T : ~<<y, x>> \in R

@!!END

@!!BEGIN
@!!type:obligation
@!!id:7
@!!loc:66:3:66:5
@!!status:proved
@!!prover:smt
@!!meth:time-limit: 5; time-used: 0.0 (1%)
@!!already:false
@!!obl:
ASSUME NEW CONSTANT S,
       NEW CONSTANT R,
       NEW CONSTANT RR,
       RR \cap S \X S \subseteq R ,
       IsWellFoundedOn(R, S) ,
       NEW CONSTANT f \in [Nat -> S],
       \A n \in Nat : <<f[n + 1], f[n]>> \in RR 
PROVE  \A n \in Nat : <<f[n + 1], f[n]>> \in RR \cap S \X S

@!!END

@!!BEGIN
@!!type:obligation
@!!id:6
@!!loc:64:3:64:5
@!!status:proved
@!!prover:smt
@!!meth:time-limit: 5; time-used: 0.0 (1%)
@!!already:false
@!!obl:
ASSUME NEW CONSTANT S,
       NEW CONSTANT R,
       NEW CONSTANT RR,
       RR \cap S \X S \subseteq R ,
       ~(\E f \in [Nat -> S] : \A n \in Nat : <<f[n + 1], f[n]>> \in R) ,
       ASSUME NEW CONSTANT f \in [Nat -> S],
              \A n \in Nat : <<f[n + 1], f[n]>> \in RR 
       PROVE  FALSE 
PROVE  ~(\E f \in [Nat -> S] : \A n \in Nat : <<f[n + 1], f[n]>> \in RR)

@!!END

@!!BEGIN
@!!type:obligation
@!!id:4
@!!loc:67:11:67:13
@!!status:proved
@!!prover:smt
@!!meth:time-limit: 5; time-used: 0.1 (1%)
@!!already:false
@!!obl:
ASSUME NEW CONSTANT S,
       NEW CONSTANT R,
       NEW CONSTANT RR,
       RR \cap S \X S \subseteq R ,
       ~(\E f \in [Nat -> S] : \A n \in Nat : <<f[n + 1], f[n]>> \in R) ,
       NEW CONSTANT f \in [Nat -> S],
       \A n \in Nat : <<f[n + 1], f[n]>> \in RR \cap S \X S 
PROVE  FALSE

@!!END

@!!BEGIN
@!!type:obligation
@!!id:2
@!!loc:54:1:54:3
@!!status:proved
@!!prover:zenon
@!!meth:time-limit: 10; time-used: 0.3 (3%)
@!!already:false
@!!obl:
ASSUME NEW CONSTANT R,
       NEW CONSTANT S,
       NEW CONSTANT T \in SUBSET S,
       ~(\E f \in [Nat -> S] : \A n \in Nat : <<f[n + 1], f[n]>> \in R) ,
       TRUE 
PROVE  ~(\E f \in [Nat -> T] : \A n \in Nat : <<f[n + 1], f[n]>> \in R)

@!!END

@!!BEGIN
@!!type:obligation
@!!id:1
@!!loc:47:1:47:3
@!!status:proved
@!!prover:smt
@!!meth:time-limit: 5; time-used: 0.3 (6%)
@!!already:false
@!!obl:
\A S : ~(\E f \in [Nat -> S] : \A n \in Nat : <<f[n + 1], f[n]>> \in {})

@!!END

@!!BEGIN
@!!type:obligation
@!!id:22
@!!loc:102:8:102:12
@!!status:trivial
@!!prover:tlapm
@!!already:false
@!!obl:ASSUME NEW CONSTANT R,
       NEW CONSTANT S,
       IsWellFoundedOn(R, S) ,
       NEW CONSTANT T,
       T \subseteq S ,
       T # {} ,
       \A x \in T : \E y \in T : <<y, x>> \in R ,
       NatInductiveDefConclusion(CHOOSE f :
                                   f
                                   = [n \in Nat |->
                                        IF n = 0
                                          THEN CHOOSE x \in T : TRUE
                                          ELSE CHOOSE x \in T :
                                                 <<x, f[n - 1]>> \in R],
                                 CHOOSE x \in T : TRUE,
                                 LAMBDA v, n :
                                   CHOOSE x \in T : <<x, v>> \in R) 
PROVE  NatInductiveDefConclusion(CHOOSE f :
                                   f
                                   = [n \in Nat |->
                                        IF n = 0
                                          THEN CHOOSE x \in T : TRUE
                                          ELSE CHOOSE x \in T :
                                                 <<x, f[n - 1]>> \in R],
                                 CHOOSE x \in T : TRUE,
                                 LAMBDA v, n :
                                   CHOOSE x \in T : <<x, v>> \in R)

@!!END

@!!BEGIN
@!!type:obligation
@!!id:23
@!!loc:102:14:102:18
@!!status:trivial
@!!prover:tlapm
@!!already:false
@!!obl:ASSUME NEW CONSTANT R,
       NEW CONSTANT S,
       IsWellFoundedOn(R, S) ,
       NEW CONSTANT T,
       T \subseteq S ,
       T # {} ,
       \A x \in T : \E y \in T : <<y, x>> \in R ,
       (CHOOSE x \in T : TRUE) \in T ,
       NatInductiveDefConclusion(CHOOSE f :
                                   f
                                   = [n \in Nat |->
                                        IF n = 0
                                          THEN CHOOSE x \in T : TRUE
                                          ELSE CHOOSE x \in T :
                                                 <<x, f[n - 1]>> \in R],
                                 CHOOSE x \in T : TRUE,
                                 LAMBDA v, n :
                                   CHOOSE x \in T : <<x, v>> \in R) 
PROVE  (CHOOSE x \in T : TRUE) \in T

@!!END

@!!BEGIN
@!!type:obligation
@!!id:24
@!!loc:102:20:102:24
@!!status:trivial
@!!prover:tlapm
@!!already:false
@!!obl:ASSUME NEW CONSTANT R,
       NEW CONSTANT S,
       IsWellFoundedOn(R, S) ,
       NEW CONSTANT T,
       T \subseteq S ,
       T # {} ,
       \A x \in T : \E y \in T : <<y, x>> \in R ,
       \A v \in T, n \in Nat \ {0} : (CHOOSE x \in T : <<x, v>> \in R) \in T ,
       NatInductiveDefConclusion(CHOOSE f :
                                   f
                                   = [n \in Nat |->
                                        IF n = 0
                                          THEN CHOOSE x \in T : TRUE
                                          ELSE CHOOSE x \in T :
                                                 <<x, f[n - 1]>> \in R],
                                 CHOOSE x \in T : TRUE,
                                 LAMBDA v, n :
                                   CHOOSE x \in T : <<x, v>> \in R) ,
       (CHOOSE x \in T : TRUE) \in T 
PROVE  \A v \in T, n \in Nat \ {0} : (CHOOSE x \in T : <<x, v>> \in R) \in T

@!!END

@!!BEGIN
@!!type:obligation
@!!id:25
@!!loc:102:26:102:45
@!!status:trivial
@!!prover:tlapm
@!!already:false
@!!obl:ASSUME ASSUME NEW CONSTANT Def(_, _),
              NEW CONSTANT S,
              NEW CONSTANT f,
              NEW CONSTANT f0 \in S,
              NatInductiveDefConclusion(f, f0, Def) ,
              f0 \in S ,
              \A v \in S, n \in Nat \ {0} : Def(v, n) \in S 
       PROVE  f \in [Nat -> S] ,
       NEW CONSTANT R,
       NEW CONSTANT S,
       IsWellFoundedOn(R, S) ,
       NEW CONSTANT T,
       T \subseteq S ,
       T # {} ,
       \A x \in T : \E y \in T : <<y, x>> \in R ,
       NatInductiveDefConclusion(CHOOSE f :
                                   f
                                   = [n \in Nat |->
                                        IF n = 0
                                          THEN CHOOSE x \in T : TRUE
                                          ELSE CHOOSE x \in T :
                                                 <<x, f[n - 1]>> \in R],
                                 CHOOSE x \in T : TRUE,
                                 LAMBDA v, n :
                                   CHOOSE x \in T : <<x, v>> \in R) ,
       (CHOOSE x \in T : TRUE) \in T ,
       \A v \in T, n \in Nat \ {0} : (CHOOSE x \in T : <<x, v>> \in R) \in T 
PROVE  ASSUME NEW CONSTANT Def(_, _),
              NEW CONSTANT S_1,
              NEW CONSTANT f,
              NEW CONSTANT f0 \in S_1,
              NatInductiveDefConclusion(f, f0, Def) ,
              f0 \in S_1 ,
              \A v \in S_1, n \in Nat \ {0} : Def(v, n) \in S_1 
       PROVE  f \in [Nat -> S_1]

@!!END

@!!BEGIN
@!!type:obligation
@!!id:26
@!!loc:102:47:102:50
@!!status:trivial
@!!prover:tlapm
@!!already:false
@!!obl:ASSUME NEW CONSTANT R,
       NEW CONSTANT S,
       IsWellFoundedOn(R, S) ,
       NEW CONSTANT T,
       T \subseteq S ,
       T # {} ,
       \A x \in T : \E y \in T : <<y, x>> \in R ,
       NatInductiveDefConclusion(CHOOSE f :
                                   f
                                   = [n \in Nat |->
                                        IF n = 0
                                          THEN CHOOSE x \in T : TRUE
                                          ELSE CHOOSE x \in T :
                                                 <<x, f[n - 1]>> \in R],
                                 CHOOSE x \in T : TRUE,
                                 LAMBDA v, n :
                                   CHOOSE x \in T : <<x, v>> \in R) ,
       (CHOOSE x \in T : TRUE) \in T ,
       \A v \in T, n \in Nat \ {0} : (CHOOSE x \in T : <<x, v>> \in R) \in T ,
       ASSUME NEW CONSTANT Def(_, _),
              NEW CONSTANT S_1,
              NEW CONSTANT f,
              NEW CONSTANT f0 \in S_1,
              NatInductiveDefConclusion(f, f0, Def) ,
              f0 \in S_1 ,
              \A v \in S_1, n \in Nat \ {0} : Def(v, n) \in S_1 
       PROVE  f \in [Nat -> S_1] 
PROVE  TRUE

@!!END

@!!BEGIN
@!!type:obligation
@!!id:27
@!!loc:98:5:98:12
@!!status:normalized
@!!meth:time-limit: 5
@!!obl:ASSUME NEW CONSTANT R,
       NEW CONSTANT S,
       IsWellFoundedOn(R, S) ,
       NEW CONSTANT T,
       T \subseteq S ,
       T # {} ,
       \A x \in T : \E y \in T : <<y, x>> \in R 
PROVE  (CHOOSE x \in T : TRUE) \in T

@!!END

@!!BEGIN
@!!type:obligation
@!!id:28
@!!loc:100:5:100:12
@!!status:normalized
@!!meth:time-limit: 5
@!!obl:ASSUME NEW CONSTANT R,
       NEW CONSTANT S,
       IsWellFoundedOn(R, S) ,
       NEW CONSTANT T,
       T \subseteq S ,
       T # {} ,
       \A x \in T : \E y \in T : <<y, x>> \in R 
PROVE  \A v \in T, n \in Nat \ {0} : (CHOOSE x \in T : <<x, v>> \in R) \in T

@!!END

@!!BEGIN
@!!type:obligation
@!!id:29
@!!loc:105:3:105:5
@!!status:normalized
@!!meth:time-limit: 10
@!!obl:ASSUME NEW CONSTANT R,
       NEW CONSTANT S,
       IsWellFoundedOn(R, S) ,
       NEW CONSTANT T,
       T \subseteq S ,
       T # {} ,
       \A x \in T : \E y \in T : <<y, x>> \in R ,
       NEW CONSTANT n \in Nat,
       (CHOOSE f :
          f
          = [n_1 \in Nat |->
               IF n_1 = 0
                 THEN CHOOSE x \in T : TRUE
                 ELSE CHOOSE x \in T : <<x, f[n_1 - 1]>> \in R])
       = [i \in Nat |->
            IF i = 0
              THEN CHOOSE x \in T : TRUE
              ELSE CHOOSE x \in T :
                     <<x,
                       (CHOOSE f :
                          f
                          = [n_1 \in Nat |->
                               IF n_1 = 0
                                 THEN CHOOSE x_1 \in T : TRUE
                                 ELSE CHOOSE x_1 \in T :
                                        <<x_1, f[n_1 - 1]>> \in R])[i - 1]>>
                     \in R] ,
       (CHOOSE f :
          f
          = [n_1 \in Nat |->
               IF n_1 = 0
                 THEN CHOOSE x \in T : TRUE
                 ELSE CHOOSE x \in T : <<x, f[n_1 - 1]>> \in R])
       \in [Nat -> T] ,
       n + 1 \in Nat \ {0} ,
       (n + 1) - 1 = n ,
       TRUE 
PROVE  <<(CHOOSE f :
            f
            = [n_1 \in Nat |->
                 IF n_1 = 0
                   THEN CHOOSE x \in T : TRUE
                   ELSE CHOOSE x \in T : <<x, f[n_1 - 1]>> \in R])[n + 1],
         (CHOOSE f :
            f
            = [n_1 \in Nat |->
                 IF n_1 = 0
                   THEN CHOOSE x \in T : TRUE
                   ELSE CHOOSE x \in T : <<x, f[n_1 - 1]>> \in R])[n]>>
       \in R

@!!END

@!!BEGIN
@!!type:obligation
@!!id:30
@!!loc:105:6:105:10
@!!status:trivial
@!!prover:tlapm
@!!already:false
@!!obl:ASSUME NEW CONSTANT R,
       NEW CONSTANT S,
       IsWellFoundedOn(R, S) ,
       NEW CONSTANT T,
       T \subseteq S ,
       T # {} ,
       \A x \in T : \E y \in T : <<y, x>> \in R ,
       (CHOOSE f :
          f
          = [n \in Nat |->
               IF n = 0
                 THEN CHOOSE x \in T : TRUE
                 ELSE CHOOSE x \in T : <<x, f[n - 1]>> \in R])
       = [i \in Nat |->
            IF i = 0
              THEN CHOOSE x \in T : TRUE
              ELSE CHOOSE x \in T :
                     <<x,
                       (CHOOSE f :
                          f
                          = [n \in Nat |->
                               IF n = 0
                                 THEN CHOOSE x_1 \in T : TRUE
                                 ELSE CHOOSE x_1 \in T :
                                        <<x_1, f[n - 1]>> \in R])[i - 1]>>
                     \in R] ,
       NEW CONSTANT n \in Nat
PROVE  (CHOOSE f :
          f
          = [n_1 \in Nat |->
               IF n_1 = 0
                 THEN CHOOSE x \in T : TRUE
                 ELSE CHOOSE x \in T : <<x, f[n_1 - 1]>> \in R])
       = [i \in Nat |->
            IF i = 0
              THEN CHOOSE x \in T : TRUE
              ELSE CHOOSE x \in T :
                     <<x,
                       (CHOOSE f :
                          f
                          = [n_1 \in Nat |->
                               IF n_1 = 0
                                 THEN CHOOSE x_1 \in T : TRUE
                                 ELSE CHOOSE x_1 \in T :
                                        <<x_1, f[n_1 - 1]>> \in R])[i - 1]>>
                     \in R]

@!!END

@!!BEGIN
@!!type:obligation
@!!id:31
@!!loc:105:12:105:16
@!!status:trivial
@!!prover:tlapm
@!!already:false
@!!obl:ASSUME NEW CONSTANT R,
       NEW CONSTANT S,
       IsWellFoundedOn(R, S) ,
       NEW CONSTANT T,
       T \subseteq S ,
       T # {} ,
       \A x \in T : \E y \in T : <<y, x>> \in R ,
       (CHOOSE f :
          f
          = [n \in Nat |->
               IF n = 0
                 THEN CHOOSE x \in T : TRUE
                 ELSE CHOOSE x \in T : <<x, f[n - 1]>> \in R])
       \in [Nat -> T] ,
       NEW CONSTANT n \in Nat,
       (CHOOSE f :
          f
          = [n_1 \in Nat |->
               IF n_1 = 0
                 THEN CHOOSE x \in T : TRUE
                 ELSE CHOOSE x \in T : <<x, f[n_1 - 1]>> \in R])
       = [i \in Nat |->
            IF i = 0
              THEN CHOOSE x \in T : TRUE
              ELSE CHOOSE x \in T :
                     <<x,
                       (CHOOSE f :
                          f
                          = [n_1 \in Nat |->
                               IF n_1 = 0
                                 THEN CHOOSE x_1 \in T : TRUE
                                 ELSE CHOOSE x_1 \in T :
                                        <<x_1, f[n_1 - 1]>> \in R])[i - 1]>>
                     \in R] 
PROVE  (CHOOSE f :
          f
          = [n_1 \in Nat |->
               IF n_1 = 0
                 THEN CHOOSE x \in T : TRUE
                 ELSE CHOOSE x \in T : <<x, f[n_1 - 1]>> \in R])
       \in [Nat -> T]

@!!END

@!!BEGIN
@!!type:obligation
@!!id:32
@!!loc:105:18:105:35
@!!status:normalized
@!!meth:time-limit: 5
@!!obl:ASSUME NEW CONSTANT R,
       NEW CONSTANT S,
       IsWellFoundedOn(R, S) ,
       NEW CONSTANT T,
       T \subseteq S ,
       T # {} ,
       \A x \in T : \E y \in T : <<y, x>> \in R ,
       NEW CONSTANT n \in Nat,
       (CHOOSE f :
          f
          = [n_1 \in Nat |->
               IF n_1 = 0
                 THEN CHOOSE x \in T : TRUE
                 ELSE CHOOSE x \in T : <<x, f[n_1 - 1]>> \in R])
       = [i \in Nat |->
            IF i = 0
              THEN CHOOSE x \in T : TRUE
              ELSE CHOOSE x \in T :
                     <<x,
                       (CHOOSE f :
                          f
                          = [n_1 \in Nat |->
                               IF n_1 = 0
                                 THEN CHOOSE x_1 \in T : TRUE
                                 ELSE CHOOSE x_1 \in T :
                                        <<x_1, f[n_1 - 1]>> \in R])[i - 1]>>
                     \in R] ,
       (CHOOSE f :
          f
          = [n_1 \in Nat |->
               IF n_1 = 0
                 THEN CHOOSE x \in T : TRUE
                 ELSE CHOOSE x \in T : <<x, f[n_1 - 1]>> \in R])
       \in [Nat -> T] 
PROVE  n + 1 \in Nat \ {0}

@!!END

@!!BEGIN
@!!type:obligation
@!!id:33
@!!loc:105:38:105:48
@!!status:normalized
@!!meth:time-limit: 5
@!!obl:ASSUME NEW CONSTANT R,
       NEW CONSTANT S,
       IsWellFoundedOn(R, S) ,
       NEW CONSTANT T,
       T \subseteq S ,
       T # {} ,
       \A x \in T : \E y \in T : <<y, x>> \in R ,
       NEW CONSTANT n \in Nat,
       (CHOOSE f :
          f
          = [n_1 \in Nat |->
               IF n_1 = 0
                 THEN CHOOSE x \in T : TRUE
                 ELSE CHOOSE x \in T : <<x, f[n_1 - 1]>> \in R])
       = [i \in Nat |->
            IF i = 0
              THEN CHOOSE x \in T : TRUE
              ELSE CHOOSE x \in T :
                     <<x,
                       (CHOOSE f :
                          f
                          = [n_1 \in Nat |->
                               IF n_1 = 0
                                 THEN CHOOSE x_1 \in T : TRUE
                                 ELSE CHOOSE x_1 \in T :
                                        <<x_1, f[n_1 - 1]>> \in R])[i - 1]>>
                     \in R] ,
       (CHOOSE f :
          f
          = [n_1 \in Nat |->
               IF n_1 = 0
                 THEN CHOOSE x \in T : TRUE
                 ELSE CHOOSE x \in T : <<x, f[n_1 - 1]>> \in R])
       \in [Nat -> T] ,
       n + 1 \in Nat \ {0} 
PROVE  (n + 1) - 1 = n

@!!END

@!!BEGIN
@!!type:obligation
@!!id:34
@!!loc:105:50:105:55
@!!status:trivial
@!!prover:tlapm
@!!already:false
@!!obl:ASSUME NEW CONSTANT R,
       NEW CONSTANT S,
       IsWellFoundedOn(R, S) ,
       NEW CONSTANT T,
       T \subseteq S ,
       T # {} ,
       \A x \in T : \E y \in T : <<y, x>> \in R ,
       NEW CONSTANT n \in Nat,
       (CHOOSE f :
          f
          = [n_1 \in Nat |->
               IF n_1 = 0
                 THEN CHOOSE x \in T : TRUE
                 ELSE CHOOSE x \in T : <<x, f[n_1 - 1]>> \in R])
       = [i \in Nat |->
            IF i = 0
              THEN CHOOSE x \in T : TRUE
              ELSE CHOOSE x \in T :
                     <<x,
                       (CHOOSE f :
                          f
                          = [n_1 \in Nat |->
                               IF n_1 = 0
                                 THEN CHOOSE x_1 \in T : TRUE
                                 ELSE CHOOSE x_1 \in T :
                                        <<x_1, f[n_1 - 1]>> \in R])[i - 1]>>
                     \in R] ,
       (CHOOSE f :
          f
          = [n_1 \in Nat |->
               IF n_1 = 0
                 THEN CHOOSE x \in T : TRUE
                 ELSE CHOOSE x \in T : <<x, f[n_1 - 1]>> \in R])
       \in [Nat -> T] ,
       n + 1 \in Nat \ {0} ,
       (n + 1) - 1 = n 
PROVE  TRUE

@!!END

@!!BEGIN
@!!type:obligation
@!!id:35
@!!loc:124:3:124:5
@!!status:normalized
@!!meth:time-limit: 10
@!!obl:ASSUME NEW CONSTANT R,
       NEW CONSTANT S,
       \A T \in SUBSET S :
          T # {} => (\E x \in T : \A y \in T : ~<<y, x>> \in R) ,
       NEW CONSTANT f \in [Nat -> S],
       \A n \in Nat : <<f[n + 1], f[n]>> \in R ,
       {f[n] : n \in Nat} \subseteq S ,
       \A x \in {f[n] : n \in Nat} :
          \E y \in {f[n] : n \in Nat} : <<y, x>> \in R ,
       TRUE 
PROVE  FALSE

@!!END

@!!BEGIN
@!!type:obligation
@!!id:28
@!!loc:100:5:100:12
@!!status:proved
@!!prover:smt
@!!meth:time-limit: 5; time-used: 0.1 (1%)
@!!already:false
@!!obl:
ASSUME NEW CONSTANT R,
       NEW CONSTANT S,
       IsWellFoundedOn(R, S) ,
       NEW CONSTANT T,
       T \subseteq S ,
       T # {} ,
       \A x \in T : \E y \in T : <<y, x>> \in R 
PROVE  \A v \in T, n \in Nat \ {0} : (CHOOSE x \in T : <<x, v>> \in R) \in T

@!!END

@!!BEGIN
@!!type:obligation
@!!id:27
@!!loc:98:5:98:12
@!!status:proved
@!!prover:smt
@!!meth:time-limit: 5; time-used: 0.1 (1%)
@!!already:false
@!!obl:
ASSUME NEW CONSTANT R,
       NEW CONSTANT S,
       IsWellFoundedOn(R, S) ,
       NEW CONSTANT T,
       T \subseteq S ,
       T # {} ,
       \A x \in T : \E y \in T : <<y, x>> \in R 
PROVE  (CHOOSE x \in T : TRUE) \in T

@!!END

@!!BEGIN
@!!type:obligation
@!!id:19
@!!loc:93:5:93:7
@!!status:proved
@!!prover:zenon
@!!meth:time-limit: 10; time-used: 0.1 (1%)
@!!already:false
@!!obl:
ASSUME NEW CONSTANT R,
       NEW CONSTANT S,
       IsWellFoundedOn(R, S) ,
       NEW CONSTANT T,
       T \subseteq S ,
       T # {} ,
       \A x \in T : \E y \in T : <<y, x>> \in R ,
       TRUE 
PROVE  (CHOOSE f :
          f
          = [n \in Nat |->
               IF n = 0
                 THEN CHOOSE x \in T : TRUE
                 ELSE CHOOSE x \in T : <<x, f[n - 1]>> \in R])
       = (CHOOSE g :
            g
            = [i \in Nat |->
                 IF i = 0
                   THEN CHOOSE x \in T : TRUE
                   ELSE CHOOSE x \in T : <<x, g[i - 1]>> \in R])

@!!END

@!!BEGIN
@!!type:obligation
@!!id:15
@!!loc:95:5:95:7
@!!status:proved
@!!prover:zenon
@!!meth:time-limit: 10; time-used: 0.1 (1%)
@!!already:false
@!!obl:
ASSUME NEW CONSTANT R,
       NEW CONSTANT S,
       IsWellFoundedOn(R, S) ,
       NEW CONSTANT T,
       T \subseteq S ,
       T # {} ,
       \A x \in T : \E y \in T : <<y, x>> \in R ,
       NatInductiveDefHypothesis(CHOOSE f :
                                   f
                                   = [n \in Nat |->
                                        IF n = 0
                                          THEN CHOOSE x \in T : TRUE
                                          ELSE CHOOSE x \in T :
                                                 <<x, f[n - 1]>> \in R],
                                 CHOOSE x \in T : TRUE,
                                 LAMBDA v, n :
                                   CHOOSE x \in T : <<x, v>> \in R) ,
       ASSUME NEW CONSTANT Def(_, _),
              NEW CONSTANT f,
              NEW CONSTANT f0,
              NatInductiveDefHypothesis(f, f0, Def) 
       PROVE  NatInductiveDefConclusion(f, f0, Def) ,
       TRUE 
PROVE  NatInductiveDefConclusion(CHOOSE f :
                                   f
                                   = [n \in Nat |->
                                        IF n = 0
                                          THEN CHOOSE x \in T : TRUE
                                          ELSE CHOOSE x \in T :
                                                 <<x, f[n - 1]>> \in R],
                                 CHOOSE x \in T : TRUE,
                                 LAMBDA v, n :
                                   CHOOSE x \in T : <<x, v>> \in R)

@!!END

@!!BEGIN
@!!type:obligation
@!!id:9
@!!loc:107:3:107:5
@!!status:proved
@!!prover:zenon
@!!meth:time-limit: 10; time-used: 0.1 (1%)
@!!already:false
@!!obl:
ASSUME NEW CONSTANT R,
       NEW CONSTANT S,
       ~(\E f \in [Nat -> S] : \A n \in Nat : <<f[n + 1], f[n]>> \in R) ,
       NEW CONSTANT T,
       T \subseteq S ,
       T # {} ,
       \A x \in T : \E y \in T : <<y, x>> \in R ,
       (CHOOSE f :
          f
          = [n \in Nat |->
               IF n = 0
                 THEN CHOOSE x \in T : TRUE
                 ELSE CHOOSE x \in T : <<x, f[n - 1]>> \in R])
       \in [Nat -> T] ,
       ASSUME NEW CONSTANT n \in Nat
       PROVE  <<(CHOOSE f :
                   f
                   = [n_1 \in Nat |->
                        IF n_1 = 0
                          THEN CHOOSE x \in T : TRUE
                          ELSE CHOOSE x \in T : <<x, f[n_1 - 1]>> \in R])[n
                                                                    + 1],
                (CHOOSE f :
                   f
                   = [n_1 \in Nat |->
                        IF n_1 = 0
                          THEN CHOOSE x \in T : TRUE
                          ELSE CHOOSE x \in T : <<x, f[n_1 - 1]>> \in R])[n]>>
              \in R ,
       TRUE 
PROVE  FALSE

@!!END

@!!BEGIN
@!!type:obligation
@!!id:36
@!!loc:124:6:124:10
@!!status:trivial
@!!prover:tlapm
@!!already:false
@!!obl:ASSUME NEW CONSTANT R,
       NEW CONSTANT S,
       \A T \in SUBSET S :
          T # {} => (\E x \in T : \A y \in T : ~<<y, x>> \in R) ,
       NEW CONSTANT f \in [Nat -> S],
       \A n \in Nat : <<f[n + 1], f[n]>> \in R ,
       {f[n] : n \in Nat} \subseteq S 
PROVE  {f[n] : n \in Nat} \subseteq S

@!!END

@!!BEGIN
@!!type:obligation
@!!id:37
@!!loc:124:12:124:16
@!!status:trivial
@!!prover:tlapm
@!!already:false
@!!obl:ASSUME NEW CONSTANT R,
       NEW CONSTANT S,
       \A T \in SUBSET S :
          T # {} => (\E x \in T : \A y \in T : ~<<y, x>> \in R) ,
       NEW CONSTANT f \in [Nat -> S],
       \A n \in Nat : <<f[n + 1], f[n]>> \in R ,
       \A x \in {f[n] : n \in Nat} :
          \E y \in {f[n] : n \in Nat} : <<y, x>> \in R ,
       {f[n] : n \in Nat} \subseteq S 
PROVE  \A x \in {f[n] : n \in Nat} :
          \E y \in {f[n] : n \in Nat} : <<y, x>> \in R

@!!END

@!!BEGIN
@!!type:obligation
@!!id:38
@!!loc:124:18:124:23
@!!status:trivial
@!!prover:tlapm
@!!already:false
@!!obl:ASSUME NEW CONSTANT R,
       NEW CONSTANT S,
       \A T \in SUBSET S :
          T # {} => (\E x \in T : \A y \in T : ~<<y, x>> \in R) ,
       NEW CONSTANT f \in [Nat -> S],
       \A n \in Nat : <<f[n + 1], f[n]>> \in R ,
       {f[n] : n \in Nat} \subseteq S ,
       \A x \in {f[n] : n \in Nat} :
          \E y \in {f[n] : n \in Nat} : <<y, x>> \in R 
PROVE  TRUE

@!!END

@!!BEGIN
@!!type:obligation
@!!id:39
@!!loc:117:3:117:5
@!!status:normalized
@!!meth:time-limit: 10
@!!obl:ASSUME NEW CONSTANT R,
       NEW CONSTANT S,
       \A T \in SUBSET S :
          T # {} => (\E x \in T : \A y \in T : ~<<y, x>> \in R) ,
       ASSUME NEW CONSTANT f \in [Nat -> S],
              \A n \in Nat : <<f[n + 1], f[n]>> \in R 
       PROVE  FALSE ,
       TRUE 
PROVE  ~(\E f \in [Nat -> S] : \A n \in Nat : <<f[n + 1], f[n]>> \in R)

@!!END

@!!BEGIN
@!!type:obligation
@!!id:40
@!!loc:117:6:117:11
@!!status:trivial
@!!prover:tlapm
@!!already:false
@!!obl:ASSUME NEW CONSTANT R,
       NEW CONSTANT S,
       \A T \in SUBSET S :
          T # {} => (\E x \in T : \A y \in T : ~<<y, x>> \in R) ,
       ASSUME NEW CONSTANT f \in [Nat -> S],
              \A n \in Nat : <<f[n + 1], f[n]>> \in R 
       PROVE  FALSE 
PROVE  TRUE

@!!END

@!!BEGIN
@!!type:obligation
@!!id:41
@!!loc:120:3:120:10
@!!status:normalized
@!!meth:time-limit: 5
@!!obl:ASSUME NEW CONSTANT R,
       NEW CONSTANT S,
       \A T \in SUBSET S :
          T # {} => (\E x \in T : \A y \in T : ~<<y, x>> \in R) ,
       NEW CONSTANT f \in [Nat -> S],
       \A n \in Nat : <<f[n + 1], f[n]>> \in R 
PROVE  {f[n] : n \in Nat} \subseteq S

@!!END

@!!BEGIN
@!!type:obligation
@!!id:42
@!!loc:122:3:122:5
@!!status:normalized
@!!meth:time-limit: 30
@!!obl:ASSUME NEW CONSTANT R,
       NEW CONSTANT S,
       \A T \in SUBSET S :
          T # {} => (\E x \in T : \A y \in T : ~<<y, x>> \in R) ,
       NEW CONSTANT f \in [Nat -> S],
       \A n \in Nat : <<f[n + 1], f[n]>> \in R ,
       TRUE 
PROVE  \A x \in {f[n] : n \in Nat} :
          \E y \in {f[n] : n \in Nat} : <<y, x>> \in R

@!!END

@!!BEGIN
@!!type:obligation
@!!id:43
@!!loc:122:6:122:9
@!!status:trivial
@!!prover:tlapm
@!!already:false
@!!obl:ASSUME NEW CONSTANT R,
       NEW CONSTANT S,
       \A T \in SUBSET S :
          T # {} => (\E x \in T : \A y \in T : ~<<y, x>> \in R) ,
       NEW CONSTANT f \in [Nat -> S],
       \A n \in Nat : <<f[n + 1], f[n]>> \in R 
PROVE  TRUE

@!!END

@!!BEGIN
@!!type:obligation
@!!id:44
@!!loc:136:3:136:5
@!!status:normalized
@!!meth:time-limit: 5
@!!obl:ASSUME NEW CONSTANT R,
       NEW CONSTANT S,
       NEW CONSTANT x \in S,
       IsWellFoundedOn(R, S) ,
       \E z \in {x} : \A y \in {x} : <<y, z>> \notin R 
PROVE  <<x, x>> \notin R

@!!END

@!!BEGIN
@!!type:obligation
@!!id:45
@!!loc:136:6:136:10
@!!status:trivial
@!!prover:tlapm
@!!already:false
@!!obl:ASSUME NEW CONSTANT R,
       NEW CONSTANT S,
       NEW CONSTANT x \in S,
       IsWellFoundedOn(R, S) ,
       \E z \in {x} : \A y \in {x} : <<y, z>> \notin R 
PROVE  \E z \in {x} : \A y \in {x} : <<y, z>> \notin R

@!!END

@!!BEGIN
@!!type:obligation
@!!id:46
@!!loc:134:3:134:5
@!!status:normalized
@!!meth:time-limit: 30
@!!obl:ASSUME NEW CONSTANT R,
       NEW CONSTANT S,
       NEW CONSTANT x \in S,
       IsWellFoundedOn(R, S) ,
       ASSUME NEW CONSTANT R_1,
              NEW CONSTANT S_1,
              IsWellFoundedOn(R_1, S_1) ,
              NEW CONSTANT T,
              T \subseteq S_1 ,
              T # {} 
       PROVE  \E x_1 \in T : \A y \in T : ~<<y, x_1>> \in R_1 ,
       TRUE 
PROVE  \E z \in {x} : \A y \in {x} : <<y, z>> \notin R

@!!END

@!!BEGIN
@!!type:obligation
@!!id:39
@!!loc:117:3:117:5
@!!status:proved
@!!prover:zenon
@!!meth:time-limit: 10; time-used: 0.0 (0%)
@!!already:false
@!!obl:
ASSUME NEW CONSTANT R,
       NEW CONSTANT S,
       \A T \in SUBSET S :
          T # {} => (\E x \in T : \A y \in T : ~<<y, x>> \in R) ,
       ASSUME NEW CONSTANT f \in [Nat -> S],
              \A n \in Nat : <<f[n + 1], f[n]>> \in R 
       PROVE  FALSE ,
       TRUE 
PROVE  ~(\E f \in [Nat -> S] : \A n \in Nat : <<f[n + 1], f[n]>> \in R)

@!!END

@!!BEGIN
@!!type:obligation
@!!id:33
@!!loc:105:38:105:48
@!!status:proved
@!!prover:smt
@!!meth:time-limit: 5; time-used: 0.1 (1%)
@!!already:false
@!!obl:
ASSUME NEW CONSTANT R,
       NEW CONSTANT S,
       IsWellFoundedOn(R, S) ,
       NEW CONSTANT T,
       T \subseteq S ,
       T # {} ,
       \A x \in T : \E y \in T : <<y, x>> \in R ,
       NEW CONSTANT n \in Nat,
       (CHOOSE f :
          f
          = [n_1 \in Nat |->
               IF n_1 = 0
                 THEN CHOOSE x \in T : TRUE
                 ELSE CHOOSE x \in T : <<x, f[n_1 - 1]>> \in R])
       = [i \in Nat |->
            IF i = 0
              THEN CHOOSE x \in T : TRUE
              ELSE CHOOSE x \in T :
                     <<x,
                       (CHOOSE f :
                          f
                          = [n_1 \in Nat |->
                               IF n_1 = 0
                                 THEN CHOOSE x_1 \in T : TRUE
                                 ELSE CHOOSE x_1 \in T :
                                        <<x_1, f[n_1 - 1]>> \in R])[i - 1]>>
                     \in R] ,
       (CHOOSE f :
          f
          = [n_1 \in Nat |->
               IF n_1 = 0
                 THEN CHOOSE x \in T : TRUE
                 ELSE CHOOSE x \in T : <<x, f[n_1 - 1]>> \in R])
       \in [Nat -> T] ,
       n + 1 \in Nat \ {0} 
PROVE  (n + 1) - 1 = n

@!!END

@!!BEGIN
@!!type:obligation
@!!id:29
@!!loc:105:3:105:5
@!!status:proved
@!!prover:zenon
@!!meth:time-limit: 10; time-used: 0.1 (1%)
@!!already:false
@!!obl:
ASSUME NEW CONSTANT R,
       NEW CONSTANT S,
       IsWellFoundedOn(R, S) ,
       NEW CONSTANT T,
       T \subseteq S ,
       T # {} ,
       \A x \in T : \E y \in T : <<y, x>> \in R ,
       NEW CONSTANT n \in Nat,
       (CHOOSE f :
          f
          = [n_1 \in Nat |->
               IF n_1 = 0
                 THEN CHOOSE x \in T : TRUE
                 ELSE CHOOSE x \in T : <<x, f[n_1 - 1]>> \in R])
       = [i \in Nat |->
            IF i = 0
              THEN CHOOSE x \in T : TRUE
              ELSE CHOOSE x \in T :
                     <<x,
                       (CHOOSE f :
                          f
                          = [n_1 \in Nat |->
                               IF n_1 = 0
                                 THEN CHOOSE x_1 \in T : TRUE
                                 ELSE CHOOSE x_1 \in T :
                                        <<x_1, f[n_1 - 1]>> \in R])[i - 1]>>
                     \in R] ,
       (CHOOSE f :
          f
          = [n_1 \in Nat |->
               IF n_1 = 0
                 THEN CHOOSE x \in T : TRUE
                 ELSE CHOOSE x \in T : <<x, f[n_1 - 1]>> \in R])
       \in [Nat -> T] ,
       n + 1 \in Nat \ {0} ,
       (n + 1) - 1 = n ,
       TRUE 
PROVE  <<(CHOOSE f :
            f
            = [n_1 \in Nat |->
                 IF n_1 = 0
                   THEN CHOOSE x \in T : TRUE
                   ELSE CHOOSE x \in T : <<x, f[n_1 - 1]>> \in R])[n + 1],
         (CHOOSE f :
            f
            = [n_1 \in Nat |->
                 IF n_1 = 0
                   THEN CHOOSE x \in T : TRUE
                   ELSE CHOOSE x \in T : <<x, f[n_1 - 1]>> \in R])[n]>>
       \in R

@!!END

@!!BEGIN
@!!type:obligation
@!!id:47
@!!loc:134:6:134:11
@!!status:trivial
@!!prover:tlapm
@!!already:false
@!!obl:ASSUME ASSUME NEW CONSTANT R,
              NEW CONSTANT S,
              IsWellFoundedOn(R, S) ,
              NEW CONSTANT T,
              T \subseteq S ,
              T # {} 
       PROVE  \E x \in T : \A y \in T : ~<<y, x>> \in R ,
       NEW CONSTANT R,
       NEW CONSTANT S,
       NEW CONSTANT x \in S,
       IsWellFoundedOn(R, S) 
PROVE  ASSUME NEW CONSTANT R_1,
              NEW CONSTANT S_1,
              IsWellFoundedOn(R_1, S_1) ,
              NEW CONSTANT T,
              T \subseteq S_1 ,
              T # {} 
       PROVE  \E x_1 \in T : \A y \in T : ~<<y, x_1>> \in R_1

@!!END

@!!BEGIN
@!!type:obligation
@!!id:48
@!!loc:134:13:134:26
@!!status:trivial
@!!prover:tlapm
@!!already:false
@!!obl:ASSUME NEW CONSTANT R,
       NEW CONSTANT S,
       NEW CONSTANT x \in S,
       IsWellFoundedOn(R, S) ,
       ASSUME NEW CONSTANT R_1,
              NEW CONSTANT S_1,
              IsWellFoundedOn(R_1, S_1) ,
              NEW CONSTANT T,
              T \subseteq S_1 ,
              T # {} 
       PROVE  \E x_1 \in T : \A y \in T : ~<<y, x_1>> \in R_1 
PROVE  TRUE

@!!END

@!!BEGIN
@!!type:obligation
@!!id:49
@!!loc:147:3:147:5
@!!status:normalized
@!!meth:time-limit: 5
@!!obl:ASSUME NEW CONSTANT R,
       NEW CONSTANT S,
       NEW CONSTANT x \in S,
       NEW CONSTANT y \in S,
       IsWellFoundedOn(R, S) ,
       <<x, y>> \in R ,
       <<y, x>> \in R ,
       \E u \in {x, y} : \A v \in {x, y} : <<v, u>> \notin R 
PROVE  FALSE

@!!END

@!!BEGIN
@!!type:obligation
@!!id:50
@!!loc:147:6:147:10
@!!status:trivial
@!!prover:tlapm
@!!already:false
@!!obl:ASSUME NEW CONSTANT R,
       NEW CONSTANT S,
       NEW CONSTANT x \in S,
       NEW CONSTANT y \in S,
       IsWellFoundedOn(R, S) ,
       <<x, y>> \in R ,
       <<y, x>> \in R ,
       \E u \in {x, y} : \A v \in {x, y} : <<v, u>> \notin R 
PROVE  \E u \in {x, y} : \A v \in {x, y} : <<v, u>> \notin R

@!!END

@!!BEGIN
@!!type:obligation
@!!id:51
@!!loc:145:3:145:5
@!!status:normalized
@!!meth:time-limit: 30
@!!obl:ASSUME NEW CONSTANT R,
       NEW CONSTANT S,
       NEW CONSTANT x \in S,
       NEW CONSTANT y \in S,
       IsWellFoundedOn(R, S) ,
       <<x, y>> \in R ,
       <<y, x>> \in R ,
       ASSUME NEW CONSTANT R_1,
              NEW CONSTANT S_1,
              IsWellFoundedOn(R_1, S_1) ,
              NEW CONSTANT T,
              T \subseteq S_1 ,
              T # {} 
       PROVE  \E x_1 \in T : \A y_1 \in T : ~<<y_1, x_1>> \in R_1 ,
       TRUE 
PROVE  \E u \in {x, y} : \A v \in {x, y} : <<v, u>> \notin R

@!!END

@!!BEGIN
@!!type:obligation
@!!id:52
@!!loc:145:6:145:11
@!!status:trivial
@!!prover:tlapm
@!!already:false
@!!obl:ASSUME ASSUME NEW CONSTANT R,
              NEW CONSTANT S,
              IsWellFoundedOn(R, S) ,
              NEW CONSTANT T,
              T \subseteq S ,
              T # {} 
       PROVE  \E x \in T : \A y \in T : ~<<y, x>> \in R ,
       NEW CONSTANT R,
       NEW CONSTANT S,
       NEW CONSTANT x \in S,
       NEW CONSTANT y \in S,
       IsWellFoundedOn(R, S) ,
       <<x, y>> \in R ,
       <<y, x>> \in R 
PROVE  ASSUME NEW CONSTANT R_1,
              NEW CONSTANT S_1,
              IsWellFoundedOn(R_1, S_1) ,
              NEW CONSTANT T,
              T \subseteq S_1 ,
              T # {} 
       PROVE  \E x_1 \in T : \A y_1 \in T : ~<<y_1, x_1>> \in R_1

@!!END

@!!BEGIN
@!!type:obligation
@!!id:53
@!!loc:145:13:145:26
@!!status:trivial
@!!prover:tlapm
@!!already:false
@!!obl:ASSUME NEW CONSTANT R,
       NEW CONSTANT S,
       NEW CONSTANT x \in S,
       NEW CONSTANT y \in S,
       IsWellFoundedOn(R, S) ,
       <<x, y>> \in R ,
       <<y, x>> \in R ,
       ASSUME NEW CONSTANT R_1,
              NEW CONSTANT S_1,
              IsWellFoundedOn(R_1, S_1) ,
              NEW CONSTANT T,
              T \subseteq S_1 ,
              T # {} 
       PROVE  \E x_1 \in T : \A y_1 \in T : ~<<y_1, x_1>> \in R_1 
PROVE  TRUE

@!!END

@!!BEGIN
@!!type:obligation
@!!id:54
@!!loc:156:1:156:3
@!!status:normalized
@!!meth:time-limit: 5
@!!obl:ASSUME NEW CONSTANT R,
       NEW CONSTANT S,
       NEW CONSTANT x \in S,
       IsWellFoundedOn(R, S) ,
       ASSUME NEW CONSTANT R_1,
              NEW CONSTANT S_1,
              NEW CONSTANT x_1 \in S_1,
              IsWellFoundedOn(R_1, S_1) 
       PROVE  <<x_1, x_1>> \notin R_1 
PROVE  x \notin {y \in S : <<y, x>> \in R}

@!!END

@!!BEGIN
@!!type:obligation
@!!id:44
@!!loc:136:3:136:5
@!!status:proved
@!!prover:smt
@!!meth:time-limit: 5; time-used: 0.0 (1%)
@!!already:false
@!!obl:
ASSUME NEW CONSTANT R,
       NEW CONSTANT S,
       NEW CONSTANT x \in S,
       IsWellFoundedOn(R, S) ,
       \E z \in {x} : \A y \in {x} : <<y, z>> \notin R 
PROVE  <<x, x>> \notin R

@!!END

@!!BEGIN
@!!type:obligation
@!!id:41
@!!loc:120:3:120:10
@!!status:proved
@!!prover:smt
@!!meth:time-limit: 5; time-used: 0.1 (1%)
@!!already:false
@!!obl:
ASSUME NEW CONSTANT R,
       NEW CONSTANT S,
       \A T \in SUBSET S :
          T # {} => (\E x \in T : \A y \in T : ~<<y, x>> \in R) ,
       NEW CONSTANT f \in [Nat -> S],
       \A n \in Nat : <<f[n + 1], f[n]>> \in R 
PROVE  {f[n] : n \in Nat} \subseteq S

@!!END

@!!BEGIN
@!!type:obligation
@!!id:32
@!!loc:105:18:105:35
@!!status:proved
@!!prover:smt
@!!meth:time-limit: 5; time-used: 0.1 (2%)
@!!already:false
@!!obl:
ASSUME NEW CONSTANT R,
       NEW CONSTANT S,
       IsWellFoundedOn(R, S) ,
       NEW CONSTANT T,
       T \subseteq S ,
       T # {} ,
       \A x \in T : \E y \in T : <<y, x>> \in R ,
       NEW CONSTANT n \in Nat,
       (CHOOSE f :
          f
          = [n_1 \in Nat |->
               IF n_1 = 0
                 THEN CHOOSE x \in T : TRUE
                 ELSE CHOOSE x \in T : <<x, f[n_1 - 1]>> \in R])
       = [i \in Nat |->
            IF i = 0
              THEN CHOOSE x \in T : TRUE
              ELSE CHOOSE x \in T :
                     <<x,
                       (CHOOSE f :
                          f
                          = [n_1 \in Nat |->
                               IF n_1 = 0
                                 THEN CHOOSE x_1 \in T : TRUE
                                 ELSE CHOOSE x_1 \in T :
                                        <<x_1, f[n_1 - 1]>> \in R])[i - 1]>>
                     \in R] ,
       (CHOOSE f :
          f
          = [n_1 \in Nat |->
               IF n_1 = 0
                 THEN CHOOSE x \in T : TRUE
                 ELSE CHOOSE x \in T : <<x, f[n_1 - 1]>> \in R])
       \in [Nat -> T] 
PROVE  n + 1 \in Nat \ {0}

@!!END

@!!BEGIN
@!!type:obligation
@!!id:55
@!!loc:156:4:156:28
@!!status:trivial
@!!prover:tlapm
@!!already:false
@!!obl:ASSUME ASSUME NEW CONSTANT R,
              NEW CONSTANT S,
              NEW CONSTANT x \in S,
              IsWellFoundedOn(R, S) 
       PROVE  <<x, x>> \notin R ,
       NEW CONSTANT R,
       NEW CONSTANT S,
       NEW CONSTANT x \in S,
       IsWellFoundedOn(R, S) 
PROVE  ASSUME NEW CONSTANT R_1,
              NEW CONSTANT S_1,
              NEW CONSTANT x_1 \in S_1,
              IsWellFoundedOn(R_1, S_1) 
       PROVE  <<x_1, x_1>> \notin R_1

@!!END

@!!BEGIN
@!!type:obligation
@!!id:56
@!!loc:163:1:163:3
@!!status:normalized
@!!meth:time-limit: 5
@!!obl:ASSUME NEW CONSTANT R,
       NEW CONSTANT S,
       NEW CONSTANT x \in S,
       NEW CONSTANT y \in {y \in S : <<y, x>> \in R},
       \A i, j, k \in S : <<i, j>> \in R /\ <<j, k>> \in R => <<i, k>> \in R 
PROVE  {y_1 \in S : <<y_1, y>> \in R}
       \subseteq {y_1 \in S : <<y_1, x>> \in R}

@!!END

@!!BEGIN
@!!type:obligation
@!!id:57
@!!loc:184:3:184:5
@!!status:normalized
@!!meth:time-limit: 5
@!!obl:ASSUME NEW CONSTANT P(_),
       NEW CONSTANT R,
       NEW CONSTANT S,
       IsWellFoundedOn(R, S) ,
       \A x \in S : (\A y \in {y \in S : <<y, x>> \in R} : P(y)) => P(x) ,
       NEW CONSTANT x \in {x \in S : ~P(x)},
       \A y \in {x_1 \in S : ~P(x_1)} : ~<<y, x>> \in R 
PROVE  FALSE

@!!END

@!!BEGIN
@!!type:obligation
@!!id:58
@!!loc:184:6:184:10
@!!status:trivial
@!!prover:tlapm
@!!already:false
@!!obl:ASSUME NEW CONSTANT P(_),
       NEW CONSTANT R,
       NEW CONSTANT S,
       IsWellFoundedOn(R, S) ,
       \A x \in S : (\A y \in {y \in S : <<y, x>> \in R} : P(y)) => P(x) ,
       NEW CONSTANT x \in {x \in S : ~P(x)},
       \A y \in {x_1 \in S : ~P(x_1)} : ~<<y, x>> \in R 
PROVE  \A y \in {x_1 \in S : ~P(x_1)} : ~<<y, x>> \in R

@!!END

@!!BEGIN
@!!type:obligation
@!!id:59
@!!loc:180:3:180:10
@!!status:normalized
@!!meth:time-limit: 5
@!!obl:ASSUME NEW CONSTANT P(_),
       NEW CONSTANT R,
       NEW CONSTANT S,
       IsWellFoundedOn(R, S) ,
       \A x \in S : (\A y \in SetLessThan(x, R, S) : P(y)) => P(x) ,
       ASSUME {x \in S : ~P(x)} # {} 
       PROVE  FALSE 
PROVE  \A x \in S : P(x)

@!!END

@!!BEGIN
@!!type:obligation
@!!id:54
@!!loc:156:1:156:3
@!!status:proved
@!!prover:smt
@!!meth:time-limit: 5; time-used: 0.0 (1%)
@!!already:false
@!!obl:
ASSUME NEW CONSTANT R,
       NEW CONSTANT S,
       NEW CONSTANT x \in S,
       IsWellFoundedOn(R, S) ,
       ASSUME NEW CONSTANT R_1,
              NEW CONSTANT S_1,
              NEW CONSTANT x_1 \in S_1,
              IsWellFoundedOn(R_1, S_1) 
       PROVE  <<x_1, x_1>> \notin R_1 
PROVE  x \notin {y \in S : <<y, x>> \in R}

@!!END

@!!BEGIN
@!!type:obligation
@!!id:60
@!!loc:182:3:182:5
@!!status:normalized
@!!meth:time-limit: 10
@!!obl:ASSUME NEW CONSTANT P(_),
       NEW CONSTANT R,
       NEW CONSTANT S,
       IsWellFoundedOn(R, S) ,
       \A x \in S : (\A y \in SetLessThan(x, R, S) : P(y)) => P(x) ,
       {x \in S : ~P(x)} # {} ,
       ASSUME NEW CONSTANT R_1,
              NEW CONSTANT S_1,
              IsWellFoundedOn(R_1, S_1) ,
              NEW CONSTANT T,
              T \subseteq S_1 ,
              T # {} 
       PROVE  \E x \in T : \A y \in T : ~<<y, x>> \in R_1 ,
       TRUE 
PROVE  \E x \in {x \in S : ~P(x)} :
          \A y \in {x_1 \in S : ~P(x_1)} : ~<<y, x>> \in R

@!!END

@!!BEGIN
@!!type:obligation
@!!id:56
@!!loc:163:1:163:3
@!!status:proved
@!!prover:smt
@!!meth:time-limit: 5; time-used: 0.0 (1%)
@!!already:false
@!!obl:
ASSUME NEW CONSTANT R,
       NEW CONSTANT S,
       NEW CONSTANT x \in S,
       NEW CONSTANT y \in {y \in S : <<y, x>> \in R},
       \A i, j, k \in S : <<i, j>> \in R /\ <<j, k>> \in R => <<i, k>> \in R 
PROVE  {y_1 \in S : <<y_1, y>> \in R}
       \subseteq {y_1 \in S : <<y_1, x>> \in R}

@!!END

@!!BEGIN
@!!type:obligation
@!!id:61
@!!loc:182:6:182:10
@!!status:trivial
@!!prover:tlapm
@!!already:false
@!!obl:ASSUME NEW CONSTANT P(_),
       NEW CONSTANT R,
       NEW CONSTANT S,
       IsWellFoundedOn(R, S) ,
       \A x \in S : (\A y \in SetLessThan(x, R, S) : P(y)) => P(x) ,
       {x \in S : ~P(x)} # {} 
PROVE  {x \in S : ~P(x)} # {}

@!!END

@!!BEGIN
@!!type:obligation
@!!id:62
@!!loc:182:12:182:17
@!!status:trivial
@!!prover:tlapm
@!!already:false
@!!obl:ASSUME ASSUME NEW CONSTANT R,
              NEW CONSTANT S,
              IsWellFoundedOn(R, S) ,
              NEW CONSTANT T,
              T \subseteq S ,
              T # {} 
       PROVE  \E x \in T : \A y \in T : ~<<y, x>> \in R ,
       NEW CONSTANT P(_),
       NEW CONSTANT R,
       NEW CONSTANT S,
       IsWellFoundedOn(R, S) ,
       \A x \in S : (\A y \in SetLessThan(x, R, S) : P(y)) => P(x) ,
       {x \in S : ~P(x)} # {} 
PROVE  ASSUME NEW CONSTANT R_1,
              NEW CONSTANT S_1,
              IsWellFoundedOn(R_1, S_1) ,
              NEW CONSTANT T,
              T \subseteq S_1 ,
              T # {} 
       PROVE  \E x \in T : \A y \in T : ~<<y, x>> \in R_1

@!!END

@!!BEGIN
@!!type:obligation
@!!id:63
@!!loc:182:19:182:24
@!!status:trivial
@!!prover:tlapm
@!!already:false
@!!obl:ASSUME NEW CONSTANT P(_),
       NEW CONSTANT R,
       NEW CONSTANT S,
       IsWellFoundedOn(R, S) ,
       \A x \in S : (\A y \in SetLessThan(x, R, S) : P(y)) => P(x) ,
       {x \in S : ~P(x)} # {} ,
       ASSUME NEW CONSTANT R_1,
              NEW CONSTANT S_1,
              IsWellFoundedOn(R_1, S_1) ,
              NEW CONSTANT T,
              T \subseteq S_1 ,
              T # {} 
       PROVE  \E x \in T : \A y \in T : ~<<y, x>> \in R_1 
PROVE  TRUE

@!!END

@!!BEGIN
@!!type:obligation
@!!id:65
@!!loc:229:3:229:5
@!!status:normalized
@!!meth:time-limit: 30
@!!obl:ASSUME NEW CONSTANT Def(_, _),
       NEW CONSTANT R,
       NEW CONSTANT S,
       IsWellFoundedOn(R, S) ,
       WFDefOn(R, S, Def) ,
       NEW CONSTANT g,
       NEW CONSTANT h,
       ASSUME NEW CONSTANT x \in S,
              \A y \in SetLessThan(x, R, S) : g[y] = h[y] 
       PROVE  g[x] = h[x] ,
       ASSUME NEW CONSTANT P(_),
              NEW CONSTANT R_1,
              NEW CONSTANT S_1,
              IsWellFoundedOn(R_1, S_1) ,
              \A x \in S_1 :
                 (\A y \in SetLessThan(x, R_1, S_1) : P(y)) => P(x) 
       PROVE  \A x \in S_1 : P(x) ,
       TRUE 
PROVE  \A x \in S : g[x] = h[x]

@!!END

@!!BEGIN
@!!type:obligation
@!!id:57
@!!loc:184:3:184:5
@!!status:proved
@!!prover:smt
@!!meth:time-limit: 5; time-used: 0.0 (1%)
@!!already:false
@!!obl:
ASSUME NEW CONSTANT P(_),
       NEW CONSTANT R,
       NEW CONSTANT S,
       IsWellFoundedOn(R, S) ,
       \A x \in S : (\A y \in {y \in S : <<y, x>> \in R} : P(y)) => P(x) ,
       NEW CONSTANT x \in {x \in S : ~P(x)},
       \A y \in {x_1 \in S : ~P(x_1)} : ~<<y, x>> \in R 
PROVE  FALSE

@!!END

@!!BEGIN
@!!type:obligation
@!!id:66
@!!loc:229:6:229:10
@!!status:trivial
@!!prover:tlapm
@!!already:false
@!!obl:ASSUME NEW CONSTANT Def(_, _),
       NEW CONSTANT R,
       NEW CONSTANT S,
       IsWellFoundedOn(R, S) ,
       WFDefOn(R, S, Def) ,
       NEW CONSTANT g,
       NEW CONSTANT h,
       ASSUME NEW CONSTANT x \in S,
              \A y \in SetLessThan(x, R, S) : g[y] = h[y] 
       PROVE  g[x] = h[x] 
PROVE  ASSUME NEW CONSTANT x \in S,
              \A y \in SetLessThan(x, R, S) : g[y] = h[y] 
       PROVE  g[x] = h[x]

@!!END

@!!BEGIN
@!!type:obligation
@!!id:67
@!!loc:229:12:229:23
@!!status:trivial
@!!prover:tlapm
@!!already:false
@!!obl:ASSUME ASSUME NEW CONSTANT P(_),
              NEW CONSTANT R,
              NEW CONSTANT S,
              IsWellFoundedOn(R, S) ,
              \A x \in S : (\A y \in SetLessThan(x, R, S) : P(y)) => P(x) 
       PROVE  \A x \in S : P(x) ,
       NEW CONSTANT Def(_, _),
       NEW CONSTANT R,
       NEW CONSTANT S,
       IsWellFoundedOn(R, S) ,
       WFDefOn(R, S, Def) ,
       NEW CONSTANT g,
       NEW CONSTANT h,
       ASSUME NEW CONSTANT x \in S,
              \A y \in SetLessThan(x, R, S) : g[y] = h[y] 
       PROVE  g[x] = h[x] 
PROVE  ASSUME NEW CONSTANT P(_),
              NEW CONSTANT R_1,
              NEW CONSTANT S_1,
              IsWellFoundedOn(R_1, S_1) ,
              \A x \in S_1 :
                 (\A y \in SetLessThan(x, R_1, S_1) : P(y)) => P(x) 
       PROVE  \A x \in S_1 : P(x)

@!!END

@!!BEGIN
@!!type:obligation
@!!id:68
@!!loc:229:25:229:28
@!!status:trivial
@!!prover:tlapm
@!!already:false
@!!obl:ASSUME NEW CONSTANT Def(_, _),
       NEW CONSTANT R,
       NEW CONSTANT S,
       IsWellFoundedOn(R, S) ,
       WFDefOn(R, S, Def) ,
       NEW CONSTANT g,
       NEW CONSTANT h,
       ASSUME NEW CONSTANT x \in S,
              \A y \in SetLessThan(x, R, S) : g[y] = h[y] 
       PROVE  g[x] = h[x] ,
       ASSUME NEW CONSTANT P(_),
              NEW CONSTANT R_1,
              NEW CONSTANT S_1,
              IsWellFoundedOn(R_1, S_1) ,
              \A x \in S_1 :
                 (\A y \in SetLessThan(x, R_1, S_1) : P(y)) => P(x) 
       PROVE  \A x \in S_1 : P(x) 
PROVE  TRUE

@!!END

@!!BEGIN
@!!type:obligation
@!!id:69
@!!loc:218:3:218:5
@!!status:normalized
@!!meth:time-limit: 5
@!!obl:ASSUME NEW CONSTANT Def(_, _),
       NEW CONSTANT R,
       NEW CONSTANT S,
       IsWellFoundedOn(R, S) ,
       WFDefOn(R, S, Def) ,
       ASSUME NEW CONSTANT g,
              NEW CONSTANT h,
              WFInductiveDefines(g, S, Def) ,
              WFInductiveDefines(h, S, Def) 
       PROVE  g = h 
PROVE  \A g, h :
          (/\ WFInductiveDefines(g, S, Def)
           /\ WFInductiveDefines(h, S, Def))
          => g = h

@!!END

@!!BEGIN
@!!type:obligation
@!!id:59
@!!loc:180:3:180:10
@!!status:proved
@!!prover:smt
@!!meth:time-limit: 5; time-used: 0.0 (1%)
@!!already:false
@!!obl:
ASSUME NEW CONSTANT P(_),
       NEW CONSTANT R,
       NEW CONSTANT S,
       IsWellFoundedOn(R, S) ,
       \A x \in S : (\A y \in SetLessThan(x, R, S) : P(y)) => P(x) ,
       ASSUME {x \in S : ~P(x)} # {} 
       PROVE  FALSE 
PROVE  \A x \in S : P(x)

@!!END

@!!BEGIN
@!!type:obligation
@!!id:35
@!!loc:124:3:124:5
@!!status:proved
@!!prover:zenon
@!!meth:time-limit: 10; time-used: 0.2 (2%)
@!!already:false
@!!obl:
ASSUME NEW CONSTANT R,
       NEW CONSTANT S,
       \A T \in SUBSET S :
          T # {} => (\E x \in T : \A y \in T : ~<<y, x>> \in R) ,
       NEW CONSTANT f \in [Nat -> S],
       \A n \in Nat : <<f[n + 1], f[n]>> \in R ,
       {f[n] : n \in Nat} \subseteq S ,
       \A x \in {f[n] : n \in Nat} :
          \E y \in {f[n] : n \in Nat} : <<y, x>> \in R ,
       TRUE 
PROVE  FALSE

@!!END

@!!BEGIN
@!!type:obligation
@!!id:70
@!!loc:220:3:220:5
@!!status:normalized
@!!meth:time-limit: 5
@!!obl:ASSUME NEW CONSTANT Def(_, _),
       NEW CONSTANT R,
       NEW CONSTANT S,
       IsWellFoundedOn(R, S) ,
       WFDefOn(R, S, Def) ,
       NEW CONSTANT g,
       NEW CONSTANT h,
       \A x \in S : g[x] = h[x] ,
       /\ g = [x \in S |-> Def(g, x)]
       /\ h = [x \in S |-> Def(h, x)] 
PROVE  g = h

@!!END

@!!BEGIN
@!!type:obligation
@!!id:71
@!!loc:220:6:220:10
@!!status:trivial
@!!prover:tlapm
@!!already:false
@!!obl:ASSUME NEW CONSTANT Def(_, _),
       NEW CONSTANT R,
       NEW CONSTANT S,
       IsWellFoundedOn(R, S) ,
       WFDefOn(R, S, Def) ,
       NEW CONSTANT g,
       NEW CONSTANT h,
       /\ g = [x \in S |-> Def(g, x)]
       /\ h = [x \in S |-> Def(h, x)] ,
       \A x \in S : g[x] = h[x] 
PROVE  /\ g = [x \in S |-> Def(g, x)]
       /\ h = [x \in S |-> Def(h, x)]

@!!END

@!!BEGIN
@!!type:obligation
@!!id:72
@!!loc:227:5:227:7
@!!status:normalized
@!!meth:time-limit: 5
@!!obl:ASSUME NEW CONSTANT Def(_, _),
       NEW CONSTANT R,
       NEW CONSTANT S,
       IsWellFoundedOn(R, S) ,
       WFDefOn(R, S, Def) ,
       NEW CONSTANT g,
       NEW CONSTANT h,
       NEW CONSTANT x \in S,
       /\ g = [x_1 \in S |-> Def(g, x_1)]
       /\ h = [x_1 \in S |-> Def(h, x_1)] ,
       Def(g, x) = Def(h, x) 
PROVE  g[x] = h[x]

@!!END

@!!BEGIN
@!!type:obligation
@!!id:60
@!!loc:182:3:182:5
@!!status:proved
@!!prover:zenon
@!!meth:time-limit: 10; time-used: 0.1 (1%)
@!!already:false
@!!obl:
ASSUME NEW CONSTANT P(_),
       NEW CONSTANT R,
       NEW CONSTANT S,
       IsWellFoundedOn(R, S) ,
       \A x \in S : (\A y \in SetLessThan(x, R, S) : P(y)) => P(x) ,
       {x \in S : ~P(x)} # {} ,
       ASSUME NEW CONSTANT R_1,
              NEW CONSTANT S_1,
              IsWellFoundedOn(R_1, S_1) ,
              NEW CONSTANT T,
              T \subseteq S_1 ,
              T # {} 
       PROVE  \E x \in T : \A y \in T : ~<<y, x>> \in R_1 ,
       TRUE 
PROVE  \E x \in {x \in S : ~P(x)} :
          \A y \in {x_1 \in S : ~P(x_1)} : ~<<y, x>> \in R

@!!END

@!!BEGIN
@!!type:obligation
@!!id:49
@!!loc:147:3:147:5
@!!status:proved
@!!prover:smt
@!!meth:time-limit: 5; time-used: 0.1 (2%)
@!!already:false
@!!obl:
ASSUME NEW CONSTANT R,
       NEW CONSTANT S,
       NEW CONSTANT x \in S,
       NEW CONSTANT y \in S,
       IsWellFoundedOn(R, S) ,
       <<x, y>> \in R ,
       <<y, x>> \in R ,
       \E u \in {x, y} : \A v \in {x, y} : <<v, u>> \notin R 
PROVE  FALSE

@!!END

@!!BEGIN
@!!type:obligation
@!!id:73
@!!loc:227:8:227:12
@!!status:trivial
@!!prover:tlapm
@!!already:false
@!!obl:ASSUME NEW CONSTANT Def(_, _),
       NEW CONSTANT R,
       NEW CONSTANT S,
       IsWellFoundedOn(R, S) ,
       WFDefOn(R, S, Def) ,
       NEW CONSTANT g,
       NEW CONSTANT h,
       /\ g = [x \in S |-> Def(g, x)]
       /\ h = [x \in S |-> Def(h, x)] ,
       NEW CONSTANT x \in S
PROVE  /\ g = [x_1 \in S |-> Def(g, x_1)]
       /\ h = [x_1 \in S |-> Def(h, x_1)]

@!!END

@!!BEGIN
@!!type:obligation
@!!id:74
@!!loc:227:14:227:18
@!!status:trivial
@!!prover:tlapm
@!!already:false
@!!obl:ASSUME NEW CONSTANT Def(_, _),
       NEW CONSTANT R,
       NEW CONSTANT S,
       IsWellFoundedOn(R, S) ,
       WFDefOn(R, S, Def) ,
       NEW CONSTANT g,
       NEW CONSTANT h,
       NEW CONSTANT x \in S,
       Def(g, x) = Def(h, x) ,
       /\ g = [x_1 \in S |-> Def(g, x_1)]
       /\ h = [x_1 \in S |-> Def(h, x_1)] 
PROVE  Def(g, x) = Def(h, x)

@!!END

@!!BEGIN
@!!type:obligation
@!!id:75
@!!loc:225:5:225:7
@!!status:normalized
@!!meth:time-limit: 5
@!!obl:ASSUME NEW CONSTANT Def(_, _),
       NEW CONSTANT R,
       NEW CONSTANT S,
       IsWellFoundedOn(R, S) ,
       \A g, h :
          \A x \in S :
             (\A y \in SetLessThan(x, R, S) : g[y] = h[y])
             => Def(g, x) = Def(h, x) ,
       NEW CONSTANT g,
       NEW CONSTANT h,
       NEW CONSTANT x \in S,
       \A y \in SetLessThan(x, R, S) : g[y] = h[y] 
PROVE  Def(g, x) = Def(h, x)

@!!END

@!!BEGIN
@!!type:obligation
@!!id:76
@!!loc:225:8:225:12
@!!status:trivial
@!!prover:tlapm
@!!already:false
@!!obl:ASSUME NEW CONSTANT Def(_, _),
       NEW CONSTANT R,
       NEW CONSTANT S,
       IsWellFoundedOn(R, S) ,
       \A g, h :
          \A x \in S :
             (\A y \in SetLessThan(x, R, S) : g[y] = h[y])
             => Def(g, x) = Def(h, x) ,
       NEW CONSTANT g,
       NEW CONSTANT h,
       NEW CONSTANT x \in S,
       \A y \in SetLessThan(x, R, S) : g[y] = h[y] 
PROVE  \A y \in SetLessThan(x, R, S) : g[y] = h[y]

@!!END

@!!BEGIN
@!!type:obligation
@!!id:77
@!!loc:292:5:292:7
@!!status:normalized
@!!meth:time-limit: 5
@!!obl:ASSUME NEW CONSTANT Def(_, _),
       NEW CONSTANT R,
       NEW CONSTANT S,
       NEW CONSTANT f,
       IsWellFoundedOn(R, S) ,
       IsTransitivelyClosedOn(R, S) ,
       WFDefOn(R, S, Def) ,
       f = (CHOOSE g : g = [x \in S |-> Def(g, x)]) ,
       ff = [x \in S |-> Def(ff, x)] 
PROVE  f = [x \in S |-> Def(f, x)]

@!!END

@!!BEGIN
@!!type:obligation
@!!id:70
@!!loc:220:3:220:5
@!!status:proved
@!!prover:smt
@!!meth:time-limit: 5; time-used: 0.0 (1%)
@!!already:false
@!!obl:
ASSUME NEW CONSTANT Def(_, _),
       NEW CONSTANT R,
       NEW CONSTANT S,
       IsWellFoundedOn(R, S) ,
       WFDefOn(R, S, Def) ,
       NEW CONSTANT g,
       NEW CONSTANT h,
       \A x \in S : g[x] = h[x] ,
       /\ g = [x \in S |-> Def(g, x)]
       /\ h = [x \in S |-> Def(h, x)] 
PROVE  g = h

@!!END

@!!BEGIN
@!!type:obligation
@!!id:69
@!!loc:218:3:218:5
@!!status:proved
@!!prover:smt
@!!meth:time-limit: 5; time-used: 0.1 (1%)
@!!already:false
@!!obl:
ASSUME NEW CONSTANT Def(_, _),
       NEW CONSTANT R,
       NEW CONSTANT S,
       IsWellFoundedOn(R, S) ,
       WFDefOn(R, S, Def) ,
       ASSUME NEW CONSTANT g,
              NEW CONSTANT h,
              WFInductiveDefines(g, S, Def) ,
              WFInductiveDefines(h, S, Def) 
       PROVE  g = h 
PROVE  \A g, h :
          (/\ WFInductiveDefines(g, S, Def)
           /\ WFInductiveDefines(h, S, Def))
          => g = h

@!!END

@!!BEGIN
@!!type:obligation
@!!id:78
@!!loc:292:8:292:12
@!!status:trivial
@!!prover:tlapm
@!!already:false
@!!obl:ASSUME NEW CONSTANT Def(_, _),
       NEW CONSTANT R,
       NEW CONSTANT S,
       NEW CONSTANT f,
       IsWellFoundedOn(R, S) ,
       IsTransitivelyClosedOn(R, S) ,
       WFDefOn(R, S, Def) ,
       f = (CHOOSE g : g = [x \in S |-> Def(g, x)]) ,
       ff = [x \in S |-> Def(ff, x)] 
PROVE  ff = [x \in S |-> Def(ff, x)]

@!!END

@!!BEGIN
@!!type:obligation
@!!id:79
@!!loc:290:5:290:7
@!!status:normalized
@!!meth:time-limit: 5
@!!obl:ASSUME NEW CONSTANT Def(_, _),
       NEW CONSTANT R,
       NEW CONSTANT S,
       NEW CONSTANT f,
       IsWellFoundedOn(R, S) ,
       IsTransitivelyClosedOn(R, S) ,
       WFDefOn(R, S, Def) ,
       OpDefinesFcn(f, S, Def) ,
       \A x \in S :
          [x_1 \in S |-> (CHOOSE g : g = [y \in LT(x_1) |-> Def(g, y)])[x_1]][x]
          = Def([x_1 \in S |->
                   (CHOOSE g : g = [y \in LT(x_1) |-> Def(g, y)])[x_1]],
                x) 
PROVE  [x \in S |-> (CHOOSE g : g = [y \in LT(x) |-> Def(g, y)])[x]]
       = [x \in S |->
            Def([x_1 \in S |->
                   (CHOOSE g : g = [y \in LT(x_1) |-> Def(g, y)])[x_1]],
                x)]

@!!END

@!!BEGIN
@!!type:obligation
@!!id:80
@!!loc:290:8:290:12
@!!status:trivial
@!!prover:tlapm
@!!already:false
@!!obl:ASSUME NEW CONSTANT Def(_, _),
       NEW CONSTANT R,
       NEW CONSTANT S,
       NEW CONSTANT f,
       IsWellFoundedOn(R, S) ,
       IsTransitivelyClosedOn(R, S) ,
       WFDefOn(R, S, Def) ,
       OpDefinesFcn(f, S, Def) ,
       \A x \in S :
          [x_1 \in S |-> (CHOOSE g : g = [y \in LT(x_1) |-> Def(g, y)])[x_1]][x]
          = Def([x_1 \in S |->
                   (CHOOSE g : g = [y \in LT(x_1) |-> Def(g, y)])[x_1]],
                x) 
PROVE  \A x \in S :
          [x_1 \in S |-> (CHOOSE g : g = [y \in LT(x_1) |-> Def(g, y)])[x_1]][x]
          = Def([x_1 \in S |->
                   (CHOOSE g : g = [y \in LT(x_1) |-> Def(g, y)])[x_1]],
                x)

@!!END

@!!BEGIN
@!!type:obligation
@!!id:81
@!!loc:245:3:245:5
@!!status:normalized
@!!meth:time-limit: 30
@!!obl:ASSUME NEW CONSTANT Def(_, _),
       NEW CONSTANT R,
       NEW CONSTANT S,
       NEW CONSTANT f,
       IsWellFoundedOn(R, S) ,
       \A i, j, k \in S : <<i, j>> \in R /\ <<j, k>> \in R => <<i, k>> \in R ,
       WFDefOn(R, S, Def) ,
       OpDefinesFcn(f, S, Def) ,
       NEW CONSTANT x \in S,
       TRUE 
PROVE  /\ {x} \cup {y \in S : <<y, x>> \in R}
          = {x}
            \cup (UNION {{y} \cup {y_1 \in S : <<y_1, y>> \in R} :
                           y \in {y \in S : <<y, x>> \in R}})
       /\ x \in {x} \cup {y \in S : <<y, x>> \in R}
          /\ {y \in S : <<y, x>> \in R}
             \subseteq {x} \cup {y \in S : <<y, x>> \in R}
       /\ \A y \in {x} \cup {y \in S : <<y, x>> \in R} :
             {y_1 \in S : <<y_1, y>> \in R}
             \subseteq {x} \cup {y_1 \in S : <<y_1, x>> \in R}
       /\ \A y \in {x} \cup {y \in S : <<y, x>> \in R} :
             {y} \cup {y_1 \in S : <<y_1, y>> \in R}
             \subseteq {x} \cup {y_1 \in S : <<y_1, x>> \in R}
       /\ {x} \cup {y \in S : <<y, x>> \in R} \subseteq S

@!!END

@!!BEGIN
@!!type:obligation
@!!id:75
@!!loc:225:5:225:7
@!!status:proved
@!!prover:smt
@!!meth:time-limit: 5; time-used: 0.0 (1%)
@!!already:false
@!!obl:
ASSUME NEW CONSTANT Def(_, _),
       NEW CONSTANT R,
       NEW CONSTANT S,
       IsWellFoundedOn(R, S) ,
       \A g, h :
          \A x \in S :
             (\A y \in SetLessThan(x, R, S) : g[y] = h[y])
             => Def(g, x) = Def(h, x) ,
       NEW CONSTANT g,
       NEW CONSTANT h,
       NEW CONSTANT x \in S,
       \A y \in SetLessThan(x, R, S) : g[y] = h[y] 
PROVE  Def(g, x) = Def(h, x)

@!!END

@!!BEGIN
@!!type:obligation
@!!id:72
@!!loc:227:5:227:7
@!!status:proved
@!!prover:smt
@!!meth:time-limit: 5; time-used: 0.1 (1%)
@!!already:false
@!!obl:
ASSUME NEW CONSTANT Def(_, _),
       NEW CONSTANT R,
       NEW CONSTANT S,
       IsWellFoundedOn(R, S) ,
       WFDefOn(R, S, Def) ,
       NEW CONSTANT g,
       NEW CONSTANT h,
       NEW CONSTANT x \in S,
       /\ g = [x_1 \in S |-> Def(g, x_1)]
       /\ h = [x_1 \in S |-> Def(h, x_1)] ,
       Def(g, x) = Def(h, x) 
PROVE  g[x] = h[x]

@!!END

@!!BEGIN
@!!type:obligation
@!!id:82
@!!loc:245:6:245:9
@!!status:trivial
@!!prover:tlapm
@!!already:false
@!!obl:ASSUME NEW CONSTANT Def(_, _),
       NEW CONSTANT R,
       NEW CONSTANT S,
       NEW CONSTANT f,
       IsWellFoundedOn(R, S) ,
       \A i, j, k \in S : <<i, j>> \in R /\ <<j, k>> \in R => <<i, k>> \in R ,
       WFDefOn(R, S, Def) ,
       OpDefinesFcn(f, S, Def) ,
       NEW CONSTANT x \in S
PROVE  TRUE

@!!END

@!!BEGIN
@!!type:obligation
@!!id:83
@!!loc:286:5:286:7
@!!status:normalized
@!!meth:time-limit: 10
@!!obl:ASSUME NEW CONSTANT Def(_, _),
       NEW CONSTANT R,
       NEW CONSTANT S,
       NEW CONSTANT f,
       IsWellFoundedOn(R, S) ,
       IsTransitivelyClosedOn(R, S) ,
       WFDefOn(R, S, Def) ,
       OpDefinesFcn(f, S, Def) ,
       NEW CONSTANT x \in S,
       ASSUME NEW CONSTANT x_1 \in S
       PROVE  /\ LT(x_1)
                 = {x_1} \cup (UNION {LT(y) : y \in SetLessThan(x_1, R, S)})
              /\ x_1 \in LT(x_1) /\ SetLessThan(x_1, R, S) \subseteq LT(x_1)
              /\ \A y \in LT(x_1) : SetLessThan(y, R, S) \subseteq LT(x_1)
              /\ \A y \in LT(x_1) : LT(y) \subseteq LT(x_1)
              /\ LT(x_1) \subseteq S ,
       [y \in LT(x) |->
          Def([x_1 \in S |->
                 (CHOOSE g : g = [y_1 \in LT(x_1) |-> Def(g, y_1)])[x_1]],
              y)]
       = (CHOOSE g : g = [y \in LT(x) |-> Def(g, y)]) ,
       TRUE 
PROVE  [x_1 \in S |-> (CHOOSE g : g = [y \in LT(x_1) |-> Def(g, y)])[x_1]][x]
       = Def([x_1 \in S |->
                (CHOOSE g : g = [y \in LT(x_1) |-> Def(g, y)])[x_1]],
             x)

@!!END

@!!BEGIN
@!!type:obligation
@!!id:84
@!!loc:286:8:286:12
@!!status:trivial
@!!prover:tlapm
@!!already:false
@!!obl:ASSUME NEW CONSTANT Def(_, _),
       NEW CONSTANT R,
       NEW CONSTANT S,
       NEW CONSTANT f,
       IsWellFoundedOn(R, S) ,
       IsTransitivelyClosedOn(R, S) ,
       WFDefOn(R, S, Def) ,
       OpDefinesFcn(f, S, Def) ,
       ASSUME NEW CONSTANT x \in S
       PROVE  /\ LT(x)
                 = {x} \cup (UNION {LT(y) : y \in SetLessThan(x, R, S)})
              /\ x \in LT(x) /\ SetLessThan(x, R, S) \subseteq LT(x)
              /\ \A y \in LT(x) : SetLessThan(y, R, S) \subseteq LT(x)
              /\ \A y \in LT(x) : LT(y) \subseteq LT(x)
              /\ LT(x) \subseteq S ,
       NEW CONSTANT x \in S
PROVE  ASSUME NEW CONSTANT x_1 \in S
       PROVE  /\ LT(x_1)
                 = {x_1} \cup (UNION {LT(y) : y \in SetLessThan(x_1, R, S)})
              /\ x_1 \in LT(x_1) /\ SetLessThan(x_1, R, S) \subseteq LT(x_1)
              /\ \A y \in LT(x_1) : SetLessThan(y, R, S) \subseteq LT(x_1)
              /\ \A y \in LT(x_1) : LT(y) \subseteq LT(x_1)
              /\ LT(x_1) \subseteq S

@!!END

@!!BEGIN
@!!type:obligation
@!!id:85
@!!loc:286:14:286:18
@!!status:trivial
@!!prover:tlapm
@!!already:false
@!!obl:ASSUME NEW CONSTANT Def(_, _),
       NEW CONSTANT R,
       NEW CONSTANT S,
       NEW CONSTANT f,
       IsWellFoundedOn(R, S) ,
       IsTransitivelyClosedOn(R, S) ,
       WFDefOn(R, S, Def) ,
       OpDefinesFcn(f, S, Def) ,
       NEW CONSTANT x \in S,
       [y \in LT(x) |->
          Def([x_1 \in S |->
                 (CHOOSE g : g = [y_1 \in LT(x_1) |-> Def(g, y_1)])[x_1]],
              y)]
       = (CHOOSE g : g = [y \in LT(x) |-> Def(g, y)]) ,
       ASSUME NEW CONSTANT x_1 \in S
       PROVE  /\ LT(x_1)
                 = {x_1} \cup (UNION {LT(y) : y \in SetLessThan(x_1, R, S)})
              /\ x_1 \in LT(x_1) /\ SetLessThan(x_1, R, S) \subseteq LT(x_1)
              /\ \A y \in LT(x_1) : SetLessThan(y, R, S) \subseteq LT(x_1)
              /\ \A y \in LT(x_1) : LT(y) \subseteq LT(x_1)
              /\ LT(x_1) \subseteq S 
PROVE  [y \in LT(x) |->
          Def([x_1 \in S |->
                 (CHOOSE g : g = [y_1 \in LT(x_1) |-> Def(g, y_1)])[x_1]],
              y)]
       = (CHOOSE g : g = [y \in LT(x) |-> Def(g, y)])

@!!END

@!!BEGIN
@!!type:obligation
@!!id:86
@!!loc:286:20:286:25
@!!status:trivial
@!!prover:tlapm
@!!already:false
@!!obl:ASSUME NEW CONSTANT Def(_, _),
       NEW CONSTANT R,
       NEW CONSTANT S,
       NEW CONSTANT f,
       IsWellFoundedOn(R, S) ,
       IsTransitivelyClosedOn(R, S) ,
       WFDefOn(R, S, Def) ,
       OpDefinesFcn(f, S, Def) ,
       NEW CONSTANT x \in S,
       ASSUME NEW CONSTANT x_1 \in S
       PROVE  /\ LT(x_1)
                 = {x_1} \cup (UNION {LT(y) : y \in SetLessThan(x_1, R, S)})
              /\ x_1 \in LT(x_1) /\ SetLessThan(x_1, R, S) \subseteq LT(x_1)
              /\ \A y \in LT(x_1) : SetLessThan(y, R, S) \subseteq LT(x_1)
              /\ \A y \in LT(x_1) : LT(y) \subseteq LT(x_1)
              /\ LT(x_1) \subseteq S ,
       [y \in LT(x) |->
          Def([x_1 \in S |->
                 (CHOOSE g : g = [y_1 \in LT(x_1) |-> Def(g, y_1)])[x_1]],
              y)]
       = (CHOOSE g : g = [y \in LT(x) |-> Def(g, y)]) 
PROVE  TRUE

@!!END

@!!BEGIN
@!!type:obligation
@!!id:87
@!!loc:256:5:256:7
@!!status:normalized
@!!meth:time-limit: 30
@!!obl:ASSUME NEW CONSTANT Def(_, _),
       NEW CONSTANT R,
       NEW CONSTANT S,
       NEW CONSTANT f,
       IsWellFoundedOn(R, S) ,
       IsTransitivelyClosedOn(R, S) ,
       WFDefOn(R, S, Def) ,
       OpDefinesFcn(f, S, Def) ,
       ASSUME NEW CONSTANT x \in S,
              \A y \in SetLessThan(x, R, S) : ff[y] = Def(ff, y) 
       PROVE  ff[x] = Def(ff, x) ,
       ASSUME NEW CONSTANT P(_),
              NEW CONSTANT R_1,
              NEW CONSTANT S_1,
              IsWellFoundedOn(R_1, S_1) ,
              \A x \in S_1 :
                 (\A y \in SetLessThan(x, R_1, S_1) : P(y)) => P(x) 
       PROVE  \A x \in S_1 : P(x) ,
       TRUE 
PROVE  \A x \in S : ff[x] = Def(ff, x)

@!!END

@!!BEGIN
@!!type:obligation
@!!id:79
@!!loc:290:5:290:7
@!!status:proved
@!!prover:smt
@!!meth:time-limit: 5; time-used: 0.1 (1%)
@!!already:false
@!!obl:
ASSUME NEW CONSTANT Def(_, _),
       NEW CONSTANT R,
       NEW CONSTANT S,
       NEW CONSTANT f,
       IsWellFoundedOn(R, S) ,
       IsTransitivelyClosedOn(R, S) ,
       WFDefOn(R, S, Def) ,
       OpDefinesFcn(f, S, Def) ,
       \A x \in S :
          [x_1 \in S |-> (CHOOSE g : g = [y \in LT(x_1) |-> Def(g, y)])[x_1]][x]
          = Def([x_1 \in S |->
                   (CHOOSE g : g = [y \in LT(x_1) |-> Def(g, y)])[x_1]],
                x) 
PROVE  [x \in S |-> (CHOOSE g : g = [y \in LT(x) |-> Def(g, y)])[x]]
       = [x \in S |->
            Def([x_1 \in S |->
                   (CHOOSE g : g = [y \in LT(x_1) |-> Def(g, y)])[x_1]],
                x)]

@!!END

@!!BEGIN
@!!type:obligation
@!!id:88
@!!loc:256:8:256:19
@!!status:trivial
@!!prover:tlapm
@!!already:false
@!!obl:ASSUME ASSUME NEW CONSTANT P(_),
              NEW CONSTANT R,
              NEW CONSTANT S,
              IsWellFoundedOn(R, S) ,
              \A x \in S : (\A y \in SetLessThan(x, R, S) : P(y)) => P(x) 
       PROVE  \A x \in S : P(x) ,
       NEW CONSTANT Def(_, _),
       NEW CONSTANT R,
       NEW CONSTANT S,
       NEW CONSTANT f,
       IsWellFoundedOn(R, S) ,
       IsTransitivelyClosedOn(R, S) ,
       WFDefOn(R, S, Def) ,
       OpDefinesFcn(f, S, Def) ,
       ASSUME NEW CONSTANT x \in S,
              \A y \in SetLessThan(x, R, S) : ff[y] = Def(ff, y) 
       PROVE  ff[x] = Def(ff, x) 
PROVE  ASSUME NEW CONSTANT P(_),
              NEW CONSTANT R_1,
              NEW CONSTANT S_1,
              IsWellFoundedOn(R_1, S_1) ,
              \A x \in S_1 :
                 (\A y \in SetLessThan(x, R_1, S_1) : P(y)) => P(x) 
       PROVE  \A x \in S_1 : P(x)

@!!END

@!!BEGIN
@!!type:obligation
@!!id:89
@!!loc:256:21:256:24
@!!status:trivial
@!!prover:tlapm
@!!already:false
@!!obl:ASSUME NEW CONSTANT Def(_, _),
       NEW CONSTANT R,
       NEW CONSTANT S,
       NEW CONSTANT f,
       IsWellFoundedOn(R, S) ,
       IsTransitivelyClosedOn(R, S) ,
       WFDefOn(R, S, Def) ,
       OpDefinesFcn(f, S, Def) ,
       ASSUME NEW CONSTANT x \in S,
              \A y \in SetLessThan(x, R, S) : ff[y] = Def(ff, y) 
       PROVE  ff[x] = Def(ff, x) ,
       ASSUME NEW CONSTANT P(_),
              NEW CONSTANT R_1,
              NEW CONSTANT S_1,
              IsWellFoundedOn(R_1, S_1) ,
              \A x \in S_1 :
                 (\A y \in SetLessThan(x, R_1, S_1) : P(y)) => P(x) 
       PROVE  \A x \in S_1 : P(x) 
PROVE  TRUE

@!!END

@!!BEGIN
@!!type:obligation
@!!id:90
@!!loc:267:7:267:9
@!!status:normalized
@!!meth:time-limit: 10
@!!obl:ASSUME NEW CONSTANT Def(_, _),
       NEW CONSTANT R,
       NEW CONSTANT S,
       NEW CONSTANT f,
       IsWellFoundedOn(R, S) ,
       IsTransitivelyClosedOn(R, S) ,
       WFDefOn(R, S, Def) ,
       OpDefinesFcn(f, S, Def) ,
       NEW CONSTANT x \in S,
       IsWellFoundedOn(R, LT(x)) ,
       WFDefOn(R, LT(x), Def) ,
       ASSUME NEW CONSTANT Def_1(_, _),
              NEW CONSTANT R_1,
              NEW CONSTANT S_1,
              IsWellFoundedOn(R_1, S_1) ,
              WFDefOn(R_1, S_1, Def_1) 
       PROVE  WFInductiveUnique(S_1, Def_1) ,
       TRUE 
PROVE  WFInductiveUnique(LT(x), Def)

@!!END

@!!BEGIN
@!!type:obligation
@!!id:83
@!!loc:286:5:286:7
@!!status:proved
@!!prover:zenon
@!!meth:time-limit: 10; time-used: 0.1 (1%)
@!!already:false
@!!obl:
ASSUME NEW CONSTANT Def(_, _),
       NEW CONSTANT R,
       NEW CONSTANT S,
       NEW CONSTANT f,
       IsWellFoundedOn(R, S) ,
       IsTransitivelyClosedOn(R, S) ,
       WFDefOn(R, S, Def) ,
       OpDefinesFcn(f, S, Def) ,
       NEW CONSTANT x \in S,
       ASSUME NEW CONSTANT x_1 \in S
       PROVE  /\ LT(x_1)
                 = {x_1} \cup (UNION {LT(y) : y \in SetLessThan(x_1, R, S)})
              /\ x_1 \in LT(x_1) /\ SetLessThan(x_1, R, S) \subseteq LT(x_1)
              /\ \A y \in LT(x_1) : SetLessThan(y, R, S) \subseteq LT(x_1)
              /\ \A y \in LT(x_1) : LT(y) \subseteq LT(x_1)
              /\ LT(x_1) \subseteq S ,
       [y \in LT(x) |->
          Def([x_1 \in S |->
                 (CHOOSE g : g = [y_1 \in LT(x_1) |-> Def(g, y_1)])[x_1]],
              y)]
       = (CHOOSE g : g = [y \in LT(x) |-> Def(g, y)]) ,
       TRUE 
PROVE  [x_1 \in S |-> (CHOOSE g : g = [y \in LT(x_1) |-> Def(g, y)])[x_1]][x]
       = Def([x_1 \in S |->
                (CHOOSE g : g = [y \in LT(x_1) |-> Def(g, y)])[x_1]],
             x)

@!!END

@!!BEGIN
@!!type:obligation
@!!id:77
@!!loc:292:5:292:7
@!!status:proved
@!!prover:smt
@!!meth:time-limit: 5; time-used: 0.1 (2%)
@!!already:false
@!!obl:
ASSUME NEW CONSTANT Def(_, _),
       NEW CONSTANT R,
       NEW CONSTANT S,
       NEW CONSTANT f,
       IsWellFoundedOn(R, S) ,
       IsTransitivelyClosedOn(R, S) ,
       WFDefOn(R, S, Def) ,
       f = (CHOOSE g : g = [x \in S |-> Def(g, x)]) ,
       ff = [x \in S |-> Def(ff, x)] 
PROVE  f = [x \in S |-> Def(f, x)]

@!!END

@!!BEGIN
@!!type:obligation
@!!id:91
@!!loc:267:10:267:14
@!!status:trivial
@!!prover:tlapm
@!!already:false
@!!obl:ASSUME NEW CONSTANT Def(_, _),
       NEW CONSTANT R,
       NEW CONSTANT S,
       NEW CONSTANT f,
       IsWellFoundedOn(R, S) ,
       IsTransitivelyClosedOn(R, S) ,
       WFDefOn(R, S, Def) ,
       OpDefinesFcn(f, S, Def) ,
       NEW CONSTANT x \in S,
       IsWellFoundedOn(R, LT(x)) 
PROVE  IsWellFoundedOn(R, LT(x))

@!!END

@!!BEGIN
@!!type:obligation
@!!id:92
@!!loc:267:16:267:20
@!!status:trivial
@!!prover:tlapm
@!!already:false
@!!obl:ASSUME NEW CONSTANT Def(_, _),
       NEW CONSTANT R,
       NEW CONSTANT S,
       NEW CONSTANT f,
       IsWellFoundedOn(R, S) ,
       IsTransitivelyClosedOn(R, S) ,
       WFDefOn(R, S, Def) ,
       OpDefinesFcn(f, S, Def) ,
       NEW CONSTANT x \in S,
       WFDefOn(R, LT(x), Def) ,
       IsWellFoundedOn(R, LT(x)) 
PROVE  WFDefOn(R, LT(x), Def)

@!!END

@!!BEGIN
@!!type:obligation
@!!id:93
@!!loc:267:22:267:35
@!!status:trivial
@!!prover:tlapm
@!!already:false
@!!obl:ASSUME ASSUME NEW CONSTANT Def(_, _),
              NEW CONSTANT R,
              NEW CONSTANT S,
              IsWellFoundedOn(R, S) ,
              WFDefOn(R, S, Def) 
       PROVE  WFInductiveUnique(S, Def) ,
       NEW CONSTANT Def(_, _),
       NEW CONSTANT R,
       NEW CONSTANT S,
       NEW CONSTANT f,
       IsWellFoundedOn(R, S) ,
       IsTransitivelyClosedOn(R, S) ,
       WFDefOn(R, S, Def) ,
       OpDefinesFcn(f, S, Def) ,
       NEW CONSTANT x \in S,
       IsWellFoundedOn(R, LT(x)) ,
       WFDefOn(R, LT(x), Def) 
PROVE  ASSUME NEW CONSTANT Def_1(_, _),
              NEW CONSTANT R_1,
              NEW CONSTANT S_1,
              IsWellFoundedOn(R_1, S_1) ,
              WFDefOn(R_1, S_1, Def_1) 
       PROVE  WFInductiveUnique(S_1, Def_1)

@!!END

@!!BEGIN
@!!type:obligation
@!!id:94
@!!loc:267:37:267:42
@!!status:trivial
@!!prover:tlapm
@!!already:false
@!!obl:ASSUME NEW CONSTANT Def(_, _),
       NEW CONSTANT R,
       NEW CONSTANT S,
       NEW CONSTANT f,
       IsWellFoundedOn(R, S) ,
       IsTransitivelyClosedOn(R, S) ,
       WFDefOn(R, S, Def) ,
       OpDefinesFcn(f, S, Def) ,
       NEW CONSTANT x \in S,
       IsWellFoundedOn(R, LT(x)) ,
       WFDefOn(R, LT(x), Def) ,
       ASSUME NEW CONSTANT Def_1(_, _),
              NEW CONSTANT R_1,
              NEW CONSTANT S_1,
              IsWellFoundedOn(R_1, S_1) ,
              WFDefOn(R_1, S_1, Def_1) 
       PROVE  WFInductiveUnique(S_1, Def_1) 
PROVE  TRUE

@!!END

@!!BEGIN
@!!type:obligation
@!!id:95
@!!loc:259:7:259:9
@!!status:normalized
@!!meth:time-limit: 5
@!!obl:ASSUME NEW CONSTANT Def(_, _),
       NEW CONSTANT R,
       NEW CONSTANT S,
       NEW CONSTANT f,
       IsWellFoundedOn(R, S) ,
       IsTransitivelyClosedOn(R, S) ,
       WFDefOn(R, S, Def) ,
       OpDefinesFcn(f, S, Def) ,
       NEW CONSTANT x \in S,
       ASSUME NEW CONSTANT x_1 \in S
       PROVE  /\ LT(x_1)
                 = {x_1} \cup (UNION {LT(y) : y \in SetLessThan(x_1, R, S)})
              /\ x_1 \in LT(x_1) /\ SetLessThan(x_1, R, S) \subseteq LT(x_1)
              /\ \A y \in LT(x_1) : SetLessThan(y, R, S) \subseteq LT(x_1)
              /\ \A y \in LT(x_1) : LT(y) \subseteq LT(x_1)
              /\ LT(x_1) \subseteq S 
PROVE  LT(x) \subseteq S

@!!END

@!!BEGIN
@!!type:obligation
@!!id:96
@!!loc:259:10:259:14
@!!status:trivial
@!!prover:tlapm
@!!already:false
@!!obl:ASSUME NEW CONSTANT Def(_, _),
       NEW CONSTANT R,
       NEW CONSTANT S,
       NEW CONSTANT f,
       IsWellFoundedOn(R, S) ,
       IsTransitivelyClosedOn(R, S) ,
       WFDefOn(R, S, Def) ,
       OpDefinesFcn(f, S, Def) ,
       ASSUME NEW CONSTANT x \in S
       PROVE  /\ LT(x)
                 = {x} \cup (UNION {LT(y) : y \in SetLessThan(x, R, S)})
              /\ x \in LT(x) /\ SetLessThan(x, R, S) \subseteq LT(x)
              /\ \A y \in LT(x) : SetLessThan(y, R, S) \subseteq LT(x)
              /\ \A y \in LT(x) : LT(y) \subseteq LT(x)
              /\ LT(x) \subseteq S ,
       NEW CONSTANT x \in S
PROVE  ASSUME NEW CONSTANT x_1 \in S
       PROVE  /\ LT(x_1)
                 = {x_1} \cup (UNION {LT(y) : y \in SetLessThan(x_1, R, S)})
              /\ x_1 \in LT(x_1) /\ SetLessThan(x_1, R, S) \subseteq LT(x_1)
              /\ \A y \in LT(x_1) : SetLessThan(y, R, S) \subseteq LT(x_1)
              /\ \A y \in LT(x_1) : LT(y) \subseteq LT(x_1)
              /\ LT(x_1) \subseteq S

@!!END

@!!BEGIN
@!!type:obligation
@!!id:97
@!!loc:261:7:261:9
@!!status:normalized
@!!meth:time-limit: 5
@!!obl:ASSUME NEW CONSTANT Def(_, _),
       NEW CONSTANT R,
       NEW CONSTANT S,
       NEW CONSTANT f,
       IsWellFoundedOn(R, S) ,
       IsTransitivelyClosedOn(R, S) ,
       WFDefOn(R, S, Def) ,
       OpDefinesFcn(f, S, Def) ,
       NEW CONSTANT x \in S,
       LT(x) \subseteq S ,
       ASSUME NEW CONSTANT R_1,
              NEW CONSTANT S_1,
              NEW CONSTANT T \in SUBSET S_1,
              IsWellFoundedOn(R_1, S_1) 
       PROVE  IsWellFoundedOn(R_1, T) 
PROVE  IsWellFoundedOn(R, LT(x))

@!!END

@!!BEGIN
@!!type:obligation
@!!id:90
@!!loc:267:7:267:9
@!!status:proved
@!!prover:zenon
@!!meth:time-limit: 10; time-used: 0.0 (0%)
@!!already:false
@!!obl:
ASSUME NEW CONSTANT Def(_, _),
       NEW CONSTANT R,
       NEW CONSTANT S,
       NEW CONSTANT f,
       IsWellFoundedOn(R, S) ,
       IsTransitivelyClosedOn(R, S) ,
       WFDefOn(R, S, Def) ,
       OpDefinesFcn(f, S, Def) ,
       NEW CONSTANT x \in S,
       IsWellFoundedOn(R, LT(x)) ,
       WFDefOn(R, LT(x), Def) ,
       ASSUME NEW CONSTANT Def_1(_, _),
              NEW CONSTANT R_1,
              NEW CONSTANT S_1,
              IsWellFoundedOn(R_1, S_1) ,
              WFDefOn(R_1, S_1, Def_1) 
       PROVE  WFInductiveUnique(S_1, Def_1) ,
       TRUE 
PROVE  WFInductiveUnique(LT(x), Def)

@!!END

@!!BEGIN
@!!type:obligation
@!!id:98
@!!loc:261:10:261:14
@!!status:trivial
@!!prover:tlapm
@!!already:false
@!!obl:ASSUME NEW CONSTANT Def(_, _),
       NEW CONSTANT R,
       NEW CONSTANT S,
       NEW CONSTANT f,
       IsWellFoundedOn(R, S) ,
       IsTransitivelyClosedOn(R, S) ,
       WFDefOn(R, S, Def) ,
       OpDefinesFcn(f, S, Def) ,
       NEW CONSTANT x \in S,
       LT(x) \subseteq S 
PROVE  LT(x) \subseteq S

@!!END

@!!BEGIN
@!!type:obligation
@!!id:99
@!!loc:261:16:261:37
@!!status:trivial
@!!prover:tlapm
@!!already:false
@!!obl:ASSUME ASSUME NEW CONSTANT R,
              NEW CONSTANT S,
              NEW CONSTANT T \in SUBSET S,
              IsWellFoundedOn(R, S) 
       PROVE  IsWellFoundedOn(R, T) ,
       NEW CONSTANT Def(_, _),
       NEW CONSTANT R,
       NEW CONSTANT S,
       NEW CONSTANT f,
       IsWellFoundedOn(R, S) ,
       IsTransitivelyClosedOn(R, S) ,
       WFDefOn(R, S, Def) ,
       OpDefinesFcn(f, S, Def) ,
       NEW CONSTANT x \in S,
       LT(x) \subseteq S 
PROVE  ASSUME NEW CONSTANT R_1,
              NEW CONSTANT S_1,
              NEW CONSTANT T \in SUBSET S_1,
              IsWellFoundedOn(R_1, S_1) 
       PROVE  IsWellFoundedOn(R_1, T)

@!!END

@!!BEGIN
@!!type:obligation
@!!id:100
@!!loc:263:7:263:9
@!!status:normalized
@!!meth:time-limit: 5
@!!obl:ASSUME NEW CONSTANT Def(_, _),
       NEW CONSTANT R,
       NEW CONSTANT S,
       NEW CONSTANT f,
       IsWellFoundedOn(R, S) ,
       \A i, j, k \in S : <<i, j>> \in R /\ <<j, k>> \in R => <<i, k>> \in R ,
       WFDefOn(R, S, Def) ,
       OpDefinesFcn(f, S, Def) ,
       NEW CONSTANT x \in S
PROVE  \A z \in {x} \cup {y \in S : <<y, x>> \in R} :
          {y \in {x} \cup {y \in S : <<y, x>> \in R} : <<y, z>> \in R}
          = {y \in S : <<y, z>> \in R}

@!!END

@!!BEGIN
@!!type:obligation
@!!id:95
@!!loc:259:7:259:9
@!!status:proved
@!!prover:smt
@!!meth:time-limit: 5; time-used: 0.0 (1%)
@!!already:false
@!!obl:
ASSUME NEW CONSTANT Def(_, _),
       NEW CONSTANT R,
       NEW CONSTANT S,
       NEW CONSTANT f,
       IsWellFoundedOn(R, S) ,
       IsTransitivelyClosedOn(R, S) ,
       WFDefOn(R, S, Def) ,
       OpDefinesFcn(f, S, Def) ,
       NEW CONSTANT x \in S,
       ASSUME NEW CONSTANT x_1 \in S
       PROVE  /\ LT(x_1)
                 = {x_1} \cup (UNION {LT(y) : y \in SetLessThan(x_1, R, S)})
              /\ x_1 \in LT(x_1) /\ SetLessThan(x_1, R, S) \subseteq LT(x_1)
              /\ \A y \in LT(x_1) : SetLessThan(y, R, S) \subseteq LT(x_1)
              /\ \A y \in LT(x_1) : LT(y) \subseteq LT(x_1)
              /\ LT(x_1) \subseteq S 
PROVE  LT(x) \subseteq S

@!!END

@!!BEGIN
@!!type:obligation
@!!id:101
@!!loc:265:7:265:9
@!!status:normalized
@!!meth:time-limit: 5
@!!obl:ASSUME NEW CONSTANT Def(_, _),
       NEW CONSTANT R,
       NEW CONSTANT S,
       NEW CONSTANT f,
       IsWellFoundedOn(R, S) ,
       IsTransitivelyClosedOn(R, S) ,
       \A g, h :
          \A x \in S :
             (\A y \in SetLessThan(x, R, S) : g[y] = h[y])
             => Def(g, x) = Def(h, x) ,
       OpDefinesFcn(f, S, Def) ,
       NEW CONSTANT x \in S,
       LT(x) \subseteq S ,
       \A z \in LT(x) : SetLessThan(z, R, LT(x)) = SetLessThan(z, R, S) 
PROVE  \A g, h :
          \A x_1 \in LT(x) :
             (\A y \in SetLessThan(x_1, R, LT(x)) : g[y] = h[y])
             => Def(g, x_1) = Def(h, x_1)

@!!END

@!!BEGIN
@!!type:obligation
@!!id:97
@!!loc:261:7:261:9
@!!status:proved
@!!prover:smt
@!!meth:time-limit: 5; time-used: 0.0 (1%)
@!!already:false
@!!obl:
ASSUME NEW CONSTANT Def(_, _),
       NEW CONSTANT R,
       NEW CONSTANT S,
       NEW CONSTANT f,
       IsWellFoundedOn(R, S) ,
       IsTransitivelyClosedOn(R, S) ,
       WFDefOn(R, S, Def) ,
       OpDefinesFcn(f, S, Def) ,
       NEW CONSTANT x \in S,
       LT(x) \subseteq S ,
       ASSUME NEW CONSTANT R_1,
              NEW CONSTANT S_1,
              NEW CONSTANT T \in SUBSET S_1,
              IsWellFoundedOn(R_1, S_1) 
       PROVE  IsWellFoundedOn(R_1, T) 
PROVE  IsWellFoundedOn(R, LT(x))

@!!END

@!!BEGIN
@!!type:obligation
@!!id:102
@!!loc:265:10:265:14
@!!status:trivial
@!!prover:tlapm
@!!already:false
@!!obl:ASSUME NEW CONSTANT Def(_, _),
       NEW CONSTANT R,
       NEW CONSTANT S,
       NEW CONSTANT f,
       IsWellFoundedOn(R, S) ,
       IsTransitivelyClosedOn(R, S) ,
       \A g, h :
          \A x \in S :
             (\A y \in SetLessThan(x, R, S) : g[y] = h[y])
             => Def(g, x) = Def(h, x) ,
       OpDefinesFcn(f, S, Def) ,
       NEW CONSTANT x \in S,
       LT(x) \subseteq S 
PROVE  LT(x) \subseteq S

@!!END

@!!BEGIN
@!!type:obligation
@!!id:103
@!!loc:265:16:265:20
@!!status:trivial
@!!prover:tlapm
@!!already:false
@!!obl:ASSUME NEW CONSTANT Def(_, _),
       NEW CONSTANT R,
       NEW CONSTANT S,
       NEW CONSTANT f,
       IsWellFoundedOn(R, S) ,
       IsTransitivelyClosedOn(R, S) ,
       \A g, h :
          \A x \in S :
             (\A y \in SetLessThan(x, R, S) : g[y] = h[y])
             => Def(g, x) = Def(h, x) ,
       OpDefinesFcn(f, S, Def) ,
       NEW CONSTANT x \in S,
       \A z \in LT(x) : SetLessThan(z, R, LT(x)) = SetLessThan(z, R, S) ,
       LT(x) \subseteq S 
PROVE  \A z \in LT(x) : SetLessThan(z, R, LT(x)) = SetLessThan(z, R, S)

@!!END

@!!BEGIN
@!!type:obligation
@!!id:104
@!!loc:270:5:270:7
@!!status:normalized
@!!meth:time-limit: 10
@!!obl:ASSUME NEW CONSTANT Def(_, _),
       NEW CONSTANT R,
       NEW CONSTANT S,
       NEW CONSTANT f,
       IsWellFoundedOn(R, S) ,
       IsTransitivelyClosedOn(R, S) ,
       \A g, h :
          \A x \in S :
             (\A y \in SetLessThan(x, R, S) : g[y] = h[y])
             => Def(g, x) = Def(h, x) ,
       OpDefinesFcn(f, S, Def) ,
       NEW CONSTANT x \in S,
       ASSUME NEW CONSTANT x_1 \in S
       PROVE  /\ LT(x_1)
                 = {x_1} \cup (UNION {LT(y) : y \in SetLessThan(x_1, R, S)})
              /\ x_1 \in LT(x_1) /\ SetLessThan(x_1, R, S) \subseteq LT(x_1)
              /\ \A y \in LT(x_1) : SetLessThan(y, R, S) \subseteq LT(x_1)
              /\ \A y \in LT(x_1) : LT(y) \subseteq LT(x_1)
              /\ LT(x_1) \subseteq S ,
       \A y \in SetLessThan(x, R, S) : ff[y] = Def(ff, y) ,
       TRUE 
PROVE  Def(ff, x) = Def([y \in LT(x) |-> Def(ff, y)], x)

@!!END

@!!BEGIN
@!!type:obligation
@!!id:100
@!!loc:263:7:263:9
@!!status:proved
@!!prover:smt
@!!meth:time-limit: 5; time-used: 0.0 (1%)
@!!already:false
@!!obl:
ASSUME NEW CONSTANT Def(_, _),
       NEW CONSTANT R,
       NEW CONSTANT S,
       NEW CONSTANT f,
       IsWellFoundedOn(R, S) ,
       \A i, j, k \in S : <<i, j>> \in R /\ <<j, k>> \in R => <<i, k>> \in R ,
       WFDefOn(R, S, Def) ,
       OpDefinesFcn(f, S, Def) ,
       NEW CONSTANT x \in S
PROVE  \A z \in {x} \cup {y \in S : <<y, x>> \in R} :
          {y \in {x} \cup {y \in S : <<y, x>> \in R} : <<y, z>> \in R}
          = {y \in S : <<y, z>> \in R}

@!!END

@!!BEGIN
@!!type:obligation
@!!id:105
@!!loc:270:8:270:12
@!!status:trivial
@!!prover:tlapm
@!!already:false
@!!obl:ASSUME NEW CONSTANT Def(_, _),
       NEW CONSTANT R,
       NEW CONSTANT S,
       NEW CONSTANT f,
       IsWellFoundedOn(R, S) ,
       IsTransitivelyClosedOn(R, S) ,
       \A g, h :
          \A x \in S :
             (\A y \in SetLessThan(x, R, S) : g[y] = h[y])
             => Def(g, x) = Def(h, x) ,
       OpDefinesFcn(f, S, Def) ,
       ASSUME NEW CONSTANT x \in S
       PROVE  /\ LT(x)
                 = {x} \cup (UNION {LT(y) : y \in SetLessThan(x, R, S)})
              /\ x \in LT(x) /\ SetLessThan(x, R, S) \subseteq LT(x)
              /\ \A y \in LT(x) : SetLessThan(y, R, S) \subseteq LT(x)
              /\ \A y \in LT(x) : LT(y) \subseteq LT(x)
              /\ LT(x) \subseteq S ,
       NEW CONSTANT x \in S
PROVE  ASSUME NEW CONSTANT x_1 \in S
       PROVE  /\ LT(x_1)
                 = {x_1} \cup (UNION {LT(y) : y \in SetLessThan(x_1, R, S)})
              /\ x_1 \in LT(x_1) /\ SetLessThan(x_1, R, S) \subseteq LT(x_1)
              /\ \A y \in LT(x_1) : SetLessThan(y, R, S) \subseteq LT(x_1)
              /\ \A y \in LT(x_1) : LT(y) \subseteq LT(x_1)
              /\ LT(x_1) \subseteq S

@!!END

@!!BEGIN
@!!type:obligation
@!!id:106
@!!loc:270:32:270:36
@!!status:trivial
@!!prover:tlapm
@!!already:false
@!!obl:ASSUME NEW CONSTANT Def(_, _),
       NEW CONSTANT R,
       NEW CONSTANT S,
       NEW CONSTANT f,
       IsWellFoundedOn(R, S) ,
       IsTransitivelyClosedOn(R, S) ,
       \A g, h :
          \A x \in S :
             (\A y \in SetLessThan(x, R, S) : g[y] = h[y])
             => Def(g, x) = Def(h, x) ,
       OpDefinesFcn(f, S, Def) ,
       NEW CONSTANT x \in S,
       \A y \in SetLessThan(x, R, S) : ff[y] = Def(ff, y) ,
       ASSUME NEW CONSTANT x_1 \in S
       PROVE  /\ LT(x_1)
                 = {x_1} \cup (UNION {LT(y) : y \in SetLessThan(x_1, R, S)})
              /\ x_1 \in LT(x_1) /\ SetLessThan(x_1, R, S) \subseteq LT(x_1)
              /\ \A y \in LT(x_1) : SetLessThan(y, R, S) \subseteq LT(x_1)
              /\ \A y \in LT(x_1) : LT(y) \subseteq LT(x_1)
              /\ LT(x_1) \subseteq S 
PROVE  \A y \in SetLessThan(x, R, S) : ff[y] = Def(ff, y)

@!!END

@!!BEGIN
@!!type:obligation
@!!id:107
@!!loc:270:38:270:43
@!!status:trivial
@!!prover:tlapm
@!!already:false
@!!obl:ASSUME NEW CONSTANT Def(_, _),
       NEW CONSTANT R,
       NEW CONSTANT S,
       NEW CONSTANT f,
       IsWellFoundedOn(R, S) ,
       IsTransitivelyClosedOn(R, S) ,
       \A g, h :
          \A x \in S :
             (\A y \in SetLessThan(x, R, S) : g[y] = h[y])
             => Def(g, x) = Def(h, x) ,
       OpDefinesFcn(f, S, Def) ,
       NEW CONSTANT x \in S,
       ASSUME NEW CONSTANT x_1 \in S
       PROVE  /\ LT(x_1)
                 = {x_1} \cup (UNION {LT(y) : y \in SetLessThan(x_1, R, S)})
              /\ x_1 \in LT(x_1) /\ SetLessThan(x_1, R, S) \subseteq LT(x_1)
              /\ \A y \in LT(x_1) : SetLessThan(y, R, S) \subseteq LT(x_1)
              /\ \A y \in LT(x_1) : LT(y) \subseteq LT(x_1)
              /\ LT(x_1) \subseteq S ,
       \A y \in SetLessThan(x, R, S) : ff[y] = Def(ff, y) 
PROVE  TRUE

@!!END

@!!BEGIN
@!!type:obligation
@!!id:108
@!!loc:278:8:278:10
@!!status:normalized
@!!meth:time-limit: 10
@!!obl:ASSUME NEW CONSTANT Def(_, _),
       NEW CONSTANT R,
       NEW CONSTANT S,
       NEW CONSTANT f,
       IsWellFoundedOn(R, S) ,
       IsTransitivelyClosedOn(R, S) ,
       \A g, h :
          \A x \in S :
             (\A y \in SetLessThan(x, R, S) : g[y] = h[y])
             => Def(g, x) = Def(h, x) ,
       OpDefinesFcn(f, S, Def) ,
       NEW CONSTANT x \in S,
       NEW CONSTANT y \in SetLessThan(x, R, S),
       y \in S ,
       \A z \in SetLessThan(y, R, S) :
          ff[z] = [y_1 \in LT(x) |-> Def(ff, y_1)][z] ,
       TRUE 
PROVE  Def(ff, y) = Def([y_1 \in LT(x) |-> Def(ff, y_1)], y)

@!!END

@!!BEGIN
@!!type:obligation
@!!id:101
@!!loc:265:7:265:9
@!!status:proved
@!!prover:smt
@!!meth:time-limit: 5; time-used: 0.1 (1%)
@!!already:false
@!!obl:
ASSUME NEW CONSTANT Def(_, _),
       NEW CONSTANT R,
       NEW CONSTANT S,
       NEW CONSTANT f,
       IsWellFoundedOn(R, S) ,
       IsTransitivelyClosedOn(R, S) ,
       \A g, h :
          \A x \in S :
             (\A y \in SetLessThan(x, R, S) : g[y] = h[y])
             => Def(g, x) = Def(h, x) ,
       OpDefinesFcn(f, S, Def) ,
       NEW CONSTANT x \in S,
       LT(x) \subseteq S ,
       \A z \in LT(x) : SetLessThan(z, R, LT(x)) = SetLessThan(z, R, S) 
PROVE  \A g, h :
          \A x_1 \in LT(x) :
             (\A y \in SetLessThan(x_1, R, LT(x)) : g[y] = h[y])
             => Def(g, x_1) = Def(h, x_1)

@!!END

@!!BEGIN
@!!type:obligation
@!!id:109
@!!loc:278:11:278:15
@!!status:trivial
@!!prover:tlapm
@!!already:false
@!!obl:ASSUME NEW CONSTANT Def(_, _),
       NEW CONSTANT R,
       NEW CONSTANT S,
       NEW CONSTANT f,
       IsWellFoundedOn(R, S) ,
       IsTransitivelyClosedOn(R, S) ,
       \A g, h :
          \A x \in S :
             (\A y \in SetLessThan(x, R, S) : g[y] = h[y])
             => Def(g, x) = Def(h, x) ,
       OpDefinesFcn(f, S, Def) ,
       NEW CONSTANT x \in S,
       NEW CONSTANT y \in SetLessThan(x, R, S),
       y \in S 
PROVE  y \in S

@!!END

@!!BEGIN
@!!type:obligation
@!!id:110
@!!loc:278:17:278:21
@!!status:trivial
@!!prover:tlapm
@!!already:false
@!!obl:ASSUME NEW CONSTANT Def(_, _),
       NEW CONSTANT R,
       NEW CONSTANT S,
       NEW CONSTANT f,
       IsWellFoundedOn(R, S) ,
       IsTransitivelyClosedOn(R, S) ,
       \A g, h :
          \A x \in S :
             (\A y \in SetLessThan(x, R, S) : g[y] = h[y])
             => Def(g, x) = Def(h, x) ,
       OpDefinesFcn(f, S, Def) ,
       NEW CONSTANT x \in S,
       NEW CONSTANT y \in SetLessThan(x, R, S),
       \A z \in SetLessThan(y, R, S) :
          ff[z] = [y_1 \in LT(x) |-> Def(ff, y_1)][z] ,
       y \in S 
PROVE  \A z \in SetLessThan(y, R, S) :
          ff[z] = [y_1 \in LT(x) |-> Def(ff, y_1)][z]

@!!END

@!!BEGIN
@!!type:obligation
@!!id:111
@!!loc:278:23:278:28
@!!status:trivial
@!!prover:tlapm
@!!already:false
@!!obl:ASSUME NEW CONSTANT Def(_, _),
       NEW CONSTANT R,
       NEW CONSTANT S,
       NEW CONSTANT f,
       IsWellFoundedOn(R, S) ,
       IsTransitivelyClosedOn(R, S) ,
       \A g, h :
          \A x \in S :
             (\A y \in SetLessThan(x, R, S) : g[y] = h[y])
             => Def(g, x) = Def(h, x) ,
       OpDefinesFcn(f, S, Def) ,
       NEW CONSTANT x \in S,
       NEW CONSTANT y \in SetLessThan(x, R, S),
       y \in S ,
       \A z \in SetLessThan(y, R, S) :
          ff[z] = [y_1 \in LT(x) |-> Def(ff, y_1)][z] 
PROVE  TRUE

@!!END

@!!BEGIN
@!!type:obligation
@!!id:112
@!!loc:274:8:274:10
@!!status:normalized
@!!meth:time-limit: 5
@!!obl:ASSUME NEW CONSTANT Def(_, _),
       NEW CONSTANT R,
       NEW CONSTANT S,
       NEW CONSTANT f,
       IsWellFoundedOn(R, S) ,
       IsTransitivelyClosedOn(R, S) ,
       WFDefOn(R, S, Def) ,
       OpDefinesFcn(f, S, Def) ,
       NEW CONSTANT x \in S,
       NEW CONSTANT y \in {y \in S : <<y, x>> \in R}
PROVE  y \in S

@!!END

@!!BEGIN
@!!type:obligation
@!!id:112
@!!loc:274:8:274:10
@!!status:proved
@!!prover:smt
@!!meth:time-limit: 5; time-used: 0.0 (1%)
@!!already:false
@!!obl:
ASSUME NEW CONSTANT Def(_, _),
       NEW CONSTANT R,
       NEW CONSTANT S,
       NEW CONSTANT f,
       IsWellFoundedOn(R, S) ,
       IsTransitivelyClosedOn(R, S) ,
       WFDefOn(R, S, Def) ,
       OpDefinesFcn(f, S, Def) ,
       NEW CONSTANT x \in S,
       NEW CONSTANT y \in {y \in S : <<y, x>> \in R}
PROVE  y \in S

@!!END

@!!BEGIN
@!!type:obligation
@!!id:113
@!!loc:276:8:276:10
@!!status:normalized
@!!meth:time-limit: 5
@!!obl:ASSUME NEW CONSTANT Def(_, _),
       NEW CONSTANT R,
       NEW CONSTANT S,
       NEW CONSTANT f,
       IsWellFoundedOn(R, S) ,
       IsTransitivelyClosedOn(R, S) ,
       WFDefOn(R, S, Def) ,
       OpDefinesFcn(f, S, Def) ,
       NEW CONSTANT x \in S,
       NEW CONSTANT y \in SetLessThan(x, R, S),
       \A y_1 \in SetLessThan(x, R, S) : ff[y_1] = Def(ff, y_1) ,
       ASSUME NEW CONSTANT R_1,
              NEW CONSTANT S_1,
              NEW CONSTANT x_1 \in S_1,
              NEW CONSTANT y_1 \in SetLessThan(x_1, R_1, S_1),
              IsTransitivelyClosedOn(R_1, S_1) 
       PROVE  SetLessThan(y_1, R_1, S_1) \subseteq SetLessThan(x_1, R_1, S_1) 
PROVE  \A z \in SetLessThan(y, R, S) :
          ff[z] = [y_1 \in {x} \cup SetLessThan(x, R, S) |-> Def(ff, y_1)][z]

@!!END

@!!BEGIN
@!!type:obligation
@!!id:113
@!!loc:276:8:276:10
@!!status:proved
@!!prover:smt
@!!meth:time-limit: 5; time-used: 0.0 (1%)
@!!already:false
@!!obl:
ASSUME NEW CONSTANT Def(_, _),
       NEW CONSTANT R,
       NEW CONSTANT S,
       NEW CONSTANT f,
       IsWellFoundedOn(R, S) ,
       IsTransitivelyClosedOn(R, S) ,
       WFDefOn(R, S, Def) ,
       OpDefinesFcn(f, S, Def) ,
       NEW CONSTANT x \in S,
       NEW CONSTANT y \in SetLessThan(x, R, S),
       \A y_1 \in SetLessThan(x, R, S) : ff[y_1] = Def(ff, y_1) ,
       ASSUME NEW CONSTANT R_1,
              NEW CONSTANT S_1,
              NEW CONSTANT x_1 \in S_1,
              NEW CONSTANT y_1 \in SetLessThan(x_1, R_1, S_1),
              IsTransitivelyClosedOn(R_1, S_1) 
       PROVE  SetLessThan(y_1, R_1, S_1) \subseteq SetLessThan(x_1, R_1, S_1) 
PROVE  \A z \in SetLessThan(y, R, S) :
          ff[z] = [y_1 \in {x} \cup SetLessThan(x, R, S) |-> Def(ff, y_1)][z]

@!!END

@!!BEGIN
@!!type:obligation
@!!id:114
@!!loc:276:11:276:15
@!!status:trivial
@!!prover:tlapm
@!!already:false
@!!obl:ASSUME NEW CONSTANT Def(_, _),
       NEW CONSTANT R,
       NEW CONSTANT S,
       NEW CONSTANT f,
       IsWellFoundedOn(R, S) ,
       IsTransitivelyClosedOn(R, S) ,
       WFDefOn(R, S, Def) ,
       OpDefinesFcn(f, S, Def) ,
       NEW CONSTANT x \in S,
       \A y \in SetLessThan(x, R, S) : ff[y] = Def(ff, y) ,
       NEW CONSTANT y \in SetLessThan(x, R, S)
PROVE  \A y_1 \in SetLessThan(x, R, S) : ff[y_1] = Def(ff, y_1)

@!!END

@!!BEGIN
@!!type:obligation
@!!id:115
@!!loc:276:17:276:34
@!!status:trivial
@!!prover:tlapm
@!!already:false
@!!obl:ASSUME ASSUME NEW CONSTANT R,
              NEW CONSTANT S,
              NEW CONSTANT x \in S,
              NEW CONSTANT y \in SetLessThan(x, R, S),
              IsTransitivelyClosedOn(R, S) 
       PROVE  SetLessThan(y, R, S) \subseteq SetLessThan(x, R, S) ,
       NEW CONSTANT Def(_, _),
       NEW CONSTANT R,
       NEW CONSTANT S,
       NEW CONSTANT f,
       IsWellFoundedOn(R, S) ,
       IsTransitivelyClosedOn(R, S) ,
       WFDefOn(R, S, Def) ,
       OpDefinesFcn(f, S, Def) ,
       NEW CONSTANT x \in S,
       NEW CONSTANT y \in SetLessThan(x, R, S),
       \A y_1 \in SetLessThan(x, R, S) : ff[y_1] = Def(ff, y_1) 
PROVE  ASSUME NEW CONSTANT R_1,
              NEW CONSTANT S_1,
              NEW CONSTANT x_1 \in S_1,
              NEW CONSTANT y_1 \in SetLessThan(x_1, R_1, S_1),
              IsTransitivelyClosedOn(R_1, S_1) 
       PROVE  SetLessThan(y_1, R_1, S_1) \subseteq SetLessThan(x_1, R_1, S_1)

@!!END

@!!BEGIN
@!!type:obligation
@!!id:116
@!!loc:280:5:280:7
@!!status:normalized
@!!meth:time-limit: 5
@!!obl:ASSUME NEW CONSTANT Def(_, _),
       NEW CONSTANT R,
       NEW CONSTANT S,
       NEW CONSTANT f,
       IsWellFoundedOn(R, S) ,
       IsTransitivelyClosedOn(R, S) ,
       WFDefOn(R, S, Def) ,
       OpDefinesFcn(f, S, Def) ,
       NEW CONSTANT x \in S,
       Def(ff, x)
       = Def([y \in {x} \cup SetLessThan(x, R, S) |-> Def(ff, y)], x) ,
       ASSUME NEW CONSTANT y \in SetLessThan(x, R, S)
       PROVE  Def(ff, y)
              = Def([y_1 \in {x} \cup SetLessThan(x, R, S) |-> Def(ff, y_1)],
                    y) 
PROVE  [y \in {x} \cup SetLessThan(x, R, S) |-> Def(ff, y)]
       = [x_1 \in {x} \cup SetLessThan(x, R, S) |->
            Def([y \in {x} \cup SetLessThan(x, R, S) |-> Def(ff, y)], x_1)]

@!!END

@!!BEGIN
@!!type:obligation
@!!id:116
@!!loc:280:5:280:7
@!!status:proved
@!!prover:smt
@!!meth:time-limit: 5; time-used: 0.0 (1%)
@!!already:false
@!!obl:
ASSUME NEW CONSTANT Def(_, _),
       NEW CONSTANT R,
       NEW CONSTANT S,
       NEW CONSTANT f,
       IsWellFoundedOn(R, S) ,
       IsTransitivelyClosedOn(R, S) ,
       WFDefOn(R, S, Def) ,
       OpDefinesFcn(f, S, Def) ,
       NEW CONSTANT x \in S,
       Def(ff, x)
       = Def([y \in {x} \cup SetLessThan(x, R, S) |-> Def(ff, y)], x) ,
       ASSUME NEW CONSTANT y \in SetLessThan(x, R, S)
       PROVE  Def(ff, y)
              = Def([y_1 \in {x} \cup SetLessThan(x, R, S) |-> Def(ff, y_1)],
                    y) 
PROVE  [y \in {x} \cup SetLessThan(x, R, S) |-> Def(ff, y)]
       = [x_1 \in {x} \cup SetLessThan(x, R, S) |->
            Def([y \in {x} \cup SetLessThan(x, R, S) |-> Def(ff, y)], x_1)]

@!!END

@!!BEGIN
@!!type:obligation
@!!id:117
@!!loc:280:8:280:12
@!!status:trivial
@!!prover:tlapm
@!!already:false
@!!obl:ASSUME NEW CONSTANT Def(_, _),
       NEW CONSTANT R,
       NEW CONSTANT S,
       NEW CONSTANT f,
       IsWellFoundedOn(R, S) ,
       IsTransitivelyClosedOn(R, S) ,
       WFDefOn(R, S, Def) ,
       OpDefinesFcn(f, S, Def) ,
       NEW CONSTANT x \in S,
       Def(ff, x)
       = Def([y \in {x} \cup SetLessThan(x, R, S) |-> Def(ff, y)], x) 
PROVE  Def(ff, x)
       = Def([y \in {x} \cup SetLessThan(x, R, S) |-> Def(ff, y)], x)

@!!END

@!!BEGIN
@!!type:obligation
@!!id:118
@!!loc:280:14:280:18
@!!status:trivial
@!!prover:tlapm
@!!already:false
@!!obl:ASSUME NEW CONSTANT Def(_, _),
       NEW CONSTANT R,
       NEW CONSTANT S,
       NEW CONSTANT f,
       IsWellFoundedOn(R, S) ,
       IsTransitivelyClosedOn(R, S) ,
       WFDefOn(R, S, Def) ,
       OpDefinesFcn(f, S, Def) ,
       NEW CONSTANT x \in S,
       ASSUME NEW CONSTANT y \in SetLessThan(x, R, S)
       PROVE  Def(ff, y)
              = Def([y_1 \in {x} \cup SetLessThan(x, R, S) |-> Def(ff, y_1)],
                    y) ,
       Def(ff, x)
       = Def([y \in {x} \cup SetLessThan(x, R, S) |-> Def(ff, y)], x) 
PROVE  ASSUME NEW CONSTANT y \in SetLessThan(x, R, S)
       PROVE  Def(ff, y)
              = Def([y_1 \in {x} \cup SetLessThan(x, R, S) |-> Def(ff, y_1)],
                    y)

@!!END

@!!BEGIN
@!!type:obligation
@!!id:119
@!!loc:282:5:282:7
@!!status:normalized
@!!meth:time-limit: 5
@!!obl:ASSUME NEW CONSTANT Def(_, _),
       NEW CONSTANT R,
       NEW CONSTANT S,
       NEW CONSTANT f,
       IsWellFoundedOn(R, S) ,
       IsTransitivelyClosedOn(R, S) ,
       WFDefOn(R, S, Def) ,
       OpDefinesFcn(f, S, Def) ,
       NEW CONSTANT x \in S,
       [y \in LT(x) |-> Def(ff, y)]
       = [x_1 \in LT(x) |-> Def([y \in LT(x) |-> Def(ff, y)], x_1)] 
PROVE  (CHOOSE g : g = [y \in LT(x) |-> Def(g, y)])
       = [x_1 \in LT(x) |->
            Def(CHOOSE g : g = [y \in LT(x) |-> Def(g, y)], x_1)]

@!!END

@!!BEGIN
@!!type:obligation
@!!id:119
@!!loc:282:5:282:7
@!!status:proved
@!!prover:smt
@!!meth:time-limit: 5; time-used: 0.0 (1%)
@!!already:false
@!!obl:
ASSUME NEW CONSTANT Def(_, _),
       NEW CONSTANT R,
       NEW CONSTANT S,
       NEW CONSTANT f,
       IsWellFoundedOn(R, S) ,
       IsTransitivelyClosedOn(R, S) ,
       WFDefOn(R, S, Def) ,
       OpDefinesFcn(f, S, Def) ,
       NEW CONSTANT x \in S,
       [y \in LT(x) |-> Def(ff, y)]
       = [x_1 \in LT(x) |-> Def([y \in LT(x) |-> Def(ff, y)], x_1)] 
PROVE  (CHOOSE g : g = [y \in LT(x) |-> Def(g, y)])
       = [x_1 \in LT(x) |->
            Def(CHOOSE g : g = [y \in LT(x) |-> Def(g, y)], x_1)]

@!!END

@!!BEGIN
@!!type:obligation
@!!id:120
@!!loc:282:8:282:12
@!!status:trivial
@!!prover:tlapm
@!!already:false
@!!obl:ASSUME NEW CONSTANT Def(_, _),
       NEW CONSTANT R,
       NEW CONSTANT S,
       NEW CONSTANT f,
       IsWellFoundedOn(R, S) ,
       IsTransitivelyClosedOn(R, S) ,
       WFDefOn(R, S, Def) ,
       OpDefinesFcn(f, S, Def) ,
       NEW CONSTANT x \in S,
       [y \in LT(x) |-> Def(ff, y)]
       = [x_1 \in LT(x) |-> Def([y \in LT(x) |-> Def(ff, y)], x_1)] 
PROVE  [y \in LT(x) |-> Def(ff, y)]
       = [x_1 \in LT(x) |-> Def([y \in LT(x) |-> Def(ff, y)], x_1)]

@!!END

@!!BEGIN
@!!type:obligation
@!!id:121
@!!loc:284:5:284:7
@!!status:normalized
@!!meth:time-limit: 10
@!!obl:ASSUME NEW CONSTANT Def(_, _),
       NEW CONSTANT R,
       NEW CONSTANT S,
       NEW CONSTANT f,
       IsWellFoundedOn(R, S) ,
       IsTransitivelyClosedOn(R, S) ,
       WFDefOn(R, S, Def) ,
       OpDefinesFcn(f, S, Def) ,
       NEW CONSTANT x \in S,
       WFInductiveDefines([y \in LT(x) |-> Def(ff, y)], LT(x), Def) ,
       WFInductiveDefines(CHOOSE g : g = [y \in LT(x) |-> Def(g, y)], 
                          LT(x), Def) ,
       \A g, h :
          (/\ WFInductiveDefines(g, LT(x), Def)
           /\ WFInductiveDefines(h, LT(x), Def))
          => g = h ,
       TRUE 
PROVE  [y \in LT(x) |-> Def(ff, y)]
       = (CHOOSE g : g = [y \in LT(x) |-> Def(g, y)])

@!!END

@!!BEGIN
@!!type:obligation
@!!id:121
@!!loc:284:5:284:7
@!!status:proved
@!!prover:zenon
@!!meth:time-limit: 10; time-used: 0.0 (0%)
@!!already:false
@!!obl:
ASSUME NEW CONSTANT Def(_, _),
       NEW CONSTANT R,
       NEW CONSTANT S,
       NEW CONSTANT f,
       IsWellFoundedOn(R, S) ,
       IsTransitivelyClosedOn(R, S) ,
       WFDefOn(R, S, Def) ,
       OpDefinesFcn(f, S, Def) ,
       NEW CONSTANT x \in S,
       WFInductiveDefines([y \in LT(x) |-> Def(ff, y)], LT(x), Def) ,
       WFInductiveDefines(CHOOSE g : g = [y \in LT(x) |-> Def(g, y)], 
                          LT(x), Def) ,
       \A g, h :
          (/\ WFInductiveDefines(g, LT(x), Def)
           /\ WFInductiveDefines(h, LT(x), Def))
          => g = h ,
       TRUE 
PROVE  [y \in LT(x) |-> Def(ff, y)]
       = (CHOOSE g : g = [y \in LT(x) |-> Def(g, y)])

@!!END

@!!BEGIN
@!!type:obligation
@!!id:122
@!!loc:284:8:284:12
@!!status:trivial
@!!prover:tlapm
@!!already:false
@!!obl:ASSUME NEW CONSTANT Def(_, _),
       NEW CONSTANT R,
       NEW CONSTANT S,
       NEW CONSTANT f,
       IsWellFoundedOn(R, S) ,
       IsTransitivelyClosedOn(R, S) ,
       WFDefOn(R, S, Def) ,
       OpDefinesFcn(f, S, Def) ,
       NEW CONSTANT x \in S,
       WFInductiveDefines([y \in LT(x) |-> Def(ff, y)], LT(x), Def) 
PROVE  WFInductiveDefines([y \in LT(x) |-> Def(ff, y)], LT(x), Def)

@!!END

@!!BEGIN
@!!type:obligation
@!!id:123
@!!loc:284:14:284:18
@!!status:trivial
@!!prover:tlapm
@!!already:false
@!!obl:ASSUME NEW CONSTANT Def(_, _),
       NEW CONSTANT R,
       NEW CONSTANT S,
       NEW CONSTANT f,
       IsWellFoundedOn(R, S) ,
       IsTransitivelyClosedOn(R, S) ,
       WFDefOn(R, S, Def) ,
       OpDefinesFcn(f, S, Def) ,
       NEW CONSTANT x \in S,
       WFInductiveDefines(CHOOSE g : g = [y \in LT(x) |-> Def(g, y)], 
                          LT(x), Def) ,
       WFInductiveDefines([y \in LT(x) |-> Def(ff, y)], LT(x), Def) 
PROVE  WFInductiveDefines(CHOOSE g : g = [y \in LT(x) |-> Def(g, y)], 
                          LT(x), Def)

@!!END

@!!BEGIN
@!!type:obligation
@!!id:124
@!!loc:284:20:284:24
@!!status:trivial
@!!prover:tlapm
@!!already:false
@!!obl:ASSUME NEW CONSTANT Def(_, _),
       NEW CONSTANT R,
       NEW CONSTANT S,
       NEW CONSTANT f,
       IsWellFoundedOn(R, S) ,
       IsTransitivelyClosedOn(R, S) ,
       WFDefOn(R, S, Def) ,
       OpDefinesFcn(f, S, Def) ,
       NEW CONSTANT x \in S,
       \A g, h :
          (/\ WFInductiveDefines(g, LT(x), Def)
           /\ WFInductiveDefines(h, LT(x), Def))
          => g = h ,
       WFInductiveDefines([y \in LT(x) |-> Def(ff, y)], LT(x), Def) ,
       WFInductiveDefines(CHOOSE g : g = [y \in LT(x) |-> Def(g, y)], 
                          LT(x), Def) 
PROVE  \A g, h :
          (/\ WFInductiveDefines(g, LT(x), Def)
           /\ WFInductiveDefines(h, LT(x), Def))
          => g = h

@!!END

@!!BEGIN
@!!type:obligation
@!!id:125
@!!loc:284:26:284:31
@!!status:trivial
@!!prover:tlapm
@!!already:false
@!!obl:ASSUME NEW CONSTANT Def(_, _),
       NEW CONSTANT R,
       NEW CONSTANT S,
       NEW CONSTANT f,
       IsWellFoundedOn(R, S) ,
       IsTransitivelyClosedOn(R, S) ,
       WFDefOn(R, S, Def) ,
       OpDefinesFcn(f, S, Def) ,
       NEW CONSTANT x \in S,
       WFInductiveDefines([y \in LT(x) |-> Def(ff, y)], LT(x), Def) ,
       WFInductiveDefines(CHOOSE g : g = [y \in LT(x) |-> Def(g, y)], 
                          LT(x), Def) ,
       \A g, h :
          (/\ WFInductiveDefines(g, LT(x), Def)
           /\ WFInductiveDefines(h, LT(x), Def))
          => g = h 
PROVE  TRUE

@!!END

@!!BEGIN
@!!type:obligation
@!!id:126
@!!loc:317:11:317:13
@!!status:normalized
@!!meth:time-limit: 5
@!!obl:ASSUME NEW CONSTANT R,
       NEW CONSTANT S,
       R \cap S \X S \subseteq TransitiveClosureOn(R, S) ,
       IsTransitivelyClosedOn(TransitiveClosureOn(R, S), S) 
PROVE  /\ R \cap S \X S \subseteq TransitiveClosureOn(R, S)
       /\ IsTransitivelyClosedOn(TransitiveClosureOn(R, S), S)

@!!END

@!!BEGIN
@!!type:obligation
@!!id:126
@!!loc:317:11:317:13
@!!status:proved
@!!prover:smt
@!!meth:time-limit: 5; time-used: 0.0 (1%)
@!!already:false
@!!obl:
ASSUME NEW CONSTANT R,
       NEW CONSTANT S,
       R \cap S \X S \subseteq TransitiveClosureOn(R, S) ,
       IsTransitivelyClosedOn(TransitiveClosureOn(R, S), S) 
PROVE  /\ R \cap S \X S \subseteq TransitiveClosureOn(R, S)
       /\ IsTransitivelyClosedOn(TransitiveClosureOn(R, S), S)

@!!END

@!!BEGIN
@!!type:obligation
@!!id:127
@!!loc:317:14:317:18
@!!status:trivial
@!!prover:tlapm
@!!already:false
@!!obl:ASSUME NEW CONSTANT R,
       NEW CONSTANT S,
       R \cap S \X S \subseteq TransitiveClosureOn(R, S) 
PROVE  R \cap S \X S \subseteq TransitiveClosureOn(R, S)

@!!END

@!!BEGIN
@!!type:obligation
@!!id:128
@!!loc:317:20:317:24
@!!status:trivial
@!!prover:tlapm
@!!already:false
@!!obl:ASSUME NEW CONSTANT R,
       NEW CONSTANT S,
       IsTransitivelyClosedOn(TransitiveClosureOn(R, S), S) ,
       R \cap S \X S \subseteq TransitiveClosureOn(R, S) 
PROVE  IsTransitivelyClosedOn(TransitiveClosureOn(R, S), S)

@!!END

@!!BEGIN
@!!type:obligation
@!!id:129
@!!loc:312:1:312:14
@!!status:normalized
@!!meth:time-limit: 5
@!!obl:ASSUME ASSUME NEW CONSTANT R,
              NEW CONSTANT S
       PROVE  /\ R \cap S \X S \subseteq TransitiveClosureOn(R, S)
              /\ IsTransitivelyClosedOn(TransitiveClosureOn(R, S), S) 
PROVE  \A R, S :
          /\ R \cap S \X S \subseteq TransitiveClosureOn(R, S)
          /\ IsTransitivelyClosedOn(TransitiveClosureOn(R, S), S)

@!!END

@!!BEGIN
@!!type:obligation
@!!id:129
@!!loc:312:1:312:14
@!!status:proved
@!!prover:smt
@!!meth:time-limit: 5; time-used: 0.0 (1%)
@!!already:false
@!!obl:
ASSUME ASSUME NEW CONSTANT R,
              NEW CONSTANT S
       PROVE  /\ R \cap S \X S \subseteq TransitiveClosureOn(R, S)
              /\ IsTransitivelyClosedOn(TransitiveClosureOn(R, S), S) 
PROVE  \A R, S :
          /\ R \cap S \X S \subseteq TransitiveClosureOn(R, S)
          /\ IsTransitivelyClosedOn(TransitiveClosureOn(R, S), S)

@!!END

@!!BEGIN
@!!type:obligation
@!!id:130
@!!loc:312:1:312:14
@!!status:trivial
@!!prover:tlapm
@!!already:false
@!!obl:ASSUME ASSUME NEW CONSTANT R,
              NEW CONSTANT S
       PROVE  /\ R \cap S \X S \subseteq TransitiveClosureOn(R, S)
              /\ IsTransitivelyClosedOn(TransitiveClosureOn(R, S), S) 
PROVE  ASSUME NEW CONSTANT R,
              NEW CONSTANT S
       PROVE  /\ R \cap S \X S \subseteq TransitiveClosureOn(R, S)
              /\ IsTransitivelyClosedOn(TransitiveClosureOn(R, S), S)

@!!END

@!!BEGIN
@!!type:obligation
@!!id:131
@!!loc:314:3:314:5
@!!status:normalized
@!!meth:time-limit: 5
@!!obl:ASSUME NEW CONSTANT R,
       NEW CONSTANT S
PROVE  R \cap S \X S
       \subseteq {ss \in S \X S :
                    \A U \in SUBSET S \X S :
                       (/\ R \cap S \X S \subseteq U
                        /\ IsTransitivelyClosedOn(U, S))
                       => ss \in U}

@!!END

@!!BEGIN
@!!type:obligation
@!!id:108
@!!loc:278:8:278:10
@!!status:proved
@!!prover:zenon
@!!meth:time-limit: 10; time-used: 0.6 (6%)
@!!already:false
@!!obl:
ASSUME NEW CONSTANT Def(_, _),
       NEW CONSTANT R,
       NEW CONSTANT S,
       NEW CONSTANT f,
       IsWellFoundedOn(R, S) ,
       IsTransitivelyClosedOn(R, S) ,
       \A g, h :
          \A x \in S :
             (\A y \in SetLessThan(x, R, S) : g[y] = h[y])
             => Def(g, x) = Def(h, x) ,
       OpDefinesFcn(f, S, Def) ,
       NEW CONSTANT x \in S,
       NEW CONSTANT y \in SetLessThan(x, R, S),
       y \in S ,
       \A z \in SetLessThan(y, R, S) :
          ff[z] = [y_1 \in LT(x) |-> Def(ff, y_1)][z] ,
       TRUE 
PROVE  Def(ff, y) = Def([y_1 \in LT(x) |-> Def(ff, y_1)], y)

@!!END

@!!BEGIN
@!!type:obligation
@!!id:132
@!!loc:316:3:316:5
@!!status:normalized
@!!meth:time-limit: 10
@!!obl:ASSUME NEW CONSTANT R,
       NEW CONSTANT S,
       TRUE 
PROVE  \A i, j, k \in S :
          <<i, j>>
          \in {ss \in S \X S :
                 \A U \in SUBSET S \X S :
                    (/\ R \cap S \X S \subseteq U
                     /\ \A i_1, j_1, k_1 \in S :
                           <<i_1, j_1>> \in U /\ <<j_1, k_1>> \in U
                           => <<i_1, k_1>> \in U)
                    => ss \in U}
          /\ <<j, k>>
             \in {ss \in S \X S :
                    \A U \in SUBSET S \X S :
                       (/\ R \cap S \X S \subseteq U
                        /\ \A i_1, j_1, k_1 \in S :
                              <<i_1, j_1>> \in U /\ <<j_1, k_1>> \in U
                              => <<i_1, k_1>> \in U)
                       => ss \in U}
          => <<i, k>>
             \in {ss \in S \X S :
                    \A U \in SUBSET S \X S :
                       (/\ R \cap S \X S \subseteq U
                        /\ \A i_1, j_1, k_1 \in S :
                              <<i_1, j_1>> \in U /\ <<j_1, k_1>> \in U
                              => <<i_1, k_1>> \in U)
                       => ss \in U}

@!!END

@!!BEGIN
@!!type:obligation
@!!id:131
@!!loc:314:3:314:5
@!!status:proved
@!!prover:smt
@!!meth:time-limit: 5; time-used: 0.0 (1%)
@!!already:false
@!!obl:
ASSUME NEW CONSTANT R,
       NEW CONSTANT S
PROVE  R \cap S \X S
       \subseteq {ss \in S \X S :
                    \A U \in SUBSET S \X S :
                       (/\ R \cap S \X S \subseteq U
                        /\ IsTransitivelyClosedOn(U, S))
                       => ss \in U}

@!!END

@!!BEGIN
@!!type:obligation
@!!id:133
@!!loc:316:6:316:11
@!!status:trivial
@!!prover:tlapm
@!!already:false
@!!obl:ASSUME NEW CONSTANT R,
       NEW CONSTANT S
PROVE  TRUE

@!!END

@!!BEGIN
@!!type:obligation
@!!id:134
@!!loc:324:1:324:3
@!!status:normalized
@!!meth:time-limit: 5
@!!obl:ASSUME NEW CONSTANT R,
       NEW CONSTANT S,
       NEW CONSTANT U \in SUBSET S \X S,
       R \cap S \X S \subseteq U ,
       IsTransitivelyClosedOn(U, S) 
PROVE  {ss \in S \X S :
          \A U_1 \in SUBSET S \X S :
             (/\ R \cap S \X S \subseteq U_1
              /\ IsTransitivelyClosedOn(U_1, S))
             => ss \in U_1}
       \subseteq U

@!!END

@!!BEGIN
@!!type:obligation
@!!id:134
@!!loc:324:1:324:3
@!!status:proved
@!!prover:smt
@!!meth:time-limit: 5; time-used: 0.1 (1%)
@!!already:false
@!!obl:
ASSUME NEW CONSTANT R,
       NEW CONSTANT S,
       NEW CONSTANT U \in SUBSET S \X S,
       R \cap S \X S \subseteq U ,
       IsTransitivelyClosedOn(U, S) 
PROVE  {ss \in S \X S :
          \A U_1 \in SUBSET S \X S :
             (/\ R \cap S \X S \subseteq U_1
              /\ IsTransitivelyClosedOn(U_1, S))
             => ss \in U_1}
       \subseteq U

@!!END

@!!BEGIN
@!!type:obligation
@!!id:135
@!!loc:338:1:338:3
@!!status:normalized
@!!meth:time-limit: 5
@!!obl:ASSUME NEW CONSTANT R,
       NEW CONSTANT S,
       NEW CONSTANT i \in S,
       NEW CONSTANT j \in S,
       NEW CONSTANT k \in S,
       <<i, j>> \in TransitiveClosureOn(R, S) ,
       <<j, k>> \in TransitiveClosureOn(R, S) ,
       \A R_1, S_1 :
          /\ R_1 \cap S_1 \X S_1 \subseteq TransitiveClosureOn(R_1, S_1)
          /\ \A i_1, j_1, k_1 \in S_1 :
                <<i_1, j_1>> \in TransitiveClosureOn(R_1, S_1)
                /\ <<j_1, k_1>> \in TransitiveClosureOn(R_1, S_1)
                => <<i_1, k_1>> \in TransitiveClosureOn(R_1, S_1) 
PROVE  <<i, k>> \in TransitiveClosureOn(R, S)

@!!END

@!!BEGIN
@!!type:obligation
@!!id:135
@!!loc:338:1:338:3
@!!status:proved
@!!prover:smt
@!!meth:time-limit: 5; time-used: 0.0 (1%)
@!!already:false
@!!obl:
ASSUME NEW CONSTANT R,
       NEW CONSTANT S,
       NEW CONSTANT i \in S,
       NEW CONSTANT j \in S,
       NEW CONSTANT k \in S,
       <<i, j>> \in TransitiveClosureOn(R, S) ,
       <<j, k>> \in TransitiveClosureOn(R, S) ,
       \A R_1, S_1 :
          /\ R_1 \cap S_1 \X S_1 \subseteq TransitiveClosureOn(R_1, S_1)
          /\ \A i_1, j_1, k_1 \in S_1 :
                <<i_1, j_1>> \in TransitiveClosureOn(R_1, S_1)
                /\ <<j_1, k_1>> \in TransitiveClosureOn(R_1, S_1)
                => <<i_1, k_1>> \in TransitiveClosureOn(R_1, S_1) 
PROVE  <<i, k>> \in TransitiveClosureOn(R, S)

@!!END

@!!BEGIN
@!!type:obligation
@!!id:136
@!!loc:338:4:338:24
@!!status:trivial
@!!prover:tlapm
@!!already:false
@!!obl:ASSUME \A R, S :
          /\ R \cap S \X S \subseteq TransitiveClosureOn(R, S)
          /\ \A i, j, k \in S :
                <<i, j>> \in TransitiveClosureOn(R, S)
                /\ <<j, k>> \in TransitiveClosureOn(R, S)
                => <<i, k>> \in TransitiveClosureOn(R, S) ,
       NEW CONSTANT R,
       NEW CONSTANT S,
       NEW CONSTANT i \in S,
       NEW CONSTANT j \in S,
       NEW CONSTANT k \in S,
       <<i, j>> \in TransitiveClosureOn(R, S) ,
       <<j, k>> \in TransitiveClosureOn(R, S) 
PROVE  \A R_1, S_1 :
          /\ R_1 \cap S_1 \X S_1 \subseteq TransitiveClosureOn(R_1, S_1)
          /\ \A i_1, j_1, k_1 \in S_1 :
                <<i_1, j_1>> \in TransitiveClosureOn(R_1, S_1)
                /\ <<j_1, k_1>> \in TransitiveClosureOn(R_1, S_1)
                => <<i_1, k_1>> \in TransitiveClosureOn(R_1, S_1)

@!!END

@!!BEGIN
@!!type:obligation
@!!id:137
@!!loc:344:1:344:3
@!!status:normalized
@!!meth:time-limit: 10
@!!obl:ASSUME NEW CONSTANT R,
       NEW CONSTANT S,
       NEW CONSTANT i \in S,
       NEW CONSTANT j \in S,
       NEW CONSTANT k \in S,
       <<i, j>> \in TransitiveClosureOn(R, S) ,
       <<j, k>> \in R ,
       \A R_1, S_1 :
          /\ R_1 \cap S_1 \X S_1 \subseteq TransitiveClosureOn(R_1, S_1)
          /\ IsTransitivelyClosedOn(TransitiveClosureOn(R_1, S_1), S_1) ,
       ASSUME NEW CONSTANT R_1,
              NEW CONSTANT S_1,
              NEW CONSTANT i_1 \in S_1,
              NEW CONSTANT j_1 \in S_1,
              NEW CONSTANT k_1 \in S_1,
              <<i_1, j_1>> \in TransitiveClosureOn(R_1, S_1) ,
              <<j_1, k_1>> \in TransitiveClosureOn(R_1, S_1) 
       PROVE  <<i_1, k_1>> \in TransitiveClosureOn(R_1, S_1) ,
       TRUE 
PROVE  <<i, k>> \in TransitiveClosureOn(R, S)

@!!END

@!!BEGIN
@!!type:obligation
@!!id:132
@!!loc:316:3:316:5
@!!status:proved
@!!prover:zenon
@!!meth:time-limit: 10; time-used: 0.3 (3%)
@!!already:false
@!!obl:
ASSUME NEW CONSTANT R,
       NEW CONSTANT S,
       TRUE 
PROVE  \A i, j, k \in S :
          <<i, j>>
          \in {ss \in S \X S :
                 \A U \in SUBSET S \X S :
                    (/\ R \cap S \X S \subseteq U
                     /\ \A i_1, j_1, k_1 \in S :
                           <<i_1, j_1>> \in U /\ <<j_1, k_1>> \in U
                           => <<i_1, k_1>> \in U)
                    => ss \in U}
          /\ <<j, k>>
             \in {ss \in S \X S :
                    \A U \in SUBSET S \X S :
                       (/\ R \cap S \X S \subseteq U
                        /\ \A i_1, j_1, k_1 \in S :
                              <<i_1, j_1>> \in U /\ <<j_1, k_1>> \in U
                              => <<i_1, k_1>> \in U)
                       => ss \in U}
          => <<i, k>>
             \in {ss \in S \X S :
                    \A U \in SUBSET S \X S :
                       (/\ R \cap S \X S \subseteq U
                        /\ \A i_1, j_1, k_1 \in S :
                              <<i_1, j_1>> \in U /\ <<j_1, k_1>> \in U
                              => <<i_1, k_1>> \in U)
                       => ss \in U}

@!!END

@!!BEGIN
@!!type:obligation
@!!id:138
@!!loc:344:4:344:24
@!!status:trivial
@!!prover:tlapm
@!!already:false
@!!obl:ASSUME \A R, S :
          /\ R \cap S \X S \subseteq TransitiveClosureOn(R, S)
          /\ IsTransitivelyClosedOn(TransitiveClosureOn(R, S), S) ,
       NEW CONSTANT R,
       NEW CONSTANT S,
       NEW CONSTANT i \in S,
       NEW CONSTANT j \in S,
       NEW CONSTANT k \in S,
       <<i, j>> \in TransitiveClosureOn(R, S) ,
       <<j, k>> \in R 
PROVE  \A R_1, S_1 :
          /\ R_1 \cap S_1 \X S_1 \subseteq TransitiveClosureOn(R_1, S_1)
          /\ IsTransitivelyClosedOn(TransitiveClosureOn(R_1, S_1), S_1)

@!!END

@!!BEGIN
@!!type:obligation
@!!id:139
@!!loc:344:26:344:32
@!!status:trivial
@!!prover:tlapm
@!!already:false
@!!obl:ASSUME ASSUME NEW CONSTANT R,
              NEW CONSTANT S,
              NEW CONSTANT i \in S,
              NEW CONSTANT j \in S,
              NEW CONSTANT k \in S,
              <<i, j>> \in TransitiveClosureOn(R, S) ,
              <<j, k>> \in TransitiveClosureOn(R, S) 
       PROVE  <<i, k>> \in TransitiveClosureOn(R, S) ,
       NEW CONSTANT R,
       NEW CONSTANT S,
       NEW CONSTANT i \in S,
       NEW CONSTANT j \in S,
       NEW CONSTANT k \in S,
       <<i, j>> \in TransitiveClosureOn(R, S) ,
       <<j, k>> \in R ,
       \A R_1, S_1 :
          /\ R_1 \cap S_1 \X S_1 \subseteq TransitiveClosureOn(R_1, S_1)
          /\ IsTransitivelyClosedOn(TransitiveClosureOn(R_1, S_1), S_1) 
PROVE  ASSUME NEW CONSTANT R_1,
              NEW CONSTANT S_1,
              NEW CONSTANT i_1 \in S_1,
              NEW CONSTANT j_1 \in S_1,
              NEW CONSTANT k_1 \in S_1,
              <<i_1, j_1>> \in TransitiveClosureOn(R_1, S_1) ,
              <<j_1, k_1>> \in TransitiveClosureOn(R_1, S_1) 
       PROVE  <<i_1, k_1>> \in TransitiveClosureOn(R_1, S_1)

@!!END

@!!BEGIN
@!!type:obligation
@!!id:140
@!!loc:344:34:344:39
@!!status:trivial
@!!prover:tlapm
@!!already:false
@!!obl:ASSUME NEW CONSTANT R,
       NEW CONSTANT S,
       NEW CONSTANT i \in S,
       NEW CONSTANT j \in S,
       NEW CONSTANT k \in S,
       <<i, j>> \in TransitiveClosureOn(R, S) ,
       <<j, k>> \in R ,
       \A R_1, S_1 :
          /\ R_1 \cap S_1 \X S_1 \subseteq TransitiveClosureOn(R_1, S_1)
          /\ IsTransitivelyClosedOn(TransitiveClosureOn(R_1, S_1), S_1) ,
       ASSUME NEW CONSTANT R_1,
              NEW CONSTANT S_1,
              NEW CONSTANT i_1 \in S_1,
              NEW CONSTANT j_1 \in S_1,
              NEW CONSTANT k_1 \in S_1,
              <<i_1, j_1>> \in TransitiveClosureOn(R_1, S_1) ,
              <<j_1, k_1>> \in TransitiveClosureOn(R_1, S_1) 
       PROVE  <<i_1, k_1>> \in TransitiveClosureOn(R_1, S_1) 
PROVE  TRUE

@!!END

@!!BEGIN
@!!type:obligation
@!!id:141
@!!loc:350:1:350:3
@!!status:normalized
@!!meth:time-limit: 10
@!!obl:ASSUME NEW CONSTANT R,
       NEW CONSTANT S,
       NEW CONSTANT i \in S,
       NEW CONSTANT j \in S,
       NEW CONSTANT k \in S,
       <<i, j>> \in R ,
       <<j, k>> \in TransitiveClosureOn(R, S) ,
       \A R_1, S_1 :
          /\ R_1 \cap S_1 \X S_1 \subseteq TransitiveClosureOn(R_1, S_1)
          /\ IsTransitivelyClosedOn(TransitiveClosureOn(R_1, S_1), S_1) ,
       ASSUME NEW CONSTANT R_1,
              NEW CONSTANT S_1,
              NEW CONSTANT i_1 \in S_1,
              NEW CONSTANT j_1 \in S_1,
              NEW CONSTANT k_1 \in S_1,
              <<i_1, j_1>> \in TransitiveClosureOn(R_1, S_1) ,
              <<j_1, k_1>> \in TransitiveClosureOn(R_1, S_1) 
       PROVE  <<i_1, k_1>> \in TransitiveClosureOn(R_1, S_1) ,
       TRUE 
PROVE  <<i, k>> \in TransitiveClosureOn(R, S)

@!!END

@!!BEGIN
@!!type:obligation
@!!id:137
@!!loc:344:1:344:3
@!!status:proved
@!!prover:zenon
@!!meth:time-limit: 10; time-used: 0.1 (1%)
@!!already:false
@!!obl:
ASSUME NEW CONSTANT R,
       NEW CONSTANT S,
       NEW CONSTANT i \in S,
       NEW CONSTANT j \in S,
       NEW CONSTANT k \in S,
       <<i, j>> \in TransitiveClosureOn(R, S) ,
       <<j, k>> \in R ,
       \A R_1, S_1 :
          /\ R_1 \cap S_1 \X S_1 \subseteq TransitiveClosureOn(R_1, S_1)
          /\ IsTransitivelyClosedOn(TransitiveClosureOn(R_1, S_1), S_1) ,
       ASSUME NEW CONSTANT R_1,
              NEW CONSTANT S_1,
              NEW CONSTANT i_1 \in S_1,
              NEW CONSTANT j_1 \in S_1,
              NEW CONSTANT k_1 \in S_1,
              <<i_1, j_1>> \in TransitiveClosureOn(R_1, S_1) ,
              <<j_1, k_1>> \in TransitiveClosureOn(R_1, S_1) 
       PROVE  <<i_1, k_1>> \in TransitiveClosureOn(R_1, S_1) ,
       TRUE 
PROVE  <<i, k>> \in TransitiveClosureOn(R, S)

@!!END

@!!BEGIN
@!!type:obligation
@!!id:142
@!!loc:350:4:350:24
@!!status:trivial
@!!prover:tlapm
@!!already:false
@!!obl:ASSUME \A R, S :
          /\ R \cap S \X S \subseteq TransitiveClosureOn(R, S)
          /\ IsTransitivelyClosedOn(TransitiveClosureOn(R, S), S) ,
       NEW CONSTANT R,
       NEW CONSTANT S,
       NEW CONSTANT i \in S,
       NEW CONSTANT j \in S,
       NEW CONSTANT k \in S,
       <<i, j>> \in R ,
       <<j, k>> \in TransitiveClosureOn(R, S) 
PROVE  \A R_1, S_1 :
          /\ R_1 \cap S_1 \X S_1 \subseteq TransitiveClosureOn(R_1, S_1)
          /\ IsTransitivelyClosedOn(TransitiveClosureOn(R_1, S_1), S_1)

@!!END

@!!BEGIN
@!!type:obligation
@!!id:143
@!!loc:350:26:350:32
@!!status:trivial
@!!prover:tlapm
@!!already:false
@!!obl:ASSUME ASSUME NEW CONSTANT R,
              NEW CONSTANT S,
              NEW CONSTANT i \in S,
              NEW CONSTANT j \in S,
              NEW CONSTANT k \in S,
              <<i, j>> \in TransitiveClosureOn(R, S) ,
              <<j, k>> \in TransitiveClosureOn(R, S) 
       PROVE  <<i, k>> \in TransitiveClosureOn(R, S) ,
       NEW CONSTANT R,
       NEW CONSTANT S,
       NEW CONSTANT i \in S,
       NEW CONSTANT j \in S,
       NEW CONSTANT k \in S,
       <<i, j>> \in R ,
       <<j, k>> \in TransitiveClosureOn(R, S) ,
       \A R_1, S_1 :
          /\ R_1 \cap S_1 \X S_1 \subseteq TransitiveClosureOn(R_1, S_1)
          /\ IsTransitivelyClosedOn(TransitiveClosureOn(R_1, S_1), S_1) 
PROVE  ASSUME NEW CONSTANT R_1,
              NEW CONSTANT S_1,
              NEW CONSTANT i_1 \in S_1,
              NEW CONSTANT j_1 \in S_1,
              NEW CONSTANT k_1 \in S_1,
              <<i_1, j_1>> \in TransitiveClosureOn(R_1, S_1) ,
              <<j_1, k_1>> \in TransitiveClosureOn(R_1, S_1) 
       PROVE  <<i_1, k_1>> \in TransitiveClosureOn(R_1, S_1)

@!!END

@!!BEGIN
@!!type:obligation
@!!id:144
@!!loc:350:34:350:39
@!!status:trivial
@!!prover:tlapm
@!!already:false
@!!obl:ASSUME NEW CONSTANT R,
       NEW CONSTANT S,
       NEW CONSTANT i \in S,
       NEW CONSTANT j \in S,
       NEW CONSTANT k \in S,
       <<i, j>> \in R ,
       <<j, k>> \in TransitiveClosureOn(R, S) ,
       \A R_1, S_1 :
          /\ R_1 \cap S_1 \X S_1 \subseteq TransitiveClosureOn(R_1, S_1)
          /\ IsTransitivelyClosedOn(TransitiveClosureOn(R_1, S_1), S_1) ,
       ASSUME NEW CONSTANT R_1,
              NEW CONSTANT S_1,
              NEW CONSTANT i_1 \in S_1,
              NEW CONSTANT j_1 \in S_1,
              NEW CONSTANT k_1 \in S_1,
              <<i_1, j_1>> \in TransitiveClosureOn(R_1, S_1) ,
              <<j_1, k_1>> \in TransitiveClosureOn(R_1, S_1) 
       PROVE  <<i_1, k_1>> \in TransitiveClosureOn(R_1, S_1) 
PROVE  TRUE

@!!END

@!!BEGIN
@!!type:obligation
@!!id:145
@!!loc:388:5:388:7
@!!status:normalized
@!!meth:time-limit: 10
@!!obl:ASSUME NEW CONSTANT R,
       NEW CONSTANT S,
       NEW CONSTANT i \in S,
       NEW CONSTANT k \in S,
       <<i, k>> \in TransitiveClosureOn(R, S) ,
       TransitiveClosureOn(R, S)
       \subseteq {ss \in S \X S :
                    \E s \in S :
                       /\ <<s, ss[2]>> \in R
                       /\ ss[1] = s
                          \/ <<ss[1], s>> \in TransitiveClosureOn(R, S)} ,
       TRUE 
PROVE  \E j \in S :
          /\ <<j, k>> \in R
          /\ i = j \/ <<i, j>> \in TransitiveClosureOn(R, S)

@!!END

@!!BEGIN
@!!type:obligation
@!!id:141
@!!loc:350:1:350:3
@!!status:proved
@!!prover:zenon
@!!meth:time-limit: 10; time-used: 0.0 (0%)
@!!already:false
@!!obl:
ASSUME NEW CONSTANT R,
       NEW CONSTANT S,
       NEW CONSTANT i \in S,
       NEW CONSTANT j \in S,
       NEW CONSTANT k \in S,
       <<i, j>> \in R ,
       <<j, k>> \in TransitiveClosureOn(R, S) ,
       \A R_1, S_1 :
          /\ R_1 \cap S_1 \X S_1 \subseteq TransitiveClosureOn(R_1, S_1)
          /\ IsTransitivelyClosedOn(TransitiveClosureOn(R_1, S_1), S_1) ,
       ASSUME NEW CONSTANT R_1,
              NEW CONSTANT S_1,
              NEW CONSTANT i_1 \in S_1,
              NEW CONSTANT j_1 \in S_1,
              NEW CONSTANT k_1 \in S_1,
              <<i_1, j_1>> \in TransitiveClosureOn(R_1, S_1) ,
              <<j_1, k_1>> \in TransitiveClosureOn(R_1, S_1) 
       PROVE  <<i_1, k_1>> \in TransitiveClosureOn(R_1, S_1) ,
       TRUE 
PROVE  <<i, k>> \in TransitiveClosureOn(R, S)

@!!END

@!!BEGIN
@!!type:obligation
@!!id:146
@!!loc:388:8:388:12
@!!status:trivial
@!!prover:tlapm
@!!already:false
@!!obl:ASSUME NEW CONSTANT R,
       NEW CONSTANT S,
       NEW CONSTANT i \in S,
       NEW CONSTANT k \in S,
       <<i, k>> \in TransitiveClosureOn(R, S) ,
       TransitiveClosureOn(R, S)
       \subseteq {ss \in S \X S :
                    \E s \in S :
                       /\ <<s, ss[2]>> \in R
                       /\ ss[1] = s
                          \/ <<ss[1], s>> \in TransitiveClosureOn(R, S)} 
PROVE  TransitiveClosureOn(R, S)
       \subseteq {ss \in S \X S :
                    \E s \in S :
                       /\ <<s, ss[2]>> \in R
                       /\ ss[1] = s
                          \/ <<ss[1], s>> \in TransitiveClosureOn(R, S)}

@!!END

@!!BEGIN
@!!type:obligation
@!!id:147
@!!loc:388:14:388:19
@!!status:trivial
@!!prover:tlapm
@!!already:false
@!!obl:ASSUME NEW CONSTANT R,
       NEW CONSTANT S,
       NEW CONSTANT i \in S,
       NEW CONSTANT k \in S,
       <<i, k>> \in TransitiveClosureOn(R, S) ,
       TransitiveClosureOn(R, S)
       \subseteq {ss \in S \X S :
                    \E s \in S :
                       /\ <<s, ss[2]>> \in R
                       /\ ss[1] = s
                          \/ <<ss[1], s>> \in TransitiveClosureOn(R, S)} 
PROVE  TRUE

@!!END

@!!BEGIN
@!!type:obligation
@!!id:148
@!!loc:386:5:386:7
@!!status:normalized
@!!meth:time-limit: 10
@!!obl:ASSUME NEW CONSTANT R,
       NEW CONSTANT S,
       NEW CONSTANT i \in S,
       NEW CONSTANT k \in S,
       <<i, k>> \in TransitiveClosureOn(R, S) ,
       R \cap S \X S
       \subseteq {ss \in S \X S :
                    \E s \in S :
                       /\ <<s, ss[2]>> \in R
                       /\ ss[1] = s
                          \/ <<ss[1], s>> \in TransitiveClosureOn(R, S)} ,
       IsTransitivelyClosedOn({ss \in S \X S :
                                 \E s \in S :
                                    /\ <<s, ss[2]>> \in R
                                    /\ ss[1] = s
                                       \/ <<ss[1], s>>
                                          \in TransitiveClosureOn(R, S)},
                              S) ,
       ASSUME NEW CONSTANT R_1,
              NEW CONSTANT S_1,
              NEW CONSTANT U \in SUBSET S_1 \X S_1,
              R_1 \cap S_1 \X S_1 \subseteq U ,
              IsTransitivelyClosedOn(U, S_1) 
       PROVE  TransitiveClosureOn(R_1, S_1) \subseteq U ,
       TRUE 
PROVE  TransitiveClosureOn(R, S)
       \subseteq {ss \in S \X S :
                    \E s \in S :
                       /\ <<s, ss[2]>> \in R
                       /\ ss[1] = s
                          \/ <<ss[1], s>> \in TransitiveClosureOn(R, S)}

@!!END

@!!BEGIN
@!!type:obligation
@!!id:145
@!!loc:388:5:388:7
@!!status:proved
@!!prover:zenon
@!!meth:time-limit: 10; time-used: 0.1 (1%)
@!!already:false
@!!obl:
ASSUME NEW CONSTANT R,
       NEW CONSTANT S,
       NEW CONSTANT i \in S,
       NEW CONSTANT k \in S,
       <<i, k>> \in TransitiveClosureOn(R, S) ,
       TransitiveClosureOn(R, S)
       \subseteq {ss \in S \X S :
                    \E s \in S :
                       /\ <<s, ss[2]>> \in R
                       /\ ss[1] = s
                          \/ <<ss[1], s>> \in TransitiveClosureOn(R, S)} ,
       TRUE 
PROVE  \E j \in S :
          /\ <<j, k>> \in R
          /\ i = j \/ <<i, j>> \in TransitiveClosureOn(R, S)

@!!END

@!!BEGIN
@!!type:obligation
@!!id:149
@!!loc:386:8:386:12
@!!status:trivial
@!!prover:tlapm
@!!already:false
@!!obl:ASSUME NEW CONSTANT R,
       NEW CONSTANT S,
       NEW CONSTANT i \in S,
       NEW CONSTANT k \in S,
       <<i, k>> \in TransitiveClosureOn(R, S) ,
       R \cap S \X S
       \subseteq {ss \in S \X S :
                    \E s \in S :
                       /\ <<s, ss[2]>> \in R
                       /\ ss[1] = s
                          \/ <<ss[1], s>> \in TransitiveClosureOn(R, S)} 
PROVE  R \cap S \X S
       \subseteq {ss \in S \X S :
                    \E s \in S :
                       /\ <<s, ss[2]>> \in R
                       /\ ss[1] = s
                          \/ <<ss[1], s>> \in TransitiveClosureOn(R, S)}

@!!END

@!!BEGIN
@!!type:obligation
@!!id:150
@!!loc:386:14:386:18
@!!status:trivial
@!!prover:tlapm
@!!already:false
@!!obl:ASSUME NEW CONSTANT R,
       NEW CONSTANT S,
       NEW CONSTANT i \in S,
       NEW CONSTANT k \in S,
       <<i, k>> \in TransitiveClosureOn(R, S) ,
       IsTransitivelyClosedOn({ss \in S \X S :
                                 \E s \in S :
                                    /\ <<s, ss[2]>> \in R
                                    /\ ss[1] = s
                                       \/ <<ss[1], s>>
                                          \in TransitiveClosureOn(R, S)},
                              S) ,
       R \cap S \X S
       \subseteq {ss \in S \X S :
                    \E s \in S :
                       /\ <<s, ss[2]>> \in R
                       /\ ss[1] = s
                          \/ <<ss[1], s>> \in TransitiveClosureOn(R, S)} 
PROVE  IsTransitivelyClosedOn({ss \in S \X S :
                                 \E s \in S :
                                    /\ <<s, ss[2]>> \in R
                                    /\ ss[1] = s
                                       \/ <<ss[1], s>>
                                          \in TransitiveClosureOn(R, S)},
                              S)

@!!END

@!!BEGIN
@!!type:obligation
@!!id:151
@!!loc:386:20:386:44
@!!status:trivial
@!!prover:tlapm
@!!already:false
@!!obl:ASSUME ASSUME NEW CONSTANT R,
              NEW CONSTANT S,
              NEW CONSTANT U \in SUBSET S \X S,
              R \cap S \X S \subseteq U ,
              IsTransitivelyClosedOn(U, S) 
       PROVE  TransitiveClosureOn(R, S) \subseteq U ,
       NEW CONSTANT R,
       NEW CONSTANT S,
       NEW CONSTANT i \in S,
       NEW CONSTANT k \in S,
       <<i, k>> \in TransitiveClosureOn(R, S) ,
       R \cap S \X S
       \subseteq {ss \in S \X S :
                    \E s \in S :
                       /\ <<s, ss[2]>> \in R
                       /\ ss[1] = s
                          \/ <<ss[1], s>> \in TransitiveClosureOn(R, S)} ,
       IsTransitivelyClosedOn({ss \in S \X S :
                                 \E s \in S :
                                    /\ <<s, ss[2]>> \in R
                                    /\ ss[1] = s
                                       \/ <<ss[1], s>>
                                          \in TransitiveClosureOn(R, S)},
                              S) 
PROVE  ASSUME NEW CONSTANT R_1,
              NEW CONSTANT S_1,
              NEW CONSTANT U \in SUBSET S_1 \X S_1,
              R_1 \cap S_1 \X S_1 \subseteq U ,
              IsTransitivelyClosedOn(U, S_1) 
       PROVE  TransitiveClosureOn(R_1, S_1) \subseteq U

@!!END

@!!BEGIN
@!!type:obligation
@!!id:152
@!!loc:386:46:386:51
@!!status:trivial
@!!prover:tlapm
@!!already:false
@!!obl:ASSUME NEW CONSTANT R,
       NEW CONSTANT S,
       NEW CONSTANT i \in S,
       NEW CONSTANT k \in S,
       <<i, k>> \in TransitiveClosureOn(R, S) ,
       R \cap S \X S
       \subseteq {ss \in S \X S :
                    \E s \in S :
                       /\ <<s, ss[2]>> \in R
                       /\ ss[1] = s
                          \/ <<ss[1], s>> \in TransitiveClosureOn(R, S)} ,
       IsTransitivelyClosedOn({ss \in S \X S :
                                 \E s \in S :
                                    /\ <<s, ss[2]>> \in R
                                    /\ ss[1] = s
                                       \/ <<ss[1], s>>
                                          \in TransitiveClosureOn(R, S)},
                              S) ,
       ASSUME NEW CONSTANT R_1,
              NEW CONSTANT S_1,
              NEW CONSTANT U \in SUBSET S_1 \X S_1,
              R_1 \cap S_1 \X S_1 \subseteq U ,
              IsTransitivelyClosedOn(U, S_1) 
       PROVE  TransitiveClosureOn(R_1, S_1) \subseteq U 
PROVE  TRUE

@!!END

@!!BEGIN
@!!type:obligation
@!!id:153
@!!loc:363:5:363:12
@!!status:normalized
@!!meth:time-limit: 5
@!!obl:ASSUME NEW CONSTANT R,
       NEW CONSTANT S,
       NEW CONSTANT i \in S,
       NEW CONSTANT k \in S,
       <<i, k>> \in TransitiveClosureOn(R, S) ,
       NEW CONSTANT x \in S,
       NEW CONSTANT y \in S,
       <<x, y>> \in R 
PROVE  <<x, y>>
       \in {ss \in S \X S :
              \E s \in S :
                 /\ <<s, ss[2]>> \in R
                 /\ ss[1] = s \/ <<ss[1], s>> \in TransitiveClosureOn(R, S)}

@!!END

@!!BEGIN
@!!type:obligation
@!!id:148
@!!loc:386:5:386:7
@!!status:proved
@!!prover:zenon
@!!meth:time-limit: 10; time-used: 0.1 (1%)
@!!already:false
@!!obl:
ASSUME NEW CONSTANT R,
       NEW CONSTANT S,
       NEW CONSTANT i \in S,
       NEW CONSTANT k \in S,
       <<i, k>> \in TransitiveClosureOn(R, S) ,
       R \cap S \X S
       \subseteq {ss \in S \X S :
                    \E s \in S :
                       /\ <<s, ss[2]>> \in R
                       /\ ss[1] = s
                          \/ <<ss[1], s>> \in TransitiveClosureOn(R, S)} ,
       IsTransitivelyClosedOn({ss \in S \X S :
                                 \E s \in S :
                                    /\ <<s, ss[2]>> \in R
                                    /\ ss[1] = s
                                       \/ <<ss[1], s>>
                                          \in TransitiveClosureOn(R, S)},
                              S) ,
       ASSUME NEW CONSTANT R_1,
              NEW CONSTANT S_1,
              NEW CONSTANT U \in SUBSET S_1 \X S_1,
              R_1 \cap S_1 \X S_1 \subseteq U ,
              IsTransitivelyClosedOn(U, S_1) 
       PROVE  TransitiveClosureOn(R_1, S_1) \subseteq U ,
       TRUE 
PROVE  TransitiveClosureOn(R, S)
       \subseteq {ss \in S \X S :
                    \E s \in S :
                       /\ <<s, ss[2]>> \in R
                       /\ ss[1] = s
                          \/ <<ss[1], s>> \in TransitiveClosureOn(R, S)}

@!!END

@!!BEGIN
@!!type:obligation
@!!id:154
@!!loc:361:5:361:7
@!!status:normalized
@!!meth:time-limit: 30
@!!obl:ASSUME NEW CONSTANT R,
       NEW CONSTANT S,
       NEW CONSTANT i \in S,
       NEW CONSTANT k \in S,
       <<i, k>> \in TransitiveClosureOn(R, S) ,
       ASSUME NEW CONSTANT x \in S,
              NEW CONSTANT y \in S,
              <<x, y>> \in R 
       PROVE  <<x, y>>
              \in {ss \in S \X S :
                     \E s \in S :
                        /\ <<s, ss[2]>> \in R
                        /\ ss[1] = s
                           \/ <<ss[1], s>> \in TransitiveClosureOn(R, S)} ,
       TRUE 
PROVE  R \cap S \X S
       \subseteq {ss \in S \X S :
                    \E s \in S :
                       /\ <<s, ss[2]>> \in R
                       /\ ss[1] = s
                          \/ <<ss[1], s>> \in TransitiveClosureOn(R, S)}

@!!END

@!!BEGIN
@!!type:obligation
@!!id:153
@!!loc:363:5:363:12
@!!status:proved
@!!prover:smt
@!!meth:time-limit: 5; time-used: 0.0 (1%)
@!!already:false
@!!obl:
ASSUME NEW CONSTANT R,
       NEW CONSTANT S,
       NEW CONSTANT i \in S,
       NEW CONSTANT k \in S,
       <<i, k>> \in TransitiveClosureOn(R, S) ,
       NEW CONSTANT x \in S,
       NEW CONSTANT y \in S,
       <<x, y>> \in R 
PROVE  <<x, y>>
       \in {ss \in S \X S :
              \E s \in S :
                 /\ <<s, ss[2]>> \in R
                 /\ ss[1] = s \/ <<ss[1], s>> \in TransitiveClosureOn(R, S)}

@!!END

@!!BEGIN
@!!type:obligation
@!!id:155
@!!loc:361:8:361:21
@!!status:trivial
@!!prover:tlapm
@!!already:false
@!!obl:ASSUME NEW CONSTANT R,
       NEW CONSTANT S,
       NEW CONSTANT i \in S,
       NEW CONSTANT k \in S,
       <<i, k>> \in TransitiveClosureOn(R, S) ,
       ASSUME NEW CONSTANT x \in S,
              NEW CONSTANT y \in S,
              <<x, y>> \in R 
       PROVE  <<x, y>>
              \in {ss \in S \X S :
                     \E s \in S :
                        /\ <<s, ss[2]>> \in R
                        /\ ss[1] = s
                           \/ <<ss[1], s>> \in TransitiveClosureOn(R, S)} 
PROVE  TRUE

@!!END

@!!BEGIN
@!!type:obligation
@!!id:156
@!!loc:369:5:369:7
@!!status:normalized
@!!meth:time-limit: 10
@!!obl:ASSUME NEW CONSTANT R,
       NEW CONSTANT S,
       NEW CONSTANT i \in S,
       NEW CONSTANT k \in S,
       <<i, k>> \in TransitiveClosureOn(R, S) ,
       NEW CONSTANT x \in S,
       NEW CONSTANT y \in S,
       <<x, y>>
       \in {ss \in S \X S :
              \E s \in S :
                 /\ <<s, ss[2]>> \in R
                 /\ ss[1] = s \/ <<ss[1], s>> \in TransitiveClosureOn(R, S)} ,
       \A R_1, S_1 :
          /\ R_1 \cap S_1 \X S_1 \subseteq TransitiveClosureOn(R_1, S_1)
          /\ \A i_1, j, k_1 \in S_1 :
                <<i_1, j>> \in TransitiveClosureOn(R_1, S_1)
                /\ <<j, k_1>> \in TransitiveClosureOn(R_1, S_1)
                => <<i_1, k_1>> \in TransitiveClosureOn(R_1, S_1) ,
       TRUE 
PROVE  <<x, y>> \in TransitiveClosureOn(R, S)

@!!END

@!!BEGIN
@!!type:obligation
@!!id:156
@!!loc:369:5:369:7
@!!status:proved
@!!prover:zenon
@!!meth:time-limit: 10; time-used: 0.1 (1%)
@!!already:false
@!!obl:
ASSUME NEW CONSTANT R,
       NEW CONSTANT S,
       NEW CONSTANT i \in S,
       NEW CONSTANT k \in S,
       <<i, k>> \in TransitiveClosureOn(R, S) ,
       NEW CONSTANT x \in S,
       NEW CONSTANT y \in S,
       <<x, y>>
       \in {ss \in S \X S :
              \E s \in S :
                 /\ <<s, ss[2]>> \in R
                 /\ ss[1] = s \/ <<ss[1], s>> \in TransitiveClosureOn(R, S)} ,
       \A R_1, S_1 :
          /\ R_1 \cap S_1 \X S_1 \subseteq TransitiveClosureOn(R_1, S_1)
          /\ \A i_1, j, k_1 \in S_1 :
                <<i_1, j>> \in TransitiveClosureOn(R_1, S_1)
                /\ <<j, k_1>> \in TransitiveClosureOn(R_1, S_1)
                => <<i_1, k_1>> \in TransitiveClosureOn(R_1, S_1) ,
       TRUE 
PROVE  <<x, y>> \in TransitiveClosureOn(R, S)

@!!END

@!!BEGIN
@!!type:obligation
@!!id:157
@!!loc:369:8:369:28
@!!status:trivial
@!!prover:tlapm
@!!already:false
@!!obl:ASSUME \A R, S :
          /\ R \cap S \X S \subseteq TransitiveClosureOn(R, S)
          /\ \A i, j, k \in S :
                <<i, j>> \in TransitiveClosureOn(R, S)
                /\ <<j, k>> \in TransitiveClosureOn(R, S)
                => <<i, k>> \in TransitiveClosureOn(R, S) ,
       NEW CONSTANT R,
       NEW CONSTANT S,
       NEW CONSTANT i \in S,
       NEW CONSTANT k \in S,
       <<i, k>> \in TransitiveClosureOn(R, S) ,
       NEW CONSTANT x \in S,
       NEW CONSTANT y \in S,
       <<x, y>>
       \in {ss \in S \X S :
              \E s \in S :
                 /\ <<s, ss[2]>> \in R
                 /\ ss[1] = s \/ <<ss[1], s>> \in TransitiveClosureOn(R, S)} 
PROVE  \A R_1, S_1 :
          /\ R_1 \cap S_1 \X S_1 \subseteq TransitiveClosureOn(R_1, S_1)
          /\ \A i_1, j, k_1 \in S_1 :
                <<i_1, j>> \in TransitiveClosureOn(R_1, S_1)
                /\ <<j, k_1>> \in TransitiveClosureOn(R_1, S_1)
                => <<i_1, k_1>> \in TransitiveClosureOn(R_1, S_1)

@!!END

@!!BEGIN
@!!type:obligation
@!!id:158
@!!loc:369:30:369:35
@!!status:trivial
@!!prover:tlapm
@!!already:false
@!!obl:ASSUME NEW CONSTANT R,
       NEW CONSTANT S,
       NEW CONSTANT i \in S,
       NEW CONSTANT k \in S,
       <<i, k>> \in TransitiveClosureOn(R, S) ,
       NEW CONSTANT x \in S,
       NEW CONSTANT y \in S,
       <<x, y>>
       \in {ss \in S \X S :
              \E s \in S :
                 /\ <<s, ss[2]>> \in R
                 /\ ss[1] = s \/ <<ss[1], s>> \in TransitiveClosureOn(R, S)} ,
       \A R_1, S_1 :
          /\ R_1 \cap S_1 \X S_1 \subseteq TransitiveClosureOn(R_1, S_1)
          /\ \A i_1, j, k_1 \in S_1 :
                <<i_1, j>> \in TransitiveClosureOn(R_1, S_1)
                /\ <<j, k_1>> \in TransitiveClosureOn(R_1, S_1)
                => <<i_1, k_1>> \in TransitiveClosureOn(R_1, S_1) 
PROVE  TRUE

@!!END

@!!BEGIN
@!!type:obligation
@!!id:159
@!!loc:367:5:367:7
@!!status:normalized
@!!meth:time-limit: 30
@!!obl:ASSUME NEW CONSTANT R,
       NEW CONSTANT S,
       NEW CONSTANT i \in S,
       NEW CONSTANT k \in S,
       <<i, k>> \in TransitiveClosureOn(R, S) ,
       ASSUME NEW CONSTANT x \in S,
              NEW CONSTANT y \in S,
              <<x, y>>
              \in {ss \in S \X S :
                     \E s \in S :
                        /\ <<s, ss[2]>> \in R
                        /\ ss[1] = s
                           \/ <<ss[1], s>> \in TransitiveClosureOn(R, S)} 
       PROVE  <<x, y>> \in TransitiveClosureOn(R, S) ,
       TRUE 
PROVE  {ss \in S \X S :
          \E s \in S :
             /\ <<s, ss[2]>> \in R
             /\ ss[1] = s \/ <<ss[1], s>> \in TransitiveClosureOn(R, S)}
       \subseteq TransitiveClosureOn(R, S)

@!!END

@!!BEGIN
@!!type:obligation
@!!id:21
@!!loc:102:5:102:7
@!!status:being proved
@!!prover:isabelle
@!!meth:auto; time-limit: 30
@!!obl:
ASSUME NEW CONSTANT R,
       NEW CONSTANT S,
       IsWellFoundedOn(R, S) ,
       NEW CONSTANT T,
       T \subseteq S ,
       T # {} ,
       \A x \in T : \E y \in T : <<y, x>> \in R ,
       NatInductiveDefConclusion(CHOOSE f :
                                   f
                                   = [n \in Nat |->
                                        IF n = 0
                                          THEN CHOOSE x \in T : TRUE
                                          ELSE CHOOSE x \in T :
                                                 <<x, f[n - 1]>> \in R],
                                 CHOOSE x \in T : TRUE,
                                 LAMBDA v, n :
                                   CHOOSE x \in T : <<x, v>> \in R) ,
       (CHOOSE x \in T : TRUE) \in T ,
       \A v \in T, n \in Nat \ {0} : (CHOOSE x \in T : <<x, v>> \in R) \in T ,
       ASSUME NEW CONSTANT Def(_, _),
              NEW CONSTANT S_1,
              NEW CONSTANT f,
              NEW CONSTANT f0 \in S_1,
              NatInductiveDefConclusion(f, f0, Def) ,
              f0 \in S_1 ,
              \A v \in S_1, n \in Nat \ {0} : Def(v, n) \in S_1 
       PROVE  f \in [Nat -> S_1] ,
       TRUE 
PROVE  (CHOOSE f :
          f
          = [n \in Nat |->
               IF n = 0
                 THEN CHOOSE x \in T : TRUE
                 ELSE CHOOSE x \in T : <<x, f[n - 1]>> \in R])
       \in [Nat -> T]

@!!END

@!!BEGIN
@!!type:obligation
@!!id:42
@!!loc:122:3:122:5
@!!status:being proved
@!!prover:isabelle
@!!meth:auto; time-limit: 30
@!!obl:
ASSUME NEW CONSTANT R,
       NEW CONSTANT S,
       \A T \in SUBSET S :
          T # {} => (\E x \in T : \A y \in T : ~<<y, x>> \in R) ,
       NEW CONSTANT f \in [Nat -> S],
       \A n \in Nat : <<f[n + 1], f[n]>> \in R ,
       TRUE 
PROVE  \A x \in {f[n] : n \in Nat} :
          \E y \in {f[n] : n \in Nat} : <<y, x>> \in R

@!!END

@!!BEGIN
@!!type:obligation
@!!id:46
@!!loc:134:3:134:5
@!!status:being proved
@!!prover:isabelle
@!!meth:blast; time-limit: 30
@!!obl:
ASSUME NEW CONSTANT R,
       NEW CONSTANT S,
       NEW CONSTANT x \in S,
       IsWellFoundedOn(R, S) ,
       ASSUME NEW CONSTANT R_1,
              NEW CONSTANT S_1,
              IsWellFoundedOn(R_1, S_1) ,
              NEW CONSTANT T,
              T \subseteq S_1 ,
              T # {} 
       PROVE  \E x_1 \in T : \A y \in T : ~<<y, x_1>> \in R_1 ,
       TRUE 
PROVE  \E z \in {x} : \A y \in {x} : <<y, z>> \notin R

@!!END

@!!BEGIN
@!!type:obligation
@!!id:51
@!!loc:145:3:145:5
@!!status:being proved
@!!prover:isabelle
@!!meth:blast; time-limit: 30
@!!obl:
ASSUME NEW CONSTANT R,
       NEW CONSTANT S,
       NEW CONSTANT x \in S,
       NEW CONSTANT y \in S,
       IsWellFoundedOn(R, S) ,
       <<x, y>> \in R ,
       <<y, x>> \in R ,
       ASSUME NEW CONSTANT R_1,
              NEW CONSTANT S_1,
              IsWellFoundedOn(R_1, S_1) ,
              NEW CONSTANT T,
              T \subseteq S_1 ,
              T # {} 
       PROVE  \E x_1 \in T : \A y_1 \in T : ~<<y_1, x_1>> \in R_1 ,
       TRUE 
PROVE  \E u \in {x, y} : \A v \in {x, y} : <<v, u>> \notin R

@!!END

@!!BEGIN
@!!type:obligation
@!!id:65
@!!loc:229:3:229:5
@!!status:being proved
@!!prover:isabelle
@!!meth:auto; time-limit: 30
@!!obl:
ASSUME NEW CONSTANT Def(_, _),
       NEW CONSTANT R,
       NEW CONSTANT S,
       IsWellFoundedOn(R, S) ,
       WFDefOn(R, S, Def) ,
       NEW CONSTANT g,
       NEW CONSTANT h,
       ASSUME NEW CONSTANT x \in S,
              \A y \in SetLessThan(x, R, S) : g[y] = h[y] 
       PROVE  g[x] = h[x] ,
       ASSUME NEW CONSTANT P(_),
              NEW CONSTANT R_1,
              NEW CONSTANT S_1,
              IsWellFoundedOn(R_1, S_1) ,
              \A x \in S_1 :
                 (\A y \in SetLessThan(x, R_1, S_1) : P(y)) => P(x) 
       PROVE  \A x \in S_1 : P(x) ,
       TRUE 
PROVE  \A x \in S : g[x] = h[x]

@!!END

@!!BEGIN
@!!type:obligation
@!!id:81
@!!loc:245:3:245:5
@!!status:being proved
@!!prover:isabelle
@!!meth:auto; time-limit: 30
@!!obl:
ASSUME NEW CONSTANT Def(_, _),
       NEW CONSTANT R,
       NEW CONSTANT S,
       NEW CONSTANT f,
       IsWellFoundedOn(R, S) ,
       \A i, j, k \in S : <<i, j>> \in R /\ <<j, k>> \in R => <<i, k>> \in R ,
       WFDefOn(R, S, Def) ,
       OpDefinesFcn(f, S, Def) ,
       NEW CONSTANT x \in S,
       TRUE 
PROVE  /\ {x} \cup {y \in S : <<y, x>> \in R}
          = {x}
            \cup (UNION {{y} \cup {y_1 \in S : <<y_1, y>> \in R} :
                           y \in {y \in S : <<y, x>> \in R}})
       /\ x \in {x} \cup {y \in S : <<y, x>> \in R}
          /\ {y \in S : <<y, x>> \in R}
             \subseteq {x} \cup {y \in S : <<y, x>> \in R}
       /\ \A y \in {x} \cup {y \in S : <<y, x>> \in R} :
             {y_1 \in S : <<y_1, y>> \in R}
             \subseteq {x} \cup {y_1 \in S : <<y_1, x>> \in R}
       /\ \A y \in {x} \cup {y \in S : <<y, x>> \in R} :
             {y} \cup {y_1 \in S : <<y_1, y>> \in R}
             \subseteq {x} \cup {y_1 \in S : <<y_1, x>> \in R}
       /\ {x} \cup {y \in S : <<y, x>> \in R} \subseteq S

@!!END

@!!BEGIN
@!!type:obligation
@!!id:87
@!!loc:256:5:256:7
@!!status:being proved
@!!prover:isabelle
@!!meth:auto; time-limit: 30
@!!obl:
ASSUME NEW CONSTANT Def(_, _),
       NEW CONSTANT R,
       NEW CONSTANT S,
       NEW CONSTANT f,
       IsWellFoundedOn(R, S) ,
       IsTransitivelyClosedOn(R, S) ,
       WFDefOn(R, S, Def) ,
       OpDefinesFcn(f, S, Def) ,
       ASSUME NEW CONSTANT x \in S,
              \A y \in SetLessThan(x, R, S) : ff[y] = Def(ff, y) 
       PROVE  ff[x] = Def(ff, x) ,
       ASSUME NEW CONSTANT P(_),
              NEW CONSTANT R_1,
              NEW CONSTANT S_1,
              IsWellFoundedOn(R_1, S_1) ,
              \A x \in S_1 :
                 (\A y \in SetLessThan(x, R_1, S_1) : P(y)) => P(x) 
       PROVE  \A x \in S_1 : P(x) ,
       TRUE 
PROVE  \A x \in S : ff[x] = Def(ff, x)

@!!END

@!!BEGIN
@!!type:obligation
@!!id:104
@!!loc:270:5:270:7
@!!status:being proved
@!!prover:zenon
@!!meth:(10 s); time-limit: 10
@!!obl:
ASSUME NEW CONSTANT Def(_, _),
       NEW CONSTANT R,
       NEW CONSTANT S,
       NEW CONSTANT f,
       IsWellFoundedOn(R, S) ,
       IsTransitivelyClosedOn(R, S) ,
       \A g, h :
          \A x \in S :
             (\A y \in SetLessThan(x, R, S) : g[y] = h[y])
             => Def(g, x) = Def(h, x) ,
       OpDefinesFcn(f, S, Def) ,
       NEW CONSTANT x \in S,
       ASSUME NEW CONSTANT x_1 \in S
       PROVE  /\ LT(x_1)
                 = {x_1} \cup (UNION {LT(y) : y \in SetLessThan(x_1, R, S)})
              /\ x_1 \in LT(x_1) /\ SetLessThan(x_1, R, S) \subseteq LT(x_1)
              /\ \A y \in LT(x_1) : SetLessThan(y, R, S) \subseteq LT(x_1)
              /\ \A y \in LT(x_1) : LT(y) \subseteq LT(x_1)
              /\ LT(x_1) \subseteq S ,
       \A y \in SetLessThan(x, R, S) : ff[y] = Def(ff, y) ,
       TRUE 
PROVE  Def(ff, x) = Def([y \in LT(x) |-> Def(ff, y)], x)

@!!END

@!!BEGIN
@!!type:obligation
@!!id:104
@!!loc:270:5:270:7
@!!status:proved
@!!prover:zenon
@!!meth:time-limit: 10; time-used: 3.9 (39%)
@!!already:false
@!!obl:
ASSUME NEW CONSTANT Def(_, _),
       NEW CONSTANT R,
       NEW CONSTANT S,
       NEW CONSTANT f,
       IsWellFoundedOn(R, S) ,
       IsTransitivelyClosedOn(R, S) ,
       \A g, h :
          \A x \in S :
             (\A y \in SetLessThan(x, R, S) : g[y] = h[y])
             => Def(g, x) = Def(h, x) ,
       OpDefinesFcn(f, S, Def) ,
       NEW CONSTANT x \in S,
       ASSUME NEW CONSTANT x_1 \in S
       PROVE  /\ LT(x_1)
                 = {x_1} \cup (UNION {LT(y) : y \in SetLessThan(x_1, R, S)})
              /\ x_1 \in LT(x_1) /\ SetLessThan(x_1, R, S) \subseteq LT(x_1)
              /\ \A y \in LT(x_1) : SetLessThan(y, R, S) \subseteq LT(x_1)
              /\ \A y \in LT(x_1) : LT(y) \subseteq LT(x_1)
              /\ LT(x_1) \subseteq S ,
       \A y \in SetLessThan(x, R, S) : ff[y] = Def(ff, y) ,
       TRUE 
PROVE  Def(ff, x) = Def([y \in LT(x) |-> Def(ff, y)], x)

@!!END

@!!BEGIN
@!!type:obligation
@!!id:160
@!!loc:367:8:367:21
@!!status:trivial
@!!prover:tlapm
@!!already:false
@!!obl:ASSUME NEW CONSTANT R,
       NEW CONSTANT S,
       NEW CONSTANT i \in S,
       NEW CONSTANT k \in S,
       <<i, k>> \in TransitiveClosureOn(R, S) ,
       ASSUME NEW CONSTANT x \in S,
              NEW CONSTANT y \in S,
              <<x, y>>
              \in {ss \in S \X S :
                     \E s \in S :
                        /\ <<s, ss[2]>> \in R
                        /\ ss[1] = s
                           \/ <<ss[1], s>> \in TransitiveClosureOn(R, S)} 
       PROVE  <<x, y>> \in TransitiveClosureOn(R, S) 
PROVE  TRUE

@!!END

@!!BEGIN
@!!type:obligation
@!!id:161
@!!loc:383:5:383:7
@!!status:normalized
@!!meth:time-limit: 5
@!!obl:ASSUME NEW CONSTANT R,
       NEW CONSTANT S,
       NEW CONSTANT i \in S,
       NEW CONSTANT k \in S,
       <<i, k>> \in TransitiveClosureOn(R, S) ,
       NEW CONSTANT x \in S,
       NEW CONSTANT y \in S,
       NEW CONSTANT z \in S,
       NEW CONSTANT s \in S,
       /\ <<s, z>> \in R
       /\ y = s \/ <<y, s>> \in TransitiveClosureOn(R, S) ,
       <<x, s>> \in TransitiveClosureOn(R, S) 
PROVE  <<x, z>>
       \in {ss \in S \X S :
              \E s_1 \in S :
                 /\ <<s_1, ss[2]>> \in R
                 /\ ss[1] = s_1
                    \/ <<ss[1], s_1>> \in TransitiveClosureOn(R, S)}

@!!END

@!!BEGIN
@!!type:obligation
@!!id:161
@!!loc:383:5:383:7
@!!status:proved
@!!prover:smt
@!!meth:time-limit: 5; time-used: 0.0 (1%)
@!!already:false
@!!obl:
ASSUME NEW CONSTANT R,
       NEW CONSTANT S,
       NEW CONSTANT i \in S,
       NEW CONSTANT k \in S,
       <<i, k>> \in TransitiveClosureOn(R, S) ,
       NEW CONSTANT x \in S,
       NEW CONSTANT y \in S,
       NEW CONSTANT z \in S,
       NEW CONSTANT s \in S,
       /\ <<s, z>> \in R
       /\ y = s \/ <<y, s>> \in TransitiveClosureOn(R, S) ,
       <<x, s>> \in TransitiveClosureOn(R, S) 
PROVE  <<x, z>>
       \in {ss \in S \X S :
              \E s_1 \in S :
                 /\ <<s_1, ss[2]>> \in R
                 /\ ss[1] = s_1
                    \/ <<ss[1], s_1>> \in TransitiveClosureOn(R, S)}

@!!END

@!!BEGIN
@!!type:obligation
@!!id:162
@!!loc:383:8:383:12
@!!status:trivial
@!!prover:tlapm
@!!already:false
@!!obl:ASSUME NEW CONSTANT R,
       NEW CONSTANT S,
       NEW CONSTANT i \in S,
       NEW CONSTANT k \in S,
       <<i, k>> \in TransitiveClosureOn(R, S) ,
       NEW CONSTANT x \in S,
       NEW CONSTANT y \in S,
       NEW CONSTANT z \in S,
       NEW CONSTANT s \in S,
       /\ <<s, z>> \in R
       /\ y = s \/ <<y, s>> \in TransitiveClosureOn(R, S) 
PROVE  /\ <<s, z>> \in R
       /\ y = s \/ <<y, s>> \in TransitiveClosureOn(R, S)

@!!END

@!!BEGIN
@!!type:obligation
@!!id:163
@!!loc:383:14:383:18
@!!status:trivial
@!!prover:tlapm
@!!already:false
@!!obl:ASSUME NEW CONSTANT R,
       NEW CONSTANT S,
       NEW CONSTANT i \in S,
       NEW CONSTANT k \in S,
       <<i, k>> \in TransitiveClosureOn(R, S) ,
       NEW CONSTANT x \in S,
       NEW CONSTANT y \in S,
       NEW CONSTANT z \in S,
       NEW CONSTANT s \in S,
       <<x, s>> \in TransitiveClosureOn(R, S) ,
       /\ <<s, z>> \in R
       /\ y = s \/ <<y, s>> \in TransitiveClosureOn(R, S) 
PROVE  <<x, s>> \in TransitiveClosureOn(R, S)

@!!END

@!!BEGIN
@!!type:obligation
@!!id:164
@!!loc:374:5:374:7
@!!status:normalized
@!!meth:time-limit: 10
@!!obl:ASSUME NEW CONSTANT R,
       NEW CONSTANT S,
       NEW CONSTANT i \in S,
       NEW CONSTANT k \in S,
       <<i, k>> \in TransitiveClosureOn(R, S) ,
       ASSUME NEW CONSTANT x \in S,
              NEW CONSTANT y \in S,
              NEW CONSTANT z \in S,
              <<x, y>>
              \in {ss \in S \X S :
                     \E s \in S :
                        /\ <<s, ss[2]>> \in R
                        /\ ss[1] = s
                           \/ <<ss[1], s>> \in TransitiveClosureOn(R, S)} ,
              <<y, z>>
              \in {ss \in S \X S :
                     \E s \in S :
                        /\ <<s, ss[2]>> \in R
                        /\ ss[1] = s
                           \/ <<ss[1], s>> \in TransitiveClosureOn(R, S)} 
       PROVE  <<x, z>>
              \in {ss \in S \X S :
                     \E s \in S :
                        /\ <<s, ss[2]>> \in R
                        /\ ss[1] = s
                           \/ <<ss[1], s>> \in TransitiveClosureOn(R, S)} ,
       TRUE 
PROVE  \A i_1, j, k_1 \in S :
          <<i_1, j>>
          \in {ss \in S \X S :
                 \E s \in S :
                    /\ <<s, ss[2]>> \in R
                    /\ ss[1] = s
                       \/ <<ss[1], s>> \in TransitiveClosureOn(R, S)}
          /\ <<j, k_1>>
             \in {ss \in S \X S :
                    \E s \in S :
                       /\ <<s, ss[2]>> \in R
                       /\ ss[1] = s
                          \/ <<ss[1], s>> \in TransitiveClosureOn(R, S)}
          => <<i_1, k_1>>
             \in {ss \in S \X S :
                    \E s \in S :
                       /\ <<s, ss[2]>> \in R
                       /\ ss[1] = s
                          \/ <<ss[1], s>> \in TransitiveClosureOn(R, S)}

@!!END

@!!BEGIN
@!!type:obligation
@!!id:164
@!!loc:374:5:374:7
@!!status:proved
@!!prover:zenon
@!!meth:time-limit: 10; time-used: 0.1 (1%)
@!!already:false
@!!obl:
ASSUME NEW CONSTANT R,
       NEW CONSTANT S,
       NEW CONSTANT i \in S,
       NEW CONSTANT k \in S,
       <<i, k>> \in TransitiveClosureOn(R, S) ,
       ASSUME NEW CONSTANT x \in S,
              NEW CONSTANT y \in S,
              NEW CONSTANT z \in S,
              <<x, y>>
              \in {ss \in S \X S :
                     \E s \in S :
                        /\ <<s, ss[2]>> \in R
                        /\ ss[1] = s
                           \/ <<ss[1], s>> \in TransitiveClosureOn(R, S)} ,
              <<y, z>>
              \in {ss \in S \X S :
                     \E s \in S :
                        /\ <<s, ss[2]>> \in R
                        /\ ss[1] = s
                           \/ <<ss[1], s>> \in TransitiveClosureOn(R, S)} 
       PROVE  <<x, z>>
              \in {ss \in S \X S :
                     \E s \in S :
                        /\ <<s, ss[2]>> \in R
                        /\ ss[1] = s
                           \/ <<ss[1], s>> \in TransitiveClosureOn(R, S)} ,
       TRUE 
PROVE  \A i_1, j, k_1 \in S :
          <<i_1, j>>
          \in {ss \in S \X S :
                 \E s \in S :
                    /\ <<s, ss[2]>> \in R
                    /\ ss[1] = s
                       \/ <<ss[1], s>> \in TransitiveClosureOn(R, S)}
          /\ <<j, k_1>>
             \in {ss \in S \X S :
                    \E s \in S :
                       /\ <<s, ss[2]>> \in R
                       /\ ss[1] = s
                          \/ <<ss[1], s>> \in TransitiveClosureOn(R, S)}
          => <<i_1, k_1>>
             \in {ss \in S \X S :
                    \E s \in S :
                       /\ <<s, ss[2]>> \in R
                       /\ ss[1] = s
                          \/ <<ss[1], s>> \in TransitiveClosureOn(R, S)}

@!!END

@!!BEGIN
@!!type:obligation
@!!id:154
@!!loc:361:5:361:7
@!!status:being proved
@!!prover:isabelle
@!!meth:blast; time-limit: 30
@!!obl:
ASSUME NEW CONSTANT R,
       NEW CONSTANT S,
       NEW CONSTANT i \in S,
       NEW CONSTANT k \in S,
       <<i, k>> \in TransitiveClosureOn(R, S) ,
       ASSUME NEW CONSTANT x \in S,
              NEW CONSTANT y \in S,
              <<x, y>> \in R 
       PROVE  <<x, y>>
              \in {ss \in S \X S :
                     \E s \in S :
                        /\ <<s, ss[2]>> \in R
                        /\ ss[1] = s
                           \/ <<ss[1], s>> \in TransitiveClosureOn(R, S)} ,
       TRUE 
PROVE  R \cap S \X S
       \subseteq {ss \in S \X S :
                    \E s \in S :
                       /\ <<s, ss[2]>> \in R
                       /\ ss[1] = s
                          \/ <<ss[1], s>> \in TransitiveClosureOn(R, S)}

@!!END

@!!BEGIN
@!!type:obligation
@!!id:165
@!!loc:374:8:374:13
@!!status:trivial
@!!prover:tlapm
@!!already:false
@!!obl:ASSUME NEW CONSTANT R,
       NEW CONSTANT S,
       NEW CONSTANT i \in S,
       NEW CONSTANT k \in S,
       <<i, k>> \in TransitiveClosureOn(R, S) ,
       ASSUME NEW CONSTANT x \in S,
              NEW CONSTANT y \in S,
              NEW CONSTANT z \in S,
              <<x, y>>
              \in {ss \in S \X S :
                     \E s \in S :
                        /\ <<s, ss[2]>> \in R
                        /\ ss[1] = s
                           \/ <<ss[1], s>> \in TransitiveClosureOn(R, S)} ,
              <<y, z>>
              \in {ss \in S \X S :
                     \E s \in S :
                        /\ <<s, ss[2]>> \in R
                        /\ ss[1] = s
                           \/ <<ss[1], s>> \in TransitiveClosureOn(R, S)} 
       PROVE  <<x, z>>
              \in {ss \in S \X S :
                     \E s \in S :
                        /\ <<s, ss[2]>> \in R
                        /\ ss[1] = s
                           \/ <<ss[1], s>> \in TransitiveClosureOn(R, S)} 
PROVE  TRUE

@!!END

@!!BEGIN
@!!type:obligation
@!!id:166
@!!loc:376:5:376:7
@!!status:normalized
@!!meth:time-limit: 10
@!!obl:ASSUME NEW CONSTANT R,
       NEW CONSTANT S,
       NEW CONSTANT i \in S,
       NEW CONSTANT k \in S,
       <<i, k>> \in TransitiveClosureOn(R, S) ,
       NEW CONSTANT x \in S,
       NEW CONSTANT y \in S,
       NEW CONSTANT z \in S,
       /\ <<x, y>>
          \in {ss \in S \X S :
                 \E s \in S :
                    /\ <<s, ss[2]>> \in R
                    /\ ss[1] = s
                       \/ <<ss[1], s>> \in TransitiveClosureOn(R, S)}
       /\ <<y, z>>
          \in {ss \in S \X S :
                 \E s \in S :
                    /\ <<s, ss[2]>> \in R
                    /\ ss[1] = s
                       \/ <<ss[1], s>> \in TransitiveClosureOn(R, S)} ,
       {ss \in S \X S :
          \E s \in S :
             /\ <<s, ss[2]>> \in R
             /\ ss[1] = s \/ <<ss[1], s>> \in TransitiveClosureOn(R, S)}
       \subseteq TransitiveClosureOn(R, S) ,
       TRUE 
PROVE  <<x, y>> \in TransitiveClosureOn(R, S)

@!!END

@!!BEGIN
@!!type:obligation
@!!id:166
@!!loc:376:5:376:7
@!!status:proved
@!!prover:zenon
@!!meth:time-limit: 10; time-used: 0.0 (0%)
@!!already:false
@!!obl:
ASSUME NEW CONSTANT R,
       NEW CONSTANT S,
       NEW CONSTANT i \in S,
       NEW CONSTANT k \in S,
       <<i, k>> \in TransitiveClosureOn(R, S) ,
       NEW CONSTANT x \in S,
       NEW CONSTANT y \in S,
       NEW CONSTANT z \in S,
       /\ <<x, y>>
          \in {ss \in S \X S :
                 \E s \in S :
                    /\ <<s, ss[2]>> \in R
                    /\ ss[1] = s
                       \/ <<ss[1], s>> \in TransitiveClosureOn(R, S)}
       /\ <<y, z>>
          \in {ss \in S \X S :
                 \E s \in S :
                    /\ <<s, ss[2]>> \in R
                    /\ ss[1] = s
                       \/ <<ss[1], s>> \in TransitiveClosureOn(R, S)} ,
       {ss \in S \X S :
          \E s \in S :
             /\ <<s, ss[2]>> \in R
             /\ ss[1] = s \/ <<ss[1], s>> \in TransitiveClosureOn(R, S)}
       \subseteq TransitiveClosureOn(R, S) ,
       TRUE 
PROVE  <<x, y>> \in TransitiveClosureOn(R, S)

@!!END

@!!BEGIN
@!!type:obligation
@!!id:167
@!!loc:376:8:376:12
@!!status:trivial
@!!prover:tlapm
@!!already:false
@!!obl:ASSUME NEW CONSTANT R,
       NEW CONSTANT S,
       NEW CONSTANT i \in S,
       NEW CONSTANT k \in S,
       <<i, k>> \in TransitiveClosureOn(R, S) ,
       NEW CONSTANT x \in S,
       NEW CONSTANT y \in S,
       NEW CONSTANT z \in S,
       /\ <<x, y>>
          \in {ss \in S \X S :
                 \E s \in S :
                    /\ <<s, ss[2]>> \in R
                    /\ ss[1] = s
                       \/ <<ss[1], s>> \in TransitiveClosureOn(R, S)}
       /\ <<y, z>>
          \in {ss \in S \X S :
                 \E s \in S :
                    /\ <<s, ss[2]>> \in R
                    /\ ss[1] = s
                       \/ <<ss[1], s>> \in TransitiveClosureOn(R, S)} 
PROVE  /\ <<x, y>>
          \in {ss \in S \X S :
                 \E s \in S :
                    /\ <<s, ss[2]>> \in R
                    /\ ss[1] = s
                       \/ <<ss[1], s>> \in TransitiveClosureOn(R, S)}
       /\ <<y, z>>
          \in {ss \in S \X S :
                 \E s \in S :
                    /\ <<s, ss[2]>> \in R
                    /\ ss[1] = s
                       \/ <<ss[1], s>> \in TransitiveClosureOn(R, S)}

@!!END

@!!BEGIN
@!!type:obligation
@!!id:168
@!!loc:376:14:376:18
@!!status:trivial
@!!prover:tlapm
@!!already:false
@!!obl:ASSUME NEW CONSTANT R,
       NEW CONSTANT S,
       NEW CONSTANT i \in S,
       NEW CONSTANT k \in S,
       <<i, k>> \in TransitiveClosureOn(R, S) ,
       {ss \in S \X S :
          \E s \in S :
             /\ <<s, ss[2]>> \in R
             /\ ss[1] = s \/ <<ss[1], s>> \in TransitiveClosureOn(R, S)}
       \subseteq TransitiveClosureOn(R, S) ,
       NEW CONSTANT x \in S,
       NEW CONSTANT y \in S,
       NEW CONSTANT z \in S,
       /\ <<x, y>>
          \in {ss \in S \X S :
                 \E s \in S :
                    /\ <<s, ss[2]>> \in R
                    /\ ss[1] = s
                       \/ <<ss[1], s>> \in TransitiveClosureOn(R, S)}
       /\ <<y, z>>
          \in {ss \in S \X S :
                 \E s \in S :
                    /\ <<s, ss[2]>> \in R
                    /\ ss[1] = s
                       \/ <<ss[1], s>> \in TransitiveClosureOn(R, S)} 
PROVE  {ss \in S \X S :
          \E s \in S :
             /\ <<s, ss[2]>> \in R
             /\ ss[1] = s \/ <<ss[1], s>> \in TransitiveClosureOn(R, S)}
       \subseteq TransitiveClosureOn(R, S)

@!!END

@!!BEGIN
@!!type:obligation
@!!id:169
@!!loc:376:20:376:25
@!!status:trivial
@!!prover:tlapm
@!!already:false
@!!obl:ASSUME NEW CONSTANT R,
       NEW CONSTANT S,
       NEW CONSTANT i \in S,
       NEW CONSTANT k \in S,
       <<i, k>> \in TransitiveClosureOn(R, S) ,
       NEW CONSTANT x \in S,
       NEW CONSTANT y \in S,
       NEW CONSTANT z \in S,
       /\ <<x, y>>
          \in {ss \in S \X S :
                 \E s \in S :
                    /\ <<s, ss[2]>> \in R
                    /\ ss[1] = s
                       \/ <<ss[1], s>> \in TransitiveClosureOn(R, S)}
       /\ <<y, z>>
          \in {ss \in S \X S :
                 \E s \in S :
                    /\ <<s, ss[2]>> \in R
                    /\ ss[1] = s
                       \/ <<ss[1], s>> \in TransitiveClosureOn(R, S)} ,
       {ss \in S \X S :
          \E s \in S :
             /\ <<s, ss[2]>> \in R
             /\ ss[1] = s \/ <<ss[1], s>> \in TransitiveClosureOn(R, S)}
       \subseteq TransitiveClosureOn(R, S) 
PROVE  TRUE

@!!END

@!!BEGIN
@!!type:obligation
@!!id:170
@!!loc:379:5:379:7
@!!status:normalized
@!!meth:time-limit: 10
@!!obl:ASSUME NEW CONSTANT R,
       NEW CONSTANT S,
       NEW CONSTANT i \in S,
       NEW CONSTANT k \in S,
       <<i, k>> \in TransitiveClosureOn(R, S) ,
       NEW CONSTANT x \in S,
       NEW CONSTANT y \in S,
       NEW CONSTANT z \in S,
       /\ <<x, y>>
          \in {ss \in S \X S :
                 \E s \in S :
                    /\ <<s, ss[2]>> \in R
                    /\ ss[1] = s
                       \/ <<ss[1], s>> \in TransitiveClosureOn(R, S)}
       /\ <<y, z>>
          \in {ss \in S \X S :
                 \E s \in S :
                    /\ <<s, ss[2]>> \in R
                    /\ ss[1] = s
                       \/ <<ss[1], s>> \in TransitiveClosureOn(R, S)} ,
       TRUE 
PROVE  \E s \in S :
          /\ <<s, z>> \in R
          /\ y = s \/ <<y, s>> \in TransitiveClosureOn(R, S)

@!!END

@!!BEGIN
@!!type:obligation
@!!id:159
@!!loc:367:5:367:7
@!!status:being proved
@!!prover:isabelle
@!!meth:blast; time-limit: 30
@!!obl:
ASSUME NEW CONSTANT R,
       NEW CONSTANT S,
       NEW CONSTANT i \in S,
       NEW CONSTANT k \in S,
       <<i, k>> \in TransitiveClosureOn(R, S) ,
       ASSUME NEW CONSTANT x \in S,
              NEW CONSTANT y \in S,
              <<x, y>>
              \in {ss \in S \X S :
                     \E s \in S :
                        /\ <<s, ss[2]>> \in R
                        /\ ss[1] = s
                           \/ <<ss[1], s>> \in TransitiveClosureOn(R, S)} 
       PROVE  <<x, y>> \in TransitiveClosureOn(R, S) ,
       TRUE 
PROVE  {ss \in S \X S :
          \E s \in S :
             /\ <<s, ss[2]>> \in R
             /\ ss[1] = s \/ <<ss[1], s>> \in TransitiveClosureOn(R, S)}
       \subseteq TransitiveClosureOn(R, S)

@!!END

@!!BEGIN
@!!type:obligation
@!!id:170
@!!loc:379:5:379:7
@!!status:proved
@!!prover:zenon
@!!meth:time-limit: 10; time-used: 0.1 (1%)
@!!already:false
@!!obl:
ASSUME NEW CONSTANT R,
       NEW CONSTANT S,
       NEW CONSTANT i \in S,
       NEW CONSTANT k \in S,
       <<i, k>> \in TransitiveClosureOn(R, S) ,
       NEW CONSTANT x \in S,
       NEW CONSTANT y \in S,
       NEW CONSTANT z \in S,
       /\ <<x, y>>
          \in {ss \in S \X S :
                 \E s \in S :
                    /\ <<s, ss[2]>> \in R
                    /\ ss[1] = s
                       \/ <<ss[1], s>> \in TransitiveClosureOn(R, S)}
       /\ <<y, z>>
          \in {ss \in S \X S :
                 \E s \in S :
                    /\ <<s, ss[2]>> \in R
                    /\ ss[1] = s
                       \/ <<ss[1], s>> \in TransitiveClosureOn(R, S)} ,
       TRUE 
PROVE  \E s \in S :
          /\ <<s, z>> \in R
          /\ y = s \/ <<y, s>> \in TransitiveClosureOn(R, S)

@!!END

@!!BEGIN
@!!type:obligation
@!!id:171
@!!loc:379:8:379:12
@!!status:trivial
@!!prover:tlapm
@!!already:false
@!!obl:ASSUME NEW CONSTANT R,
       NEW CONSTANT S,
       NEW CONSTANT i \in S,
       NEW CONSTANT k \in S,
       <<i, k>> \in TransitiveClosureOn(R, S) ,
       NEW CONSTANT x \in S,
       NEW CONSTANT y \in S,
       NEW CONSTANT z \in S,
       /\ <<x, y>>
          \in {ss \in S \X S :
                 \E s \in S :
                    /\ <<s, ss[2]>> \in R
                    /\ ss[1] = s
                       \/ <<ss[1], s>> \in TransitiveClosureOn(R, S)}
       /\ <<y, z>>
          \in {ss \in S \X S :
                 \E s \in S :
                    /\ <<s, ss[2]>> \in R
                    /\ ss[1] = s
                       \/ <<ss[1], s>> \in TransitiveClosureOn(R, S)} 
PROVE  /\ <<x, y>>
          \in {ss \in S \X S :
                 \E s \in S :
                    /\ <<s, ss[2]>> \in R
                    /\ ss[1] = s
                       \/ <<ss[1], s>> \in TransitiveClosureOn(R, S)}
       /\ <<y, z>>
          \in {ss \in S \X S :
                 \E s \in S :
                    /\ <<s, ss[2]>> \in R
                    /\ ss[1] = s
                       \/ <<ss[1], s>> \in TransitiveClosureOn(R, S)}

@!!END

@!!BEGIN
@!!type:obligation
@!!id:172
@!!loc:379:14:379:19
@!!status:trivial
@!!prover:tlapm
@!!already:false
@!!obl:ASSUME NEW CONSTANT R,
       NEW CONSTANT S,
       NEW CONSTANT i \in S,
       NEW CONSTANT k \in S,
       <<i, k>> \in TransitiveClosureOn(R, S) ,
       NEW CONSTANT x \in S,
       NEW CONSTANT y \in S,
       NEW CONSTANT z \in S,
       /\ <<x, y>>
          \in {ss \in S \X S :
                 \E s \in S :
                    /\ <<s, ss[2]>> \in R
                    /\ ss[1] = s
                       \/ <<ss[1], s>> \in TransitiveClosureOn(R, S)}
       /\ <<y, z>>
          \in {ss \in S \X S :
                 \E s \in S :
                    /\ <<s, ss[2]>> \in R
                    /\ ss[1] = s
                       \/ <<ss[1], s>> \in TransitiveClosureOn(R, S)} 
PROVE  TRUE

@!!END

@!!BEGIN
@!!type:obligation
@!!id:174
@!!loc:381:5:381:7
@!!status:normalized
@!!meth:time-limit: 5
@!!obl:ASSUME NEW CONSTANT R,
       NEW CONSTANT S,
       NEW CONSTANT i \in S,
       NEW CONSTANT k \in S,
       <<i, k>> \in TransitiveClosureOn(R, S) ,
       NEW CONSTANT x \in S,
       NEW CONSTANT y \in S,
       NEW CONSTANT z \in S,
       NEW CONSTANT s \in S,
       <<x, y>> \in TransitiveClosureOn(R, S) ,
       /\ <<s, z>> \in R
       /\ y = s \/ <<y, s>> \in TransitiveClosureOn(R, S) ,
       \A R_1, S_1 :
          /\ R_1 \cap S_1 \X S_1 \subseteq TransitiveClosureOn(R_1, S_1)
          /\ \A i_1, j, k_1 \in S_1 :
                <<i_1, j>> \in TransitiveClosureOn(R_1, S_1)
                /\ <<j, k_1>> \in TransitiveClosureOn(R_1, S_1)
                => <<i_1, k_1>> \in TransitiveClosureOn(R_1, S_1) 
PROVE  <<x, s>> \in TransitiveClosureOn(R, S)

@!!END

@!!BEGIN
@!!type:obligation
@!!id:21
@!!loc:102:5:102:7
@!!status:proved
@!!prover:isabelle
@!!meth:auto; time-limit: 30; time-used: 5.1 (17%)
@!!already:false
@!!obl:
ASSUME NEW CONSTANT R,
       NEW CONSTANT S,
       IsWellFoundedOn(R, S) ,
       NEW CONSTANT T,
       T \subseteq S ,
       T # {} ,
       \A x \in T : \E y \in T : <<y, x>> \in R ,
       NatInductiveDefConclusion(CHOOSE f :
                                   f
                                   = [n \in Nat |->
                                        IF n = 0
                                          THEN CHOOSE x \in T : TRUE
                                          ELSE CHOOSE x \in T :
                                                 <<x, f[n - 1]>> \in R],
                                 CHOOSE x \in T : TRUE,
                                 LAMBDA v, n :
                                   CHOOSE x \in T : <<x, v>> \in R) ,
       (CHOOSE x \in T : TRUE) \in T ,
       \A v \in T, n \in Nat \ {0} : (CHOOSE x \in T : <<x, v>> \in R) \in T ,
       ASSUME NEW CONSTANT Def(_, _),
              NEW CONSTANT S_1,
              NEW CONSTANT f,
              NEW CONSTANT f0 \in S_1,
              NatInductiveDefConclusion(f, f0, Def) ,
              f0 \in S_1 ,
              \A v \in S_1, n \in Nat \ {0} : Def(v, n) \in S_1 
       PROVE  f \in [Nat -> S_1] ,
       TRUE 
PROVE  (CHOOSE f :
          f
          = [n \in Nat |->
               IF n = 0
                 THEN CHOOSE x \in T : TRUE
                 ELSE CHOOSE x \in T : <<x, f[n - 1]>> \in R])
       \in [Nat -> T]

@!!END

@!!BEGIN
@!!type:obligation
@!!id:175
@!!loc:381:8:381:12
@!!status:trivial
@!!prover:tlapm
@!!already:false
@!!obl:ASSUME NEW CONSTANT R,
       NEW CONSTANT S,
       NEW CONSTANT i \in S,
       NEW CONSTANT k \in S,
       <<i, k>> \in TransitiveClosureOn(R, S) ,
       NEW CONSTANT x \in S,
       NEW CONSTANT y \in S,
       NEW CONSTANT z \in S,
       <<x, y>> \in TransitiveClosureOn(R, S) ,
       NEW CONSTANT s \in S
PROVE  <<x, y>> \in TransitiveClosureOn(R, S)

@!!END

@!!BEGIN
@!!type:obligation
@!!id:176
@!!loc:381:14:381:18
@!!status:trivial
@!!prover:tlapm
@!!already:false
@!!obl:ASSUME NEW CONSTANT R,
       NEW CONSTANT S,
       NEW CONSTANT i \in S,
       NEW CONSTANT k \in S,
       <<i, k>> \in TransitiveClosureOn(R, S) ,
       NEW CONSTANT x \in S,
       NEW CONSTANT y \in S,
       NEW CONSTANT z \in S,
       NEW CONSTANT s \in S,
       /\ <<s, z>> \in R
       /\ y = s \/ <<y, s>> \in TransitiveClosureOn(R, S) ,
       <<x, y>> \in TransitiveClosureOn(R, S) 
PROVE  /\ <<s, z>> \in R
       /\ y = s \/ <<y, s>> \in TransitiveClosureOn(R, S)

@!!END

@!!BEGIN
@!!type:obligation
@!!id:177
@!!loc:381:20:381:40
@!!status:trivial
@!!prover:tlapm
@!!already:false
@!!obl:ASSUME \A R, S :
          /\ R \cap S \X S \subseteq TransitiveClosureOn(R, S)
          /\ \A i, j, k \in S :
                <<i, j>> \in TransitiveClosureOn(R, S)
                /\ <<j, k>> \in TransitiveClosureOn(R, S)
                => <<i, k>> \in TransitiveClosureOn(R, S) ,
       NEW CONSTANT R,
       NEW CONSTANT S,
       NEW CONSTANT i \in S,
       NEW CONSTANT k \in S,
       <<i, k>> \in TransitiveClosureOn(R, S) ,
       NEW CONSTANT x \in S,
       NEW CONSTANT y \in S,
       NEW CONSTANT z \in S,
       NEW CONSTANT s \in S,
       <<x, y>> \in TransitiveClosureOn(R, S) ,
       /\ <<s, z>> \in R
       /\ y = s \/ <<y, s>> \in TransitiveClosureOn(R, S) 
PROVE  \A R_1, S_1 :
          /\ R_1 \cap S_1 \X S_1 \subseteq TransitiveClosureOn(R_1, S_1)
          /\ \A i_1, j, k_1 \in S_1 :
                <<i_1, j>> \in TransitiveClosureOn(R_1, S_1)
                /\ <<j, k_1>> \in TransitiveClosureOn(R_1, S_1)
                => <<i_1, k_1>> \in TransitiveClosureOn(R_1, S_1)

@!!END

@!!BEGIN
@!!type:obligation
@!!id:178
@!!loc:446:3:446:5
@!!status:normalized
@!!meth:time-limit: 5
@!!obl:ASSUME NEW CONSTANT R,
       NEW CONSTANT S,
       IsWellFoundedOn(R, S) ,
       NEW CONSTANT T \in SUBSET S,
       T # {} ,
       NEW CONSTANT x \in T
                          \cup {j \in S :
                                  \E i, k \in T :
                                     /\ <<i, j>>
                                        \in TransitiveClosureOn(R, S)
                                     /\ <<j, k>>
                                        \in TransitiveClosureOn(R, S)},
       x \in T ,
       ASSUME NEW CONSTANT y \in T,
              <<y, x>> \in TransitiveClosureOn(R, S) 
       PROVE  FALSE 
PROVE  \E x_1 \in T : \A y \in T : ~<<y, x_1>> \in TransitiveClosureOn(R, S)

@!!END

@!!BEGIN
@!!type:obligation
@!!id:174
@!!loc:381:5:381:7
@!!status:proved
@!!prover:smt
@!!meth:time-limit: 5; time-used: 0.2 (3%)
@!!already:false
@!!obl:
ASSUME NEW CONSTANT R,
       NEW CONSTANT S,
       NEW CONSTANT i \in S,
       NEW CONSTANT k \in S,
       <<i, k>> \in TransitiveClosureOn(R, S) ,
       NEW CONSTANT x \in S,
       NEW CONSTANT y \in S,
       NEW CONSTANT z \in S,
       NEW CONSTANT s \in S,
       <<x, y>> \in TransitiveClosureOn(R, S) ,
       /\ <<s, z>> \in R
       /\ y = s \/ <<y, s>> \in TransitiveClosureOn(R, S) ,
       \A R_1, S_1 :
          /\ R_1 \cap S_1 \X S_1 \subseteq TransitiveClosureOn(R_1, S_1)
          /\ \A i_1, j, k_1 \in S_1 :
                <<i_1, j>> \in TransitiveClosureOn(R_1, S_1)
                /\ <<j, k_1>> \in TransitiveClosureOn(R_1, S_1)
                => <<i_1, k_1>> \in TransitiveClosureOn(R_1, S_1) 
PROVE  <<x, s>> \in TransitiveClosureOn(R, S)

@!!END

@!!BEGIN
@!!type:obligation
@!!id:179
@!!loc:446:6:446:10
@!!status:trivial
@!!prover:tlapm
@!!already:false
@!!obl:ASSUME NEW CONSTANT R,
       NEW CONSTANT S,
       IsWellFoundedOn(R, S) ,
       NEW CONSTANT T \in SUBSET S,
       T # {} ,
       NEW CONSTANT x \in T
                          \cup {j \in S :
                                  \E i, k \in T :
                                     /\ <<i, j>>
                                        \in TransitiveClosureOn(R, S)
                                     /\ <<j, k>>
                                        \in TransitiveClosureOn(R, S)},
       x \in T 
PROVE  x \in T

@!!END

@!!BEGIN
@!!type:obligation
@!!id:180
@!!loc:446:12:446:16
@!!status:trivial
@!!prover:tlapm
@!!already:false
@!!obl:ASSUME NEW CONSTANT R,
       NEW CONSTANT S,
       IsWellFoundedOn(R, S) ,
       NEW CONSTANT T \in SUBSET S,
       T # {} ,
       NEW CONSTANT x \in T
                          \cup {j \in S :
                                  \E i, k \in T :
                                     /\ <<i, j>>
                                        \in TransitiveClosureOn(R, S)
                                     /\ <<j, k>>
                                        \in TransitiveClosureOn(R, S)},
       ASSUME NEW CONSTANT y \in T,
              <<y, x>> \in TransitiveClosureOn(R, S) 
       PROVE  FALSE ,
       x \in T 
PROVE  ASSUME NEW CONSTANT y \in T,
              <<y, x>> \in TransitiveClosureOn(R, S) 
       PROVE  FALSE

@!!END

@!!BEGIN
@!!type:obligation
@!!id:181
@!!loc:407:3:407:5
@!!status:normalized
@!!meth:time-limit: 5
@!!obl:ASSUME NEW CONSTANT R,
       NEW CONSTANT S,
       IsWellFoundedOn(R, S) ,
       ASSUME NEW CONSTANT T \in SUBSET S,
              T # {} 
       PROVE  \E x \in T :
                 \A y \in T : ~<<y, x>> \in TransitiveClosureOn(R, S) ,
       ASSUME NEW CONSTANT R_1,
              NEW CONSTANT S_1,
              \A T \in SUBSET S_1 :
                 T # {} => (\E x \in T : \A y \in T : ~<<y, x>> \in R_1) 
       PROVE  IsWellFoundedOn(R_1, S_1) 
PROVE  IsWellFoundedOn(TransitiveClosureOn(R, S), S)

@!!END

@!!BEGIN
@!!type:obligation
@!!id:178
@!!loc:446:3:446:5
@!!status:proved
@!!prover:smt
@!!meth:time-limit: 5; time-used: 0.1 (2%)
@!!already:false
@!!obl:
ASSUME NEW CONSTANT R,
       NEW CONSTANT S,
       IsWellFoundedOn(R, S) ,
       NEW CONSTANT T \in SUBSET S,
       T # {} ,
       NEW CONSTANT x \in T
                          \cup {j \in S :
                                  \E i, k \in T :
                                     /\ <<i, j>>
                                        \in TransitiveClosureOn(R, S)
                                     /\ <<j, k>>
                                        \in TransitiveClosureOn(R, S)},
       x \in T ,
       ASSUME NEW CONSTANT y \in T,
              <<y, x>> \in TransitiveClosureOn(R, S) 
       PROVE  FALSE 
PROVE  \E x_1 \in T : \A y \in T : ~<<y, x_1>> \in TransitiveClosureOn(R, S)

@!!END

@!!BEGIN
@!!type:obligation
@!!id:182
@!!loc:407:6:407:11
@!!status:trivial
@!!prover:tlapm
@!!already:false
@!!obl:ASSUME ASSUME NEW CONSTANT R,
              NEW CONSTANT S,
              \A T \in SUBSET S :
                 T # {} => (\E x \in T : \A y \in T : ~<<y, x>> \in R) 
       PROVE  IsWellFoundedOn(R, S) ,
       NEW CONSTANT R,
       NEW CONSTANT S,
       IsWellFoundedOn(R, S) ,
       ASSUME NEW CONSTANT T \in SUBSET S,
              T # {} 
       PROVE  \E x \in T :
                 \A y \in T : ~<<y, x>> \in TransitiveClosureOn(R, S) 
PROVE  ASSUME NEW CONSTANT R_1,
              NEW CONSTANT S_1,
              \A T \in SUBSET S_1 :
                 T # {} => (\E x \in T : \A y \in T : ~<<y, x>> \in R_1) 
       PROVE  IsWellFoundedOn(R_1, S_1)

@!!END

@!!BEGIN
@!!type:obligation
@!!id:183
@!!loc:415:3:415:5
@!!status:normalized
@!!meth:time-limit: 10
@!!obl:ASSUME NEW CONSTANT R,
       NEW CONSTANT S,
       IsWellFoundedOn(R, S) ,
       NEW CONSTANT T \in SUBSET S,
       T # {} ,
       ASSUME NEW CONSTANT R_1,
              NEW CONSTANT S_1,
              IsWellFoundedOn(R_1, S_1) ,
              NEW CONSTANT T_1,
              T_1 \subseteq S_1 ,
              T_1 # {} 
       PROVE  \E x \in T_1 : \A y \in T_1 : ~<<y, x>> \in R_1 ,
       TRUE 
PROVE  \E x
          \in T
              \cup {j \in S :
                      \E i, k \in T :
                         /\ <<i, j>> \in TransitiveClosureOn(R, S)
                         /\ <<j, k>> \in TransitiveClosureOn(R, S)} :
          \A y
             \in T
                 \cup {j \in S :
                         \E i, k \in T :
                            /\ <<i, j>> \in TransitiveClosureOn(R, S)
                            /\ <<j, k>> \in TransitiveClosureOn(R, S)} :
             ~<<y, x>> \in R

@!!END

@!!BEGIN
@!!type:obligation
@!!id:181
@!!loc:407:3:407:5
@!!status:proved
@!!prover:smt
@!!meth:time-limit: 5; time-used: 0.1 (2%)
@!!already:false
@!!obl:
ASSUME NEW CONSTANT R,
       NEW CONSTANT S,
       IsWellFoundedOn(R, S) ,
       ASSUME NEW CONSTANT T \in SUBSET S,
              T # {} 
       PROVE  \E x \in T :
                 \A y \in T : ~<<y, x>> \in TransitiveClosureOn(R, S) ,
       ASSUME NEW CONSTANT R_1,
              NEW CONSTANT S_1,
              \A T \in SUBSET S_1 :
                 T # {} => (\E x \in T : \A y \in T : ~<<y, x>> \in R_1) 
       PROVE  IsWellFoundedOn(R_1, S_1) 
PROVE  IsWellFoundedOn(TransitiveClosureOn(R, S), S)

@!!END

@!!BEGIN
@!!type:obligation
@!!id:184
@!!loc:415:6:415:11
@!!status:trivial
@!!prover:tlapm
@!!already:false
@!!obl:ASSUME ASSUME NEW CONSTANT R,
              NEW CONSTANT S,
              IsWellFoundedOn(R, S) ,
              NEW CONSTANT T,
              T \subseteq S ,
              T # {} 
       PROVE  \E x \in T : \A y \in T : ~<<y, x>> \in R ,
       NEW CONSTANT R,
       NEW CONSTANT S,
       IsWellFoundedOn(R, S) ,
       NEW CONSTANT T \in SUBSET S,
       T # {} 
PROVE  ASSUME NEW CONSTANT R_1,
              NEW CONSTANT S_1,
              IsWellFoundedOn(R_1, S_1) ,
              NEW CONSTANT T_1,
              T_1 \subseteq S_1 ,
              T_1 # {} 
       PROVE  \E x \in T_1 : \A y \in T_1 : ~<<y, x>> \in R_1

@!!END

@!!BEGIN
@!!type:obligation
@!!id:185
@!!loc:415:13:415:18
@!!status:trivial
@!!prover:tlapm
@!!already:false
@!!obl:ASSUME NEW CONSTANT R,
       NEW CONSTANT S,
       IsWellFoundedOn(R, S) ,
       NEW CONSTANT T \in SUBSET S,
       T # {} ,
       ASSUME NEW CONSTANT R_1,
              NEW CONSTANT S_1,
              IsWellFoundedOn(R_1, S_1) ,
              NEW CONSTANT T_1,
              T_1 \subseteq S_1 ,
              T_1 # {} 
       PROVE  \E x \in T_1 : \A y \in T_1 : ~<<y, x>> \in R_1 
PROVE  TRUE

@!!END

@!!BEGIN
@!!type:obligation
@!!id:187
@!!loc:432:5:432:7
@!!status:normalized
@!!meth:time-limit: 10
@!!obl:ASSUME NEW CONSTANT R,
       NEW CONSTANT S,
       IsWellFoundedOn(R, S) ,
       NEW CONSTANT T \in SUBSET S,
       T # {} ,
       NEW CONSTANT x \in T
                          \cup {j \in S :
                                  \E i, k \in T :
                                     /\ <<i, j>>
                                        \in TransitiveClosureOn(R, S)
                                     /\ <<j, k>>
                                        \in TransitiveClosureOn(R, S)},
       ASSUME NEW CONSTANT i \in T,
              NEW CONSTANT k \in T,
              <<i, x>> \in TransitiveClosureOn(R, S) ,
              <<x, k>> \in TransitiveClosureOn(R, S) 
       PROVE  FALSE ,
       TRUE 
PROVE  x \in T

@!!END

@!!BEGIN
@!!type:obligation
@!!id:183
@!!loc:415:3:415:5
@!!status:proved
@!!prover:zenon
@!!meth:time-limit: 10; time-used: 0.2 (2%)
@!!already:false
@!!obl:
ASSUME NEW CONSTANT R,
       NEW CONSTANT S,
       IsWellFoundedOn(R, S) ,
       NEW CONSTANT T \in SUBSET S,
       T # {} ,
       ASSUME NEW CONSTANT R_1,
              NEW CONSTANT S_1,
              IsWellFoundedOn(R_1, S_1) ,
              NEW CONSTANT T_1,
              T_1 \subseteq S_1 ,
              T_1 # {} 
       PROVE  \E x \in T_1 : \A y \in T_1 : ~<<y, x>> \in R_1 ,
       TRUE 
PROVE  \E x
          \in T
              \cup {j \in S :
                      \E i, k \in T :
                         /\ <<i, j>> \in TransitiveClosureOn(R, S)
                         /\ <<j, k>> \in TransitiveClosureOn(R, S)} :
          \A y
             \in T
                 \cup {j \in S :
                         \E i, k \in T :
                            /\ <<i, j>> \in TransitiveClosureOn(R, S)
                            /\ <<j, k>> \in TransitiveClosureOn(R, S)} :
             ~<<y, x>> \in R

@!!END

@!!BEGIN
@!!type:obligation
@!!id:188
@!!loc:432:8:432:12
@!!status:trivial
@!!prover:tlapm
@!!already:false
@!!obl:ASSUME NEW CONSTANT R,
       NEW CONSTANT S,
       IsWellFoundedOn(R, S) ,
       NEW CONSTANT T \in SUBSET S,
       T # {} ,
       NEW CONSTANT x \in T
                          \cup {j \in S :
                                  \E i, k \in T :
                                     /\ <<i, j>>
                                        \in TransitiveClosureOn(R, S)
                                     /\ <<j, k>>
                                        \in TransitiveClosureOn(R, S)},
       ASSUME NEW CONSTANT i \in T,
              NEW CONSTANT k \in T,
              <<i, x>> \in TransitiveClosureOn(R, S) ,
              <<x, k>> \in TransitiveClosureOn(R, S) 
       PROVE  FALSE 
PROVE  ASSUME NEW CONSTANT i \in T,
              NEW CONSTANT k \in T,
              <<i, x>> \in TransitiveClosureOn(R, S) ,
              <<x, k>> \in TransitiveClosureOn(R, S) 
       PROVE  FALSE

@!!END

@!!BEGIN
@!!type:obligation
@!!id:189
@!!loc:432:14:432:19
@!!status:trivial
@!!prover:tlapm
@!!already:false
@!!obl:ASSUME NEW CONSTANT R,
       NEW CONSTANT S,
       IsWellFoundedOn(R, S) ,
       NEW CONSTANT T \in SUBSET S,
       T # {} ,
       NEW CONSTANT x \in T
                          \cup {j \in S :
                                  \E i, k \in T :
                                     /\ <<i, j>>
                                        \in TransitiveClosureOn(R, S)
                                     /\ <<j, k>>
                                        \in TransitiveClosureOn(R, S)},
       ASSUME NEW CONSTANT i \in T,
              NEW CONSTANT k \in T,
              <<i, x>> \in TransitiveClosureOn(R, S) ,
              <<x, k>> \in TransitiveClosureOn(R, S) 
       PROVE  FALSE 
PROVE  TRUE

@!!END

@!!BEGIN
@!!type:obligation
@!!id:190
@!!loc:430:7:430:9
@!!status:normalized
@!!meth:time-limit: 10
@!!obl:ASSUME NEW CONSTANT R,
       NEW CONSTANT S,
       IsWellFoundedOn(R, S) ,
       NEW CONSTANT T \in SUBSET S,
       T # {} ,
       NEW CONSTANT x \in T
                          \cup {j \in S :
                                  \E i, k \in T :
                                     /\ <<i, j>>
                                        \in TransitiveClosureOn(R, S)
                                     /\ <<j, k>>
                                        \in TransitiveClosureOn(R, S)},
       NEW CONSTANT i \in T,
       NEW CONSTANT k \in T,
       NEW CONSTANT j \in S,
       /\ <<j, x>> \in R
       /\ i = j \/ <<i, j>> \in TransitiveClosureOn(R, S) ,
       j
       \in T
           \cup {j_1 \in S :
                   \E i_1, k_1 \in T :
                      /\ <<i_1, j_1>> \in TransitiveClosureOn(R, S)
                      /\ <<j_1, k_1>> \in TransitiveClosureOn(R, S)} ,
       \A y
          \in T
              \cup {j_1 \in S :
                      \E i_1, k_1 \in T :
                         /\ <<i_1, j_1>> \in TransitiveClosureOn(R, S)
                         /\ <<j_1, k_1>> \in TransitiveClosureOn(R, S)} :
          ~<<y, x>> \in R ,
       TRUE 
PROVE  FALSE

@!!END

@!!BEGIN
@!!type:obligation
@!!id:187
@!!loc:432:5:432:7
@!!status:proved
@!!prover:zenon
@!!meth:time-limit: 10; time-used: 0.1 (1%)
@!!already:false
@!!obl:
ASSUME NEW CONSTANT R,
       NEW CONSTANT S,
       IsWellFoundedOn(R, S) ,
       NEW CONSTANT T \in SUBSET S,
       T # {} ,
       NEW CONSTANT x \in T
                          \cup {j \in S :
                                  \E i, k \in T :
                                     /\ <<i, j>>
                                        \in TransitiveClosureOn(R, S)
                                     /\ <<j, k>>
                                        \in TransitiveClosureOn(R, S)},
       ASSUME NEW CONSTANT i \in T,
              NEW CONSTANT k \in T,
              <<i, x>> \in TransitiveClosureOn(R, S) ,
              <<x, k>> \in TransitiveClosureOn(R, S) 
       PROVE  FALSE ,
       TRUE 
PROVE  x \in T

@!!END

@!!BEGIN
@!!type:obligation
@!!id:191
@!!loc:430:10:430:14
@!!status:trivial
@!!prover:tlapm
@!!already:false
@!!obl:ASSUME NEW CONSTANT R,
       NEW CONSTANT S,
       IsWellFoundedOn(R, S) ,
       NEW CONSTANT T \in SUBSET S,
       T # {} ,
       NEW CONSTANT x \in T
                          \cup {j \in S :
                                  \E i, k \in T :
                                     /\ <<i, j>>
                                        \in TransitiveClosureOn(R, S)
                                     /\ <<j, k>>
                                        \in TransitiveClosureOn(R, S)},
       NEW CONSTANT i \in T,
       NEW CONSTANT k \in T,
       NEW CONSTANT j \in S,
       /\ <<j, x>> \in R
       /\ i = j \/ <<i, j>> \in TransitiveClosureOn(R, S) 
PROVE  /\ <<j, x>> \in R
       /\ i = j \/ <<i, j>> \in TransitiveClosureOn(R, S)

@!!END

@!!BEGIN
@!!type:obligation
@!!id:192
@!!loc:430:16:430:20
@!!status:trivial
@!!prover:tlapm
@!!already:false
@!!obl:ASSUME NEW CONSTANT R,
       NEW CONSTANT S,
       IsWellFoundedOn(R, S) ,
       NEW CONSTANT T \in SUBSET S,
       T # {} ,
       NEW CONSTANT x \in T
                          \cup {j \in S :
                                  \E i, k \in T :
                                     /\ <<i, j>>
                                        \in TransitiveClosureOn(R, S)
                                     /\ <<j, k>>
                                        \in TransitiveClosureOn(R, S)},
       NEW CONSTANT i \in T,
       NEW CONSTANT k \in T,
       NEW CONSTANT j \in S,
       j
       \in T
           \cup {j_1 \in S :
                   \E i_1, k_1 \in T :
                      /\ <<i_1, j_1>> \in TransitiveClosureOn(R, S)
                      /\ <<j_1, k_1>> \in TransitiveClosureOn(R, S)} ,
       /\ <<j, x>> \in R
       /\ i = j \/ <<i, j>> \in TransitiveClosureOn(R, S) 
PROVE  j
       \in T
           \cup {j_1 \in S :
                   \E i_1, k_1 \in T :
                      /\ <<i_1, j_1>> \in TransitiveClosureOn(R, S)
                      /\ <<j_1, k_1>> \in TransitiveClosureOn(R, S)}

@!!END

@!!BEGIN
@!!type:obligation
@!!id:193
@!!loc:430:22:430:26
@!!status:trivial
@!!prover:tlapm
@!!already:false
@!!obl:ASSUME NEW CONSTANT R,
       NEW CONSTANT S,
       IsWellFoundedOn(R, S) ,
       NEW CONSTANT T \in SUBSET S,
       T # {} ,
       NEW CONSTANT x \in T
                          \cup {j \in S :
                                  \E i, k \in T :
                                     /\ <<i, j>>
                                        \in TransitiveClosureOn(R, S)
                                     /\ <<j, k>>
                                        \in TransitiveClosureOn(R, S)},
       \A y
          \in T
              \cup {j \in S :
                      \E i, k \in T :
                         /\ <<i, j>> \in TransitiveClosureOn(R, S)
                         /\ <<j, k>> \in TransitiveClosureOn(R, S)} :
          ~<<y, x>> \in R ,
       NEW CONSTANT i \in T,
       NEW CONSTANT k \in T,
       NEW CONSTANT j \in S,
       /\ <<j, x>> \in R
       /\ i = j \/ <<i, j>> \in TransitiveClosureOn(R, S) ,
       j
       \in T
           \cup {j_1 \in S :
                   \E i_1, k_1 \in T :
                      /\ <<i_1, j_1>> \in TransitiveClosureOn(R, S)
                      /\ <<j_1, k_1>> \in TransitiveClosureOn(R, S)} 
PROVE  \A y
          \in T
              \cup {j_1 \in S :
                      \E i_1, k_1 \in T :
                         /\ <<i_1, j_1>> \in TransitiveClosureOn(R, S)
                         /\ <<j_1, k_1>> \in TransitiveClosureOn(R, S)} :
          ~<<y, x>> \in R

@!!END

@!!BEGIN
@!!type:obligation
@!!id:194
@!!loc:430:28:430:33
@!!status:trivial
@!!prover:tlapm
@!!already:false
@!!obl:ASSUME NEW CONSTANT R,
       NEW CONSTANT S,
       IsWellFoundedOn(R, S) ,
       NEW CONSTANT T \in SUBSET S,
       T # {} ,
       NEW CONSTANT x \in T
                          \cup {j \in S :
                                  \E i, k \in T :
                                     /\ <<i, j>>
                                        \in TransitiveClosureOn(R, S)
                                     /\ <<j, k>>
                                        \in TransitiveClosureOn(R, S)},
       NEW CONSTANT i \in T,
       NEW CONSTANT k \in T,
       NEW CONSTANT j \in S,
       /\ <<j, x>> \in R
       /\ i = j \/ <<i, j>> \in TransitiveClosureOn(R, S) ,
       j
       \in T
           \cup {j_1 \in S :
                   \E i_1, k_1 \in T :
                      /\ <<i_1, j_1>> \in TransitiveClosureOn(R, S)
                      /\ <<j_1, k_1>> \in TransitiveClosureOn(R, S)} ,
       \A y
          \in T
              \cup {j_1 \in S :
                      \E i_1, k_1 \in T :
                         /\ <<i_1, j_1>> \in TransitiveClosureOn(R, S)
                         /\ <<j_1, k_1>> \in TransitiveClosureOn(R, S)} :
          ~<<y, x>> \in R 
PROVE  TRUE

@!!END

@!!BEGIN
@!!type:obligation
@!!id:195
@!!loc:423:7:423:9
@!!status:normalized
@!!meth:time-limit: 10
@!!obl:ASSUME NEW CONSTANT R,
       NEW CONSTANT S,
       IsWellFoundedOn(R, S) ,
       NEW CONSTANT T \in SUBSET S,
       T # {} ,
       NEW CONSTANT x \in T
                          \cup {j \in S :
                                  \E i, k \in T :
                                     /\ <<i, j>>
                                        \in TransitiveClosureOn(R, S)
                                     /\ <<j, k>>
                                        \in TransitiveClosureOn(R, S)},
       NEW CONSTANT i \in T,
       NEW CONSTANT k \in T,
       /\ <<i, x>> \in TransitiveClosureOn(R, S)
       /\ <<x, k>> \in TransitiveClosureOn(R, S) ,
       ASSUME NEW CONSTANT R_1,
              NEW CONSTANT S_1,
              NEW CONSTANT i_1 \in S_1,
              NEW CONSTANT k_1 \in S_1,
              <<i_1, k_1>> \in TransitiveClosureOn(R_1, S_1) 
       PROVE  \E j \in S_1 :
                 /\ <<j, k_1>> \in R_1
                 /\ i_1 = j \/ <<i_1, j>> \in TransitiveClosureOn(R_1, S_1) ,
       TRUE 
PROVE  \E j \in S :
          /\ <<j, x>> \in R
          /\ i = j \/ <<i, j>> \in TransitiveClosureOn(R, S)

@!!END

@!!BEGIN
@!!type:obligation
@!!id:190
@!!loc:430:7:430:9
@!!status:proved
@!!prover:zenon
@!!meth:time-limit: 10; time-used: 0.1 (1%)
@!!already:false
@!!obl:
ASSUME NEW CONSTANT R,
       NEW CONSTANT S,
       IsWellFoundedOn(R, S) ,
       NEW CONSTANT T \in SUBSET S,
       T # {} ,
       NEW CONSTANT x \in T
                          \cup {j \in S :
                                  \E i, k \in T :
                                     /\ <<i, j>>
                                        \in TransitiveClosureOn(R, S)
                                     /\ <<j, k>>
                                        \in TransitiveClosureOn(R, S)},
       NEW CONSTANT i \in T,
       NEW CONSTANT k \in T,
       NEW CONSTANT j \in S,
       /\ <<j, x>> \in R
       /\ i = j \/ <<i, j>> \in TransitiveClosureOn(R, S) ,
       j
       \in T
           \cup {j_1 \in S :
                   \E i_1, k_1 \in T :
                      /\ <<i_1, j_1>> \in TransitiveClosureOn(R, S)
                      /\ <<j_1, k_1>> \in TransitiveClosureOn(R, S)} ,
       \A y
          \in T
              \cup {j_1 \in S :
                      \E i_1, k_1 \in T :
                         /\ <<i_1, j_1>> \in TransitiveClosureOn(R, S)
                         /\ <<j_1, k_1>> \in TransitiveClosureOn(R, S)} :
          ~<<y, x>> \in R ,
       TRUE 
PROVE  FALSE

@!!END

@!!BEGIN
@!!type:obligation
@!!id:196
@!!loc:423:10:423:14
@!!status:trivial
@!!prover:tlapm
@!!already:false
@!!obl:ASSUME NEW CONSTANT R,
       NEW CONSTANT S,
       IsWellFoundedOn(R, S) ,
       NEW CONSTANT T \in SUBSET S,
       T # {} ,
       NEW CONSTANT x \in T
                          \cup {j \in S :
                                  \E i, k \in T :
                                     /\ <<i, j>>
                                        \in TransitiveClosureOn(R, S)
                                     /\ <<j, k>>
                                        \in TransitiveClosureOn(R, S)},
       NEW CONSTANT i \in T,
       NEW CONSTANT k \in T,
       /\ <<i, x>> \in TransitiveClosureOn(R, S)
       /\ <<x, k>> \in TransitiveClosureOn(R, S) 
PROVE  /\ <<i, x>> \in TransitiveClosureOn(R, S)
       /\ <<x, k>> \in TransitiveClosureOn(R, S)

@!!END

@!!BEGIN
@!!type:obligation
@!!id:197
@!!loc:423:16:423:41
@!!status:trivial
@!!prover:tlapm
@!!already:false
@!!obl:ASSUME ASSUME NEW CONSTANT R,
              NEW CONSTANT S,
              NEW CONSTANT i \in S,
              NEW CONSTANT k \in S,
              <<i, k>> \in TransitiveClosureOn(R, S) 
       PROVE  \E j \in S :
                 /\ <<j, k>> \in R
                 /\ i = j \/ <<i, j>> \in TransitiveClosureOn(R, S) ,
       NEW CONSTANT R,
       NEW CONSTANT S,
       IsWellFoundedOn(R, S) ,
       NEW CONSTANT T \in SUBSET S,
       T # {} ,
       NEW CONSTANT x \in T
                          \cup {j \in S :
                                  \E i, k \in T :
                                     /\ <<i, j>>
                                        \in TransitiveClosureOn(R, S)
                                     /\ <<j, k>>
                                        \in TransitiveClosureOn(R, S)},
       NEW CONSTANT i \in T,
       NEW CONSTANT k \in T,
       /\ <<i, x>> \in TransitiveClosureOn(R, S)
       /\ <<x, k>> \in TransitiveClosureOn(R, S) 
PROVE  ASSUME NEW CONSTANT R_1,
              NEW CONSTANT S_1,
              NEW CONSTANT i_1 \in S_1,
              NEW CONSTANT k_1 \in S_1,
              <<i_1, k_1>> \in TransitiveClosureOn(R_1, S_1) 
       PROVE  \E j \in S_1 :
                 /\ <<j, k_1>> \in R_1
                 /\ i_1 = j \/ <<i_1, j>> \in TransitiveClosureOn(R_1, S_1)

@!!END

@!!BEGIN
@!!type:obligation
@!!id:198
@!!loc:423:43:423:48
@!!status:trivial
@!!prover:tlapm
@!!already:false
@!!obl:ASSUME NEW CONSTANT R,
       NEW CONSTANT S,
       IsWellFoundedOn(R, S) ,
       NEW CONSTANT T \in SUBSET S,
       T # {} ,
       NEW CONSTANT x \in T
                          \cup {j \in S :
                                  \E i, k \in T :
                                     /\ <<i, j>>
                                        \in TransitiveClosureOn(R, S)
                                     /\ <<j, k>>
                                        \in TransitiveClosureOn(R, S)},
       NEW CONSTANT i \in T,
       NEW CONSTANT k \in T,
       /\ <<i, x>> \in TransitiveClosureOn(R, S)
       /\ <<x, k>> \in TransitiveClosureOn(R, S) ,
       ASSUME NEW CONSTANT R_1,
              NEW CONSTANT S_1,
              NEW CONSTANT i_1 \in S_1,
              NEW CONSTANT k_1 \in S_1,
              <<i_1, k_1>> \in TransitiveClosureOn(R_1, S_1) 
       PROVE  \E j \in S_1 :
                 /\ <<j, k_1>> \in R_1
                 /\ i_1 = j \/ <<i_1, j>> \in TransitiveClosureOn(R_1, S_1) 
PROVE  TRUE

@!!END

@!!BEGIN
@!!type:obligation
@!!id:200
@!!loc:428:9:428:11
@!!status:normalized
@!!meth:time-limit: 5
@!!obl:ASSUME NEW CONSTANT R,
       NEW CONSTANT S,
       IsWellFoundedOn(R, S) ,
       NEW CONSTANT T \in SUBSET S,
       T # {} ,
       NEW CONSTANT x \in T
                          \cup {j \in S :
                                  \E i, k \in T :
                                     /\ <<i, j>>
                                        \in TransitiveClosureOn(R, S)
                                     /\ <<j, k>>
                                        \in TransitiveClosureOn(R, S)},
       NEW CONSTANT i \in T,
       NEW CONSTANT k \in T,
       NEW CONSTANT j \in S,
       /\ <<j, x>> \in R
       /\ i = j \/ <<i, j>> \in TransitiveClosureOn(R, S) ,
       ASSUME <<i, j>> \in TransitiveClosureOn(R, S) 
       PROVE  j
              \in T
                  \cup {j_1 \in S :
                          \E i_1, k_1 \in T :
                             /\ <<i_1, j_1>> \in TransitiveClosureOn(R, S)
                             /\ <<j_1, k_1>> \in TransitiveClosureOn(R, S)} 
PROVE  j
       \in T
           \cup {j_1 \in S :
                   \E i_1, k_1 \in T :
                      /\ <<i_1, j_1>> \in TransitiveClosureOn(R, S)
                      /\ <<j_1, k_1>> \in TransitiveClosureOn(R, S)}

@!!END

@!!BEGIN
@!!type:obligation
@!!id:195
@!!loc:423:7:423:9
@!!status:proved
@!!prover:zenon
@!!meth:time-limit: 10; time-used: 0.2 (2%)
@!!already:false
@!!obl:
ASSUME NEW CONSTANT R,
       NEW CONSTANT S,
       IsWellFoundedOn(R, S) ,
       NEW CONSTANT T \in SUBSET S,
       T # {} ,
       NEW CONSTANT x \in T
                          \cup {j \in S :
                                  \E i, k \in T :
                                     /\ <<i, j>>
                                        \in TransitiveClosureOn(R, S)
                                     /\ <<j, k>>
                                        \in TransitiveClosureOn(R, S)},
       NEW CONSTANT i \in T,
       NEW CONSTANT k \in T,
       /\ <<i, x>> \in TransitiveClosureOn(R, S)
       /\ <<x, k>> \in TransitiveClosureOn(R, S) ,
       ASSUME NEW CONSTANT R_1,
              NEW CONSTANT S_1,
              NEW CONSTANT i_1 \in S_1,
              NEW CONSTANT k_1 \in S_1,
              <<i_1, k_1>> \in TransitiveClosureOn(R_1, S_1) 
       PROVE  \E j \in S_1 :
                 /\ <<j, k_1>> \in R_1
                 /\ i_1 = j \/ <<i_1, j>> \in TransitiveClosureOn(R_1, S_1) ,
       TRUE 
PROVE  \E j \in S :
          /\ <<j, x>> \in R
          /\ i = j \/ <<i, j>> \in TransitiveClosureOn(R, S)

@!!END

@!!BEGIN
@!!type:obligation
@!!id:51
@!!loc:145:3:145:5
@!!status:proved
@!!prover:isabelle
@!!meth:blast; time-limit: 30; time-used: 5.7 (19%)
@!!already:false
@!!obl:
ASSUME NEW CONSTANT R,
       NEW CONSTANT S,
       NEW CONSTANT x \in S,
       NEW CONSTANT y \in S,
       IsWellFoundedOn(R, S) ,
       <<x, y>> \in R ,
       <<y, x>> \in R ,
       ASSUME NEW CONSTANT R_1,
              NEW CONSTANT S_1,
              IsWellFoundedOn(R_1, S_1) ,
              NEW CONSTANT T,
              T \subseteq S_1 ,
              T # {} 
       PROVE  \E x_1 \in T : \A y_1 \in T : ~<<y_1, x_1>> \in R_1 ,
       TRUE 
PROVE  \E u \in {x, y} : \A v \in {x, y} : <<v, u>> \notin R

@!!END

@!!BEGIN
@!!type:obligation
@!!id:46
@!!loc:134:3:134:5
@!!status:proved
@!!prover:isabelle
@!!meth:blast; time-limit: 30; time-used: 5.7 (19%)
@!!already:false
@!!obl:
ASSUME NEW CONSTANT R,
       NEW CONSTANT S,
       NEW CONSTANT x \in S,
       IsWellFoundedOn(R, S) ,
       ASSUME NEW CONSTANT R_1,
              NEW CONSTANT S_1,
              IsWellFoundedOn(R_1, S_1) ,
              NEW CONSTANT T,
              T \subseteq S_1 ,
              T # {} 
       PROVE  \E x_1 \in T : \A y \in T : ~<<y, x_1>> \in R_1 ,
       TRUE 
PROVE  \E z \in {x} : \A y \in {x} : <<y, z>> \notin R

@!!END

@!!BEGIN
@!!type:obligation
@!!id:201
@!!loc:428:12:428:16
@!!status:trivial
@!!prover:tlapm
@!!already:false
@!!obl:ASSUME NEW CONSTANT R,
       NEW CONSTANT S,
       IsWellFoundedOn(R, S) ,
       NEW CONSTANT T \in SUBSET S,
       T # {} ,
       NEW CONSTANT x \in T
                          \cup {j \in S :
                                  \E i, k \in T :
                                     /\ <<i, j>>
                                        \in TransitiveClosureOn(R, S)
                                     /\ <<j, k>>
                                        \in TransitiveClosureOn(R, S)},
       NEW CONSTANT i \in T,
       NEW CONSTANT k \in T,
       NEW CONSTANT j \in S,
       /\ <<j, x>> \in R
       /\ i = j \/ <<i, j>> \in TransitiveClosureOn(R, S) 
PROVE  /\ <<j, x>> \in R
       /\ i = j \/ <<i, j>> \in TransitiveClosureOn(R, S)

@!!END

@!!BEGIN
@!!type:obligation
@!!id:202
@!!loc:428:18:428:22
@!!status:trivial
@!!prover:tlapm
@!!already:false
@!!obl:ASSUME NEW CONSTANT R,
       NEW CONSTANT S,
       IsWellFoundedOn(R, S) ,
       NEW CONSTANT T \in SUBSET S,
       T # {} ,
       NEW CONSTANT x \in T
                          \cup {j \in S :
                                  \E i, k \in T :
                                     /\ <<i, j>>
                                        \in TransitiveClosureOn(R, S)
                                     /\ <<j, k>>
                                        \in TransitiveClosureOn(R, S)},
       NEW CONSTANT i \in T,
       NEW CONSTANT k \in T,
       NEW CONSTANT j \in S,
       ASSUME <<i, j>> \in TransitiveClosureOn(R, S) 
       PROVE  j
              \in T
                  \cup {j_1 \in S :
                          \E i_1, k_1 \in T :
                             /\ <<i_1, j_1>> \in TransitiveClosureOn(R, S)
                             /\ <<j_1, k_1>> \in TransitiveClosureOn(R, S)} ,
       /\ <<j, x>> \in R
       /\ i = j \/ <<i, j>> \in TransitiveClosureOn(R, S) 
PROVE  ASSUME <<i, j>> \in TransitiveClosureOn(R, S) 
       PROVE  j
              \in T
                  \cup {j_1 \in S :
                          \E i_1, k_1 \in T :
                             /\ <<i_1, j_1>> \in TransitiveClosureOn(R, S)
                             /\ <<j_1, k_1>> \in TransitiveClosureOn(R, S)}

@!!END

@!!BEGIN
@!!type:obligation
@!!id:203
@!!loc:426:9:426:11
@!!status:normalized
@!!meth:time-limit: 10
@!!obl:ASSUME NEW CONSTANT R,
       NEW CONSTANT S,
       IsWellFoundedOn(R, S) ,
       NEW CONSTANT T \in SUBSET S,
       T # {} ,
       NEW CONSTANT x \in T
                          \cup {j \in S :
                                  \E i, k \in T :
                                     /\ <<i, j>>
                                        \in TransitiveClosureOn(R, S)
                                     /\ <<j, k>>
                                        \in TransitiveClosureOn(R, S)},
       NEW CONSTANT i \in T,
       NEW CONSTANT k \in T,
       NEW CONSTANT j \in S,
       /\ <<j, x>> \in R
       /\ i = j \/ <<i, j>> \in TransitiveClosureOn(R, S) ,
       <<i, j>> \in TransitiveClosureOn(R, S) ,
       /\ <<i, x>> \in TransitiveClosureOn(R, S)
       /\ <<x, k>> \in TransitiveClosureOn(R, S) ,
       ASSUME NEW CONSTANT R_1,
              NEW CONSTANT S_1,
              NEW CONSTANT i_1 \in S_1,
              NEW CONSTANT j_1 \in S_1,
              NEW CONSTANT k_1 \in S_1,
              <<i_1, j_1>> \in R_1 ,
              <<j_1, k_1>> \in TransitiveClosureOn(R_1, S_1) 
       PROVE  <<i_1, k_1>> \in TransitiveClosureOn(R_1, S_1) ,
       TRUE 
PROVE  j
       \in T
           \cup {j_1 \in S :
                   \E i_1, k_1 \in T :
                      /\ <<i_1, j_1>> \in TransitiveClosureOn(R, S)
                      /\ <<j_1, k_1>> \in TransitiveClosureOn(R, S)}

@!!END

@!!BEGIN
@!!type:obligation
@!!id:204
@!!loc:426:12:426:16
@!!status:trivial
@!!prover:tlapm
@!!already:false
@!!obl:ASSUME NEW CONSTANT R,
       NEW CONSTANT S,
       IsWellFoundedOn(R, S) ,
       NEW CONSTANT T \in SUBSET S,
       T # {} ,
       NEW CONSTANT x \in T
                          \cup {j \in S :
                                  \E i, k \in T :
                                     /\ <<i, j>>
                                        \in TransitiveClosureOn(R, S)
                                     /\ <<j, k>>
                                        \in TransitiveClosureOn(R, S)},
       NEW CONSTANT i \in T,
       NEW CONSTANT k \in T,
       NEW CONSTANT j \in S,
       /\ <<j, x>> \in R
       /\ i = j \/ <<i, j>> \in TransitiveClosureOn(R, S) 
PROVE  /\ <<j, x>> \in R
       /\ i = j \/ <<i, j>> \in TransitiveClosureOn(R, S)

@!!END

@!!BEGIN
@!!type:obligation
@!!id:205
@!!loc:426:18:426:22
@!!status:trivial
@!!prover:tlapm
@!!already:false
@!!obl:ASSUME NEW CONSTANT R,
       NEW CONSTANT S,
       IsWellFoundedOn(R, S) ,
       NEW CONSTANT T \in SUBSET S,
       T # {} ,
       NEW CONSTANT x \in T
                          \cup {j \in S :
                                  \E i, k \in T :
                                     /\ <<i, j>>
                                        \in TransitiveClosureOn(R, S)
                                     /\ <<j, k>>
                                        \in TransitiveClosureOn(R, S)},
       NEW CONSTANT i \in T,
       NEW CONSTANT k \in T,
       NEW CONSTANT j \in S,
       <<i, j>> \in TransitiveClosureOn(R, S) ,
       /\ <<j, x>> \in R
       /\ i = j \/ <<i, j>> \in TransitiveClosureOn(R, S) 
PROVE  <<i, j>> \in TransitiveClosureOn(R, S)

@!!END

@!!BEGIN
@!!type:obligation
@!!id:206
@!!loc:426:24:426:28
@!!status:trivial
@!!prover:tlapm
@!!already:false
@!!obl:ASSUME NEW CONSTANT R,
       NEW CONSTANT S,
       IsWellFoundedOn(R, S) ,
       NEW CONSTANT T \in SUBSET S,
       T # {} ,
       NEW CONSTANT x \in T
                          \cup {j \in S :
                                  \E i, k \in T :
                                     /\ <<i, j>>
                                        \in TransitiveClosureOn(R, S)
                                     /\ <<j, k>>
                                        \in TransitiveClosureOn(R, S)},
       NEW CONSTANT i \in T,
       NEW CONSTANT k \in T,
       /\ <<i, x>> \in TransitiveClosureOn(R, S)
       /\ <<x, k>> \in TransitiveClosureOn(R, S) ,
       NEW CONSTANT j \in S,
       /\ <<j, x>> \in R
       /\ i = j \/ <<i, j>> \in TransitiveClosureOn(R, S) ,
       <<i, j>> \in TransitiveClosureOn(R, S) 
PROVE  /\ <<i, x>> \in TransitiveClosureOn(R, S)
       /\ <<x, k>> \in TransitiveClosureOn(R, S)

@!!END

@!!BEGIN
@!!type:obligation
@!!id:207
@!!loc:426:30:426:35
@!!status:trivial
@!!prover:tlapm
@!!already:false
@!!obl:ASSUME ASSUME NEW CONSTANT R,
              NEW CONSTANT S,
              NEW CONSTANT i \in S,
              NEW CONSTANT j \in S,
              NEW CONSTANT k \in S,
              <<i, j>> \in R ,
              <<j, k>> \in TransitiveClosureOn(R, S) 
       PROVE  <<i, k>> \in TransitiveClosureOn(R, S) ,
       NEW CONSTANT R,
       NEW CONSTANT S,
       IsWellFoundedOn(R, S) ,
       NEW CONSTANT T \in SUBSET S,
       T # {} ,
       NEW CONSTANT x \in T
                          \cup {j \in S :
                                  \E i, k \in T :
                                     /\ <<i, j>>
                                        \in TransitiveClosureOn(R, S)
                                     /\ <<j, k>>
                                        \in TransitiveClosureOn(R, S)},
       NEW CONSTANT i \in T,
       NEW CONSTANT k \in T,
       NEW CONSTANT j \in S,
       /\ <<j, x>> \in R
       /\ i = j \/ <<i, j>> \in TransitiveClosureOn(R, S) ,
       <<i, j>> \in TransitiveClosureOn(R, S) ,
       /\ <<i, x>> \in TransitiveClosureOn(R, S)
       /\ <<x, k>> \in TransitiveClosureOn(R, S) 
PROVE  ASSUME NEW CONSTANT R_1,
              NEW CONSTANT S_1,
              NEW CONSTANT i_1 \in S_1,
              NEW CONSTANT j_1 \in S_1,
              NEW CONSTANT k_1 \in S_1,
              <<i_1, j_1>> \in R_1 ,
              <<j_1, k_1>> \in TransitiveClosureOn(R_1, S_1) 
       PROVE  <<i_1, k_1>> \in TransitiveClosureOn(R_1, S_1)

@!!END

@!!BEGIN
@!!type:obligation
@!!id:208
@!!loc:426:37:426:42
@!!status:trivial
@!!prover:tlapm
@!!already:false
@!!obl:ASSUME NEW CONSTANT R,
       NEW CONSTANT S,
       IsWellFoundedOn(R, S) ,
       NEW CONSTANT T \in SUBSET S,
       T # {} ,
       NEW CONSTANT x \in T
                          \cup {j \in S :
                                  \E i, k \in T :
                                     /\ <<i, j>>
                                        \in TransitiveClosureOn(R, S)
                                     /\ <<j, k>>
                                        \in TransitiveClosureOn(R, S)},
       NEW CONSTANT i \in T,
       NEW CONSTANT k \in T,
       NEW CONSTANT j \in S,
       /\ <<j, x>> \in R
       /\ i = j \/ <<i, j>> \in TransitiveClosureOn(R, S) ,
       <<i, j>> \in TransitiveClosureOn(R, S) ,
       /\ <<i, x>> \in TransitiveClosureOn(R, S)
       /\ <<x, k>> \in TransitiveClosureOn(R, S) ,
       ASSUME NEW CONSTANT R_1,
              NEW CONSTANT S_1,
              NEW CONSTANT i_1 \in S_1,
              NEW CONSTANT j_1 \in S_1,
              NEW CONSTANT k_1 \in S_1,
              <<i_1, j_1>> \in R_1 ,
              <<j_1, k_1>> \in TransitiveClosureOn(R_1, S_1) 
       PROVE  <<i_1, k_1>> \in TransitiveClosureOn(R_1, S_1) 
PROVE  TRUE

@!!END

@!!BEGIN
@!!type:obligation
@!!id:209
@!!loc:444:5:444:7
@!!status:normalized
@!!meth:time-limit: 10
@!!obl:ASSUME NEW CONSTANT R,
       NEW CONSTANT S,
       IsWellFoundedOn(R, S) ,
       NEW CONSTANT T \in SUBSET S,
       T # {} ,
       NEW CONSTANT x \in T
                          \cup {j \in S :
                                  \E i, k \in T :
                                     /\ <<i, j>>
                                        \in TransitiveClosureOn(R, S)
                                     /\ <<j, k>>
                                        \in TransitiveClosureOn(R, S)},
       NEW CONSTANT y \in T,
       NEW CONSTANT j \in S,
       /\ <<j, x>> \in R
       /\ y = j \/ <<y, j>> \in TransitiveClosureOn(R, S) ,
       j
       \in T
           \cup {j_1 \in S :
                   \E i, k \in T :
                      /\ <<i, j_1>> \in TransitiveClosureOn(R, S)
                      /\ <<j_1, k>> \in TransitiveClosureOn(R, S)} ,
       \A y_1
          \in T
              \cup {j_1 \in S :
                      \E i, k \in T :
                         /\ <<i, j_1>> \in TransitiveClosureOn(R, S)
                         /\ <<j_1, k>> \in TransitiveClosureOn(R, S)} :
          ~<<y_1, x>> \in R ,
       TRUE 
PROVE  FALSE

@!!END

@!!BEGIN
@!!type:obligation
@!!id:210
@!!loc:444:8:444:12
@!!status:trivial
@!!prover:tlapm
@!!already:false
@!!obl:ASSUME NEW CONSTANT R,
       NEW CONSTANT S,
       IsWellFoundedOn(R, S) ,
       NEW CONSTANT T \in SUBSET S,
       T # {} ,
       NEW CONSTANT x \in T
                          \cup {j \in S :
                                  \E i, k \in T :
                                     /\ <<i, j>>
                                        \in TransitiveClosureOn(R, S)
                                     /\ <<j, k>>
                                        \in TransitiveClosureOn(R, S)},
       NEW CONSTANT y \in T,
       NEW CONSTANT j \in S,
       /\ <<j, x>> \in R
       /\ y = j \/ <<y, j>> \in TransitiveClosureOn(R, S) 
PROVE  /\ <<j, x>> \in R
       /\ y = j \/ <<y, j>> \in TransitiveClosureOn(R, S)

@!!END

@!!BEGIN
@!!type:obligation
@!!id:211
@!!loc:444:14:444:18
@!!status:trivial
@!!prover:tlapm
@!!already:false
@!!obl:ASSUME NEW CONSTANT R,
       NEW CONSTANT S,
       IsWellFoundedOn(R, S) ,
       NEW CONSTANT T \in SUBSET S,
       T # {} ,
       NEW CONSTANT x \in T
                          \cup {j \in S :
                                  \E i, k \in T :
                                     /\ <<i, j>>
                                        \in TransitiveClosureOn(R, S)
                                     /\ <<j, k>>
                                        \in TransitiveClosureOn(R, S)},
       NEW CONSTANT y \in T,
       NEW CONSTANT j \in S,
       j
       \in T
           \cup {j_1 \in S :
                   \E i, k \in T :
                      /\ <<i, j_1>> \in TransitiveClosureOn(R, S)
                      /\ <<j_1, k>> \in TransitiveClosureOn(R, S)} ,
       /\ <<j, x>> \in R
       /\ y = j \/ <<y, j>> \in TransitiveClosureOn(R, S) 
PROVE  j
       \in T
           \cup {j_1 \in S :
                   \E i, k \in T :
                      /\ <<i, j_1>> \in TransitiveClosureOn(R, S)
                      /\ <<j_1, k>> \in TransitiveClosureOn(R, S)}

@!!END

@!!BEGIN
@!!type:obligation
@!!id:212
@!!loc:444:20:444:24
@!!status:trivial
@!!prover:tlapm
@!!already:false
@!!obl:ASSUME NEW CONSTANT R,
       NEW CONSTANT S,
       IsWellFoundedOn(R, S) ,
       NEW CONSTANT T \in SUBSET S,
       T # {} ,
       NEW CONSTANT x \in T
                          \cup {j \in S :
                                  \E i, k \in T :
                                     /\ <<i, j>>
                                        \in TransitiveClosureOn(R, S)
                                     /\ <<j, k>>
                                        \in TransitiveClosureOn(R, S)},
       \A y
          \in T
              \cup {j \in S :
                      \E i, k \in T :
                         /\ <<i, j>> \in TransitiveClosureOn(R, S)
                         /\ <<j, k>> \in TransitiveClosureOn(R, S)} :
          ~<<y, x>> \in R ,
       NEW CONSTANT y \in T,
       NEW CONSTANT j \in S,
       /\ <<j, x>> \in R
       /\ y = j \/ <<y, j>> \in TransitiveClosureOn(R, S) ,
       j
       \in T
           \cup {j_1 \in S :
                   \E i, k \in T :
                      /\ <<i, j_1>> \in TransitiveClosureOn(R, S)
                      /\ <<j_1, k>> \in TransitiveClosureOn(R, S)} 
PROVE  \A y_1
          \in T
              \cup {j_1 \in S :
                      \E i, k \in T :
                         /\ <<i, j_1>> \in TransitiveClosureOn(R, S)
                         /\ <<j_1, k>> \in TransitiveClosureOn(R, S)} :
          ~<<y_1, x>> \in R

@!!END

@!!BEGIN
@!!type:obligation
@!!id:213
@!!loc:444:26:444:31
@!!status:trivial
@!!prover:tlapm
@!!already:false
@!!obl:ASSUME NEW CONSTANT R,
       NEW CONSTANT S,
       IsWellFoundedOn(R, S) ,
       NEW CONSTANT T \in SUBSET S,
       T # {} ,
       NEW CONSTANT x \in T
                          \cup {j \in S :
                                  \E i, k \in T :
                                     /\ <<i, j>>
                                        \in TransitiveClosureOn(R, S)
                                     /\ <<j, k>>
                                        \in TransitiveClosureOn(R, S)},
       NEW CONSTANT y \in T,
       NEW CONSTANT j \in S,
       /\ <<j, x>> \in R
       /\ y = j \/ <<y, j>> \in TransitiveClosureOn(R, S) ,
       j
       \in T
           \cup {j_1 \in S :
                   \E i, k \in T :
                      /\ <<i, j_1>> \in TransitiveClosureOn(R, S)
                      /\ <<j_1, k>> \in TransitiveClosureOn(R, S)} ,
       \A y_1
          \in T
              \cup {j_1 \in S :
                      \E i, k \in T :
                         /\ <<i, j_1>> \in TransitiveClosureOn(R, S)
                         /\ <<j_1, k>> \in TransitiveClosureOn(R, S)} :
          ~<<y_1, x>> \in R 
PROVE  TRUE

@!!END

@!!BEGIN
@!!type:obligation
@!!id:214
@!!loc:437:5:437:7
@!!status:normalized
@!!meth:time-limit: 5
@!!obl:ASSUME NEW CONSTANT R,
       NEW CONSTANT S,
       IsWellFoundedOn(R, S) ,
       NEW CONSTANT T \in SUBSET S,
       T # {} ,
       NEW CONSTANT x \in T
                          \cup {j \in S :
                                  \E i, k \in T :
                                     /\ <<i, j>>
                                        \in TransitiveClosureOn(R, S)
                                     /\ <<j, k>>
                                        \in TransitiveClosureOn(R, S)},
       NEW CONSTANT y \in T,
       <<y, x>> \in TransitiveClosureOn(R, S) ,
       ASSUME NEW CONSTANT R_1,
              NEW CONSTANT S_1,
              NEW CONSTANT i \in S_1,
              NEW CONSTANT k \in S_1,
              <<i, k>> \in TransitiveClosureOn(R_1, S_1) 
       PROVE  \E j \in S_1 :
                 /\ <<j, k>> \in R_1
                 /\ i = j \/ <<i, j>> \in TransitiveClosureOn(R_1, S_1) 
PROVE  \E j \in S :
          /\ <<j, x>> \in R
          /\ y = j \/ <<y, j>> \in TransitiveClosureOn(R, S)

@!!END

@!!BEGIN
@!!type:obligation
@!!id:209
@!!loc:444:5:444:7
@!!status:proved
@!!prover:zenon
@!!meth:time-limit: 10; time-used: 0.1 (1%)
@!!already:false
@!!obl:
ASSUME NEW CONSTANT R,
       NEW CONSTANT S,
       IsWellFoundedOn(R, S) ,
       NEW CONSTANT T \in SUBSET S,
       T # {} ,
       NEW CONSTANT x \in T
                          \cup {j \in S :
                                  \E i, k \in T :
                                     /\ <<i, j>>
                                        \in TransitiveClosureOn(R, S)
                                     /\ <<j, k>>
                                        \in TransitiveClosureOn(R, S)},
       NEW CONSTANT y \in T,
       NEW CONSTANT j \in S,
       /\ <<j, x>> \in R
       /\ y = j \/ <<y, j>> \in TransitiveClosureOn(R, S) ,
       j
       \in T
           \cup {j_1 \in S :
                   \E i, k \in T :
                      /\ <<i, j_1>> \in TransitiveClosureOn(R, S)
                      /\ <<j_1, k>> \in TransitiveClosureOn(R, S)} ,
       \A y_1
          \in T
              \cup {j_1 \in S :
                      \E i, k \in T :
                         /\ <<i, j_1>> \in TransitiveClosureOn(R, S)
                         /\ <<j_1, k>> \in TransitiveClosureOn(R, S)} :
          ~<<y_1, x>> \in R ,
       TRUE 
PROVE  FALSE

@!!END

@!!BEGIN
@!!type:obligation
@!!id:203
@!!loc:426:9:426:11
@!!status:proved
@!!prover:zenon
@!!meth:time-limit: 10; time-used: 0.2 (2%)
@!!already:false
@!!obl:
ASSUME NEW CONSTANT R,
       NEW CONSTANT S,
       IsWellFoundedOn(R, S) ,
       NEW CONSTANT T \in SUBSET S,
       T # {} ,
       NEW CONSTANT x \in T
                          \cup {j \in S :
                                  \E i, k \in T :
                                     /\ <<i, j>>
                                        \in TransitiveClosureOn(R, S)
                                     /\ <<j, k>>
                                        \in TransitiveClosureOn(R, S)},
       NEW CONSTANT i \in T,
       NEW CONSTANT k \in T,
       NEW CONSTANT j \in S,
       /\ <<j, x>> \in R
       /\ i = j \/ <<i, j>> \in TransitiveClosureOn(R, S) ,
       <<i, j>> \in TransitiveClosureOn(R, S) ,
       /\ <<i, x>> \in TransitiveClosureOn(R, S)
       /\ <<x, k>> \in TransitiveClosureOn(R, S) ,
       ASSUME NEW CONSTANT R_1,
              NEW CONSTANT S_1,
              NEW CONSTANT i_1 \in S_1,
              NEW CONSTANT j_1 \in S_1,
              NEW CONSTANT k_1 \in S_1,
              <<i_1, j_1>> \in R_1 ,
              <<j_1, k_1>> \in TransitiveClosureOn(R_1, S_1) 
       PROVE  <<i_1, k_1>> \in TransitiveClosureOn(R_1, S_1) ,
       TRUE 
PROVE  j
       \in T
           \cup {j_1 \in S :
                   \E i_1, k_1 \in T :
                      /\ <<i_1, j_1>> \in TransitiveClosureOn(R, S)
                      /\ <<j_1, k_1>> \in TransitiveClosureOn(R, S)}

@!!END

@!!BEGIN
@!!type:obligation
@!!id:200
@!!loc:428:9:428:11
@!!status:proved
@!!prover:smt
@!!meth:time-limit: 5; time-used: 0.2 (4%)
@!!already:false
@!!obl:
ASSUME NEW CONSTANT R,
       NEW CONSTANT S,
       IsWellFoundedOn(R, S) ,
       NEW CONSTANT T \in SUBSET S,
       T # {} ,
       NEW CONSTANT x \in T
                          \cup {j \in S :
                                  \E i, k \in T :
                                     /\ <<i, j>>
                                        \in TransitiveClosureOn(R, S)
                                     /\ <<j, k>>
                                        \in TransitiveClosureOn(R, S)},
       NEW CONSTANT i \in T,
       NEW CONSTANT k \in T,
       NEW CONSTANT j \in S,
       /\ <<j, x>> \in R
       /\ i = j \/ <<i, j>> \in TransitiveClosureOn(R, S) ,
       ASSUME <<i, j>> \in TransitiveClosureOn(R, S) 
       PROVE  j
              \in T
                  \cup {j_1 \in S :
                          \E i_1, k_1 \in T :
                             /\ <<i_1, j_1>> \in TransitiveClosureOn(R, S)
                             /\ <<j_1, k_1>> \in TransitiveClosureOn(R, S)} 
PROVE  j
       \in T
           \cup {j_1 \in S :
                   \E i_1, k_1 \in T :
                      /\ <<i_1, j_1>> \in TransitiveClosureOn(R, S)
                      /\ <<j_1, k_1>> \in TransitiveClosureOn(R, S)}

@!!END

@!!BEGIN
@!!type:obligation
@!!id:87
@!!loc:256:5:256:7
@!!status:proved
@!!prover:isabelle
@!!meth:auto; time-limit: 30; time-used: 5.7 (19%)
@!!already:false
@!!obl:
ASSUME NEW CONSTANT Def(_, _),
       NEW CONSTANT R,
       NEW CONSTANT S,
       NEW CONSTANT f,
       IsWellFoundedOn(R, S) ,
       IsTransitivelyClosedOn(R, S) ,
       WFDefOn(R, S, Def) ,
       OpDefinesFcn(f, S, Def) ,
       ASSUME NEW CONSTANT x \in S,
              \A y \in SetLessThan(x, R, S) : ff[y] = Def(ff, y) 
       PROVE  ff[x] = Def(ff, x) ,
       ASSUME NEW CONSTANT P(_),
              NEW CONSTANT R_1,
              NEW CONSTANT S_1,
              IsWellFoundedOn(R_1, S_1) ,
              \A x \in S_1 :
                 (\A y \in SetLessThan(x, R_1, S_1) : P(y)) => P(x) 
       PROVE  \A x \in S_1 : P(x) ,
       TRUE 
PROVE  \A x \in S : ff[x] = Def(ff, x)

@!!END

@!!BEGIN
@!!type:obligation
@!!id:81
@!!loc:245:3:245:5
@!!status:proved
@!!prover:isabelle
@!!meth:auto; time-limit: 30; time-used: 5.7 (19%)
@!!already:false
@!!obl:
ASSUME NEW CONSTANT Def(_, _),
       NEW CONSTANT R,
       NEW CONSTANT S,
       NEW CONSTANT f,
       IsWellFoundedOn(R, S) ,
       \A i, j, k \in S : <<i, j>> \in R /\ <<j, k>> \in R => <<i, k>> \in R ,
       WFDefOn(R, S, Def) ,
       OpDefinesFcn(f, S, Def) ,
       NEW CONSTANT x \in S,
       TRUE 
PROVE  /\ {x} \cup {y \in S : <<y, x>> \in R}
          = {x}
            \cup (UNION {{y} \cup {y_1 \in S : <<y_1, y>> \in R} :
                           y \in {y \in S : <<y, x>> \in R}})
       /\ x \in {x} \cup {y \in S : <<y, x>> \in R}
          /\ {y \in S : <<y, x>> \in R}
             \subseteq {x} \cup {y \in S : <<y, x>> \in R}
       /\ \A y \in {x} \cup {y \in S : <<y, x>> \in R} :
             {y_1 \in S : <<y_1, y>> \in R}
             \subseteq {x} \cup {y_1 \in S : <<y_1, x>> \in R}
       /\ \A y \in {x} \cup {y \in S : <<y, x>> \in R} :
             {y} \cup {y_1 \in S : <<y_1, y>> \in R}
             \subseteq {x} \cup {y_1 \in S : <<y_1, x>> \in R}
       /\ {x} \cup {y \in S : <<y, x>> \in R} \subseteq S

@!!END

@!!BEGIN
@!!type:obligation
@!!id:65
@!!loc:229:3:229:5
@!!status:proved
@!!prover:isabelle
@!!meth:auto; time-limit: 30; time-used: 5.8 (19%)
@!!already:false
@!!obl:
ASSUME NEW CONSTANT Def(_, _),
       NEW CONSTANT R,
       NEW CONSTANT S,
       IsWellFoundedOn(R, S) ,
       WFDefOn(R, S, Def) ,
       NEW CONSTANT g,
       NEW CONSTANT h,
       ASSUME NEW CONSTANT x \in S,
              \A y \in SetLessThan(x, R, S) : g[y] = h[y] 
       PROVE  g[x] = h[x] ,
       ASSUME NEW CONSTANT P(_),
              NEW CONSTANT R_1,
              NEW CONSTANT S_1,
              IsWellFoundedOn(R_1, S_1) ,
              \A x \in S_1 :
                 (\A y \in SetLessThan(x, R_1, S_1) : P(y)) => P(x) 
       PROVE  \A x \in S_1 : P(x) ,
       TRUE 
PROVE  \A x \in S : g[x] = h[x]

@!!END

@!!BEGIN
@!!type:obligation
@!!id:215
@!!loc:437:8:437:12
@!!status:trivial
@!!prover:tlapm
@!!already:false
@!!obl:ASSUME NEW CONSTANT R,
       NEW CONSTANT S,
       IsWellFoundedOn(R, S) ,
       NEW CONSTANT T \in SUBSET S,
       T # {} ,
       NEW CONSTANT x \in T
                          \cup {j \in S :
                                  \E i, k \in T :
                                     /\ <<i, j>>
                                        \in TransitiveClosureOn(R, S)
                                     /\ <<j, k>>
                                        \in TransitiveClosureOn(R, S)},
       NEW CONSTANT y \in T,
       <<y, x>> \in TransitiveClosureOn(R, S) 
PROVE  <<y, x>> \in TransitiveClosureOn(R, S)

@!!END

@!!BEGIN
@!!type:obligation
@!!id:216
@!!loc:437:14:437:39
@!!status:trivial
@!!prover:tlapm
@!!already:false
@!!obl:ASSUME ASSUME NEW CONSTANT R,
              NEW CONSTANT S,
              NEW CONSTANT i \in S,
              NEW CONSTANT k \in S,
              <<i, k>> \in TransitiveClosureOn(R, S) 
       PROVE  \E j \in S :
                 /\ <<j, k>> \in R
                 /\ i = j \/ <<i, j>> \in TransitiveClosureOn(R, S) ,
       NEW CONSTANT R,
       NEW CONSTANT S,
       IsWellFoundedOn(R, S) ,
       NEW CONSTANT T \in SUBSET S,
       T # {} ,
       NEW CONSTANT x \in T
                          \cup {j \in S :
                                  \E i, k \in T :
                                     /\ <<i, j>>
                                        \in TransitiveClosureOn(R, S)
                                     /\ <<j, k>>
                                        \in TransitiveClosureOn(R, S)},
       NEW CONSTANT y \in T,
       <<y, x>> \in TransitiveClosureOn(R, S) 
PROVE  ASSUME NEW CONSTANT R_1,
              NEW CONSTANT S_1,
              NEW CONSTANT i \in S_1,
              NEW CONSTANT k \in S_1,
              <<i, k>> \in TransitiveClosureOn(R_1, S_1) 
       PROVE  \E j \in S_1 :
                 /\ <<j, k>> \in R_1
                 /\ i = j \/ <<i, j>> \in TransitiveClosureOn(R_1, S_1)

@!!END

@!!BEGIN
@!!type:obligation
@!!id:218
@!!loc:442:7:442:9
@!!status:normalized
@!!meth:time-limit: 5
@!!obl:ASSUME NEW CONSTANT R,
       NEW CONSTANT S,
       IsWellFoundedOn(R, S) ,
       NEW CONSTANT T \in SUBSET S,
       T # {} ,
       NEW CONSTANT x \in T
                          \cup {j \in S :
                                  \E i, k \in T :
                                     /\ <<i, j>>
                                        \in TransitiveClosureOn(R, S)
                                     /\ <<j, k>>
                                        \in TransitiveClosureOn(R, S)},
       NEW CONSTANT y \in T,
       NEW CONSTANT j \in S,
       /\ <<j, x>> \in R
       /\ y = j \/ <<y, j>> \in TransitiveClosureOn(R, S) ,
       ASSUME <<y, j>> \in TransitiveClosureOn(R, S) 
       PROVE  j
              \in T
                  \cup {j_1 \in S :
                          \E i, k \in T :
                             /\ <<i, j_1>> \in TransitiveClosureOn(R, S)
                             /\ <<j_1, k>> \in TransitiveClosureOn(R, S)} 
PROVE  j
       \in T
           \cup {j_1 \in S :
                   \E i, k \in T :
                      /\ <<i, j_1>> \in TransitiveClosureOn(R, S)
                      /\ <<j_1, k>> \in TransitiveClosureOn(R, S)}

@!!END

@!!BEGIN
@!!type:obligation
@!!id:219
@!!loc:442:10:442:14
@!!status:trivial
@!!prover:tlapm
@!!already:false
@!!obl:ASSUME NEW CONSTANT R,
       NEW CONSTANT S,
       IsWellFoundedOn(R, S) ,
       NEW CONSTANT T \in SUBSET S,
       T # {} ,
       NEW CONSTANT x \in T
                          \cup {j \in S :
                                  \E i, k \in T :
                                     /\ <<i, j>>
                                        \in TransitiveClosureOn(R, S)
                                     /\ <<j, k>>
                                        \in TransitiveClosureOn(R, S)},
       NEW CONSTANT y \in T,
       NEW CONSTANT j \in S,
       /\ <<j, x>> \in R
       /\ y = j \/ <<y, j>> \in TransitiveClosureOn(R, S) 
PROVE  /\ <<j, x>> \in R
       /\ y = j \/ <<y, j>> \in TransitiveClosureOn(R, S)

@!!END

@!!BEGIN
@!!type:obligation
@!!id:220
@!!loc:442:16:442:20
@!!status:trivial
@!!prover:tlapm
@!!already:false
@!!obl:ASSUME NEW CONSTANT R,
       NEW CONSTANT S,
       IsWellFoundedOn(R, S) ,
       NEW CONSTANT T \in SUBSET S,
       T # {} ,
       NEW CONSTANT x \in T
                          \cup {j \in S :
                                  \E i, k \in T :
                                     /\ <<i, j>>
                                        \in TransitiveClosureOn(R, S)
                                     /\ <<j, k>>
                                        \in TransitiveClosureOn(R, S)},
       NEW CONSTANT y \in T,
       NEW CONSTANT j \in S,
       ASSUME <<y, j>> \in TransitiveClosureOn(R, S) 
       PROVE  j
              \in T
                  \cup {j_1 \in S :
                          \E i, k \in T :
                             /\ <<i, j_1>> \in TransitiveClosureOn(R, S)
                             /\ <<j_1, k>> \in TransitiveClosureOn(R, S)} ,
       /\ <<j, x>> \in R
       /\ y = j \/ <<y, j>> \in TransitiveClosureOn(R, S) 
PROVE  ASSUME <<y, j>> \in TransitiveClosureOn(R, S) 
       PROVE  j
              \in T
                  \cup {j_1 \in S :
                          \E i, k \in T :
                             /\ <<i, j_1>> \in TransitiveClosureOn(R, S)
                             /\ <<j_1, k>> \in TransitiveClosureOn(R, S)}

@!!END

@!!BEGIN
@!!type:obligation
@!!id:221
@!!loc:440:7:440:9
@!!status:normalized
@!!meth:time-limit: 5
@!!obl:ASSUME NEW CONSTANT R,
       NEW CONSTANT S,
       IsWellFoundedOn(R, S) ,
       NEW CONSTANT T \in SUBSET S,
       T # {} ,
       NEW CONSTANT x \in T
                          \cup {j \in S :
                                  \E i, k \in T :
                                     /\ <<i, j>>
                                        \in TransitiveClosureOn(R, S)
                                     /\ <<j, k>>
                                        \in TransitiveClosureOn(R, S)},
       NEW CONSTANT y \in T,
       NEW CONSTANT j \in S,
       x \in T ,
       <<y, j>> \in TransitiveClosureOn(R, S) ,
       /\ <<j, x>> \in R
       /\ y = j \/ <<y, j>> \in TransitiveClosureOn(R, S) ,
       \A R_1, S_1 :
          /\ R_1 \cap S_1 \X S_1 \subseteq TransitiveClosureOn(R_1, S_1)
          /\ IsTransitivelyClosedOn(TransitiveClosureOn(R_1, S_1), S_1) 
PROVE  j
       \in T
           \cup {j_1 \in S :
                   \E i, k \in T :
                      /\ <<i, j_1>> \in TransitiveClosureOn(R, S)
                      /\ <<j_1, k>> \in TransitiveClosureOn(R, S)}

@!!END

@!!BEGIN
@!!type:obligation
@!!id:222
@!!loc:440:10:440:14
@!!status:trivial
@!!prover:tlapm
@!!already:false
@!!obl:ASSUME NEW CONSTANT R,
       NEW CONSTANT S,
       IsWellFoundedOn(R, S) ,
       NEW CONSTANT T \in SUBSET S,
       T # {} ,
       NEW CONSTANT x \in T
                          \cup {j \in S :
                                  \E i, k \in T :
                                     /\ <<i, j>>
                                        \in TransitiveClosureOn(R, S)
                                     /\ <<j, k>>
                                        \in TransitiveClosureOn(R, S)},
       x \in T ,
       NEW CONSTANT y \in T,
       NEW CONSTANT j \in S
PROVE  x \in T

@!!END

@!!BEGIN
@!!type:obligation
@!!id:223
@!!loc:440:16:440:20
@!!status:trivial
@!!prover:tlapm
@!!already:false
@!!obl:ASSUME NEW CONSTANT R,
       NEW CONSTANT S,
       IsWellFoundedOn(R, S) ,
       NEW CONSTANT T \in SUBSET S,
       T # {} ,
       NEW CONSTANT x \in T
                          \cup {j \in S :
                                  \E i, k \in T :
                                     /\ <<i, j>>
                                        \in TransitiveClosureOn(R, S)
                                     /\ <<j, k>>
                                        \in TransitiveClosureOn(R, S)},
       NEW CONSTANT y \in T,
       NEW CONSTANT j \in S,
       <<y, j>> \in TransitiveClosureOn(R, S) ,
       x \in T 
PROVE  <<y, j>> \in TransitiveClosureOn(R, S)

@!!END

@!!BEGIN
@!!type:obligation
@!!id:224
@!!loc:440:22:440:26
@!!status:trivial
@!!prover:tlapm
@!!already:false
@!!obl:ASSUME NEW CONSTANT R,
       NEW CONSTANT S,
       IsWellFoundedOn(R, S) ,
       NEW CONSTANT T \in SUBSET S,
       T # {} ,
       NEW CONSTANT x \in T
                          \cup {j \in S :
                                  \E i, k \in T :
                                     /\ <<i, j>>
                                        \in TransitiveClosureOn(R, S)
                                     /\ <<j, k>>
                                        \in TransitiveClosureOn(R, S)},
       NEW CONSTANT y \in T,
       NEW CONSTANT j \in S,
       /\ <<j, x>> \in R
       /\ y = j \/ <<y, j>> \in TransitiveClosureOn(R, S) ,
       x \in T ,
       <<y, j>> \in TransitiveClosureOn(R, S) 
PROVE  /\ <<j, x>> \in R
       /\ y = j \/ <<y, j>> \in TransitiveClosureOn(R, S)

@!!END

@!!BEGIN
@!!type:obligation
@!!id:225
@!!loc:440:28:440:48
@!!status:trivial
@!!prover:tlapm
@!!already:false
@!!obl:ASSUME \A R, S :
          /\ R \cap S \X S \subseteq TransitiveClosureOn(R, S)
          /\ IsTransitivelyClosedOn(TransitiveClosureOn(R, S), S) ,
       NEW CONSTANT R,
       NEW CONSTANT S,
       IsWellFoundedOn(R, S) ,
       NEW CONSTANT T \in SUBSET S,
       T # {} ,
       NEW CONSTANT x \in T
                          \cup {j \in S :
                                  \E i, k \in T :
                                     /\ <<i, j>>
                                        \in TransitiveClosureOn(R, S)
                                     /\ <<j, k>>
                                        \in TransitiveClosureOn(R, S)},
       NEW CONSTANT y \in T,
       NEW CONSTANT j \in S,
       x \in T ,
       <<y, j>> \in TransitiveClosureOn(R, S) ,
       /\ <<j, x>> \in R
       /\ y = j \/ <<y, j>> \in TransitiveClosureOn(R, S) 
PROVE  \A R_1, S_1 :
          /\ R_1 \cap S_1 \X S_1 \subseteq TransitiveClosureOn(R_1, S_1)
          /\ IsTransitivelyClosedOn(TransitiveClosureOn(R_1, S_1), S_1)

@!!END

@!!BEGIN
@!!type:obligation
@!!id:226
@!!loc:465:2:465:4
@!!status:normalized
@!!meth:time-limit: 5
@!!obl:ASSUME NEW CONSTANT Def(_, _),
       NEW CONSTANT R,
       NEW CONSTANT S,
       NEW CONSTANT f,
       IsWellFoundedOn(R, S) ,
       WFDefOn(R, S, Def) ,
       OpDefinesFcn(f, S, Def) ,
       IsTransitivelyClosedOn(TransitiveClosureOn(R, S), S) ,
       IsWellFoundedOn(TransitiveClosureOn(R, S), S) ,
       WFDefOn(TransitiveClosureOn(R, S), S, Def) ,
       ASSUME NEW CONSTANT Def_1(_, _),
              NEW CONSTANT R_1,
              NEW CONSTANT S_1,
              NEW CONSTANT f_1,
              IsWellFoundedOn(R_1, S_1) ,
              IsTransitivelyClosedOn(R_1, S_1) ,
              WFDefOn(R_1, S_1, Def_1) ,
              OpDefinesFcn(f_1, S_1, Def_1) 
       PROVE  WFInductiveDefines(f_1, S_1, Def_1) 
PROVE  WFInductiveDefines(f, S, Def)

@!!END

@!!BEGIN
@!!type:obligation
@!!id:227
@!!loc:465:5:465:9
@!!status:trivial
@!!prover:tlapm
@!!already:false
@!!obl:ASSUME NEW CONSTANT Def(_, _),
       NEW CONSTANT R,
       NEW CONSTANT S,
       NEW CONSTANT f,
       IsWellFoundedOn(R, S) ,
       WFDefOn(R, S, Def) ,
       OpDefinesFcn(f, S, Def) ,
       IsTransitivelyClosedOn(TransitiveClosureOn(R, S), S) 
PROVE  IsTransitivelyClosedOn(TransitiveClosureOn(R, S), S)

@!!END

@!!BEGIN
@!!type:obligation
@!!id:228
@!!loc:465:11:465:15
@!!status:trivial
@!!prover:tlapm
@!!already:false
@!!obl:ASSUME NEW CONSTANT Def(_, _),
       NEW CONSTANT R,
       NEW CONSTANT S,
       NEW CONSTANT f,
       IsWellFoundedOn(R, S) ,
       WFDefOn(R, S, Def) ,
       OpDefinesFcn(f, S, Def) ,
       IsWellFoundedOn(TransitiveClosureOn(R, S), S) ,
       IsTransitivelyClosedOn(TransitiveClosureOn(R, S), S) 
PROVE  IsWellFoundedOn(TransitiveClosureOn(R, S), S)

@!!END

@!!BEGIN
@!!type:obligation
@!!id:229
@!!loc:465:17:465:21
@!!status:trivial
@!!prover:tlapm
@!!already:false
@!!obl:ASSUME NEW CONSTANT Def(_, _),
       NEW CONSTANT R,
       NEW CONSTANT S,
       NEW CONSTANT f,
       IsWellFoundedOn(R, S) ,
       WFDefOn(R, S, Def) ,
       OpDefinesFcn(f, S, Def) ,
       WFDefOn(TransitiveClosureOn(R, S), S, Def) ,
       IsTransitivelyClosedOn(TransitiveClosureOn(R, S), S) ,
       IsWellFoundedOn(TransitiveClosureOn(R, S), S) 
PROVE  WFDefOn(TransitiveClosureOn(R, S), S, Def)

@!!END

@!!BEGIN
@!!type:obligation
@!!id:230
@!!loc:465:23:465:42
@!!status:trivial
@!!prover:tlapm
@!!already:false
@!!obl:ASSUME ASSUME NEW CONSTANT Def(_, _),
              NEW CONSTANT R,
              NEW CONSTANT S,
              NEW CONSTANT f,
              IsWellFoundedOn(R, S) ,
              IsTransitivelyClosedOn(R, S) ,
              WFDefOn(R, S, Def) ,
              OpDefinesFcn(f, S, Def) 
       PROVE  WFInductiveDefines(f, S, Def) ,
       NEW CONSTANT Def(_, _),
       NEW CONSTANT R,
       NEW CONSTANT S,
       NEW CONSTANT f,
       IsWellFoundedOn(R, S) ,
       WFDefOn(R, S, Def) ,
       OpDefinesFcn(f, S, Def) ,
       IsTransitivelyClosedOn(TransitiveClosureOn(R, S), S) ,
       IsWellFoundedOn(TransitiveClosureOn(R, S), S) ,
       WFDefOn(TransitiveClosureOn(R, S), S, Def) 
PROVE  ASSUME NEW CONSTANT Def_1(_, _),
              NEW CONSTANT R_1,
              NEW CONSTANT S_1,
              NEW CONSTANT f_1,
              IsWellFoundedOn(R_1, S_1) ,
              IsTransitivelyClosedOn(R_1, S_1) ,
              WFDefOn(R_1, S_1, Def_1) ,
              OpDefinesFcn(f_1, S_1, Def_1) 
       PROVE  WFInductiveDefines(f_1, S_1, Def_1)

@!!END

@!!BEGIN
@!!type:obligation
@!!id:231
@!!loc:456:3:456:5
@!!status:normalized
@!!meth:time-limit: 5
@!!obl:ASSUME NEW CONSTANT Def(_, _),
       NEW CONSTANT R,
       NEW CONSTANT S,
       NEW CONSTANT f,
       IsWellFoundedOn(R, S) ,
       WFDefOn(R, S, Def) ,
       OpDefinesFcn(f, S, Def) ,
       \A R_1, S_1 :
          /\ R_1 \cap S_1 \X S_1 \subseteq TransitiveClosureOn(R_1, S_1)
          /\ IsTransitivelyClosedOn(TransitiveClosureOn(R_1, S_1), S_1) 
PROVE  IsTransitivelyClosedOn(TransitiveClosureOn(R, S), S)

@!!END

@!!BEGIN
@!!type:obligation
@!!id:232
@!!loc:456:6:456:26
@!!status:trivial
@!!prover:tlapm
@!!already:false
@!!obl:ASSUME \A R, S :
          /\ R \cap S \X S \subseteq TransitiveClosureOn(R, S)
          /\ IsTransitivelyClosedOn(TransitiveClosureOn(R, S), S) ,
       NEW CONSTANT Def(_, _),
       NEW CONSTANT R,
       NEW CONSTANT S,
       NEW CONSTANT f,
       IsWellFoundedOn(R, S) ,
       WFDefOn(R, S, Def) ,
       OpDefinesFcn(f, S, Def) 
PROVE  \A R_1, S_1 :
          /\ R_1 \cap S_1 \X S_1 \subseteq TransitiveClosureOn(R_1, S_1)
          /\ IsTransitivelyClosedOn(TransitiveClosureOn(R_1, S_1), S_1)

@!!END

@!!BEGIN
@!!type:obligation
@!!id:233
@!!loc:458:3:458:5
@!!status:normalized
@!!meth:time-limit: 5
@!!obl:ASSUME NEW CONSTANT Def(_, _),
       NEW CONSTANT R,
       NEW CONSTANT S,
       NEW CONSTANT f,
       IsWellFoundedOn(R, S) ,
       WFDefOn(R, S, Def) ,
       OpDefinesFcn(f, S, Def) ,
       ASSUME NEW CONSTANT R_1,
              NEW CONSTANT S_1,
              IsWellFoundedOn(R_1, S_1) 
       PROVE  IsWellFoundedOn(TransitiveClosureOn(R_1, S_1), S_1) 
PROVE  IsWellFoundedOn(TransitiveClosureOn(R, S), S)

@!!END

@!!BEGIN
@!!type:obligation
@!!id:234
@!!loc:458:6:458:25
@!!status:trivial
@!!prover:tlapm
@!!already:false
@!!obl:ASSUME ASSUME NEW CONSTANT R,
              NEW CONSTANT S,
              IsWellFoundedOn(R, S) 
       PROVE  IsWellFoundedOn(TransitiveClosureOn(R, S), S) ,
       NEW CONSTANT Def(_, _),
       NEW CONSTANT R,
       NEW CONSTANT S,
       NEW CONSTANT f,
       IsWellFoundedOn(R, S) ,
       WFDefOn(R, S, Def) ,
       OpDefinesFcn(f, S, Def) 
PROVE  ASSUME NEW CONSTANT R_1,
              NEW CONSTANT S_1,
              IsWellFoundedOn(R_1, S_1) 
       PROVE  IsWellFoundedOn(TransitiveClosureOn(R_1, S_1), S_1)

@!!END

@!!BEGIN
@!!type:obligation
@!!id:235
@!!loc:463:5:463:7
@!!status:normalized
@!!meth:time-limit: 10
@!!obl:ASSUME NEW CONSTANT Def(_, _),
       NEW CONSTANT R,
       NEW CONSTANT S,
       NEW CONSTANT f,
       IsWellFoundedOn(R, S) ,
       \A g, h :
          \A x \in S :
             (\A y \in SetLessThan(x, R, S) : g[y] = h[y])
             => Def(g, x) = Def(h, x) ,
       OpDefinesFcn(f, S, Def) ,
       \A x \in S :
          SetLessThan(x, R, S)
          \subseteq SetLessThan(x, TransitiveClosureOn(R, S), S) ,
       TRUE 
PROVE  \A g, h :
          \A x \in S :
             (\A y \in SetLessThan(x, TransitiveClosureOn(R, S), S) :
                 g[y] = h[y])
             => Def(g, x) = Def(h, x)

@!!END

@!!BEGIN
@!!type:obligation
@!!id:231
@!!loc:456:3:456:5
@!!status:proved
@!!prover:smt
@!!meth:time-limit: 5; time-used: 0.0 (1%)
@!!already:false
@!!obl:
ASSUME NEW CONSTANT Def(_, _),
       NEW CONSTANT R,
       NEW CONSTANT S,
       NEW CONSTANT f,
       IsWellFoundedOn(R, S) ,
       WFDefOn(R, S, Def) ,
       OpDefinesFcn(f, S, Def) ,
       \A R_1, S_1 :
          /\ R_1 \cap S_1 \X S_1 \subseteq TransitiveClosureOn(R_1, S_1)
          /\ IsTransitivelyClosedOn(TransitiveClosureOn(R_1, S_1), S_1) 
PROVE  IsTransitivelyClosedOn(TransitiveClosureOn(R, S), S)

@!!END

@!!BEGIN
@!!type:obligation
@!!id:226
@!!loc:465:2:465:4
@!!status:failed
@!!prover:smt
@!!meth:time-limit: 5; time-used: 0.1 (2%)
@!!reason:false
@!!already:false
@!!obl:
(* SMT failed with status = sat
 *)
ASSUME NEW CONSTANT Def(_, _),
       NEW CONSTANT R,
       NEW CONSTANT S,
       NEW CONSTANT f,
       IsWellFoundedOn(R, S) ,
       WFDefOn(R, S, Def) ,
       OpDefinesFcn(f, S, Def) ,
       IsTransitivelyClosedOn(TransitiveClosureOn(R, S), S) ,
       IsWellFoundedOn(TransitiveClosureOn(R, S), S) ,
       WFDefOn(TransitiveClosureOn(R, S), S, Def) ,
       ASSUME NEW CONSTANT Def_1(_, _),
              NEW CONSTANT R_1,
              NEW CONSTANT S_1,
              NEW CONSTANT f_1,
              IsWellFoundedOn(R_1, S_1) ,
              IsTransitivelyClosedOn(R_1, S_1) ,
              WFDefOn(R_1, S_1, Def_1) ,
              OpDefinesFcn(f_1, S_1, Def_1) 
       PROVE  WFInductiveDefines(f_1, S_1, Def_1) 
PROVE  WFInductiveDefines(f, S, Def)

@!!END

@!!BEGIN
@!!type:obligation
@!!id:221
@!!loc:440:7:440:9
@!!status:proved
@!!prover:smt
@!!meth:time-limit: 5; time-used: 0.1 (3%)
@!!already:false
@!!obl:
ASSUME NEW CONSTANT R,
       NEW CONSTANT S,
       IsWellFoundedOn(R, S) ,
       NEW CONSTANT T \in SUBSET S,
       T # {} ,
       NEW CONSTANT x \in T
                          \cup {j \in S :
                                  \E i, k \in T :
                                     /\ <<i, j>>
                                        \in TransitiveClosureOn(R, S)
                                     /\ <<j, k>>
                                        \in TransitiveClosureOn(R, S)},
       NEW CONSTANT y \in T,
       NEW CONSTANT j \in S,
       x \in T ,
       <<y, j>> \in TransitiveClosureOn(R, S) ,
       /\ <<j, x>> \in R
       /\ y = j \/ <<y, j>> \in TransitiveClosureOn(R, S) ,
       \A R_1, S_1 :
          /\ R_1 \cap S_1 \X S_1 \subseteq TransitiveClosureOn(R_1, S_1)
          /\ IsTransitivelyClosedOn(TransitiveClosureOn(R_1, S_1), S_1) 
PROVE  j
       \in T
           \cup {j_1 \in S :
                   \E i, k \in T :
                      /\ <<i, j_1>> \in TransitiveClosureOn(R, S)
                      /\ <<j_1, k>> \in TransitiveClosureOn(R, S)}

@!!END

@!!BEGIN
@!!type:obligation
@!!id:218
@!!loc:442:7:442:9
@!!status:proved
@!!prover:smt
@!!meth:time-limit: 5; time-used: 0.2 (3%)
@!!already:false
@!!obl:
ASSUME NEW CONSTANT R,
       NEW CONSTANT S,
       IsWellFoundedOn(R, S) ,
       NEW CONSTANT T \in SUBSET S,
       T # {} ,
       NEW CONSTANT x \in T
                          \cup {j \in S :
                                  \E i, k \in T :
                                     /\ <<i, j>>
                                        \in TransitiveClosureOn(R, S)
                                     /\ <<j, k>>
                                        \in TransitiveClosureOn(R, S)},
       NEW CONSTANT y \in T,
       NEW CONSTANT j \in S,
       /\ <<j, x>> \in R
       /\ y = j \/ <<y, j>> \in TransitiveClosureOn(R, S) ,
       ASSUME <<y, j>> \in TransitiveClosureOn(R, S) 
       PROVE  j
              \in T
                  \cup {j_1 \in S :
                          \E i, k \in T :
                             /\ <<i, j_1>> \in TransitiveClosureOn(R, S)
                             /\ <<j_1, k>> \in TransitiveClosureOn(R, S)} 
PROVE  j
       \in T
           \cup {j_1 \in S :
                   \E i, k \in T :
                      /\ <<i, j_1>> \in TransitiveClosureOn(R, S)
                      /\ <<j_1, k>> \in TransitiveClosureOn(R, S)}

@!!END

@!!BEGIN
@!!type:obligation
@!!id:214
@!!loc:437:5:437:7
@!!status:proved
@!!prover:smt
@!!meth:time-limit: 5; time-used: 0.2 (5%)
@!!already:false
@!!obl:
ASSUME NEW CONSTANT R,
       NEW CONSTANT S,
       IsWellFoundedOn(R, S) ,
       NEW CONSTANT T \in SUBSET S,
       T # {} ,
       NEW CONSTANT x \in T
                          \cup {j \in S :
                                  \E i, k \in T :
                                     /\ <<i, j>>
                                        \in TransitiveClosureOn(R, S)
                                     /\ <<j, k>>
                                        \in TransitiveClosureOn(R, S)},
       NEW CONSTANT y \in T,
       <<y, x>> \in TransitiveClosureOn(R, S) ,
       ASSUME NEW CONSTANT R_1,
              NEW CONSTANT S_1,
              NEW CONSTANT i \in S_1,
              NEW CONSTANT k \in S_1,
              <<i, k>> \in TransitiveClosureOn(R_1, S_1) 
       PROVE  \E j \in S_1 :
                 /\ <<j, k>> \in R_1
                 /\ i = j \/ <<i, j>> \in TransitiveClosureOn(R_1, S_1) 
PROVE  \E j \in S :
          /\ <<j, x>> \in R
          /\ y = j \/ <<y, j>> \in TransitiveClosureOn(R, S)

@!!END

@!!BEGIN
@!!type:obligation
@!!id:226
@!!loc:465:2:465:4
@!!status:normalized
@!!meth:time-limit: 10
@!!obl:ASSUME NEW CONSTANT Def(_, _),
       NEW CONSTANT R,
       NEW CONSTANT S,
       NEW CONSTANT f,
       IsWellFoundedOn(R, S) ,
       WFDefOn(R, S, Def) ,
       OpDefinesFcn(f, S, Def) ,
       IsTransitivelyClosedOn(TransitiveClosureOn(R, S), S) ,
       IsWellFoundedOn(TransitiveClosureOn(R, S), S) ,
       WFDefOn(TransitiveClosureOn(R, S), S, Def) ,
       ASSUME NEW CONSTANT Def_1(_, _),
              NEW CONSTANT R_1,
              NEW CONSTANT S_1,
              NEW CONSTANT f_1,
              IsWellFoundedOn(R_1, S_1) ,
              IsTransitivelyClosedOn(R_1, S_1) ,
              WFDefOn(R_1, S_1, Def_1) ,
              OpDefinesFcn(f_1, S_1, Def_1) 
       PROVE  WFInductiveDefines(f_1, S_1, Def_1) 
PROVE  WFInductiveDefines(f, S, Def)

@!!END

@!!BEGIN
@!!type:obligation
@!!id:236
@!!loc:463:8:463:12
@!!status:trivial
@!!prover:tlapm
@!!already:false
@!!obl:ASSUME NEW CONSTANT Def(_, _),
       NEW CONSTANT R,
       NEW CONSTANT S,
       NEW CONSTANT f,
       IsWellFoundedOn(R, S) ,
       \A g, h :
          \A x \in S :
             (\A y \in SetLessThan(x, R, S) : g[y] = h[y])
             => Def(g, x) = Def(h, x) ,
       OpDefinesFcn(f, S, Def) ,
       \A x \in S :
          SetLessThan(x, R, S)
          \subseteq SetLessThan(x, TransitiveClosureOn(R, S), S) 
PROVE  \A x \in S :
          SetLessThan(x, R, S)
          \subseteq SetLessThan(x, TransitiveClosureOn(R, S), S)

@!!END

@!!BEGIN
@!!type:obligation
@!!id:237
@!!loc:463:14:463:19
@!!status:trivial
@!!prover:tlapm
@!!already:false
@!!obl:ASSUME NEW CONSTANT Def(_, _),
       NEW CONSTANT R,
       NEW CONSTANT S,
       NEW CONSTANT f,
       IsWellFoundedOn(R, S) ,
       \A g, h :
          \A x \in S :
             (\A y \in SetLessThan(x, R, S) : g[y] = h[y])
             => Def(g, x) = Def(h, x) ,
       OpDefinesFcn(f, S, Def) ,
       \A x \in S :
          SetLessThan(x, R, S)
          \subseteq SetLessThan(x, TransitiveClosureOn(R, S), S) 
PROVE  TRUE

@!!END

@!!BEGIN
@!!type:obligation
@!!id:238
@!!loc:461:5:461:7
@!!status:normalized
@!!meth:time-limit: 5
@!!obl:ASSUME NEW CONSTANT Def(_, _),
       NEW CONSTANT R,
       NEW CONSTANT S,
       NEW CONSTANT f,
       IsWellFoundedOn(R, S) ,
       WFDefOn(R, S, Def) ,
       OpDefinesFcn(f, S, Def) ,
       \A R_1, S_1 :
          /\ R_1 \cap S_1 \X S_1 \subseteq TransitiveClosureOn(R_1, S_1)
          /\ IsTransitivelyClosedOn(TransitiveClosureOn(R_1, S_1), S_1) 
PROVE  \A x \in S :
          {y \in S : <<y, x>> \in R}
          \subseteq {y \in S : <<y, x>> \in TransitiveClosureOn(R, S)}

@!!END

@!!BEGIN
@!!type:obligation
@!!id:239
@!!loc:461:8:461:28
@!!status:trivial
@!!prover:tlapm
@!!already:false
@!!obl:ASSUME \A R, S :
          /\ R \cap S \X S \subseteq TransitiveClosureOn(R, S)
          /\ IsTransitivelyClosedOn(TransitiveClosureOn(R, S), S) ,
       NEW CONSTANT Def(_, _),
       NEW CONSTANT R,
       NEW CONSTANT S,
       NEW CONSTANT f,
       IsWellFoundedOn(R, S) ,
       WFDefOn(R, S, Def) ,
       OpDefinesFcn(f, S, Def) 
PROVE  \A R_1, S_1 :
          /\ R_1 \cap S_1 \X S_1 \subseteq TransitiveClosureOn(R_1, S_1)
          /\ IsTransitivelyClosedOn(TransitiveClosureOn(R_1, S_1), S_1)

@!!END

@!!BEGIN
@!!type:obligation
@!!id:240
@!!loc:499:3:499:5
@!!status:normalized
@!!meth:time-limit: 5
@!!obl:ASSUME NEW CONSTANT Def(_, _),
       NEW CONSTANT f,
       NEW CONSTANT R,
       NEW CONSTANT S,
       NEW CONSTANT T,
       T # {} ,
       IsWellFoundedOn(R, S) ,
       WFDefOn(R, S, Def) ,
       f = [x \in S |-> Def(f, x)] ,
       \A g \in [S -> T], s \in S : Def(g, s) \in T ,
       \A s \in S : f[s] \in T 
PROVE  f \in [S -> T]

@!!END

@!!BEGIN
@!!type:obligation
@!!id:241
@!!loc:499:6:499:10
@!!status:trivial
@!!prover:tlapm
@!!already:false
@!!obl:ASSUME NEW CONSTANT Def(_, _),
       NEW CONSTANT f,
       NEW CONSTANT R,
       NEW CONSTANT S,
       NEW CONSTANT T,
       T # {} ,
       IsWellFoundedOn(R, S) ,
       WFDefOn(R, S, Def) ,
       f = [x \in S |-> Def(f, x)] ,
       \A g \in [S -> T], s \in S : Def(g, s) \in T ,
       \A s \in S : f[s] \in T 
PROVE  \A s \in S : f[s] \in T

@!!END

@!!BEGIN
@!!type:obligation
@!!id:242
@!!loc:497:5:497:7
@!!status:normalized
@!!meth:time-limit: 5
@!!obl:ASSUME NEW CONSTANT Def(_, _),
       NEW CONSTANT f,
       NEW CONSTANT R,
       NEW CONSTANT S,
       NEW CONSTANT T,
       T # {} ,
       IsWellFoundedOn(R, S) ,
       \A g, h :
          \A x \in S :
             (\A y \in SetLessThan(x, R, S) : g[y] = h[y])
             => Def(g, x) = Def(h, x) ,
       f = [x \in S |-> Def(f, x)] ,
       \A g \in [S -> T], s \in S : Def(g, s) \in T ,
       NEW CONSTANT s \in S,
       NEW CONSTANT t0,
       /\ [x \in S |-> IF x \in SetLessThan(s, R, S) THEN f[x] ELSE t0]
          \in [S -> T]
       /\ \A x \in SetLessThan(s, R, S) :
             [x_1 \in S |->
                IF x_1 \in SetLessThan(s, R, S) THEN f[x_1] ELSE t0][x]
             = f[x] ,
       Def(f, s)
       = Def([x \in S |-> IF x \in SetLessThan(s, R, S) THEN f[x] ELSE t0],
             s) 
PROVE  f[s] \in T

@!!END

@!!BEGIN
@!!type:obligation
@!!id:243
@!!loc:497:8:497:12
@!!status:trivial
@!!prover:tlapm
@!!already:false
@!!obl:ASSUME NEW CONSTANT Def(_, _),
       NEW CONSTANT f,
       NEW CONSTANT R,
       NEW CONSTANT S,
       NEW CONSTANT T,
       T # {} ,
       IsWellFoundedOn(R, S) ,
       \A g, h :
          \A x \in S :
             (\A y \in SetLessThan(x, R, S) : g[y] = h[y])
             => Def(g, x) = Def(h, x) ,
       f = [x \in S |-> Def(f, x)] ,
       \A g \in [S -> T], s \in S : Def(g, s) \in T ,
       NEW CONSTANT s \in S,
       NEW CONSTANT t0,
       /\ [x \in S |-> IF x \in SetLessThan(s, R, S) THEN f[x] ELSE t0]
          \in [S -> T]
       /\ \A x \in SetLessThan(s, R, S) :
             [x_1 \in S |->
                IF x_1 \in SetLessThan(s, R, S) THEN f[x_1] ELSE t0][x]
             = f[x] 
PROVE  /\ [x \in S |-> IF x \in SetLessThan(s, R, S) THEN f[x] ELSE t0]
          \in [S -> T]
       /\ \A x \in SetLessThan(s, R, S) :
             [x_1 \in S |->
                IF x_1 \in SetLessThan(s, R, S) THEN f[x_1] ELSE t0][x]
             = f[x]

@!!END

@!!BEGIN
@!!type:obligation
@!!id:244
@!!loc:497:14:497:18
@!!status:trivial
@!!prover:tlapm
@!!already:false
@!!obl:ASSUME NEW CONSTANT Def(_, _),
       NEW CONSTANT f,
       NEW CONSTANT R,
       NEW CONSTANT S,
       NEW CONSTANT T,
       T # {} ,
       IsWellFoundedOn(R, S) ,
       \A g, h :
          \A x \in S :
             (\A y \in SetLessThan(x, R, S) : g[y] = h[y])
             => Def(g, x) = Def(h, x) ,
       f = [x \in S |-> Def(f, x)] ,
       \A g \in [S -> T], s \in S : Def(g, s) \in T ,
       NEW CONSTANT s \in S,
       NEW CONSTANT t0,
       Def(f, s)
       = Def([x \in S |-> IF x \in SetLessThan(s, R, S) THEN f[x] ELSE t0],
             s) ,
       /\ [x \in S |-> IF x \in SetLessThan(s, R, S) THEN f[x] ELSE t0]
          \in [S -> T]
       /\ \A x \in SetLessThan(s, R, S) :
             [x_1 \in S |->
                IF x_1 \in SetLessThan(s, R, S) THEN f[x_1] ELSE t0][x]
             = f[x] 
PROVE  Def(f, s)
       = Def([x \in S |-> IF x \in SetLessThan(s, R, S) THEN f[x] ELSE t0],
             s)

@!!END

@!!BEGIN
@!!type:obligation
@!!id:245
@!!loc:484:5:484:7
@!!status:normalized
@!!meth:time-limit: 30
@!!obl:ASSUME NEW CONSTANT Def(_, _),
       NEW CONSTANT f,
       NEW CONSTANT R,
       NEW CONSTANT S,
       NEW CONSTANT T,
       ASSUME NEW CONSTANT s \in S,
              \A x \in SetLessThan(s, R, S) : f[x] \in T 
       PROVE  f[s] \in T ,
       IsWellFoundedOn(R, S) ,
       ASSUME NEW CONSTANT P(_),
              NEW CONSTANT R_1,
              NEW CONSTANT S_1,
              IsWellFoundedOn(R_1, S_1) ,
              \A x \in S_1 :
                 (\A y \in SetLessThan(x, R_1, S_1) : P(y)) => P(x) 
       PROVE  \A x \in S_1 : P(x) ,
       TRUE 
PROVE  \A s \in S : f[s] \in T

@!!END

@!!BEGIN
@!!type:obligation
@!!id:240
@!!loc:499:3:499:5
@!!status:proved
@!!prover:smt
@!!meth:time-limit: 5; time-used: 0.2 (5%)
@!!already:false
@!!obl:
ASSUME NEW CONSTANT Def(_, _),
       NEW CONSTANT f,
       NEW CONSTANT R,
       NEW CONSTANT S,
       NEW CONSTANT T,
       T # {} ,
       IsWellFoundedOn(R, S) ,
       WFDefOn(R, S, Def) ,
       f = [x \in S |-> Def(f, x)] ,
       \A g \in [S -> T], s \in S : Def(g, s) \in T ,
       \A s \in S : f[s] \in T 
PROVE  f \in [S -> T]

@!!END

@!!BEGIN
@!!type:obligation
@!!id:238
@!!loc:461:5:461:7
@!!status:proved
@!!prover:smt
@!!meth:time-limit: 5; time-used: 0.4 (7%)
@!!already:false
@!!obl:
ASSUME NEW CONSTANT Def(_, _),
       NEW CONSTANT R,
       NEW CONSTANT S,
       NEW CONSTANT f,
       IsWellFoundedOn(R, S) ,
       WFDefOn(R, S, Def) ,
       OpDefinesFcn(f, S, Def) ,
       \A R_1, S_1 :
          /\ R_1 \cap S_1 \X S_1 \subseteq TransitiveClosureOn(R_1, S_1)
          /\ IsTransitivelyClosedOn(TransitiveClosureOn(R_1, S_1), S_1) 
PROVE  \A x \in S :
          {y \in S : <<y, x>> \in R}
          \subseteq {y \in S : <<y, x>> \in TransitiveClosureOn(R, S)}

@!!END

@!!BEGIN
@!!type:obligation
@!!id:226
@!!loc:465:2:465:4
@!!status:proved
@!!prover:zenon
@!!meth:time-limit: 10; time-used: 0.5 (5%)
@!!already:false
@!!obl:
ASSUME NEW CONSTANT Def(_, _),
       NEW CONSTANT R,
       NEW CONSTANT S,
       NEW CONSTANT f,
       IsWellFoundedOn(R, S) ,
       WFDefOn(R, S, Def) ,
       OpDefinesFcn(f, S, Def) ,
       IsTransitivelyClosedOn(TransitiveClosureOn(R, S), S) ,
       IsWellFoundedOn(TransitiveClosureOn(R, S), S) ,
       WFDefOn(TransitiveClosureOn(R, S), S, Def) ,
       ASSUME NEW CONSTANT Def_1(_, _),
              NEW CONSTANT R_1,
              NEW CONSTANT S_1,
              NEW CONSTANT f_1,
              IsWellFoundedOn(R_1, S_1) ,
              IsTransitivelyClosedOn(R_1, S_1) ,
              WFDefOn(R_1, S_1, Def_1) ,
              OpDefinesFcn(f_1, S_1, Def_1) 
       PROVE  WFInductiveDefines(f_1, S_1, Def_1) 
PROVE  WFInductiveDefines(f, S, Def)

@!!END

@!!BEGIN
@!!type:obligation
@!!id:233
@!!loc:458:3:458:5
@!!status:proved
@!!prover:smt
@!!meth:time-limit: 5; time-used: 0.6 (11%)
@!!already:false
@!!obl:
ASSUME NEW CONSTANT Def(_, _),
       NEW CONSTANT R,
       NEW CONSTANT S,
       NEW CONSTANT f,
       IsWellFoundedOn(R, S) ,
       WFDefOn(R, S, Def) ,
       OpDefinesFcn(f, S, Def) ,
       ASSUME NEW CONSTANT R_1,
              NEW CONSTANT S_1,
              IsWellFoundedOn(R_1, S_1) 
       PROVE  IsWellFoundedOn(TransitiveClosureOn(R_1, S_1), S_1) 
PROVE  IsWellFoundedOn(TransitiveClosureOn(R, S), S)

@!!END

@!!BEGIN
@!!type:obligation
@!!id:246
@!!loc:484:13:484:17
@!!status:trivial
@!!prover:tlapm
@!!already:false
@!!obl:ASSUME NEW CONSTANT Def(_, _),
       NEW CONSTANT f,
       NEW CONSTANT R,
       NEW CONSTANT S,
       NEW CONSTANT T,
       T # {} ,
       IsWellFoundedOn(R, S) ,
       WFDefOn(R, S, Def) ,
       WFInductiveDefines(f, S, Def) ,
       \A g \in [S -> T], s \in S : Def(g, s) \in T ,
       ASSUME NEW CONSTANT s \in S,
              \A x \in SetLessThan(s, R, S) : f[x] \in T 
       PROVE  f[s] \in T 
PROVE  ASSUME NEW CONSTANT s \in S,
              \A x \in SetLessThan(s, R, S) : f[x] \in T 
       PROVE  f[s] \in T

@!!END

@!!BEGIN
@!!type:obligation
@!!id:247
@!!loc:484:19:484:40
@!!status:trivial
@!!prover:tlapm
@!!already:false
@!!obl:ASSUME NEW CONSTANT Def(_, _),
       NEW CONSTANT f,
       NEW CONSTANT R,
       NEW CONSTANT S,
       NEW CONSTANT T,
       T # {} ,
       IsWellFoundedOn(R, S) ,
       WFDefOn(R, S, Def) ,
       WFInductiveDefines(f, S, Def) ,
       \A g \in [S -> T], s \in S : Def(g, s) \in T ,
       ASSUME NEW CONSTANT s \in S,
              \A x \in SetLessThan(s, R, S) : f[x] \in T 
       PROVE  f[s] \in T ,
       ASSUME NEW CONSTANT s \in S,
              \A x \in SetLessThan(s, R, S) : f[x] \in T 
       PROVE  f[s] \in T 
PROVE  IsWellFoundedOn(R, S)

@!!END

@!!BEGIN
@!!type:obligation
@!!id:248
@!!loc:484:42:484:53
@!!status:trivial
@!!prover:tlapm
@!!already:false
@!!obl:ASSUME ASSUME NEW CONSTANT P(_),
              NEW CONSTANT R,
              NEW CONSTANT S,
              IsWellFoundedOn(R, S) ,
              \A x \in S : (\A y \in SetLessThan(x, R, S) : P(y)) => P(x) 
       PROVE  \A x \in S : P(x) ,
       NEW CONSTANT Def(_, _),
       NEW CONSTANT f,
       NEW CONSTANT R,
       NEW CONSTANT S,
       NEW CONSTANT T,
       T # {} ,
       IsWellFoundedOn(R, S) ,
       WFDefOn(R, S, Def) ,
       WFInductiveDefines(f, S, Def) ,
       \A g \in [S -> T], s \in S : Def(g, s) \in T ,
       ASSUME NEW CONSTANT s \in S,
              \A x \in SetLessThan(s, R, S) : f[x] \in T 
       PROVE  f[s] \in T ,
       ASSUME NEW CONSTANT s \in S,
              \A x \in SetLessThan(s, R, S) : f[x] \in T 
       PROVE  f[s] \in T ,
       IsWellFoundedOn(R, S) 
PROVE  ASSUME NEW CONSTANT P(_),
              NEW CONSTANT R_1,
              NEW CONSTANT S_1,
              IsWellFoundedOn(R_1, S_1) ,
              \A x \in S_1 :
                 (\A y \in SetLessThan(x, R_1, S_1) : P(y)) => P(x) 
       PROVE  \A x \in S_1 : P(x)

@!!END

@!!BEGIN
@!!type:obligation
@!!id:249
@!!loc:484:55:484:67
@!!status:trivial
@!!prover:tlapm
@!!already:false
@!!obl:ASSUME NEW CONSTANT Def(_, _),
       NEW CONSTANT f,
       NEW CONSTANT R,
       NEW CONSTANT S,
       NEW CONSTANT T,
       T # {} ,
       IsWellFoundedOn(R, S) ,
       WFDefOn(R, S, Def) ,
       WFInductiveDefines(f, S, Def) ,
       \A g \in [S -> T], s \in S : Def(g, s) \in T ,
       ASSUME NEW CONSTANT s \in S,
              \A x \in SetLessThan(s, R, S) : f[x] \in T 
       PROVE  f[s] \in T ,
       ASSUME NEW CONSTANT s \in S,
              \A x \in SetLessThan(s, R, S) : f[x] \in T 
       PROVE  f[s] \in T ,
       IsWellFoundedOn(R, S) ,
       ASSUME NEW CONSTANT P(_),
              NEW CONSTANT R_1,
              NEW CONSTANT S_1,
              IsWellFoundedOn(R_1, S_1) ,
              \A x \in S_1 :
                 (\A y \in SetLessThan(x, R_1, S_1) : P(y)) => P(x) 
       PROVE  \A x \in S_1 : P(x) 
PROVE  TRUE

@!!END

@!!BEGIN
@!!type:obligation
@!!id:250
@!!loc:486:5:486:12
@!!status:normalized
@!!meth:time-limit: 5
@!!obl:ASSUME NEW CONSTANT Def(_, _),
       NEW CONSTANT f,
       NEW CONSTANT R,
       NEW CONSTANT S,
       NEW CONSTANT T,
       T # {} ,
       IsWellFoundedOn(R, S) ,
       WFDefOn(R, S, Def) ,
       WFInductiveDefines(f, S, Def) ,
       \A g \in [S -> T], s \in S : Def(g, s) \in T ,
       NEW CONSTANT s \in S
PROVE  \E t0 : t0 \in T

@!!END

@!!BEGIN
@!!type:obligation
@!!id:252
@!!loc:493:7:493:9
@!!status:normalized
@!!meth:time-limit: 5
@!!obl:ASSUME NEW CONSTANT Def(_, _),
       NEW CONSTANT f,
       NEW CONSTANT R,
       NEW CONSTANT S,
       NEW CONSTANT T,
       T # {} ,
       IsWellFoundedOn(R, S) ,
       WFDefOn(R, S, Def) ,
       WFInductiveDefines(f, S, Def) ,
       \A g \in [S -> T], s \in S : Def(g, s) \in T ,
       NEW CONSTANT s \in S,
       NEW CONSTANT t0,
       SetLessThan(s, R, S) \subseteq S ,
       \A x \in SetLessThan(s, R, S) : f[x] \in T ,
       t0 \in T 
PROVE  /\ [x \in S |-> IF x \in SetLessThan(s, R, S) THEN f[x] ELSE t0]
          \in [S -> T]
       /\ \A x \in SetLessThan(s, R, S) :
             [x_1 \in S |->
                IF x_1 \in SetLessThan(s, R, S) THEN f[x_1] ELSE t0][x]
             = f[x]

@!!END

@!!BEGIN
@!!type:obligation
@!!id:253
@!!loc:493:10:493:14
@!!status:trivial
@!!prover:tlapm
@!!already:false
@!!obl:ASSUME NEW CONSTANT Def(_, _),
       NEW CONSTANT f,
       NEW CONSTANT R,
       NEW CONSTANT S,
       NEW CONSTANT T,
       T # {} ,
       IsWellFoundedOn(R, S) ,
       WFDefOn(R, S, Def) ,
       WFInductiveDefines(f, S, Def) ,
       \A g \in [S -> T], s \in S : Def(g, s) \in T ,
       NEW CONSTANT s \in S,
       \A x \in SetLessThan(s, R, S) : f[x] \in T ,
       NEW CONSTANT t0,
       SetLessThan(s, R, S) \subseteq S 
PROVE  \A x \in SetLessThan(s, R, S) : f[x] \in T

@!!END

@!!BEGIN
@!!type:obligation
@!!id:254
@!!loc:493:16:493:20
@!!status:trivial
@!!prover:tlapm
@!!already:false
@!!obl:ASSUME NEW CONSTANT Def(_, _),
       NEW CONSTANT f,
       NEW CONSTANT R,
       NEW CONSTANT S,
       NEW CONSTANT T,
       T # {} ,
       IsWellFoundedOn(R, S) ,
       WFDefOn(R, S, Def) ,
       WFInductiveDefines(f, S, Def) ,
       \A g \in [S -> T], s \in S : Def(g, s) \in T ,
       NEW CONSTANT s \in S,
       NEW CONSTANT t0,
       t0 \in T ,
       SetLessThan(s, R, S) \subseteq S ,
       \A x \in SetLessThan(s, R, S) : f[x] \in T 
PROVE  t0 \in T

@!!END

@!!BEGIN
@!!type:obligation
@!!id:255
@!!loc:491:7:491:9
@!!status:normalized
@!!meth:time-limit: 5
@!!obl:ASSUME NEW CONSTANT Def(_, _),
       NEW CONSTANT f,
       NEW CONSTANT R,
       NEW CONSTANT S,
       NEW CONSTANT T,
       T # {} ,
       IsWellFoundedOn(R, S) ,
       WFDefOn(R, S, Def) ,
       WFInductiveDefines(f, S, Def) ,
       \A g \in [S -> T], s \in S : Def(g, s) \in T ,
       NEW CONSTANT s \in S,
       NEW CONSTANT t0
PROVE  {y \in S : <<y, s>> \in R} \subseteq S

@!!END

@!!BEGIN
@!!type:obligation
@!!id:256
@!!loc:495:5:495:7
@!!status:normalized
@!!meth:time-limit: 5
@!!obl:ASSUME NEW CONSTANT Def(_, _),
       NEW CONSTANT f,
       NEW CONSTANT R,
       NEW CONSTANT S,
       NEW CONSTANT T,
       T # {} ,
       IsWellFoundedOn(R, S) ,
       \A g, h :
          \A x \in S :
             (\A y \in SetLessThan(x, R, S) : g[y] = h[y])
             => Def(g, x) = Def(h, x) ,
       WFInductiveDefines(f, S, Def) ,
       \A g \in [S -> T], s \in S : Def(g, s) \in T ,
       NEW CONSTANT s \in S,
       NEW CONSTANT t0,
       /\ [x \in S |-> IF x \in SetLessThan(s, R, S) THEN f[x] ELSE t0]
          \in [S -> T]
       /\ \A x \in SetLessThan(s, R, S) :
             [x_1 \in S |->
                IF x_1 \in SetLessThan(s, R, S) THEN f[x_1] ELSE t0][x]
             = f[x] 
PROVE  Def(f, s)
       = Def([x \in S |-> IF x \in SetLessThan(s, R, S) THEN f[x] ELSE t0],
             s)

@!!END

@!!BEGIN
@!!type:obligation
@!!id:252
@!!loc:493:7:493:9
@!!status:proved
@!!prover:smt
@!!meth:time-limit: 5; time-used: 0.2 (3%)
@!!already:false
@!!obl:
ASSUME NEW CONSTANT Def(_, _),
       NEW CONSTANT f,
       NEW CONSTANT R,
       NEW CONSTANT S,
       NEW CONSTANT T,
       T # {} ,
       IsWellFoundedOn(R, S) ,
       WFDefOn(R, S, Def) ,
       WFInductiveDefines(f, S, Def) ,
       \A g \in [S -> T], s \in S : Def(g, s) \in T ,
       NEW CONSTANT s \in S,
       NEW CONSTANT t0,
       SetLessThan(s, R, S) \subseteq S ,
       \A x \in SetLessThan(s, R, S) : f[x] \in T ,
       t0 \in T 
PROVE  /\ [x \in S |-> IF x \in SetLessThan(s, R, S) THEN f[x] ELSE t0]
          \in [S -> T]
       /\ \A x \in SetLessThan(s, R, S) :
             [x_1 \in S |->
                IF x_1 \in SetLessThan(s, R, S) THEN f[x_1] ELSE t0][x]
             = f[x]

@!!END

@!!BEGIN
@!!type:obligation
@!!id:250
@!!loc:486:5:486:12
@!!status:proved
@!!prover:smt
@!!meth:time-limit: 5; time-used: 0.3 (5%)
@!!already:false
@!!obl:
ASSUME NEW CONSTANT Def(_, _),
       NEW CONSTANT f,
       NEW CONSTANT R,
       NEW CONSTANT S,
       NEW CONSTANT T,
       T # {} ,
       IsWellFoundedOn(R, S) ,
       WFDefOn(R, S, Def) ,
       WFInductiveDefines(f, S, Def) ,
       \A g \in [S -> T], s \in S : Def(g, s) \in T ,
       NEW CONSTANT s \in S
PROVE  \E t0 : t0 \in T

@!!END

@!!BEGIN
@!!type:obligation
@!!id:242
@!!loc:497:5:497:7
@!!status:proved
@!!prover:smt
@!!meth:time-limit: 5; time-used: 0.4 (9%)
@!!already:false
@!!obl:
ASSUME NEW CONSTANT Def(_, _),
       NEW CONSTANT f,
       NEW CONSTANT R,
       NEW CONSTANT S,
       NEW CONSTANT T,
       T # {} ,
       IsWellFoundedOn(R, S) ,
       \A g, h :
          \A x \in S :
             (\A y \in SetLessThan(x, R, S) : g[y] = h[y])
             => Def(g, x) = Def(h, x) ,
       f = [x \in S |-> Def(f, x)] ,
       \A g \in [S -> T], s \in S : Def(g, s) \in T ,
       NEW CONSTANT s \in S,
       NEW CONSTANT t0,
       /\ [x \in S |-> IF x \in SetLessThan(s, R, S) THEN f[x] ELSE t0]
          \in [S -> T]
       /\ \A x \in SetLessThan(s, R, S) :
             [x_1 \in S |->
                IF x_1 \in SetLessThan(s, R, S) THEN f[x_1] ELSE t0][x]
             = f[x] ,
       Def(f, s)
       = Def([x \in S |-> IF x \in SetLessThan(s, R, S) THEN f[x] ELSE t0],
             s) 
PROVE  f[s] \in T

@!!END

@!!BEGIN
@!!type:obligation
@!!id:235
@!!loc:463:5:463:7
@!!status:proved
@!!prover:zenon
@!!meth:time-limit: 10; time-used: 0.9 (9%)
@!!already:false
@!!obl:
ASSUME NEW CONSTANT Def(_, _),
       NEW CONSTANT R,
       NEW CONSTANT S,
       NEW CONSTANT f,
       IsWellFoundedOn(R, S) ,
       \A g, h :
          \A x \in S :
             (\A y \in SetLessThan(x, R, S) : g[y] = h[y])
             => Def(g, x) = Def(h, x) ,
       OpDefinesFcn(f, S, Def) ,
       \A x \in S :
          SetLessThan(x, R, S)
          \subseteq SetLessThan(x, TransitiveClosureOn(R, S), S) ,
       TRUE 
PROVE  \A g, h :
          \A x \in S :
             (\A y \in SetLessThan(x, TransitiveClosureOn(R, S), S) :
                 g[y] = h[y])
             => Def(g, x) = Def(h, x)

@!!END

@!!BEGIN
@!!type:obligation
@!!id:257
@!!loc:495:8:495:12
@!!status:trivial
@!!prover:tlapm
@!!already:false
@!!obl:ASSUME NEW CONSTANT Def(_, _),
       NEW CONSTANT f,
       NEW CONSTANT R,
       NEW CONSTANT S,
       NEW CONSTANT T,
       T # {} ,
       IsWellFoundedOn(R, S) ,
       \A g, h :
          \A x \in S :
             (\A y \in SetLessThan(x, R, S) : g[y] = h[y])
             => Def(g, x) = Def(h, x) ,
       WFInductiveDefines(f, S, Def) ,
       \A g \in [S -> T], s \in S : Def(g, s) \in T ,
       NEW CONSTANT s \in S,
       NEW CONSTANT t0,
       /\ [x \in S |-> IF x \in SetLessThan(s, R, S) THEN f[x] ELSE t0]
          \in [S -> T]
       /\ \A x \in SetLessThan(s, R, S) :
             [x_1 \in S |->
                IF x_1 \in SetLessThan(s, R, S) THEN f[x_1] ELSE t0][x]
             = f[x] 
PROVE  /\ [x \in S |-> IF x \in SetLessThan(s, R, S) THEN f[x] ELSE t0]
          \in [S -> T]
       /\ \A x \in SetLessThan(s, R, S) :
             [x_1 \in S |->
                IF x_1 \in SetLessThan(s, R, S) THEN f[x_1] ELSE t0][x]
             = f[x]

@!!END

@!!BEGIN
@!!type:obligation
@!!id:258
@!!loc:551:5:551:7
@!!status:normalized
@!!meth:time-limit: 5
@!!obl:ASSUME NEW CONSTANT ff \in [Nat -> Nat],
       \E f \in [Nat -> Nat] :
          /\ \A m \in Nat :
                <<f[m + 1], f[m]>> \in OpToRel(LAMBDA x1, x2 : x1 < x2, Nat)
          /\ f[0] = ff[0] ,
       ~(\E f \in [Nat -> Nat] :
            /\ \A m \in Nat :
                  <<f[m + 1], f[m]>>
                  \in OpToRel(LAMBDA x1, x2 : x1 < x2, Nat)
            /\ f[0] = ff[0]) 
PROVE  FALSE

@!!END

@!!BEGIN
@!!type:obligation
@!!id:259
@!!loc:551:8:551:12
@!!status:trivial
@!!prover:tlapm
@!!already:false
@!!obl:ASSUME NEW CONSTANT ff \in [Nat -> Nat],
       \E f \in [Nat -> Nat] :
          /\ \A m \in Nat :
                <<f[m + 1], f[m]>> \in OpToRel(LAMBDA x1, x2 : x1 < x2, Nat)
          /\ f[0] = ff[0] 
PROVE  \E f \in [Nat -> Nat] :
          /\ \A m \in Nat :
                <<f[m + 1], f[m]>> \in OpToRel(LAMBDA x1, x2 : x1 < x2, Nat)
          /\ f[0] = ff[0]

@!!END

@!!BEGIN
@!!type:obligation
@!!id:260
@!!loc:551:14:551:18
@!!status:trivial
@!!prover:tlapm
@!!already:false
@!!obl:ASSUME NEW CONSTANT ff \in [Nat -> Nat],
       ~(\E f \in [Nat -> Nat] :
            /\ \A m \in Nat :
                  <<f[m + 1], f[m]>>
                  \in OpToRel(LAMBDA x1, x2 : x1 < x2, Nat)
            /\ f[0] = ff[0]) ,
       \E f \in [Nat -> Nat] :
          /\ \A m \in Nat :
                <<f[m + 1], f[m]>> \in OpToRel(LAMBDA x1, x2 : x1 < x2, Nat)
          /\ f[0] = ff[0] 
PROVE  ~(\E f \in [Nat -> Nat] :
            /\ \A m \in Nat :
                  <<f[m + 1], f[m]>>
                  \in OpToRel(LAMBDA x1, x2 : x1 < x2, Nat)
            /\ f[0] = ff[0])

@!!END

@!!BEGIN
@!!type:obligation
@!!id:261
@!!loc:519:3:519:5
@!!status:normalized
@!!meth:time-limit: 10
@!!obl:ASSUME ASSUME NEW CONSTANT ff \in [Nat -> Nat],
              \A n \in Nat : ff[n + 1] < ff[n] 
       PROVE  FALSE ,
       TRUE 
PROVE  ~(\E f \in [Nat -> Nat] :
            \A n \in Nat :
               <<f[n + 1], f[n]>> \in {ss \in Nat \X Nat : ss[1] < ss[2]})

@!!END

@!!BEGIN
@!!type:obligation
@!!id:262
@!!loc:519:6:519:11
@!!status:trivial
@!!prover:tlapm
@!!already:false
@!!obl:ASSUME ASSUME NEW CONSTANT ff \in [Nat -> Nat],
              \A n \in Nat : ff[n + 1] < ff[n] 
       PROVE  FALSE 
PROVE  TRUE

@!!END

@!!BEGIN
@!!type:obligation
@!!id:263
@!!loc:525:3:525:5
@!!status:normalized
@!!meth:time-limit: 30
@!!obl:ASSUME NEW CONSTANT ff \in [Nat -> Nat],
       \A n \in Nat : ff[n + 1] < ff[n] ,
       TRUE 
PROVE  \E f \in [Nat -> Nat] :
          /\ \A m \in Nat :
                <<f[m + 1], f[m]>> \in {ss \in Nat \X Nat : ss[1] < ss[2]}
          /\ f[0] = ff[0]

@!!END

@!!BEGIN
@!!type:obligation
@!!id:264
@!!loc:525:6:525:10
@!!status:trivial
@!!prover:tlapm
@!!already:false
@!!obl:ASSUME NEW CONSTANT ff \in [Nat -> Nat],
       \A n \in Nat : ff[n + 1] < ff[n] 
PROVE  \A n \in Nat : ff[n + 1] < ff[n]

@!!END

@!!BEGIN
@!!type:obligation
@!!id:265
@!!loc:525:12:525:15
@!!status:trivial
@!!prover:tlapm
@!!already:false
@!!obl:ASSUME NEW CONSTANT ff \in [Nat -> Nat],
       \A n \in Nat : ff[n + 1] < ff[n] 
PROVE  TRUE

@!!END

@!!BEGIN
@!!type:obligation
@!!id:266
@!!loc:543:5:543:7
@!!status:normalized
@!!meth:time-limit: 5
@!!obl:ASSUME NEW CONSTANT ff \in [Nat -> Nat],
       NEW CONSTANT n \in Nat,
       NEW CONSTANT f \in [Nat -> Nat],
       \A m \in Nat :
          <<f[m + 1], f[m]>> \in OpToRel(LAMBDA x1, x2 : x1 < x2, Nat) ,
       f[0] = n ,
       [i \in Nat |-> f[i + 1]] \in [Nat -> Nat] ,
       \A i \in Nat :
          <<[i_1 \in Nat |-> f[i_1 + 1]][i + 1],
            [i_1 \in Nat |-> f[i_1 + 1]][i]>>
          \in OpToRel(LAMBDA x1, x2 : x1 < x2, Nat) ,
       [i \in Nat |-> f[i + 1]][0] \in 0..n - 1 ,
       \A m \in 0..n - 1 :
          ~(\E f_1 \in [Nat -> Nat] :
               /\ \A m_1 \in Nat :
                     <<f_1[m_1 + 1], f_1[m_1]>>
                     \in OpToRel(LAMBDA x1, x2 : x1 < x2, Nat)
               /\ f_1[0] = m) 
PROVE  FALSE

@!!END

@!!BEGIN
@!!type:obligation
@!!id:261
@!!loc:519:3:519:5
@!!status:proved
@!!prover:zenon
@!!meth:time-limit: 10; time-used: 0.1 (1%)
@!!already:false
@!!obl:
ASSUME ASSUME NEW CONSTANT ff \in [Nat -> Nat],
              \A n \in Nat : ff[n + 1] < ff[n] 
       PROVE  FALSE ,
       TRUE 
PROVE  ~(\E f \in [Nat -> Nat] :
            \A n \in Nat :
               <<f[n + 1], f[n]>> \in {ss \in Nat \X Nat : ss[1] < ss[2]})

@!!END

@!!BEGIN
@!!type:obligation
@!!id:258
@!!loc:551:5:551:7
@!!status:proved
@!!prover:smt
@!!meth:time-limit: 5; time-used: 0.1 (2%)
@!!already:false
@!!obl:
ASSUME NEW CONSTANT ff \in [Nat -> Nat],
       \E f \in [Nat -> Nat] :
          /\ \A m \in Nat :
                <<f[m + 1], f[m]>> \in OpToRel(LAMBDA x1, x2 : x1 < x2, Nat)
          /\ f[0] = ff[0] ,
       ~(\E f \in [Nat -> Nat] :
            /\ \A m \in Nat :
                  <<f[m + 1], f[m]>>
                  \in OpToRel(LAMBDA x1, x2 : x1 < x2, Nat)
            /\ f[0] = ff[0]) 
PROVE  FALSE

@!!END

@!!BEGIN
@!!type:obligation
@!!id:256
@!!loc:495:5:495:7
@!!status:proved
@!!prover:smt
@!!meth:time-limit: 5; time-used: 0.1 (3%)
@!!already:false
@!!obl:
ASSUME NEW CONSTANT Def(_, _),
       NEW CONSTANT f,
       NEW CONSTANT R,
       NEW CONSTANT S,
       NEW CONSTANT T,
       T # {} ,
       IsWellFoundedOn(R, S) ,
       \A g, h :
          \A x \in S :
             (\A y \in SetLessThan(x, R, S) : g[y] = h[y])
             => Def(g, x) = Def(h, x) ,
       WFInductiveDefines(f, S, Def) ,
       \A g \in [S -> T], s \in S : Def(g, s) \in T ,
       NEW CONSTANT s \in S,
       NEW CONSTANT t0,
       /\ [x \in S |-> IF x \in SetLessThan(s, R, S) THEN f[x] ELSE t0]
          \in [S -> T]
       /\ \A x \in SetLessThan(s, R, S) :
             [x_1 \in S |->
                IF x_1 \in SetLessThan(s, R, S) THEN f[x_1] ELSE t0][x]
             = f[x] 
PROVE  Def(f, s)
       = Def([x \in S |-> IF x \in SetLessThan(s, R, S) THEN f[x] ELSE t0],
             s)

@!!END

@!!BEGIN
@!!type:obligation
@!!id:255
@!!loc:491:7:491:9
@!!status:proved
@!!prover:smt
@!!meth:time-limit: 5; time-used: 0.2 (3%)
@!!already:false
@!!obl:
ASSUME NEW CONSTANT Def(_, _),
       NEW CONSTANT f,
       NEW CONSTANT R,
       NEW CONSTANT S,
       NEW CONSTANT T,
       T # {} ,
       IsWellFoundedOn(R, S) ,
       WFDefOn(R, S, Def) ,
       WFInductiveDefines(f, S, Def) ,
       \A g \in [S -> T], s \in S : Def(g, s) \in T ,
       NEW CONSTANT s \in S,
       NEW CONSTANT t0
PROVE  {y \in S : <<y, s>> \in R} \subseteq S

@!!END

@!!BEGIN
@!!type:obligation
@!!id:42
@!!loc:122:3:122:5
@!!status:proved
@!!prover:isabelle
@!!meth:auto; time-limit: 30; time-used: 7.2 (24%)
@!!already:false
@!!obl:
ASSUME NEW CONSTANT R,
       NEW CONSTANT S,
       \A T \in SUBSET S :
          T # {} => (\E x \in T : \A y \in T : ~<<y, x>> \in R) ,
       NEW CONSTANT f \in [Nat -> S],
       \A n \in Nat : <<f[n + 1], f[n]>> \in R ,
       TRUE 
PROVE  \A x \in {f[n] : n \in Nat} :
          \E y \in {f[n] : n \in Nat} : <<y, x>> \in R

@!!END

@!!BEGIN
@!!type:obligation
@!!id:267
@!!loc:543:8:543:12
@!!status:trivial
@!!prover:tlapm
@!!already:false
@!!obl:ASSUME NEW CONSTANT ff \in [Nat -> Nat],
       NEW CONSTANT n \in Nat,
       NEW CONSTANT f \in [Nat -> Nat],
       \A m \in Nat :
          <<f[m + 1], f[m]>> \in OpToRel(LAMBDA x1, x2 : x1 < x2, Nat) ,
       f[0] = n ,
       [i \in Nat |-> f[i + 1]] \in [Nat -> Nat] 
PROVE  [i \in Nat |-> f[i + 1]] \in [Nat -> Nat]

@!!END

@!!BEGIN
@!!type:obligation
@!!id:268
@!!loc:543:14:543:18
@!!status:trivial
@!!prover:tlapm
@!!already:false
@!!obl:ASSUME NEW CONSTANT ff \in [Nat -> Nat],
       NEW CONSTANT n \in Nat,
       NEW CONSTANT f \in [Nat -> Nat],
       \A m \in Nat :
          <<f[m + 1], f[m]>> \in OpToRel(LAMBDA x1, x2 : x1 < x2, Nat) ,
       f[0] = n ,
       \A i \in Nat :
          <<[i_1 \in Nat |-> f[i_1 + 1]][i + 1],
            [i_1 \in Nat |-> f[i_1 + 1]][i]>>
          \in OpToRel(LAMBDA x1, x2 : x1 < x2, Nat) ,
       [i \in Nat |-> f[i + 1]] \in [Nat -> Nat] 
PROVE  \A i \in Nat :
          <<[i_1 \in Nat |-> f[i_1 + 1]][i + 1],
            [i_1 \in Nat |-> f[i_1 + 1]][i]>>
          \in OpToRel(LAMBDA x1, x2 : x1 < x2, Nat)

@!!END

@!!BEGIN
@!!type:obligation
@!!id:269
@!!loc:543:20:543:24
@!!status:trivial
@!!prover:tlapm
@!!already:false
@!!obl:ASSUME NEW CONSTANT ff \in [Nat -> Nat],
       NEW CONSTANT n \in Nat,
       NEW CONSTANT f \in [Nat -> Nat],
       \A m \in Nat :
          <<f[m + 1], f[m]>> \in OpToRel(LAMBDA x1, x2 : x1 < x2, Nat) ,
       f[0] = n ,
       [i \in Nat |-> f[i + 1]][0] \in 0..n - 1 ,
       [i \in Nat |-> f[i + 1]] \in [Nat -> Nat] ,
       \A i \in Nat :
          <<[i_1 \in Nat |-> f[i_1 + 1]][i + 1],
            [i_1 \in Nat |-> f[i_1 + 1]][i]>>
          \in OpToRel(LAMBDA x1, x2 : x1 < x2, Nat) 
PROVE  [i \in Nat |-> f[i + 1]][0] \in 0..n - 1

@!!END

@!!BEGIN
@!!type:obligation
@!!id:270
@!!loc:543:26:543:30
@!!status:trivial
@!!prover:tlapm
@!!already:false
@!!obl:ASSUME NEW CONSTANT ff \in [Nat -> Nat],
       NEW CONSTANT n \in Nat,
       \A m \in 0..n - 1 :
          ~(\E f \in [Nat -> Nat] :
               /\ \A m_1 \in Nat :
                     <<f[m_1 + 1], f[m_1]>>
                     \in OpToRel(LAMBDA x1, x2 : x1 < x2, Nat)
               /\ f[0] = m) ,
       NEW CONSTANT f \in [Nat -> Nat],
       \A m \in Nat :
          <<f[m + 1], f[m]>> \in OpToRel(LAMBDA x1, x2 : x1 < x2, Nat) ,
       f[0] = n ,
       [i \in Nat |-> f[i + 1]] \in [Nat -> Nat] ,
       \A i \in Nat :
          <<[i_1 \in Nat |-> f[i_1 + 1]][i + 1],
            [i_1 \in Nat |-> f[i_1 + 1]][i]>>
          \in OpToRel(LAMBDA x1, x2 : x1 < x2, Nat) ,
       [i \in Nat |-> f[i + 1]][0] \in 0..n - 1 
PROVE  \A m \in 0..n - 1 :
          ~(\E f_1 \in [Nat -> Nat] :
               /\ \A m_1 \in Nat :
                     <<f_1[m_1 + 1], f_1[m_1]>>
                     \in OpToRel(LAMBDA x1, x2 : x1 < x2, Nat)
               /\ f_1[0] = m)

@!!END

@!!BEGIN
@!!type:obligation
@!!id:271
@!!loc:533:5:533:12
@!!status:normalized
@!!meth:time-limit: 5
@!!obl:ASSUME NEW CONSTANT ff \in [Nat -> Nat],
       NEW CONSTANT n \in Nat,
       ASSUME NEW CONSTANT f \in [Nat -> Nat],
              \A m \in Nat :
                 <<f[m + 1], f[m]>> \in OpToRel(LAMBDA x1, x2 : x1 < x2, Nat) ,
              f[0] = n 
       PROVE  FALSE 
PROVE  ~(\E f \in [Nat -> Nat] :
            /\ \A m \in Nat :
                  <<f[m + 1], f[m]>>
                  \in OpToRel(LAMBDA x1, x2 : x1 < x2, Nat)
            /\ f[0] = n)

@!!END

@!!BEGIN
@!!type:obligation
@!!id:272
@!!loc:536:5:536:12
@!!status:normalized
@!!meth:time-limit: 5
@!!obl:ASSUME NEW CONSTANT ff \in [Nat -> Nat],
       NEW CONSTANT n \in Nat,
       NEW CONSTANT f \in [Nat -> Nat],
       \A m \in Nat :
          <<f[m + 1], f[m]>> \in OpToRel(LAMBDA x1, x2 : x1 < x2, Nat) ,
       f[0] = n 
PROVE  [i \in Nat |-> f[i + 1]] \in [Nat -> Nat]

@!!END

@!!BEGIN
@!!type:obligation
@!!id:273
@!!loc:538:5:538:7
@!!status:normalized
@!!meth:time-limit: 30
@!!obl:ASSUME NEW CONSTANT ff \in [Nat -> Nat],
       NEW CONSTANT n \in Nat,
       NEW CONSTANT f \in [Nat -> Nat],
       \A m \in Nat :
          <<f[m + 1], f[m]>> \in OpToRel(LAMBDA x1, x2 : x1 < x2, Nat) ,
       f[0] = n ,
       TRUE 
PROVE  \A i \in Nat :
          <<[i_1 \in Nat |-> f[i_1 + 1]][i + 1],
            [i_1 \in Nat |-> f[i_1 + 1]][i]>>
          \in OpToRel(LAMBDA x1, x2 : x1 < x2, Nat)

@!!END

@!!BEGIN
@!!type:obligation
@!!id:274
@!!loc:538:8:538:11
@!!status:trivial
@!!prover:tlapm
@!!already:false
@!!obl:ASSUME NEW CONSTANT ff \in [Nat -> Nat],
       NEW CONSTANT n \in Nat,
       NEW CONSTANT f \in [Nat -> Nat],
       \A m \in Nat :
          <<f[m + 1], f[m]>> \in OpToRel(LAMBDA x1, x2 : x1 < x2, Nat) ,
       f[0] = n 
PROVE  TRUE

@!!END

@!!BEGIN
@!!type:obligation
@!!id:275
@!!loc:541:15:541:17
@!!status:normalized
@!!meth:time-limit: 30
@!!obl:ASSUME NEW CONSTANT ff \in [Nat -> Nat],
       NEW CONSTANT n \in Nat,
       NEW CONSTANT f \in [Nat -> Nat],
       \A m \in Nat :
          <<f[m + 1], f[m]>> \in OpToRel(LAMBDA x1, x2 : x1 < x2, Nat) ,
       f[0] = n ,
       f[1] < f[0] ,
       TRUE 
PROVE  [i \in Nat |-> f[i + 1]][0] \in 0..n - 1

@!!END

@!!BEGIN
@!!type:obligation
@!!id:276
@!!loc:541:18:541:21
@!!status:trivial
@!!prover:tlapm
@!!already:false
@!!obl:ASSUME NEW CONSTANT ff \in [Nat -> Nat],
       NEW CONSTANT n \in Nat,
       NEW CONSTANT f \in [Nat -> Nat],
       \A m \in Nat :
          <<f[m + 1], f[m]>> \in OpToRel(LAMBDA x1, x2 : x1 < x2, Nat) ,
       f[0] = n ,
       f[1] < f[0] 
PROVE  TRUE

@!!END

@!!BEGIN
@!!type:obligation
@!!id:277
@!!loc:540:23:540:25
@!!status:normalized
@!!meth:time-limit: 30
@!!obl:ASSUME NEW CONSTANT ff \in [Nat -> Nat],
       NEW CONSTANT n \in Nat,
       NEW CONSTANT f \in [Nat -> Nat],
       \A m \in Nat :
          <<f[m + 1], f[m]>> \in {ss \in Nat \X Nat : ss[1] < ss[2]} ,
       f[0] = n ,
       TRUE 
PROVE  f[1] < f[0]

@!!END

@!!BEGIN
@!!type:obligation
@!!id:271
@!!loc:533:5:533:12
@!!status:proved
@!!prover:smt
@!!meth:time-limit: 5; time-used: 0.1 (2%)
@!!already:false
@!!obl:
ASSUME NEW CONSTANT ff \in [Nat -> Nat],
       NEW CONSTANT n \in Nat,
       ASSUME NEW CONSTANT f \in [Nat -> Nat],
              \A m \in Nat :
                 <<f[m + 1], f[m]>> \in OpToRel(LAMBDA x1, x2 : x1 < x2, Nat) ,
              f[0] = n 
       PROVE  FALSE 
PROVE  ~(\E f \in [Nat -> Nat] :
            /\ \A m \in Nat :
                  <<f[m + 1], f[m]>>
                  \in OpToRel(LAMBDA x1, x2 : x1 < x2, Nat)
            /\ f[0] = n)

@!!END

@!!BEGIN
@!!type:obligation
@!!id:266
@!!loc:543:5:543:7
@!!status:proved
@!!prover:smt
@!!meth:time-limit: 5; time-used: 0.1 (3%)
@!!already:false
@!!obl:
ASSUME NEW CONSTANT ff \in [Nat -> Nat],
       NEW CONSTANT n \in Nat,
       NEW CONSTANT f \in [Nat -> Nat],
       \A m \in Nat :
          <<f[m + 1], f[m]>> \in OpToRel(LAMBDA x1, x2 : x1 < x2, Nat) ,
       f[0] = n ,
       [i \in Nat |-> f[i + 1]] \in [Nat -> Nat] ,
       \A i \in Nat :
          <<[i_1 \in Nat |-> f[i_1 + 1]][i + 1],
            [i_1 \in Nat |-> f[i_1 + 1]][i]>>
          \in OpToRel(LAMBDA x1, x2 : x1 < x2, Nat) ,
       [i \in Nat |-> f[i + 1]][0] \in 0..n - 1 ,
       \A m \in 0..n - 1 :
          ~(\E f_1 \in [Nat -> Nat] :
               /\ \A m_1 \in Nat :
                     <<f_1[m_1 + 1], f_1[m_1]>>
                     \in OpToRel(LAMBDA x1, x2 : x1 < x2, Nat)
               /\ f_1[0] = m) 
PROVE  FALSE

@!!END

@!!BEGIN
@!!type:obligation
@!!id:278
@!!loc:540:26:540:29
@!!status:trivial
@!!prover:tlapm
@!!already:false
@!!obl:ASSUME NEW CONSTANT ff \in [Nat -> Nat],
       NEW CONSTANT n \in Nat,
       NEW CONSTANT f \in [Nat -> Nat],
       \A m \in Nat :
          <<f[m + 1], f[m]>> \in {ss \in Nat \X Nat : ss[1] < ss[2]} ,
       f[0] = n 
PROVE  TRUE

@!!END

@!!BEGIN
@!!type:obligation
@!!id:279
@!!loc:549:5:549:7
@!!status:normalized
@!!meth:time-limit: 5
@!!obl:ASSUME NEW CONSTANT ff \in [Nat -> Nat],
       \A n \in Nat :
          ~(\E f \in [Nat -> Nat] :
               /\ \A m \in Nat :
                     <<f[m + 1], f[m]>>
                     \in OpToRel(LAMBDA x1, x2 : x1 < x2, Nat)
               /\ f[0] = n) 
PROVE  ~(\E f \in [Nat -> Nat] :
            /\ \A m \in Nat :
                  <<f[m + 1], f[m]>>
                  \in OpToRel(LAMBDA x1, x2 : x1 < x2, Nat)
            /\ f[0] = ff[0])

@!!END

@!!BEGIN
@!!type:obligation
@!!id:280
@!!loc:547:5:547:7
@!!status:normalized
@!!meth:time-limit: 30
@!!obl:ASSUME NEW CONSTANT ff \in [Nat -> Nat],
       ASSUME NEW CONSTANT n \in Nat,
              \A m \in 0..n - 1 : ~P(m) 
       PROVE  ~P(n) ,
       ASSUME NEW CONSTANT P_1(_),
              \A n \in Nat : (\A m \in 0..n - 1 : P_1(m)) => P_1(n) 
       PROVE  \A n \in Nat : P_1(n) ,
       TRUE 
PROVE  \A n \in Nat : ~P(n)

@!!END

@!!BEGIN
@!!type:obligation
@!!id:279
@!!loc:549:5:549:7
@!!status:proved
@!!prover:smt
@!!meth:time-limit: 5; time-used: 0.1 (2%)
@!!already:false
@!!obl:
ASSUME NEW CONSTANT ff \in [Nat -> Nat],
       \A n \in Nat :
          ~(\E f \in [Nat -> Nat] :
               /\ \A m \in Nat :
                     <<f[m + 1], f[m]>>
                     \in OpToRel(LAMBDA x1, x2 : x1 < x2, Nat)
               /\ f[0] = n) 
PROVE  ~(\E f \in [Nat -> Nat] :
            /\ \A m \in Nat :
                  <<f[m + 1], f[m]>>
                  \in OpToRel(LAMBDA x1, x2 : x1 < x2, Nat)
            /\ f[0] = ff[0])

@!!END

@!!BEGIN
@!!type:obligation
@!!id:281
@!!loc:547:13:547:17
@!!status:trivial
@!!prover:tlapm
@!!already:false
@!!obl:ASSUME NEW CONSTANT ff \in [Nat -> Nat],
       ASSUME NEW CONSTANT n \in Nat,
              \A m \in 0..n - 1 : ~P(m) 
       PROVE  ~P(n) 
PROVE  ASSUME NEW CONSTANT n \in Nat,
              \A m \in 0..n - 1 : ~P(m) 
       PROVE  ~P(n)

@!!END

@!!BEGIN
@!!type:obligation
@!!id:282
@!!loc:547:19:547:38
@!!status:trivial
@!!prover:tlapm
@!!already:false
@!!obl:ASSUME ASSUME NEW CONSTANT P(_),
              \A n \in Nat : (\A m \in 0..n - 1 : P(m)) => P(n) 
       PROVE  \A n \in Nat : P(n) ,
       NEW CONSTANT ff \in [Nat -> Nat],
       ASSUME NEW CONSTANT n \in Nat,
              \A m \in 0..n - 1 : ~P(m) 
       PROVE  ~P(n) 
PROVE  ASSUME NEW CONSTANT P_1(_),
              \A n \in Nat : (\A m \in 0..n - 1 : P_1(m)) => P_1(n) 
       PROVE  \A n \in Nat : P_1(n)

@!!END

@!!BEGIN
@!!type:obligation
@!!id:283
@!!loc:547:40:547:43
@!!status:trivial
@!!prover:tlapm
@!!already:false
@!!obl:ASSUME NEW CONSTANT ff \in [Nat -> Nat],
       ASSUME NEW CONSTANT n \in Nat,
              \A m \in 0..n - 1 : ~P(m) 
       PROVE  ~P(n) ,
       ASSUME NEW CONSTANT P_1(_),
              \A n \in Nat : (\A m \in 0..n - 1 : P_1(m)) => P_1(n) 
       PROVE  \A n \in Nat : P_1(n) 
PROVE  TRUE

@!!END

@!!BEGIN
@!!type:obligation
@!!id:284
@!!loc:575:2:575:4
@!!status:normalized
@!!meth:time-limit: 10
@!!obl:ASSUME NEW CONSTANT S,
       NEW CONSTANT T,
       NEW CONSTANT R,
       NEW CONSTANT f(_),
       \A s \in S : f(s) \in T ,
       ~(\E f_1 \in [Nat -> T] : \A n \in Nat : <<f_1[n + 1], f_1[n]>> \in R) ,
       NEW CONSTANT g \in [Nat -> S],
       \A n \in Nat : <<g[n + 1], g[n]>> \in PreImage(f, S, R) ,
       ASSUME NEW CONSTANT n \in Nat
       PROVE  <<[n_1 \in Nat |-> f(g[n_1])][n + 1],
                [n_1 \in Nat |-> f(g[n_1])][n]>>
              \in R ,
       TRUE 
PROVE  FALSE

@!!END

@!!BEGIN
@!!type:obligation
@!!id:284
@!!loc:575:2:575:4
@!!status:proved
@!!prover:zenon
@!!meth:time-limit: 10; time-used: 0.0 (0%)
@!!already:false
@!!obl:
ASSUME NEW CONSTANT S,
       NEW CONSTANT T,
       NEW CONSTANT R,
       NEW CONSTANT f(_),
       \A s \in S : f(s) \in T ,
       ~(\E f_1 \in [Nat -> T] : \A n \in Nat : <<f_1[n + 1], f_1[n]>> \in R) ,
       NEW CONSTANT g \in [Nat -> S],
       \A n \in Nat : <<g[n + 1], g[n]>> \in PreImage(f, S, R) ,
       ASSUME NEW CONSTANT n \in Nat
       PROVE  <<[n_1 \in Nat |-> f(g[n_1])][n + 1],
                [n_1 \in Nat |-> f(g[n_1])][n]>>
              \in R ,
       TRUE 
PROVE  FALSE

@!!END

@!!BEGIN
@!!type:obligation
@!!id:285
@!!loc:575:5:575:9
@!!status:trivial
@!!prover:tlapm
@!!already:false
@!!obl:ASSUME NEW CONSTANT S,
       NEW CONSTANT T,
       NEW CONSTANT R,
       NEW CONSTANT f(_),
       \A s \in S : f(s) \in T ,
       ~(\E f_1 \in [Nat -> T] : \A n \in Nat : <<f_1[n + 1], f_1[n]>> \in R) ,
       NEW CONSTANT g \in [Nat -> S],
       \A n \in Nat : <<g[n + 1], g[n]>> \in PreImage(f, S, R) ,
       ASSUME NEW CONSTANT n \in Nat
       PROVE  <<[n_1 \in Nat |-> f(g[n_1])][n + 1],
                [n_1 \in Nat |-> f(g[n_1])][n]>>
              \in R 
PROVE  ASSUME NEW CONSTANT n \in Nat
       PROVE  <<[n_1 \in Nat |-> f(g[n_1])][n + 1],
                [n_1 \in Nat |-> f(g[n_1])][n]>>
              \in R

@!!END

@!!BEGIN
@!!type:obligation
@!!id:286
@!!loc:575:11:575:16
@!!status:trivial
@!!prover:tlapm
@!!already:false
@!!obl:ASSUME NEW CONSTANT S,
       NEW CONSTANT T,
       NEW CONSTANT R,
       NEW CONSTANT f(_),
       \A s \in S : f(s) \in T ,
       ~(\E f_1 \in [Nat -> T] : \A n \in Nat : <<f_1[n + 1], f_1[n]>> \in R) ,
       NEW CONSTANT g \in [Nat -> S],
       \A n \in Nat : <<g[n + 1], g[n]>> \in PreImage(f, S, R) ,
       ASSUME NEW CONSTANT n \in Nat
       PROVE  <<[n_1 \in Nat |-> f(g[n_1])][n + 1],
                [n_1 \in Nat |-> f(g[n_1])][n]>>
              \in R 
PROVE  TRUE

@!!END

@!!BEGIN
@!!type:obligation
@!!id:287
@!!loc:569:2:569:4
@!!status:normalized
@!!meth:time-limit: 5
@!!obl:ASSUME NEW CONSTANT S,
       NEW CONSTANT T,
       NEW CONSTANT R,
       NEW CONSTANT f(_),
       \A s \in S : f(s) \in T ,
       ~(\E f_1 \in [Nat -> T] : \A n \in Nat : <<f_1[n + 1], f_1[n]>> \in R) ,
       ASSUME NEW CONSTANT g \in [Nat -> S],
              \A n \in Nat : <<g[n + 1], g[n]>> \in PreImage(f, S, R) 
       PROVE  FALSE 
PROVE  ~(\E f_1 \in [Nat -> S] :
            \A n \in Nat : <<f_1[n + 1], f_1[n]>> \in PreImage(f, S, R))

@!!END

@!!BEGIN
@!!type:obligation
@!!id:154
@!!loc:361:5:361:7
@!!status:proved
@!!prover:isabelle
@!!meth:blast; time-limit: 30; time-used: 6.0 (20%)
@!!already:false
@!!obl:
ASSUME NEW CONSTANT R,
       NEW CONSTANT S,
       NEW CONSTANT i \in S,
       NEW CONSTANT k \in S,
       <<i, k>> \in TransitiveClosureOn(R, S) ,
       ASSUME NEW CONSTANT x \in S,
              NEW CONSTANT y \in S,
              <<x, y>> \in R 
       PROVE  <<x, y>>
              \in {ss \in S \X S :
                     \E s \in S :
                        /\ <<s, ss[2]>> \in R
                        /\ ss[1] = s
                           \/ <<ss[1], s>> \in TransitiveClosureOn(R, S)} ,
       TRUE 
PROVE  R \cap S \X S
       \subseteq {ss \in S \X S :
                    \E s \in S :
                       /\ <<s, ss[2]>> \in R
                       /\ ss[1] = s
                          \/ <<ss[1], s>> \in TransitiveClosureOn(R, S)}

@!!END

@!!BEGIN
@!!type:obligation
@!!id:288
@!!loc:573:3:573:5
@!!status:normalized
@!!meth:time-limit: 30
@!!obl:ASSUME NEW CONSTANT S,
       NEW CONSTANT T,
       NEW CONSTANT R,
       NEW CONSTANT f(_),
       \A s \in S : f(s) \in T ,
       IsWellFoundedOn(R, T) ,
       NEW CONSTANT g \in [Nat -> S],
       \A n \in Nat :
          <<g[n + 1], g[n]>>
          \in {ss \in S \X S : <<f(ss[1]), f(ss[2])>> \in R} ,
       NEW CONSTANT n \in Nat,
       TRUE 
PROVE  <<[n_1 \in Nat |-> f(g[n_1])][n + 1], [n_1 \in Nat |-> f(g[n_1])][n]>>
       \in R

@!!END

@!!BEGIN
@!!type:obligation
@!!id:159
@!!loc:367:5:367:7
@!!status:proved
@!!prover:isabelle
@!!meth:blast; time-limit: 30; time-used: 5.9 (20%)
@!!already:false
@!!obl:
ASSUME NEW CONSTANT R,
       NEW CONSTANT S,
       NEW CONSTANT i \in S,
       NEW CONSTANT k \in S,
       <<i, k>> \in TransitiveClosureOn(R, S) ,
       ASSUME NEW CONSTANT x \in S,
              NEW CONSTANT y \in S,
              <<x, y>>
              \in {ss \in S \X S :
                     \E s \in S :
                        /\ <<s, ss[2]>> \in R
                        /\ ss[1] = s
                           \/ <<ss[1], s>> \in TransitiveClosureOn(R, S)} 
       PROVE  <<x, y>> \in TransitiveClosureOn(R, S) ,
       TRUE 
PROVE  {ss \in S \X S :
          \E s \in S :
             /\ <<s, ss[2]>> \in R
             /\ ss[1] = s \/ <<ss[1], s>> \in TransitiveClosureOn(R, S)}
       \subseteq TransitiveClosureOn(R, S)

@!!END

@!!BEGIN
@!!type:obligation
@!!id:289
@!!loc:573:6:573:9
@!!status:trivial
@!!prover:tlapm
@!!already:false
@!!obl:ASSUME NEW CONSTANT S,
       NEW CONSTANT T,
       NEW CONSTANT R,
       NEW CONSTANT f(_),
       \A s \in S : f(s) \in T ,
       IsWellFoundedOn(R, T) ,
       NEW CONSTANT g \in [Nat -> S],
       \A n \in Nat :
          <<g[n + 1], g[n]>>
          \in {ss \in S \X S : <<f(ss[1]), f(ss[2])>> \in R} ,
       NEW CONSTANT n \in Nat
PROVE  TRUE

@!!END

@!!BEGIN
@!!type:obligation
@!!id:290
@!!loc:617:3:617:5
@!!status:normalized
@!!meth:time-limit: 5
@!!obl:ASSUME NEW CONSTANT R1,
       NEW CONSTANT R2,
       NEW CONSTANT S1,
       NEW CONSTANT S2,
       IsWellFoundedOn(R1, S1) ,
       IsWellFoundedOn(R2, S2) ,
       NEW CONSTANT T \in SUBSET S1 \X S2,
       T # {} ,
       NEW CONSTANT x1 \in {tt[1] : tt \in T},
       NEW CONSTANT x2 \in {tt[2] : tt \in {uu \in T : uu[1] = x1}},
       ASSUME NEW CONSTANT t \in T,
              <<t, <<x1, x2>>>> \in LexPairOrdering(R1, R2, S1, S2) 
       PROVE  FALSE 
PROVE  \E x \in T :
          \A y \in T : <<y, x>> \notin LexPairOrdering(R1, R2, S1, S2)

@!!END

@!!BEGIN
@!!type:obligation
@!!id:287
@!!loc:569:2:569:4
@!!status:proved
@!!prover:smt
@!!meth:time-limit: 5; time-used: 0.1 (1%)
@!!already:false
@!!obl:
ASSUME NEW CONSTANT S,
       NEW CONSTANT T,
       NEW CONSTANT R,
       NEW CONSTANT f(_),
       \A s \in S : f(s) \in T ,
       ~(\E f_1 \in [Nat -> T] : \A n \in Nat : <<f_1[n + 1], f_1[n]>> \in R) ,
       ASSUME NEW CONSTANT g \in [Nat -> S],
              \A n \in Nat : <<g[n + 1], g[n]>> \in PreImage(f, S, R) 
       PROVE  FALSE 
PROVE  ~(\E f_1 \in [Nat -> S] :
            \A n \in Nat : <<f_1[n + 1], f_1[n]>> \in PreImage(f, S, R))

@!!END

@!!BEGIN
@!!type:obligation
@!!id:291
@!!loc:617:6:617:10
@!!status:trivial
@!!prover:tlapm
@!!already:false
@!!obl:ASSUME NEW CONSTANT R1,
       NEW CONSTANT R2,
       NEW CONSTANT S1,
       NEW CONSTANT S2,
       IsWellFoundedOn(R1, S1) ,
       IsWellFoundedOn(R2, S2) ,
       NEW CONSTANT T \in SUBSET S1 \X S2,
       T # {} ,
       NEW CONSTANT x1 \in {tt[1] : tt \in T},
       NEW CONSTANT x2 \in {tt[2] : tt \in {uu \in T : uu[1] = x1}},
       ASSUME NEW CONSTANT t \in T,
              <<t, <<x1, x2>>>> \in LexPairOrdering(R1, R2, S1, S2) 
       PROVE  FALSE 
PROVE  ASSUME NEW CONSTANT t \in T,
              <<t, <<x1, x2>>>> \in LexPairOrdering(R1, R2, S1, S2) 
       PROVE  FALSE

@!!END

@!!BEGIN
@!!type:obligation
@!!id:292
@!!loc:594:3:594:5
@!!status:normalized
@!!meth:time-limit: 10
@!!obl:ASSUME NEW CONSTANT R1,
       NEW CONSTANT R2,
       NEW CONSTANT S1,
       NEW CONSTANT S2,
       IsWellFoundedOn(R1, S1) ,
       IsWellFoundedOn(R2, S2) ,
       ASSUME NEW CONSTANT T \in SUBSET S1 \X S2,
              T # {} 
       PROVE  \E x \in T :
                 \A y \in T : <<y, x>> \notin LexPairOrdering(R1, R2, S1, S2) ,
       ASSUME NEW CONSTANT R,
              NEW CONSTANT S,
              \A T \in SUBSET S :
                 T # {} => (\E x \in T : \A y \in T : ~<<y, x>> \in R) 
       PROVE  IsWellFoundedOn(R, S) ,
       TRUE 
PROVE  IsWellFoundedOn(LexPairOrdering(R1, R2, S1, S2), S1 \X S2)

@!!END

@!!BEGIN
@!!type:obligation
@!!id:272
@!!loc:536:5:536:12
@!!status:proved
@!!prover:smt
@!!meth:time-limit: 5; time-used: 0.4 (8%)
@!!already:false
@!!obl:
ASSUME NEW CONSTANT ff \in [Nat -> Nat],
       NEW CONSTANT n \in Nat,
       NEW CONSTANT f \in [Nat -> Nat],
       \A m \in Nat :
          <<f[m + 1], f[m]>> \in OpToRel(LAMBDA x1, x2 : x1 < x2, Nat) ,
       f[0] = n 
PROVE  [i \in Nat |-> f[i + 1]] \in [Nat -> Nat]

@!!END

@!!BEGIN
@!!type:obligation
@!!id:293
@!!loc:594:6:594:11
@!!status:trivial
@!!prover:tlapm
@!!already:false
@!!obl:ASSUME ASSUME NEW CONSTANT R,
              NEW CONSTANT S,
              \A T \in SUBSET S :
                 T # {} => (\E x \in T : \A y \in T : ~<<y, x>> \in R) 
       PROVE  IsWellFoundedOn(R, S) ,
       NEW CONSTANT R1,
       NEW CONSTANT R2,
       NEW CONSTANT S1,
       NEW CONSTANT S2,
       IsWellFoundedOn(R1, S1) ,
       IsWellFoundedOn(R2, S2) ,
       ASSUME NEW CONSTANT T \in SUBSET S1 \X S2,
              T # {} 
       PROVE  \E x \in T :
                 \A y \in T : <<y, x>> \notin LexPairOrdering(R1, R2, S1, S2) 
PROVE  ASSUME NEW CONSTANT R,
              NEW CONSTANT S,
              \A T \in SUBSET S :
                 T # {} => (\E x \in T : \A y \in T : ~<<y, x>> \in R) 
       PROVE  IsWellFoundedOn(R, S)

@!!END

@!!BEGIN
@!!type:obligation
@!!id:294
@!!loc:594:13:594:18
@!!status:trivial
@!!prover:tlapm
@!!already:false
@!!obl:ASSUME NEW CONSTANT R1,
       NEW CONSTANT R2,
       NEW CONSTANT S1,
       NEW CONSTANT S2,
       IsWellFoundedOn(R1, S1) ,
       IsWellFoundedOn(R2, S2) ,
       ASSUME NEW CONSTANT T \in SUBSET S1 \X S2,
              T # {} 
       PROVE  \E x \in T :
                 \A y \in T : <<y, x>> \notin LexPairOrdering(R1, R2, S1, S2) ,
       ASSUME NEW CONSTANT R,
              NEW CONSTANT S,
              \A T \in SUBSET S :
                 T # {} => (\E x \in T : \A y \in T : ~<<y, x>> \in R) 
       PROVE  IsWellFoundedOn(R, S) 
PROVE  TRUE

@!!END

@!!BEGIN
@!!type:obligation
@!!id:295
@!!loc:600:5:600:7
@!!status:normalized
@!!meth:time-limit: 10
@!!obl:ASSUME NEW CONSTANT R1,
       NEW CONSTANT R2,
       NEW CONSTANT S1,
       NEW CONSTANT S2,
       IsWellFoundedOn(R1, S1) ,
       IsWellFoundedOn(R2, S2) ,
       NEW CONSTANT T \in SUBSET S1 \X S2,
       T # {} ,
       {tt[1] : tt \in T} \subseteq S1 /\ {tt[1] : tt \in T} # {} ,
       ASSUME NEW CONSTANT R,
              NEW CONSTANT S,
              IsWellFoundedOn(R, S) ,
              NEW CONSTANT T_1,
              T_1 \subseteq S ,
              T_1 # {} 
       PROVE  \E x \in T_1 : \A y \in T_1 : ~<<y, x>> \in R ,
       TRUE 
PROVE  \E x1 \in {tt[1] : tt \in T} :
          \A y1 \in {tt[1] : tt \in T} : <<y1, x1>> \notin R1

@!!END

@!!BEGIN
@!!type:obligation
@!!id:292
@!!loc:594:3:594:5
@!!status:proved
@!!prover:zenon
@!!meth:time-limit: 10; time-used: 0.0 (0%)
@!!already:false
@!!obl:
ASSUME NEW CONSTANT R1,
       NEW CONSTANT R2,
       NEW CONSTANT S1,
       NEW CONSTANT S2,
       IsWellFoundedOn(R1, S1) ,
       IsWellFoundedOn(R2, S2) ,
       ASSUME NEW CONSTANT T \in SUBSET S1 \X S2,
              T # {} 
       PROVE  \E x \in T :
                 \A y \in T : <<y, x>> \notin LexPairOrdering(R1, R2, S1, S2) ,
       ASSUME NEW CONSTANT R,
              NEW CONSTANT S,
              \A T \in SUBSET S :
                 T # {} => (\E x \in T : \A y \in T : ~<<y, x>> \in R) 
       PROVE  IsWellFoundedOn(R, S) ,
       TRUE 
PROVE  IsWellFoundedOn(LexPairOrdering(R1, R2, S1, S2), S1 \X S2)

@!!END

@!!BEGIN
@!!type:obligation
@!!id:296
@!!loc:600:8:600:12
@!!status:trivial
@!!prover:tlapm
@!!already:false
@!!obl:ASSUME NEW CONSTANT R1,
       NEW CONSTANT R2,
       NEW CONSTANT S1,
       NEW CONSTANT S2,
       IsWellFoundedOn(R1, S1) ,
       IsWellFoundedOn(R2, S2) ,
       NEW CONSTANT T \in SUBSET S1 \X S2,
       T # {} ,
       {tt[1] : tt \in T} \subseteq S1 /\ {tt[1] : tt \in T} # {} 
PROVE  {tt[1] : tt \in T} \subseteq S1 /\ {tt[1] : tt \in T} # {}

@!!END

@!!BEGIN
@!!type:obligation
@!!id:297
@!!loc:600:14:600:19
@!!status:trivial
@!!prover:tlapm
@!!already:false
@!!obl:ASSUME ASSUME NEW CONSTANT R,
              NEW CONSTANT S,
              IsWellFoundedOn(R, S) ,
              NEW CONSTANT T,
              T \subseteq S ,
              T # {} 
       PROVE  \E x \in T : \A y \in T : ~<<y, x>> \in R ,
       NEW CONSTANT R1,
       NEW CONSTANT R2,
       NEW CONSTANT S1,
       NEW CONSTANT S2,
       IsWellFoundedOn(R1, S1) ,
       IsWellFoundedOn(R2, S2) ,
       NEW CONSTANT T \in SUBSET S1 \X S2,
       T # {} ,
       {tt[1] : tt \in T} \subseteq S1 /\ {tt[1] : tt \in T} # {} 
PROVE  ASSUME NEW CONSTANT R,
              NEW CONSTANT S,
              IsWellFoundedOn(R, S) ,
              NEW CONSTANT T_1,
              T_1 \subseteq S ,
              T_1 # {} 
       PROVE  \E x \in T_1 : \A y \in T_1 : ~<<y, x>> \in R

@!!END

@!!BEGIN
@!!type:obligation
@!!id:298
@!!loc:600:21:600:26
@!!status:trivial
@!!prover:tlapm
@!!already:false
@!!obl:ASSUME NEW CONSTANT R1,
       NEW CONSTANT R2,
       NEW CONSTANT S1,
       NEW CONSTANT S2,
       IsWellFoundedOn(R1, S1) ,
       IsWellFoundedOn(R2, S2) ,
       NEW CONSTANT T \in SUBSET S1 \X S2,
       T # {} ,
       {tt[1] : tt \in T} \subseteq S1 /\ {tt[1] : tt \in T} # {} ,
       ASSUME NEW CONSTANT R,
              NEW CONSTANT S,
              IsWellFoundedOn(R, S) ,
              NEW CONSTANT T_1,
              T_1 \subseteq S ,
              T_1 # {} 
       PROVE  \E x \in T_1 : \A y \in T_1 : ~<<y, x>> \in R 
PROVE  TRUE

@!!END

@!!BEGIN
@!!type:obligation
@!!id:299
@!!loc:598:5:598:12
@!!status:normalized
@!!meth:time-limit: 5
@!!obl:ASSUME NEW CONSTANT R1,
       NEW CONSTANT R2,
       NEW CONSTANT S1,
       NEW CONSTANT S2,
       IsWellFoundedOn(R1, S1) ,
       IsWellFoundedOn(R2, S2) ,
       NEW CONSTANT T \in SUBSET S1 \X S2,
       T # {} 
PROVE  {tt[1] : tt \in T} \subseteq S1 /\ {tt[1] : tt \in T} # {}

@!!END

@!!BEGIN
@!!type:obligation
@!!id:295
@!!loc:600:5:600:7
@!!status:proved
@!!prover:zenon
@!!meth:time-limit: 10; time-used: 0.0 (0%)
@!!already:false
@!!obl:
ASSUME NEW CONSTANT R1,
       NEW CONSTANT R2,
       NEW CONSTANT S1,
       NEW CONSTANT S2,
       IsWellFoundedOn(R1, S1) ,
       IsWellFoundedOn(R2, S2) ,
       NEW CONSTANT T \in SUBSET S1 \X S2,
       T # {} ,
       {tt[1] : tt \in T} \subseteq S1 /\ {tt[1] : tt \in T} # {} ,
       ASSUME NEW CONSTANT R,
              NEW CONSTANT S,
              IsWellFoundedOn(R, S) ,
              NEW CONSTANT T_1,
              T_1 \subseteq S ,
              T_1 # {} 
       PROVE  \E x \in T_1 : \A y \in T_1 : ~<<y, x>> \in R ,
       TRUE 
PROVE  \E x1 \in {tt[1] : tt \in T} :
          \A y1 \in {tt[1] : tt \in T} : <<y1, x1>> \notin R1

@!!END

@!!BEGIN
@!!type:obligation
@!!id:290
@!!loc:617:3:617:5
@!!status:proved
@!!prover:smt
@!!meth:time-limit: 5; time-used: 0.1 (2%)
@!!already:false
@!!obl:
ASSUME NEW CONSTANT R1,
       NEW CONSTANT R2,
       NEW CONSTANT S1,
       NEW CONSTANT S2,
       IsWellFoundedOn(R1, S1) ,
       IsWellFoundedOn(R2, S2) ,
       NEW CONSTANT T \in SUBSET S1 \X S2,
       T # {} ,
       NEW CONSTANT x1 \in {tt[1] : tt \in T},
       NEW CONSTANT x2 \in {tt[2] : tt \in {uu \in T : uu[1] = x1}},
       ASSUME NEW CONSTANT t \in T,
              <<t, <<x1, x2>>>> \in LexPairOrdering(R1, R2, S1, S2) 
       PROVE  FALSE 
PROVE  \E x \in T :
          \A y \in T : <<y, x>> \notin LexPairOrdering(R1, R2, S1, S2)

@!!END

@!!BEGIN
@!!type:obligation
@!!id:301
@!!loc:606:5:606:7
@!!status:normalized
@!!meth:time-limit: 10
@!!obl:ASSUME NEW CONSTANT R1,
       NEW CONSTANT R2,
       NEW CONSTANT S1,
       NEW CONSTANT S2,
       IsWellFoundedOn(R1, S1) ,
       IsWellFoundedOn(R2, S2) ,
       NEW CONSTANT T \in SUBSET S1 \X S2,
       T # {} ,
       NEW CONSTANT x1 \in {tt[1] : tt \in T},
       {tt[2] : tt \in {uu \in T : uu[1] = x1}} \subseteq S2
       /\ {tt[2] : tt \in {uu \in T : uu[1] = x1}} # {} ,
       ASSUME NEW CONSTANT R,
              NEW CONSTANT S,
              IsWellFoundedOn(R, S) ,
              NEW CONSTANT T_1,
              T_1 \subseteq S ,
              T_1 # {} 
       PROVE  \E x \in T_1 : \A y \in T_1 : ~<<y, x>> \in R ,
       TRUE 
PROVE  \E x2 \in {tt[2] : tt \in {uu \in T : uu[1] = x1}} :
          \A y2 \in {tt[2] : tt \in {uu \in T : uu[1] = x1}} :
             <<y2, x2>> \notin R2

@!!END

@!!BEGIN
@!!type:obligation
@!!id:302
@!!loc:606:8:606:12
@!!status:trivial
@!!prover:tlapm
@!!already:false
@!!obl:ASSUME NEW CONSTANT R1,
       NEW CONSTANT R2,
       NEW CONSTANT S1,
       NEW CONSTANT S2,
       IsWellFoundedOn(R1, S1) ,
       IsWellFoundedOn(R2, S2) ,
       NEW CONSTANT T \in SUBSET S1 \X S2,
       T # {} ,
       NEW CONSTANT x1 \in {tt[1] : tt \in T},
       {tt[2] : tt \in {uu \in T : uu[1] = x1}} \subseteq S2
       /\ {tt[2] : tt \in {uu \in T : uu[1] = x1}} # {} 
PROVE  {tt[2] : tt \in {uu \in T : uu[1] = x1}} \subseteq S2
       /\ {tt[2] : tt \in {uu \in T : uu[1] = x1}} # {}

@!!END

@!!BEGIN
@!!type:obligation
@!!id:303
@!!loc:606:14:606:19
@!!status:trivial
@!!prover:tlapm
@!!already:false
@!!obl:ASSUME ASSUME NEW CONSTANT R,
              NEW CONSTANT S,
              IsWellFoundedOn(R, S) ,
              NEW CONSTANT T,
              T \subseteq S ,
              T # {} 
       PROVE  \E x \in T : \A y \in T : ~<<y, x>> \in R ,
       NEW CONSTANT R1,
       NEW CONSTANT R2,
       NEW CONSTANT S1,
       NEW CONSTANT S2,
       IsWellFoundedOn(R1, S1) ,
       IsWellFoundedOn(R2, S2) ,
       NEW CONSTANT T \in SUBSET S1 \X S2,
       T # {} ,
       NEW CONSTANT x1 \in {tt[1] : tt \in T},
       {tt[2] : tt \in {uu \in T : uu[1] = x1}} \subseteq S2
       /\ {tt[2] : tt \in {uu \in T : uu[1] = x1}} # {} 
PROVE  ASSUME NEW CONSTANT R,
              NEW CONSTANT S,
              IsWellFoundedOn(R, S) ,
              NEW CONSTANT T_1,
              T_1 \subseteq S ,
              T_1 # {} 
       PROVE  \E x \in T_1 : \A y \in T_1 : ~<<y, x>> \in R

@!!END

@!!BEGIN
@!!type:obligation
@!!id:304
@!!loc:606:21:606:26
@!!status:trivial
@!!prover:tlapm
@!!already:false
@!!obl:ASSUME NEW CONSTANT R1,
       NEW CONSTANT R2,
       NEW CONSTANT S1,
       NEW CONSTANT S2,
       IsWellFoundedOn(R1, S1) ,
       IsWellFoundedOn(R2, S2) ,
       NEW CONSTANT T \in SUBSET S1 \X S2,
       T # {} ,
       NEW CONSTANT x1 \in {tt[1] : tt \in T},
       {tt[2] : tt \in {uu \in T : uu[1] = x1}} \subseteq S2
       /\ {tt[2] : tt \in {uu \in T : uu[1] = x1}} # {} ,
       ASSUME NEW CONSTANT R,
              NEW CONSTANT S,
              IsWellFoundedOn(R, S) ,
              NEW CONSTANT T_1,
              T_1 \subseteq S ,
              T_1 # {} 
       PROVE  \E x \in T_1 : \A y \in T_1 : ~<<y, x>> \in R 
PROVE  TRUE

@!!END

@!!BEGIN
@!!type:obligation
@!!id:305
@!!loc:604:5:604:12
@!!status:normalized
@!!meth:time-limit: 5
@!!obl:ASSUME NEW CONSTANT R1,
       NEW CONSTANT R2,
       NEW CONSTANT S1,
       NEW CONSTANT S2,
       IsWellFoundedOn(R1, S1) ,
       IsWellFoundedOn(R2, S2) ,
       NEW CONSTANT T \in SUBSET S1 \X S2,
       T # {} ,
       NEW CONSTANT x1 \in {tt[1] : tt \in T}
PROVE  {tt[2] : tt \in {uu \in T : uu[1] = x1}} \subseteq S2
       /\ {tt[2] : tt \in {uu \in T : uu[1] = x1}} # {}

@!!END

@!!BEGIN
@!!type:obligation
@!!id:299
@!!loc:598:5:598:12
@!!status:proved
@!!prover:smt
@!!meth:time-limit: 5; time-used: 0.1 (2%)
@!!already:false
@!!obl:
ASSUME NEW CONSTANT R1,
       NEW CONSTANT R2,
       NEW CONSTANT S1,
       NEW CONSTANT S2,
       IsWellFoundedOn(R1, S1) ,
       IsWellFoundedOn(R2, S2) ,
       NEW CONSTANT T \in SUBSET S1 \X S2,
       T # {} 
PROVE  {tt[1] : tt \in T} \subseteq S1 /\ {tt[1] : tt \in T} # {}

@!!END

@!!BEGIN
@!!type:obligation
@!!id:307
@!!loc:615:5:615:7
@!!status:normalized
@!!meth:time-limit: 5
@!!obl:ASSUME NEW CONSTANT R1,
       NEW CONSTANT R2,
       NEW CONSTANT S1,
       NEW CONSTANT S2,
       IsWellFoundedOn(R1, S1) ,
       IsWellFoundedOn(R2, S2) ,
       NEW CONSTANT T \in SUBSET S1 \X S2,
       T # {} ,
       NEW CONSTANT x1 \in {tt[1] : tt \in T},
       NEW CONSTANT x2 \in {tt[2] : tt \in {uu \in T : uu[1] = x1}},
       NEW CONSTANT t \in T,
       ASSUME <<t[1], x1>> \in R1 
       PROVE  FALSE ,
       ASSUME t[1] = x1 /\ <<t[2], x2>> \in R2 
       PROVE  FALSE ,
       <<t, <<x1, x2>>>>
       \in {ss \in (S1 \X S2) \X S1 \X S2 :
              \/ <<ss[1][1], ss[2][1]>> \in R1
              \/ /\ ss[1][1] = ss[2][1]
                 /\ <<ss[1][2], ss[2][2]>> \in R2} 
PROVE  FALSE

@!!END

@!!BEGIN
@!!type:obligation
@!!id:301
@!!loc:606:5:606:7
@!!status:proved
@!!prover:zenon
@!!meth:time-limit: 10; time-used: 0.1 (1%)
@!!already:false
@!!obl:
ASSUME NEW CONSTANT R1,
       NEW CONSTANT R2,
       NEW CONSTANT S1,
       NEW CONSTANT S2,
       IsWellFoundedOn(R1, S1) ,
       IsWellFoundedOn(R2, S2) ,
       NEW CONSTANT T \in SUBSET S1 \X S2,
       T # {} ,
       NEW CONSTANT x1 \in {tt[1] : tt \in T},
       {tt[2] : tt \in {uu \in T : uu[1] = x1}} \subseteq S2
       /\ {tt[2] : tt \in {uu \in T : uu[1] = x1}} # {} ,
       ASSUME NEW CONSTANT R,
              NEW CONSTANT S,
              IsWellFoundedOn(R, S) ,
              NEW CONSTANT T_1,
              T_1 \subseteq S ,
              T_1 # {} 
       PROVE  \E x \in T_1 : \A y \in T_1 : ~<<y, x>> \in R ,
       TRUE 
PROVE  \E x2 \in {tt[2] : tt \in {uu \in T : uu[1] = x1}} :
          \A y2 \in {tt[2] : tt \in {uu \in T : uu[1] = x1}} :
             <<y2, x2>> \notin R2

@!!END

@!!BEGIN
@!!type:obligation
@!!id:308
@!!loc:615:8:615:12
@!!status:trivial
@!!prover:tlapm
@!!already:false
@!!obl:ASSUME NEW CONSTANT R1,
       NEW CONSTANT R2,
       NEW CONSTANT S1,
       NEW CONSTANT S2,
       IsWellFoundedOn(R1, S1) ,
       IsWellFoundedOn(R2, S2) ,
       NEW CONSTANT T \in SUBSET S1 \X S2,
       T # {} ,
       NEW CONSTANT x1 \in {tt[1] : tt \in T},
       NEW CONSTANT x2 \in {tt[2] : tt \in {uu \in T : uu[1] = x1}},
       NEW CONSTANT t \in T,
       ASSUME <<t[1], x1>> \in R1 
       PROVE  FALSE 
PROVE  ASSUME <<t[1], x1>> \in R1 
       PROVE  FALSE

@!!END

@!!BEGIN
@!!type:obligation
@!!id:309
@!!loc:615:14:615:18
@!!status:trivial
@!!prover:tlapm
@!!already:false
@!!obl:ASSUME NEW CONSTANT R1,
       NEW CONSTANT R2,
       NEW CONSTANT S1,
       NEW CONSTANT S2,
       IsWellFoundedOn(R1, S1) ,
       IsWellFoundedOn(R2, S2) ,
       NEW CONSTANT T \in SUBSET S1 \X S2,
       T # {} ,
       NEW CONSTANT x1 \in {tt[1] : tt \in T},
       NEW CONSTANT x2 \in {tt[2] : tt \in {uu \in T : uu[1] = x1}},
       NEW CONSTANT t \in T,
       ASSUME t[1] = x1 /\ <<t[2], x2>> \in R2 
       PROVE  FALSE ,
       ASSUME <<t[1], x1>> \in R1 
       PROVE  FALSE 
PROVE  ASSUME t[1] = x1 /\ <<t[2], x2>> \in R2 
       PROVE  FALSE

@!!END

@!!BEGIN
@!!type:obligation
@!!id:310
@!!loc:615:20:615:24
@!!status:trivial
@!!prover:tlapm
@!!already:false
@!!obl:ASSUME NEW CONSTANT R1,
       NEW CONSTANT R2,
       NEW CONSTANT S1,
       NEW CONSTANT S2,
       IsWellFoundedOn(R1, S1) ,
       IsWellFoundedOn(R2, S2) ,
       NEW CONSTANT T \in SUBSET S1 \X S2,
       T # {} ,
       NEW CONSTANT x1 \in {tt[1] : tt \in T},
       NEW CONSTANT x2 \in {tt[2] : tt \in {uu \in T : uu[1] = x1}},
       NEW CONSTANT t \in T,
       <<t, <<x1, x2>>>>
       \in {ss \in (S1 \X S2) \X S1 \X S2 :
              \/ <<ss[1][1], ss[2][1]>> \in R1
              \/ /\ ss[1][1] = ss[2][1]
                 /\ <<ss[1][2], ss[2][2]>> \in R2} ,
       ASSUME <<t[1], x1>> \in R1 
       PROVE  FALSE ,
       ASSUME t[1] = x1 /\ <<t[2], x2>> \in R2 
       PROVE  FALSE 
PROVE  <<t, <<x1, x2>>>>
       \in {ss \in (S1 \X S2) \X S1 \X S2 :
              \/ <<ss[1][1], ss[2][1]>> \in R1
              \/ /\ ss[1][1] = ss[2][1]
                 /\ <<ss[1][2], ss[2][2]>> \in R2}

@!!END

@!!BEGIN
@!!type:obligation
@!!id:311
@!!loc:611:5:611:7
@!!status:normalized
@!!meth:time-limit: 5
@!!obl:ASSUME NEW CONSTANT R1,
       NEW CONSTANT R2,
       NEW CONSTANT S1,
       NEW CONSTANT S2,
       IsWellFoundedOn(R1, S1) ,
       IsWellFoundedOn(R2, S2) ,
       NEW CONSTANT T \in SUBSET S1 \X S2,
       T # {} ,
       NEW CONSTANT x1 \in {tt[1] : tt \in T},
       NEW CONSTANT x2 \in {tt[2] : tt \in {uu \in T : uu[1] = x1}},
       NEW CONSTANT t \in T,
       \A y1 \in {tt[1] : tt \in T} : <<y1, x1>> \notin R1 ,
       <<t[1], x1>> \in R1 
PROVE  FALSE

@!!END

@!!BEGIN
@!!type:obligation
@!!id:307
@!!loc:615:5:615:7
@!!status:proved
@!!prover:smt
@!!meth:time-limit: 5; time-used: 0.1 (1%)
@!!already:false
@!!obl:
ASSUME NEW CONSTANT R1,
       NEW CONSTANT R2,
       NEW CONSTANT S1,
       NEW CONSTANT S2,
       IsWellFoundedOn(R1, S1) ,
       IsWellFoundedOn(R2, S2) ,
       NEW CONSTANT T \in SUBSET S1 \X S2,
       T # {} ,
       NEW CONSTANT x1 \in {tt[1] : tt \in T},
       NEW CONSTANT x2 \in {tt[2] : tt \in {uu \in T : uu[1] = x1}},
       NEW CONSTANT t \in T,
       ASSUME <<t[1], x1>> \in R1 
       PROVE  FALSE ,
       ASSUME t[1] = x1 /\ <<t[2], x2>> \in R2 
       PROVE  FALSE ,
       <<t, <<x1, x2>>>>
       \in {ss \in (S1 \X S2) \X S1 \X S2 :
              \/ <<ss[1][1], ss[2][1]>> \in R1
              \/ /\ ss[1][1] = ss[2][1]
                 /\ <<ss[1][2], ss[2][2]>> \in R2} 
PROVE  FALSE

@!!END

@!!BEGIN
@!!type:obligation
@!!id:305
@!!loc:604:5:604:12
@!!status:proved
@!!prover:smt
@!!meth:time-limit: 5; time-used: 0.1 (2%)
@!!already:false
@!!obl:
ASSUME NEW CONSTANT R1,
       NEW CONSTANT R2,
       NEW CONSTANT S1,
       NEW CONSTANT S2,
       IsWellFoundedOn(R1, S1) ,
       IsWellFoundedOn(R2, S2) ,
       NEW CONSTANT T \in SUBSET S1 \X S2,
       T # {} ,
       NEW CONSTANT x1 \in {tt[1] : tt \in T}
PROVE  {tt[2] : tt \in {uu \in T : uu[1] = x1}} \subseteq S2
       /\ {tt[2] : tt \in {uu \in T : uu[1] = x1}} # {}

@!!END

@!!BEGIN
@!!type:obligation
@!!id:312
@!!loc:611:8:611:12
@!!status:trivial
@!!prover:tlapm
@!!already:false
@!!obl:ASSUME NEW CONSTANT R1,
       NEW CONSTANT R2,
       NEW CONSTANT S1,
       NEW CONSTANT S2,
       IsWellFoundedOn(R1, S1) ,
       IsWellFoundedOn(R2, S2) ,
       NEW CONSTANT T \in SUBSET S1 \X S2,
       T # {} ,
       NEW CONSTANT x1 \in {tt[1] : tt \in T},
       \A y1 \in {tt[1] : tt \in T} : <<y1, x1>> \notin R1 ,
       NEW CONSTANT x2 \in {tt[2] : tt \in {uu \in T : uu[1] = x1}},
       NEW CONSTANT t \in T
PROVE  \A y1 \in {tt[1] : tt \in T} : <<y1, x1>> \notin R1

@!!END

@!!BEGIN
@!!type:obligation
@!!id:313
@!!loc:611:14:611:18
@!!status:trivial
@!!prover:tlapm
@!!already:false
@!!obl:ASSUME NEW CONSTANT R1,
       NEW CONSTANT R2,
       NEW CONSTANT S1,
       NEW CONSTANT S2,
       IsWellFoundedOn(R1, S1) ,
       IsWellFoundedOn(R2, S2) ,
       NEW CONSTANT T \in SUBSET S1 \X S2,
       T # {} ,
       NEW CONSTANT x1 \in {tt[1] : tt \in T},
       NEW CONSTANT x2 \in {tt[2] : tt \in {uu \in T : uu[1] = x1}},
       NEW CONSTANT t \in T,
       <<t[1], x1>> \in R1 ,
       \A y1 \in {tt[1] : tt \in T} : <<y1, x1>> \notin R1 
PROVE  <<t[1], x1>> \in R1

@!!END

@!!BEGIN
@!!type:obligation
@!!id:314
@!!loc:613:5:613:7
@!!status:normalized
@!!meth:time-limit: 5
@!!obl:ASSUME NEW CONSTANT R1,
       NEW CONSTANT R2,
       NEW CONSTANT S1,
       NEW CONSTANT S2,
       IsWellFoundedOn(R1, S1) ,
       IsWellFoundedOn(R2, S2) ,
       NEW CONSTANT T \in SUBSET S1 \X S2,
       T # {} ,
       NEW CONSTANT x1 \in {tt[1] : tt \in T},
       NEW CONSTANT x2 \in {tt[2] : tt \in {uu \in T : uu[1] = x1}},
       NEW CONSTANT t \in T,
       \A y2 \in {tt[2] : tt \in {uu \in T : uu[1] = x1}} :
          <<y2, x2>> \notin R2 ,
       t[1] = x1 /\ <<t[2], x2>> \in R2 
PROVE  FALSE

@!!END

@!!BEGIN
@!!type:obligation
@!!id:315
@!!loc:613:8:613:12
@!!status:trivial
@!!prover:tlapm
@!!already:false
@!!obl:ASSUME NEW CONSTANT R1,
       NEW CONSTANT R2,
       NEW CONSTANT S1,
       NEW CONSTANT S2,
       IsWellFoundedOn(R1, S1) ,
       IsWellFoundedOn(R2, S2) ,
       NEW CONSTANT T \in SUBSET S1 \X S2,
       T # {} ,
       NEW CONSTANT x1 \in {tt[1] : tt \in T},
       NEW CONSTANT x2 \in {tt[2] : tt \in {uu \in T : uu[1] = x1}},
       \A y2 \in {tt[2] : tt \in {uu \in T : uu[1] = x1}} :
          <<y2, x2>> \notin R2 ,
       NEW CONSTANT t \in T
PROVE  \A y2 \in {tt[2] : tt \in {uu \in T : uu[1] = x1}} :
          <<y2, x2>> \notin R2

@!!END

@!!BEGIN
@!!type:obligation
@!!id:316
@!!loc:613:14:613:18
@!!status:trivial
@!!prover:tlapm
@!!already:false
@!!obl:ASSUME NEW CONSTANT R1,
       NEW CONSTANT R2,
       NEW CONSTANT S1,
       NEW CONSTANT S2,
       IsWellFoundedOn(R1, S1) ,
       IsWellFoundedOn(R2, S2) ,
       NEW CONSTANT T \in SUBSET S1 \X S2,
       T # {} ,
       NEW CONSTANT x1 \in {tt[1] : tt \in T},
       NEW CONSTANT x2 \in {tt[2] : tt \in {uu \in T : uu[1] = x1}},
       NEW CONSTANT t \in T,
       t[1] = x1 /\ <<t[2], x2>> \in R2 ,
       \A y2 \in {tt[2] : tt \in {uu \in T : uu[1] = x1}} :
          <<y2, x2>> \notin R2 
PROVE  t[1] = x1 /\ <<t[2], x2>> \in R2

@!!END

@!!BEGIN
@!!type:obligation
@!!id:317
@!!loc:722:3:722:5
@!!status:normalized
@!!meth:time-limit: 5
@!!obl:ASSUME NEW CONSTANT R,
       NEW CONSTANT S,
       NEW CONSTANT n \in Nat,
       IsWellFoundedOn(R, S) ,
       \A m \in Nat :
          IsWellFoundedOn(LexProductOrdering(R, S, m), [1..m -> S]) 
PROVE  IsWellFoundedOn(LexProductOrdering(R, S, n), [1..n -> S])

@!!END

@!!BEGIN
@!!type:obligation
@!!id:314
@!!loc:613:5:613:7
@!!status:proved
@!!prover:smt
@!!meth:time-limit: 5; time-used: 0.1 (1%)
@!!already:false
@!!obl:
ASSUME NEW CONSTANT R1,
       NEW CONSTANT R2,
       NEW CONSTANT S1,
       NEW CONSTANT S2,
       IsWellFoundedOn(R1, S1) ,
       IsWellFoundedOn(R2, S2) ,
       NEW CONSTANT T \in SUBSET S1 \X S2,
       T # {} ,
       NEW CONSTANT x1 \in {tt[1] : tt \in T},
       NEW CONSTANT x2 \in {tt[2] : tt \in {uu \in T : uu[1] = x1}},
       NEW CONSTANT t \in T,
       \A y2 \in {tt[2] : tt \in {uu \in T : uu[1] = x1}} :
          <<y2, x2>> \notin R2 ,
       t[1] = x1 /\ <<t[2], x2>> \in R2 
PROVE  FALSE

@!!END

@!!BEGIN
@!!type:obligation
@!!id:311
@!!loc:611:5:611:7
@!!status:proved
@!!prover:smt
@!!meth:time-limit: 5; time-used: 0.1 (2%)
@!!already:false
@!!obl:
ASSUME NEW CONSTANT R1,
       NEW CONSTANT R2,
       NEW CONSTANT S1,
       NEW CONSTANT S2,
       IsWellFoundedOn(R1, S1) ,
       IsWellFoundedOn(R2, S2) ,
       NEW CONSTANT T \in SUBSET S1 \X S2,
       T # {} ,
       NEW CONSTANT x1 \in {tt[1] : tt \in T},
       NEW CONSTANT x2 \in {tt[2] : tt \in {uu \in T : uu[1] = x1}},
       NEW CONSTANT t \in T,
       \A y1 \in {tt[1] : tt \in T} : <<y1, x1>> \notin R1 ,
       <<t[1], x1>> \in R1 
PROVE  FALSE

@!!END

@!!BEGIN
@!!type:obligation
@!!id:318
@!!loc:722:6:722:10
@!!status:trivial
@!!prover:tlapm
@!!already:false
@!!obl:ASSUME NEW CONSTANT R,
       NEW CONSTANT S,
       NEW CONSTANT n \in Nat,
       IsWellFoundedOn(R, S) ,
       \A m \in Nat :
          IsWellFoundedOn(LexProductOrdering(R, S, m), [1..m -> S]) 
PROVE  \A m \in Nat :
          IsWellFoundedOn(LexProductOrdering(R, S, m), [1..m -> S])

@!!END

@!!BEGIN
@!!type:obligation
@!!id:319
@!!loc:639:3:639:5
@!!status:normalized
@!!meth:time-limit: 10
@!!obl:ASSUME NEW CONSTANT R,
       NEW CONSTANT S,
       NEW CONSTANT n \in Nat,
       IsWellFoundedOn(R, S) ,
       \A S_1 : IsWellFoundedOn({}, S_1) ,
       1..0 = {} ,
       TRUE 
PROVE  IsWellFoundedOn({ff \in [1..0 -> S] \X [1..0 -> S] :
                          \E j \in 1..0 :
                             /\ \A i \in 1..j - 1 : ff[1][i] = ff[2][i]
                             /\ <<ff[1][j], ff[2][j]>> \in R},
                       [1..0 -> S])

@!!END

@!!BEGIN
@!!type:obligation
@!!id:320
@!!loc:639:6:639:24
@!!status:trivial
@!!prover:tlapm
@!!already:false
@!!obl:ASSUME \A S : IsWellFoundedOn({}, S) ,
       NEW CONSTANT R,
       NEW CONSTANT S,
       NEW CONSTANT n \in Nat,
       IsWellFoundedOn(R, S) 
PROVE  \A S_1 : IsWellFoundedOn({}, S_1)

@!!END

@!!BEGIN
@!!type:obligation
@!!id:321
@!!loc:639:26:639:35
@!!status:normalized
@!!meth:time-limit: 5
@!!obl:ASSUME NEW CONSTANT R,
       NEW CONSTANT S,
       NEW CONSTANT n \in Nat,
       IsWellFoundedOn(R, S) ,
       \A S_1 : IsWellFoundedOn({}, S_1) 
PROVE  1..0 = {}

@!!END

@!!BEGIN
@!!type:obligation
@!!id:319
@!!loc:639:3:639:5
@!!status:proved
@!!prover:zenon
@!!meth:time-limit: 10; time-used: 0.1 (1%)
@!!already:false
@!!obl:
ASSUME NEW CONSTANT R,
       NEW CONSTANT S,
       NEW CONSTANT n \in Nat,
       IsWellFoundedOn(R, S) ,
       \A S_1 : IsWellFoundedOn({}, S_1) ,
       1..0 = {} ,
       TRUE 
PROVE  IsWellFoundedOn({ff \in [1..0 -> S] \X [1..0 -> S] :
                          \E j \in 1..0 :
                             /\ \A i \in 1..j - 1 : ff[1][i] = ff[2][i]
                             /\ <<ff[1][j], ff[2][j]>> \in R},
                       [1..0 -> S])

@!!END

@!!BEGIN
@!!type:obligation
@!!id:317
@!!loc:722:3:722:5
@!!status:proved
@!!prover:smt
@!!meth:time-limit: 5; time-used: 0.1 (3%)
@!!already:false
@!!obl:
ASSUME NEW CONSTANT R,
       NEW CONSTANT S,
       NEW CONSTANT n \in Nat,
       IsWellFoundedOn(R, S) ,
       \A m \in Nat :
          IsWellFoundedOn(LexProductOrdering(R, S, m), [1..m -> S]) 
PROVE  IsWellFoundedOn(LexProductOrdering(R, S, n), [1..n -> S])

@!!END

@!!BEGIN
@!!type:obligation
@!!id:322
@!!loc:639:37:639:42
@!!status:trivial
@!!prover:tlapm
@!!already:false
@!!obl:ASSUME NEW CONSTANT R,
       NEW CONSTANT S,
       NEW CONSTANT n \in Nat,
       IsWellFoundedOn(R, S) ,
       \A S_1 : IsWellFoundedOn({}, S_1) ,
       1..0 = {} 
PROVE  TRUE

@!!END

@!!BEGIN
@!!type:obligation
@!!id:323
@!!loc:718:5:718:7
@!!status:normalized
@!!meth:time-limit: 5
@!!obl:ASSUME NEW CONSTANT R,
       NEW CONSTANT S,
       NEW CONSTANT n \in Nat,
       IsWellFoundedOn(R, S) ,
       NEW CONSTANT m \in Nat,
       IsWellFoundedOn(PreImage(LAMBDA ss :
                                  <<[i \in 1..m |-> ss[i]], ss[m + 1]>>,
                                [1..m + 1 -> S],
                                LexPairOrdering(LexProductOrdering(R, S, m),
                                                R, [1..m -> S], S)),
                       [1..m + 1 -> S]) ,
       LexProductOrdering(R, S, m + 1)
       = PreImage(LAMBDA ss : <<[i \in 1..m |-> ss[i]], ss[m + 1]>>,
                  [1..m + 1 -> S],
                  LexPairOrdering(LexProductOrdering(R, S, m), R,
                                  [1..m -> S], S)) 
PROVE  IsWellFoundedOn(LexProductOrdering(R, S, m + 1), [1..m + 1 -> S])

@!!END

@!!BEGIN
@!!type:obligation
@!!id:324
@!!loc:718:8:718:12
@!!status:trivial
@!!prover:tlapm
@!!already:false
@!!obl:ASSUME NEW CONSTANT R,
       NEW CONSTANT S,
       NEW CONSTANT n \in Nat,
       IsWellFoundedOn(R, S) ,
       NEW CONSTANT m \in Nat,
       IsWellFoundedOn(PreImage(LAMBDA ss :
                                  <<[i \in 1..m |-> ss[i]], ss[m + 1]>>,
                                [1..m + 1 -> S],
                                LexPairOrdering(LexProductOrdering(R, S, m),
                                                R, [1..m -> S], S)),
                       [1..m + 1 -> S]) 
PROVE  IsWellFoundedOn(PreImage(LAMBDA ss :
                                  <<[i \in 1..m |-> ss[i]], ss[m + 1]>>,
                                [1..m + 1 -> S],
                                LexPairOrdering(LexProductOrdering(R, S, m),
                                                R, [1..m -> S], S)),
                       [1..m + 1 -> S])

@!!END

@!!BEGIN
@!!type:obligation
@!!id:325
@!!loc:718:14:718:18
@!!status:trivial
@!!prover:tlapm
@!!already:false
@!!obl:ASSUME NEW CONSTANT R,
       NEW CONSTANT S,
       NEW CONSTANT n \in Nat,
       IsWellFoundedOn(R, S) ,
       NEW CONSTANT m \in Nat,
       LexProductOrdering(R, S, m + 1)
       = PreImage(LAMBDA ss : <<[i \in 1..m |-> ss[i]], ss[m + 1]>>,
                  [1..m + 1 -> S],
                  LexPairOrdering(LexProductOrdering(R, S, m), R,
                                  [1..m -> S], S)) ,
       IsWellFoundedOn(PreImage(LAMBDA ss :
                                  <<[i \in 1..m |-> ss[i]], ss[m + 1]>>,
                                [1..m + 1 -> S],
                                LexPairOrdering(LexProductOrdering(R, S, m),
                                                R, [1..m -> S], S)),
                       [1..m + 1 -> S]) 
PROVE  LexProductOrdering(R, S, m + 1)
       = PreImage(LAMBDA ss : <<[i \in 1..m |-> ss[i]], ss[m + 1]>>,
                  [1..m + 1 -> S],
                  LexPairOrdering(LexProductOrdering(R, S, m), R,
                                  [1..m -> S], S))

@!!END

@!!BEGIN
@!!type:obligation
@!!id:326
@!!loc:643:5:643:7
@!!status:normalized
@!!meth:time-limit: 5
@!!obl:ASSUME NEW CONSTANT R,
       NEW CONSTANT S,
       NEW CONSTANT n \in Nat,
       IsWellFoundedOn(R, S) ,
       NEW CONSTANT m \in Nat,
       IsWellFoundedOn(LexProductOrdering(R, S, m), [1..m -> S]) ,
       ASSUME NEW CONSTANT R1,
              NEW CONSTANT R2,
              NEW CONSTANT S1,
              NEW CONSTANT S2,
              IsWellFoundedOn(R1, S1) ,
              IsWellFoundedOn(R2, S2) 
       PROVE  IsWellFoundedOn(LexPairOrdering(R1, R2, S1, S2), S1 \X S2) 
PROVE  IsWellFoundedOn(LexPairOrdering(LexProductOrdering(R, S, m), R,
                                       [1..m -> S], S),
                       [1..m -> S] \X S)

@!!END

@!!BEGIN
@!!type:obligation
@!!id:323
@!!loc:718:5:718:7
@!!status:proved
@!!prover:smt
@!!meth:time-limit: 5; time-used: 0.1 (1%)
@!!already:false
@!!obl:
ASSUME NEW CONSTANT R,
       NEW CONSTANT S,
       NEW CONSTANT n \in Nat,
       IsWellFoundedOn(R, S) ,
       NEW CONSTANT m \in Nat,
       IsWellFoundedOn(PreImage(LAMBDA ss :
                                  <<[i \in 1..m |-> ss[i]], ss[m + 1]>>,
                                [1..m + 1 -> S],
                                LexPairOrdering(LexProductOrdering(R, S, m),
                                                R, [1..m -> S], S)),
                       [1..m + 1 -> S]) ,
       LexProductOrdering(R, S, m + 1)
       = PreImage(LAMBDA ss : <<[i \in 1..m |-> ss[i]], ss[m + 1]>>,
                  [1..m + 1 -> S],
                  LexPairOrdering(LexProductOrdering(R, S, m), R,
                                  [1..m -> S], S)) 
PROVE  IsWellFoundedOn(LexProductOrdering(R, S, m + 1), [1..m + 1 -> S])

@!!END

@!!BEGIN
@!!type:obligation
@!!id:321
@!!loc:639:26:639:35
@!!status:proved
@!!prover:smt
@!!meth:time-limit: 5; time-used: 0.1 (2%)
@!!already:false
@!!obl:
ASSUME NEW CONSTANT R,
       NEW CONSTANT S,
       NEW CONSTANT n \in Nat,
       IsWellFoundedOn(R, S) ,
       \A S_1 : IsWellFoundedOn({}, S_1) 
PROVE  1..0 = {}

@!!END

@!!BEGIN
@!!type:obligation
@!!id:327
@!!loc:643:8:643:12
@!!status:trivial
@!!prover:tlapm
@!!already:false
@!!obl:ASSUME NEW CONSTANT R,
       NEW CONSTANT S,
       NEW CONSTANT n \in Nat,
       IsWellFoundedOn(R, S) ,
       NEW CONSTANT m \in Nat,
       IsWellFoundedOn(LexProductOrdering(R, S, m), [1..m -> S]) 
PROVE  IsWellFoundedOn(LexProductOrdering(R, S, m), [1..m -> S])

@!!END

@!!BEGIN
@!!type:obligation
@!!id:328
@!!loc:643:14:643:31
@!!status:trivial
@!!prover:tlapm
@!!already:false
@!!obl:ASSUME ASSUME NEW CONSTANT R1,
              NEW CONSTANT R2,
              NEW CONSTANT S1,
              NEW CONSTANT S2,
              IsWellFoundedOn(R1, S1) ,
              IsWellFoundedOn(R2, S2) 
       PROVE  IsWellFoundedOn(LexPairOrdering(R1, R2, S1, S2), S1 \X S2) ,
       NEW CONSTANT R,
       NEW CONSTANT S,
       NEW CONSTANT n \in Nat,
       IsWellFoundedOn(R, S) ,
       NEW CONSTANT m \in Nat,
       IsWellFoundedOn(LexProductOrdering(R, S, m), [1..m -> S]) 
PROVE  ASSUME NEW CONSTANT R1,
              NEW CONSTANT R2,
              NEW CONSTANT S1,
              NEW CONSTANT S2,
              IsWellFoundedOn(R1, S1) ,
              IsWellFoundedOn(R2, S2) 
       PROVE  IsWellFoundedOn(LexPairOrdering(R1, R2, S1, S2), S1 \X S2)

@!!END

@!!BEGIN
@!!type:obligation
@!!id:329
@!!loc:657:7:657:9
@!!status:normalized
@!!meth:time-limit: 30
@!!obl:ASSUME NEW CONSTANT R,
       NEW CONSTANT S,
       NEW CONSTANT n \in Nat,
       IsWellFoundedOn(R, S) ,
       NEW CONSTANT m \in Nat,
       IsWellFoundedOn(LexPairOrdering(LexProductOrdering(R, S, m), R,
                                       [1..m -> S], S),
                       [1..m -> S] \X S) ,
       \A ss \in [1..m + 1 -> S] : g(ss) \in [1..m -> S] \X S ,
       ASSUME NEW CONSTANT S_1,
              NEW CONSTANT T,
              NEW CONSTANT R_1,
              NEW CONSTANT f(_),
              \A s \in S_1 : f(s) \in T ,
              IsWellFoundedOn(R_1, T) 
       PROVE  IsWellFoundedOn(PreImage(f, S_1, R_1), S_1) ,
       TRUE 
PROVE  IsWellFoundedOn(PreImage(g, [1..m + 1 -> S],
                                LexPairOrdering(LexProductOrdering(R, S, m),
                                                R, [1..m -> S], S)),
                       [1..m + 1 -> S])

@!!END

@!!BEGIN
@!!type:obligation
@!!id:330
@!!loc:657:10:657:14
@!!status:trivial
@!!prover:tlapm
@!!already:false
@!!obl:ASSUME NEW CONSTANT R,
       NEW CONSTANT S,
       NEW CONSTANT n \in Nat,
       IsWellFoundedOn(R, S) ,
       NEW CONSTANT m \in Nat,
       IsWellFoundedOn(LexPairOrdering(LexProductOrdering(R, S, m), R,
                                       [1..m -> S], S),
                       [1..m -> S] \X S) 
PROVE  IsWellFoundedOn(LexPairOrdering(LexProductOrdering(R, S, m), R,
                                       [1..m -> S], S),
                       [1..m -> S] \X S)

@!!END

@!!BEGIN
@!!type:obligation
@!!id:331
@!!loc:657:16:657:20
@!!status:trivial
@!!prover:tlapm
@!!already:false
@!!obl:ASSUME NEW CONSTANT R,
       NEW CONSTANT S,
       NEW CONSTANT n \in Nat,
       IsWellFoundedOn(R, S) ,
       NEW CONSTANT m \in Nat,
       \A ss \in [1..m + 1 -> S] : g(ss) \in [1..m -> S] \X S ,
       IsWellFoundedOn(LexPairOrdering(LexProductOrdering(R, S, m), R,
                                       [1..m -> S], S),
                       [1..m -> S] \X S) 
PROVE  \A ss \in [1..m + 1 -> S] : g(ss) \in [1..m -> S] \X S

@!!END

@!!BEGIN
@!!type:obligation
@!!id:332
@!!loc:657:22:657:41
@!!status:trivial
@!!prover:tlapm
@!!already:false
@!!obl:ASSUME ASSUME NEW CONSTANT S,
              NEW CONSTANT T,
              NEW CONSTANT R,
              NEW CONSTANT f(_),
              \A s \in S : f(s) \in T ,
              IsWellFoundedOn(R, T) 
       PROVE  IsWellFoundedOn(PreImage(f, S, R), S) ,
       NEW CONSTANT R,
       NEW CONSTANT S,
       NEW CONSTANT n \in Nat,
       IsWellFoundedOn(R, S) ,
       NEW CONSTANT m \in Nat,
       IsWellFoundedOn(LexPairOrdering(LexProductOrdering(R, S, m), R,
                                       [1..m -> S], S),
                       [1..m -> S] \X S) ,
       \A ss \in [1..m + 1 -> S] : g(ss) \in [1..m -> S] \X S 
PROVE  ASSUME NEW CONSTANT S_1,
              NEW CONSTANT T,
              NEW CONSTANT R_1,
              NEW CONSTANT f(_),
              \A s \in S_1 : f(s) \in T ,
              IsWellFoundedOn(R_1, T) 
       PROVE  IsWellFoundedOn(PreImage(f, S_1, R_1), S_1)

@!!END

@!!BEGIN
@!!type:obligation
@!!id:333
@!!loc:657:43:657:46
@!!status:trivial
@!!prover:tlapm
@!!already:false
@!!obl:ASSUME NEW CONSTANT R,
       NEW CONSTANT S,
       NEW CONSTANT n \in Nat,
       IsWellFoundedOn(R, S) ,
       NEW CONSTANT m \in Nat,
       IsWellFoundedOn(LexPairOrdering(LexProductOrdering(R, S, m), R,
                                       [1..m -> S], S),
                       [1..m -> S] \X S) ,
       \A ss \in [1..m + 1 -> S] : g(ss) \in [1..m -> S] \X S ,
       ASSUME NEW CONSTANT S_1,
              NEW CONSTANT T,
              NEW CONSTANT R_1,
              NEW CONSTANT f(_),
              \A s \in S_1 : f(s) \in T ,
              IsWellFoundedOn(R_1, T) 
       PROVE  IsWellFoundedOn(PreImage(f, S_1, R_1), S_1) 
PROVE  TRUE

@!!END

@!!BEGIN
@!!type:obligation
@!!id:334
@!!loc:654:7:654:14
@!!status:normalized
@!!meth:time-limit: 5
@!!obl:ASSUME NEW CONSTANT R,
       NEW CONSTANT S,
       NEW CONSTANT n \in Nat,
       IsWellFoundedOn(R, S) ,
       NEW CONSTANT m \in Nat
PROVE  \A ss \in [1..m + 1 -> S] :
          <<[i \in 1..m |-> ss[i]], ss[m + 1]>> \in [1..m -> S] \X S

@!!END

@!!BEGIN
@!!type:obligation
@!!id:326
@!!loc:643:5:643:7
@!!status:proved
@!!prover:smt
@!!meth:time-limit: 5; time-used: 0.1 (3%)
@!!already:false
@!!obl:
ASSUME NEW CONSTANT R,
       NEW CONSTANT S,
       NEW CONSTANT n \in Nat,
       IsWellFoundedOn(R, S) ,
       NEW CONSTANT m \in Nat,
       IsWellFoundedOn(LexProductOrdering(R, S, m), [1..m -> S]) ,
       ASSUME NEW CONSTANT R1,
              NEW CONSTANT R2,
              NEW CONSTANT S1,
              NEW CONSTANT S2,
              IsWellFoundedOn(R1, S1) ,
              IsWellFoundedOn(R2, S2) 
       PROVE  IsWellFoundedOn(LexPairOrdering(R1, R2, S1, S2), S1 \X S2) 
PROVE  IsWellFoundedOn(LexPairOrdering(LexProductOrdering(R, S, m), R,
                                       [1..m -> S], S),
                       [1..m -> S] \X S)

@!!END

@!!BEGIN
@!!type:obligation
@!!id:335
@!!loc:716:7:716:9
@!!status:normalized
@!!meth:time-limit: 5
@!!obl:ASSUME NEW CONSTANT R,
       NEW CONSTANT S,
       NEW CONSTANT n \in Nat,
       IsWellFoundedOn(R, S) ,
       NEW CONSTANT m \in Nat,
       LexProductOrdering(R, S, m + 1)
       \subseteq PreImage(LAMBDA ss : <<[i \in 1..m |-> ss[i]], ss[m + 1]>>,
                          [1..m + 1 -> S],
                          LexPairOrdering(LexProductOrdering(R, S, m), R,
                                          [1..m -> S], S)) ,
       PreImage(LAMBDA ss : <<[i \in 1..m |-> ss[i]], ss[m + 1]>>,
                [1..m + 1 -> S],
                LexPairOrdering(LexProductOrdering(R, S, m), R, [1..m -> S],
                                S))
       \subseteq LexProductOrdering(R, S, m + 1) 
PROVE  LexProductOrdering(R, S, m + 1)
       = PreImage(LAMBDA ss : <<[i \in 1..m |-> ss[i]], ss[m + 1]>>,
                  [1..m + 1 -> S],
                  LexPairOrdering(LexProductOrdering(R, S, m), R,
                                  [1..m -> S], S))

@!!END

@!!BEGIN
@!!type:obligation
@!!id:334
@!!loc:654:7:654:14
@!!status:proved
@!!prover:smt
@!!meth:time-limit: 5; time-used: 0.1 (1%)
@!!already:false
@!!obl:
ASSUME NEW CONSTANT R,
       NEW CONSTANT S,
       NEW CONSTANT n \in Nat,
       IsWellFoundedOn(R, S) ,
       NEW CONSTANT m \in Nat
PROVE  \A ss \in [1..m + 1 -> S] :
          <<[i \in 1..m |-> ss[i]], ss[m + 1]>> \in [1..m -> S] \X S

@!!END

@!!BEGIN
@!!type:obligation
@!!id:336
@!!loc:716:10:716:14
@!!status:trivial
@!!prover:tlapm
@!!already:false
@!!obl:ASSUME NEW CONSTANT R,
       NEW CONSTANT S,
       NEW CONSTANT n \in Nat,
       IsWellFoundedOn(R, S) ,
       NEW CONSTANT m \in Nat,
       LexProductOrdering(R, S, m + 1)
       \subseteq PreImage(LAMBDA ss : <<[i \in 1..m |-> ss[i]], ss[m + 1]>>,
                          [1..m + 1 -> S],
                          LexPairOrdering(LexProductOrdering(R, S, m), R,
                                          [1..m -> S], S)) 
PROVE  LexProductOrdering(R, S, m + 1)
       \subseteq PreImage(LAMBDA ss : <<[i \in 1..m |-> ss[i]], ss[m + 1]>>,
                          [1..m + 1 -> S],
                          LexPairOrdering(LexProductOrdering(R, S, m), R,
                                          [1..m -> S], S))

@!!END

@!!BEGIN
@!!type:obligation
@!!id:337
@!!loc:716:16:716:20
@!!status:trivial
@!!prover:tlapm
@!!already:false
@!!obl:ASSUME NEW CONSTANT R,
       NEW CONSTANT S,
       NEW CONSTANT n \in Nat,
       IsWellFoundedOn(R, S) ,
       NEW CONSTANT m \in Nat,
       PreImage(LAMBDA ss : <<[i \in 1..m |-> ss[i]], ss[m + 1]>>,
                [1..m + 1 -> S],
                LexPairOrdering(LexProductOrdering(R, S, m), R, [1..m -> S],
                                S))
       \subseteq LexProductOrdering(R, S, m + 1) ,
       LexProductOrdering(R, S, m + 1)
       \subseteq PreImage(LAMBDA ss : <<[i \in 1..m |-> ss[i]], ss[m + 1]>>,
                          [1..m + 1 -> S],
                          LexPairOrdering(LexProductOrdering(R, S, m), R,
                                          [1..m -> S], S)) 
PROVE  PreImage(LAMBDA ss : <<[i \in 1..m |-> ss[i]], ss[m + 1]>>,
                [1..m + 1 -> S],
                LexPairOrdering(LexProductOrdering(R, S, m), R, [1..m -> S],
                                S))
       \subseteq LexProductOrdering(R, S, m + 1)

@!!END

@!!BEGIN
@!!type:obligation
@!!id:338
@!!loc:660:7:660:14
@!!status:normalized
@!!meth:time-limit: 5
@!!obl:ASSUME NEW CONSTANT R,
       NEW CONSTANT S,
       NEW CONSTANT n \in Nat,
       IsWellFoundedOn(R, S) ,
       NEW CONSTANT m \in Nat
PROVE  1..m + 1 = 1..m \cup {m + 1}

@!!END

@!!BEGIN
@!!type:obligation
@!!id:338
@!!loc:660:7:660:14
@!!status:proved
@!!prover:smt
@!!meth:time-limit: 5; time-used: 0.0 (0%)
@!!already:false
@!!obl:
ASSUME NEW CONSTANT R,
       NEW CONSTANT S,
       NEW CONSTANT n \in Nat,
       IsWellFoundedOn(R, S) ,
       NEW CONSTANT m \in Nat
PROVE  1..m + 1 = 1..m \cup {m + 1}

@!!END

@!!BEGIN
@!!type:obligation
@!!id:339
@!!loc:685:9:685:11
@!!status:normalized
@!!meth:time-limit: 10
@!!obl:ASSUME NEW CONSTANT R,
       NEW CONSTANT S,
       NEW CONSTANT n \in Nat,
       IsWellFoundedOn(R, S) ,
       NEW CONSTANT m \in Nat,
       NEW CONSTANT x \in [1..m + 1 -> S],
       NEW CONSTANT y \in [1..m + 1 -> S],
       NEW CONSTANT j \in 1..m + 1,
       \A i \in 1..j - 1 : x[i] = y[i] ,
       <<x[j], y[j]>> \in R ,
       <<<<[i \in 1..m |-> x[i]], x[m + 1]>>,
         <<[i \in 1..m |-> y[i]], y[m + 1]>>>>
       \in LexPairOrdering(LexProductOrdering(R, S, m), R, [1..m -> S], S) ,
       TRUE 
PROVE  <<x, y>>
       \in {ss \in [1..m + 1 -> S] \X [1..m + 1 -> S] :
              <<<<[i \in 1..m |-> ss[1][i]], ss[1][m + 1]>>,
                <<[i \in 1..m |-> ss[2][i]], ss[2][m + 1]>>>>
              \in LexPairOrdering(LexProductOrdering(R, S, m), R,
                                  [1..m -> S], S)}

@!!END

@!!BEGIN
@!!type:obligation
@!!id:339
@!!loc:685:9:685:11
@!!status:proved
@!!prover:zenon
@!!meth:time-limit: 10; time-used: 0.1 (1%)
@!!already:false
@!!obl:
ASSUME NEW CONSTANT R,
       NEW CONSTANT S,
       NEW CONSTANT n \in Nat,
       IsWellFoundedOn(R, S) ,
       NEW CONSTANT m \in Nat,
       NEW CONSTANT x \in [1..m + 1 -> S],
       NEW CONSTANT y \in [1..m + 1 -> S],
       NEW CONSTANT j \in 1..m + 1,
       \A i \in 1..j - 1 : x[i] = y[i] ,
       <<x[j], y[j]>> \in R ,
       <<<<[i \in 1..m |-> x[i]], x[m + 1]>>,
         <<[i \in 1..m |-> y[i]], y[m + 1]>>>>
       \in LexPairOrdering(LexProductOrdering(R, S, m), R, [1..m -> S], S) ,
       TRUE 
PROVE  <<x, y>>
       \in {ss \in [1..m + 1 -> S] \X [1..m + 1 -> S] :
              <<<<[i \in 1..m |-> ss[1][i]], ss[1][m + 1]>>,
                <<[i \in 1..m |-> ss[2][i]], ss[2][m + 1]>>>>
              \in LexPairOrdering(LexProductOrdering(R, S, m), R,
                                  [1..m -> S], S)}

@!!END

@!!BEGIN
@!!type:obligation
@!!id:340
@!!loc:685:12:685:16
@!!status:trivial
@!!prover:tlapm
@!!already:false
@!!obl:ASSUME NEW CONSTANT R,
       NEW CONSTANT S,
       NEW CONSTANT n \in Nat,
       IsWellFoundedOn(R, S) ,
       NEW CONSTANT m \in Nat,
       NEW CONSTANT x \in [1..m + 1 -> S],
       NEW CONSTANT y \in [1..m + 1 -> S],
       NEW CONSTANT j \in 1..m + 1,
       \A i \in 1..j - 1 : x[i] = y[i] ,
       <<x[j], y[j]>> \in R ,
       <<<<[i \in 1..m |-> x[i]], x[m + 1]>>,
         <<[i \in 1..m |-> y[i]], y[m + 1]>>>>
       \in LexPairOrdering(LexProductOrdering(R, S, m), R, [1..m -> S], S) 
PROVE  <<<<[i \in 1..m |-> x[i]], x[m + 1]>>,
         <<[i \in 1..m |-> y[i]], y[m + 1]>>>>
       \in LexPairOrdering(LexProductOrdering(R, S, m), R, [1..m -> S], S)

@!!END

@!!BEGIN
@!!type:obligation
@!!id:341
@!!loc:685:18:685:23
@!!status:trivial
@!!prover:tlapm
@!!already:false
@!!obl:ASSUME NEW CONSTANT R,
       NEW CONSTANT S,
       NEW CONSTANT n \in Nat,
       IsWellFoundedOn(R, S) ,
       NEW CONSTANT m \in Nat,
       NEW CONSTANT x \in [1..m + 1 -> S],
       NEW CONSTANT y \in [1..m + 1 -> S],
       NEW CONSTANT j \in 1..m + 1,
       \A i \in 1..j - 1 : x[i] = y[i] ,
       <<x[j], y[j]>> \in R ,
       <<<<[i \in 1..m |-> x[i]], x[m + 1]>>,
         <<[i \in 1..m |-> y[i]], y[m + 1]>>>>
       \in LexPairOrdering(LexProductOrdering(R, S, m), R, [1..m -> S], S) 
PROVE  TRUE

@!!END

@!!BEGIN
@!!type:obligation
@!!id:342
@!!loc:667:9:667:11
@!!status:normalized
@!!meth:time-limit: 30
@!!obl:ASSUME NEW CONSTANT R,
       NEW CONSTANT S,
       NEW CONSTANT n \in Nat,
       IsWellFoundedOn(R, S) ,
       NEW CONSTANT m \in Nat,
       ASSUME NEW CONSTANT x \in [1..m + 1 -> S],
              NEW CONSTANT y \in [1..m + 1 -> S],
              NEW CONSTANT j \in 1..m + 1,
              \A i \in 1..j - 1 : x[i] = y[i] ,
              <<x[j], y[j]>> \in R 
       PROVE  <<x, y>>
              \in PreImage(LAMBDA ss : <<[i \in 1..m |-> ss[i]], ss[m + 1]>>,
                           [1..m + 1 -> S],
                           LexPairOrdering({ff \in [1..m -> S] \X [1..m -> S] :
                                              \E j_1 \in 1..m :
                                                 /\ \A i \in 1..j_1 - 1 :
                                                       ff[1][i] = ff[2][i]
                                                 /\ <<ff[1][j_1],
                                                      ff[2][j_1]>>
                                                    \in R},
                                           R, [1..m -> S], S)) ,
       TRUE 
PROVE  {ff \in [1..m + 1 -> S] \X [1..m + 1 -> S] :
          \E j \in 1..m + 1 :
             /\ \A i \in 1..j - 1 : ff[1][i] = ff[2][i]
             /\ <<ff[1][j], ff[2][j]>> \in R}
       \subseteq PreImage(LAMBDA ss : <<[i \in 1..m |-> ss[i]], ss[m + 1]>>,
                          [1..m + 1 -> S],
                          LexPairOrdering({ff \in [1..m -> S] \X [1..m -> S] :
                                             \E j \in 1..m :
                                                /\ \A i \in 1..j - 1 :
                                                      ff[1][i] = ff[2][i]
                                                /\ <<ff[1][j], ff[2][j]>>
                                                   \in R},
                                          R, [1..m -> S], S))

@!!END

@!!BEGIN
@!!type:obligation
@!!id:245
@!!loc:484:5:484:7
@!!status:being proved
@!!prover:isabelle
@!!meth:auto; time-limit: 30
@!!obl:
ASSUME NEW CONSTANT Def(_, _),
       NEW CONSTANT f,
       NEW CONSTANT R,
       NEW CONSTANT S,
       NEW CONSTANT T,
       ASSUME NEW CONSTANT s \in S,
              \A x \in SetLessThan(s, R, S) : f[x] \in T 
       PROVE  f[s] \in T ,
       IsWellFoundedOn(R, S) ,
       ASSUME NEW CONSTANT P(_),
              NEW CONSTANT R_1,
              NEW CONSTANT S_1,
              IsWellFoundedOn(R_1, S_1) ,
              \A x \in S_1 :
                 (\A y \in SetLessThan(x, R_1, S_1) : P(y)) => P(x) 
       PROVE  \A x \in S_1 : P(x) ,
       TRUE 
PROVE  \A s \in S : f[s] \in T

@!!END

@!!BEGIN
@!!type:obligation
@!!id:263
@!!loc:525:3:525:5
@!!status:being proved
@!!prover:isabelle
@!!meth:auto; time-limit: 30
@!!obl:
ASSUME NEW CONSTANT ff \in [Nat -> Nat],
       \A n \in Nat : ff[n + 1] < ff[n] ,
       TRUE 
PROVE  \E f \in [Nat -> Nat] :
          /\ \A m \in Nat :
                <<f[m + 1], f[m]>> \in {ss \in Nat \X Nat : ss[1] < ss[2]}
          /\ f[0] = ff[0]

@!!END

@!!BEGIN
@!!type:obligation
@!!id:273
@!!loc:538:5:538:7
@!!status:being proved
@!!prover:isabelle
@!!meth:auto; time-limit: 30
@!!obl:
ASSUME NEW CONSTANT ff \in [Nat -> Nat],
       NEW CONSTANT n \in Nat,
       NEW CONSTANT f \in [Nat -> Nat],
       \A m \in Nat :
          <<f[m + 1], f[m]>> \in OpToRel(LAMBDA x1, x2 : x1 < x2, Nat) ,
       f[0] = n ,
       TRUE 
PROVE  \A i \in Nat :
          <<[i_1 \in Nat |-> f[i_1 + 1]][i + 1],
            [i_1 \in Nat |-> f[i_1 + 1]][i]>>
          \in OpToRel(LAMBDA x1, x2 : x1 < x2, Nat)

@!!END

@!!BEGIN
@!!type:obligation
@!!id:275
@!!loc:541:15:541:17
@!!status:being proved
@!!prover:isabelle
@!!meth:auto; time-limit: 30
@!!obl:
ASSUME NEW CONSTANT ff \in [Nat -> Nat],
       NEW CONSTANT n \in Nat,
       NEW CONSTANT f \in [Nat -> Nat],
       \A m \in Nat :
          <<f[m + 1], f[m]>> \in OpToRel(LAMBDA x1, x2 : x1 < x2, Nat) ,
       f[0] = n ,
       f[1] < f[0] ,
       TRUE 
PROVE  [i \in Nat |-> f[i + 1]][0] \in 0..n - 1

@!!END

@!!BEGIN
@!!type:obligation
@!!id:277
@!!loc:540:23:540:25
@!!status:being proved
@!!prover:isabelle
@!!meth:auto; time-limit: 30
@!!obl:
ASSUME NEW CONSTANT ff \in [Nat -> Nat],
       NEW CONSTANT n \in Nat,
       NEW CONSTANT f \in [Nat -> Nat],
       \A m \in Nat :
          <<f[m + 1], f[m]>> \in {ss \in Nat \X Nat : ss[1] < ss[2]} ,
       f[0] = n ,
       TRUE 
PROVE  f[1] < f[0]

@!!END

@!!BEGIN
@!!type:obligation
@!!id:280
@!!loc:547:5:547:7
@!!status:being proved
@!!prover:isabelle
@!!meth:auto; time-limit: 30
@!!obl:
ASSUME NEW CONSTANT ff \in [Nat -> Nat],
       ASSUME NEW CONSTANT n \in Nat,
              \A m \in 0..n - 1 : ~P(m) 
       PROVE  ~P(n) ,
       ASSUME NEW CONSTANT P_1(_),
              \A n \in Nat : (\A m \in 0..n - 1 : P_1(m)) => P_1(n) 
       PROVE  \A n \in Nat : P_1(n) ,
       TRUE 
PROVE  \A n \in Nat : ~P(n)

@!!END

@!!BEGIN
@!!type:obligation
@!!id:288
@!!loc:573:3:573:5
@!!status:being proved
@!!prover:isabelle
@!!meth:auto; time-limit: 30
@!!obl:
ASSUME NEW CONSTANT S,
       NEW CONSTANT T,
       NEW CONSTANT R,
       NEW CONSTANT f(_),
       \A s \in S : f(s) \in T ,
       IsWellFoundedOn(R, T) ,
       NEW CONSTANT g \in [Nat -> S],
       \A n \in Nat :
          <<g[n + 1], g[n]>>
          \in {ss \in S \X S : <<f(ss[1]), f(ss[2])>> \in R} ,
       NEW CONSTANT n \in Nat,
       TRUE 
PROVE  <<[n_1 \in Nat |-> f(g[n_1])][n + 1], [n_1 \in Nat |-> f(g[n_1])][n]>>
       \in R

@!!END

@!!BEGIN
@!!type:obligation
@!!id:329
@!!loc:657:7:657:9
@!!status:being proved
@!!prover:isabelle
@!!meth:auto; time-limit: 30
@!!obl:
ASSUME NEW CONSTANT R,
       NEW CONSTANT S,
       NEW CONSTANT n \in Nat,
       IsWellFoundedOn(R, S) ,
       NEW CONSTANT m \in Nat,
       IsWellFoundedOn(LexPairOrdering(LexProductOrdering(R, S, m), R,
                                       [1..m -> S], S),
                       [1..m -> S] \X S) ,
       \A ss \in [1..m + 1 -> S] : g(ss) \in [1..m -> S] \X S ,
       ASSUME NEW CONSTANT S_1,
              NEW CONSTANT T,
              NEW CONSTANT R_1,
              NEW CONSTANT f(_),
              \A s \in S_1 : f(s) \in T ,
              IsWellFoundedOn(R_1, T) 
       PROVE  IsWellFoundedOn(PreImage(f, S_1, R_1), S_1) ,
       TRUE 
PROVE  IsWellFoundedOn(PreImage(g, [1..m + 1 -> S],
                                LexPairOrdering(LexProductOrdering(R, S, m),
                                                R, [1..m -> S], S)),
                       [1..m + 1 -> S])

@!!END

@!!BEGIN
@!!type:obligation
@!!id:335
@!!loc:716:7:716:9
@!!status:being proved
@!!prover:smt
@!!meth:time-limit: 5
@!!obl:
ASSUME NEW CONSTANT R,
       NEW CONSTANT S,
       NEW CONSTANT n \in Nat,
       IsWellFoundedOn(R, S) ,
       NEW CONSTANT m \in Nat,
       LexProductOrdering(R, S, m + 1)
       \subseteq PreImage(LAMBDA ss : <<[i \in 1..m |-> ss[i]], ss[m + 1]>>,
                          [1..m + 1 -> S],
                          LexPairOrdering(LexProductOrdering(R, S, m), R,
                                          [1..m -> S], S)) ,
       PreImage(LAMBDA ss : <<[i \in 1..m |-> ss[i]], ss[m + 1]>>,
                [1..m + 1 -> S],
                LexPairOrdering(LexProductOrdering(R, S, m), R, [1..m -> S],
                                S))
       \subseteq LexProductOrdering(R, S, m + 1) 
PROVE  LexProductOrdering(R, S, m + 1)
       = PreImage(LAMBDA ss : <<[i \in 1..m |-> ss[i]], ss[m + 1]>>,
                  [1..m + 1 -> S],
                  LexPairOrdering(LexProductOrdering(R, S, m), R,
                                  [1..m -> S], S))

@!!END

@!!BEGIN
@!!type:obligation
@!!id:342
@!!loc:667:9:667:11
@!!status:being proved
@!!prover:isabelle
@!!meth:auto; time-limit: 30
@!!obl:
ASSUME NEW CONSTANT R,
       NEW CONSTANT S,
       NEW CONSTANT n \in Nat,
       IsWellFoundedOn(R, S) ,
       NEW CONSTANT m \in Nat,
       ASSUME NEW CONSTANT x \in [1..m + 1 -> S],
              NEW CONSTANT y \in [1..m + 1 -> S],
              NEW CONSTANT j \in 1..m + 1,
              \A i \in 1..j - 1 : x[i] = y[i] ,
              <<x[j], y[j]>> \in R 
       PROVE  <<x, y>>
              \in PreImage(LAMBDA ss : <<[i \in 1..m |-> ss[i]], ss[m + 1]>>,
                           [1..m + 1 -> S],
                           LexPairOrdering({ff \in [1..m -> S] \X [1..m -> S] :
                                              \E j_1 \in 1..m :
                                                 /\ \A i \in 1..j_1 - 1 :
                                                       ff[1][i] = ff[2][i]
                                                 /\ <<ff[1][j_1],
                                                      ff[2][j_1]>>
                                                    \in R},
                                           R, [1..m -> S], S)) ,
       TRUE 
PROVE  {ff \in [1..m + 1 -> S] \X [1..m + 1 -> S] :
          \E j \in 1..m + 1 :
             /\ \A i \in 1..j - 1 : ff[1][i] = ff[2][i]
             /\ <<ff[1][j], ff[2][j]>> \in R}
       \subseteq PreImage(LAMBDA ss : <<[i \in 1..m |-> ss[i]], ss[m + 1]>>,
                          [1..m + 1 -> S],
                          LexPairOrdering({ff \in [1..m -> S] \X [1..m -> S] :
                                             \E j \in 1..m :
                                                /\ \A i \in 1..j - 1 :
                                                      ff[1][i] = ff[2][i]
                                                /\ <<ff[1][j], ff[2][j]>>
                                                   \in R},
                                          R, [1..m -> S], S))

@!!END

@!!BEGIN
@!!type:obligation
@!!id:245
@!!loc:484:5:484:7
@!!status:proved
@!!prover:isabelle
@!!meth:auto; time-limit: 30; time-used: 5.7 (19%)
@!!already:false
@!!obl:
ASSUME NEW CONSTANT Def(_, _),
       NEW CONSTANT f,
       NEW CONSTANT R,
       NEW CONSTANT S,
       NEW CONSTANT T,
       ASSUME NEW CONSTANT s \in S,
              \A x \in SetLessThan(s, R, S) : f[x] \in T 
       PROVE  f[s] \in T ,
       IsWellFoundedOn(R, S) ,
       ASSUME NEW CONSTANT P(_),
              NEW CONSTANT R_1,
              NEW CONSTANT S_1,
              IsWellFoundedOn(R_1, S_1) ,
              \A x \in S_1 :
                 (\A y \in SetLessThan(x, R_1, S_1) : P(y)) => P(x) 
       PROVE  \A x \in S_1 : P(x) ,
       TRUE 
PROVE  \A s \in S : f[s] \in T

@!!END

@!!BEGIN
@!!type:obligation
@!!id:343
@!!loc:667:12:667:15
@!!status:trivial
@!!prover:tlapm
@!!already:false
@!!obl:ASSUME NEW CONSTANT R,
       NEW CONSTANT S,
       NEW CONSTANT n \in Nat,
       IsWellFoundedOn(R, S) ,
       NEW CONSTANT m \in Nat,
       ASSUME NEW CONSTANT x \in [1..m + 1 -> S],
              NEW CONSTANT y \in [1..m + 1 -> S],
              NEW CONSTANT j \in 1..m + 1,
              \A i \in 1..j - 1 : x[i] = y[i] ,
              <<x[j], y[j]>> \in R 
       PROVE  <<x, y>>
              \in PreImage(LAMBDA ss : <<[i \in 1..m |-> ss[i]], ss[m + 1]>>,
                           [1..m + 1 -> S],
                           LexPairOrdering({ff \in [1..m -> S] \X [1..m -> S] :
                                              \E j_1 \in 1..m :
                                                 /\ \A i \in 1..j_1 - 1 :
                                                       ff[1][i] = ff[2][i]
                                                 /\ <<ff[1][j_1],
                                                      ff[2][j_1]>>
                                                    \in R},
                                           R, [1..m -> S], S)) 
PROVE  TRUE

@!!END

@!!BEGIN
@!!type:obligation
@!!id:344
@!!loc:669:9:669:16
@!!status:normalized
@!!meth:time-limit: 5
@!!obl:ASSUME NEW CONSTANT R,
       NEW CONSTANT S,
       NEW CONSTANT n \in Nat,
       IsWellFoundedOn(R, S) ,
       NEW CONSTANT m \in Nat,
       NEW CONSTANT x \in [1..m + 1 -> S],
       NEW CONSTANT y \in [1..m + 1 -> S],
       NEW CONSTANT j \in 1..m + 1,
       \A i \in 1..j - 1 : x[i] = y[i] ,
       <<x[j], y[j]>> \in R 
PROVE  \A i \in 1..j - 1 : i \in 1..m

@!!END

@!!BEGIN
@!!type:obligation
@!!id:344
@!!loc:669:9:669:16
@!!status:proved
@!!prover:smt
@!!meth:time-limit: 5; time-used: 0.1 (2%)
@!!already:false
@!!obl:
ASSUME NEW CONSTANT R,
       NEW CONSTANT S,
       NEW CONSTANT n \in Nat,
       IsWellFoundedOn(R, S) ,
       NEW CONSTANT m \in Nat,
       NEW CONSTANT x \in [1..m + 1 -> S],
       NEW CONSTANT y \in [1..m + 1 -> S],
       NEW CONSTANT j \in 1..m + 1,
       \A i \in 1..j - 1 : x[i] = y[i] ,
       <<x[j], y[j]>> \in R 
PROVE  \A i \in 1..j - 1 : i \in 1..m

@!!END

@!!BEGIN
@!!type:obligation
@!!id:345
@!!loc:683:11:683:13
@!!status:normalized
@!!meth:time-limit: 5
@!!obl:ASSUME NEW CONSTANT R,
       NEW CONSTANT S,
       NEW CONSTANT n \in Nat,
       IsWellFoundedOn(R, S) ,
       NEW CONSTANT m \in Nat,
       NEW CONSTANT x \in [1..m + 1 -> S],
       NEW CONSTANT y \in [1..m + 1 -> S],
       NEW CONSTANT j \in 1..m + 1,
       \A i \in 1..j - 1 : x[i] = y[i] ,
       <<x[j], y[j]>> \in R ,
       ASSUME j \in 1..m 
       PROVE  <<<<[i \in 1..m |-> x[i]], x[m + 1]>>,
                <<[i \in 1..m |-> y[i]], y[m + 1]>>>>
              \in LexPairOrdering(LexProductOrdering(R, S, m), R,
                                  [1..m -> S], S) ,
       ASSUME j = m + 1 
       PROVE  <<<<[i \in 1..m |-> x[i]], x[m + 1]>>,
                <<[i \in 1..m |-> y[i]], y[m + 1]>>>>
              \in LexPairOrdering(LexProductOrdering(R, S, m), R,
                                  [1..m -> S], S) 
PROVE  <<<<[i \in 1..m |-> x[i]], x[m + 1]>>,
         <<[i \in 1..m |-> y[i]], y[m + 1]>>>>
       \in LexPairOrdering(LexProductOrdering(R, S, m), R, [1..m -> S], S)

@!!END

@!!BEGIN
@!!type:obligation
@!!id:263
@!!loc:525:3:525:5
@!!status:proved
@!!prover:isabelle
@!!meth:auto; time-limit: 30; time-used: 5.6 (19%)
@!!already:false
@!!obl:
ASSUME NEW CONSTANT ff \in [Nat -> Nat],
       \A n \in Nat : ff[n + 1] < ff[n] ,
       TRUE 
PROVE  \E f \in [Nat -> Nat] :
          /\ \A m \in Nat :
                <<f[m + 1], f[m]>> \in {ss \in Nat \X Nat : ss[1] < ss[2]}
          /\ f[0] = ff[0]

@!!END

@!!BEGIN
@!!type:obligation
@!!id:346
@!!loc:683:14:683:18
@!!status:trivial
@!!prover:tlapm
@!!already:false
@!!obl:ASSUME NEW CONSTANT R,
       NEW CONSTANT S,
       NEW CONSTANT n \in Nat,
       IsWellFoundedOn(R, S) ,
       NEW CONSTANT m \in Nat,
       NEW CONSTANT x \in [1..m + 1 -> S],
       NEW CONSTANT y \in [1..m + 1 -> S],
       NEW CONSTANT j \in 1..m + 1,
       \A i \in 1..j - 1 : x[i] = y[i] ,
       <<x[j], y[j]>> \in R ,
       ASSUME j \in 1..m 
       PROVE  <<<<[i \in 1..m |-> x[i]], x[m + 1]>>,
                <<[i \in 1..m |-> y[i]], y[m + 1]>>>>
              \in LexPairOrdering(LexProductOrdering(R, S, m), R,
                                  [1..m -> S], S) 
PROVE  ASSUME j \in 1..m 
       PROVE  <<<<[i \in 1..m |-> x[i]], x[m + 1]>>,
                <<[i \in 1..m |-> y[i]], y[m + 1]>>>>
              \in LexPairOrdering(LexProductOrdering(R, S, m), R,
                                  [1..m -> S], S)

@!!END

@!!BEGIN
@!!type:obligation
@!!id:347
@!!loc:683:20:683:24
@!!status:trivial
@!!prover:tlapm
@!!already:false
@!!obl:ASSUME NEW CONSTANT R,
       NEW CONSTANT S,
       NEW CONSTANT n \in Nat,
       IsWellFoundedOn(R, S) ,
       NEW CONSTANT m \in Nat,
       NEW CONSTANT x \in [1..m + 1 -> S],
       NEW CONSTANT y \in [1..m + 1 -> S],
       NEW CONSTANT j \in 1..m + 1,
       \A i \in 1..j - 1 : x[i] = y[i] ,
       <<x[j], y[j]>> \in R ,
       ASSUME j = m + 1 
       PROVE  <<<<[i \in 1..m |-> x[i]], x[m + 1]>>,
                <<[i \in 1..m |-> y[i]], y[m + 1]>>>>
              \in LexPairOrdering(LexProductOrdering(R, S, m), R,
                                  [1..m -> S], S) ,
       ASSUME j \in 1..m 
       PROVE  <<<<[i \in 1..m |-> x[i]], x[m + 1]>>,
                <<[i \in 1..m |-> y[i]], y[m + 1]>>>>
              \in LexPairOrdering(LexProductOrdering(R, S, m), R,
                                  [1..m -> S], S) 
PROVE  ASSUME j = m + 1 
       PROVE  <<<<[i \in 1..m |-> x[i]], x[m + 1]>>,
                <<[i \in 1..m |-> y[i]], y[m + 1]>>>>
              \in LexPairOrdering(LexProductOrdering(R, S, m), R,
                                  [1..m -> S], S)

@!!END

@!!BEGIN
@!!type:obligation
@!!id:348
@!!loc:675:13:675:15
@!!status:normalized
@!!meth:time-limit: 5
@!!obl:ASSUME NEW CONSTANT R,
       NEW CONSTANT S,
       NEW CONSTANT n \in Nat,
       IsWellFoundedOn(R, S) ,
       NEW CONSTANT m \in Nat,
       NEW CONSTANT x \in [1..m + 1 -> S],
       NEW CONSTANT y \in [1..m + 1 -> S],
       NEW CONSTANT j \in 1..m + 1,
       \A i \in 1..j - 1 : x[i] = y[i] ,
       <<x[j], y[j]>> \in R ,
       <<<<[i \in 1..m |-> x[i]], x[m + 1]>>[1],
         <<[i \in 1..m |-> y[i]], y[m + 1]>>[1]>>
       \in LexProductOrdering(R, S, m) 
PROVE  <<<<[i \in 1..m |-> x[i]], x[m + 1]>>,
         <<[i \in 1..m |-> y[i]], y[m + 1]>>>>
       \in {ss \in ([1..m -> S] \X S) \X [1..m -> S] \X S :
              \/ <<ss[1][1], ss[2][1]>> \in LexProductOrdering(R, S, m)
              \/ /\ ss[1][1] = ss[2][1]
                 /\ <<ss[1][2], ss[2][2]>> \in R}

@!!END

@!!BEGIN
@!!type:obligation
@!!id:345
@!!loc:683:11:683:13
@!!status:proved
@!!prover:smt
@!!meth:time-limit: 5; time-used: 0.3 (6%)
@!!already:false
@!!obl:
ASSUME NEW CONSTANT R,
       NEW CONSTANT S,
       NEW CONSTANT n \in Nat,
       IsWellFoundedOn(R, S) ,
       NEW CONSTANT m \in Nat,
       NEW CONSTANT x \in [1..m + 1 -> S],
       NEW CONSTANT y \in [1..m + 1 -> S],
       NEW CONSTANT j \in 1..m + 1,
       \A i \in 1..j - 1 : x[i] = y[i] ,
       <<x[j], y[j]>> \in R ,
       ASSUME j \in 1..m 
       PROVE  <<<<[i \in 1..m |-> x[i]], x[m + 1]>>,
                <<[i \in 1..m |-> y[i]], y[m + 1]>>>>
              \in LexPairOrdering(LexProductOrdering(R, S, m), R,
                                  [1..m -> S], S) ,
       ASSUME j = m + 1 
       PROVE  <<<<[i \in 1..m |-> x[i]], x[m + 1]>>,
                <<[i \in 1..m |-> y[i]], y[m + 1]>>>>
              \in LexPairOrdering(LexProductOrdering(R, S, m), R,
                                  [1..m -> S], S) 
PROVE  <<<<[i \in 1..m |-> x[i]], x[m + 1]>>,
         <<[i \in 1..m |-> y[i]], y[m + 1]>>>>
       \in LexPairOrdering(LexProductOrdering(R, S, m), R, [1..m -> S], S)

@!!END

@!!BEGIN
@!!type:obligation
@!!id:349
@!!loc:675:16:675:20
@!!status:trivial
@!!prover:tlapm
@!!already:false
@!!obl:ASSUME NEW CONSTANT R,
       NEW CONSTANT S,
       NEW CONSTANT n \in Nat,
       IsWellFoundedOn(R, S) ,
       NEW CONSTANT m \in Nat,
       NEW CONSTANT x \in [1..m + 1 -> S],
       NEW CONSTANT y \in [1..m + 1 -> S],
       NEW CONSTANT j \in 1..m + 1,
       \A i \in 1..j - 1 : x[i] = y[i] ,
       <<x[j], y[j]>> \in R ,
       <<<<[i \in 1..m |-> x[i]], x[m + 1]>>[1],
         <<[i \in 1..m |-> y[i]], y[m + 1]>>[1]>>
       \in LexProductOrdering(R, S, m) 
PROVE  <<<<[i \in 1..m |-> x[i]], x[m + 1]>>[1],
         <<[i \in 1..m |-> y[i]], y[m + 1]>>[1]>>
       \in LexProductOrdering(R, S, m)

@!!END

@!!BEGIN
@!!type:obligation
@!!id:350
@!!loc:673:13:673:15
@!!status:normalized
@!!meth:time-limit: 10
@!!obl:ASSUME NEW CONSTANT R,
       NEW CONSTANT S,
       NEW CONSTANT n \in Nat,
       IsWellFoundedOn(R, S) ,
       NEW CONSTANT m \in Nat,
       NEW CONSTANT x \in [1..m + 1 -> S],
       NEW CONSTANT y \in [1..m + 1 -> S],
       NEW CONSTANT j \in 1..m + 1,
       \A i \in 1..j - 1 : x[i] = y[i] ,
       <<x[j], y[j]>> \in R ,
       1..m + 1 = 1..m \cup {m + 1} ,
       \A i \in 1..j - 1 : i \in 1..m ,
       j \in 1..m ,
       TRUE 
PROVE  <<<<[i \in 1..m |-> x[i]], x[m + 1]>>[1],
         <<[i \in 1..m |-> y[i]], y[m + 1]>>[1]>>
       \in {ff \in [1..m -> S] \X [1..m -> S] :
              \E j_1 \in 1..m :
                 /\ \A i \in 1..j_1 - 1 : ff[1][i] = ff[2][i]
                 /\ <<ff[1][j_1], ff[2][j_1]>> \in R}

@!!END

@!!BEGIN
@!!type:obligation
@!!id:275
@!!loc:541:15:541:17
@!!status:proved
@!!prover:isabelle
@!!meth:auto; time-limit: 30; time-used: 5.8 (19%)
@!!already:false
@!!obl:
ASSUME NEW CONSTANT ff \in [Nat -> Nat],
       NEW CONSTANT n \in Nat,
       NEW CONSTANT f \in [Nat -> Nat],
       \A m \in Nat :
          <<f[m + 1], f[m]>> \in OpToRel(LAMBDA x1, x2 : x1 < x2, Nat) ,
       f[0] = n ,
       f[1] < f[0] ,
       TRUE 
PROVE  [i \in Nat |-> f[i + 1]][0] \in 0..n - 1

@!!END

@!!BEGIN
@!!type:obligation
@!!id:273
@!!loc:538:5:538:7
@!!status:proved
@!!prover:isabelle
@!!meth:auto; time-limit: 30; time-used: 5.8 (19%)
@!!already:false
@!!obl:
ASSUME NEW CONSTANT ff \in [Nat -> Nat],
       NEW CONSTANT n \in Nat,
       NEW CONSTANT f \in [Nat -> Nat],
       \A m \in Nat :
          <<f[m + 1], f[m]>> \in OpToRel(LAMBDA x1, x2 : x1 < x2, Nat) ,
       f[0] = n ,
       TRUE 
PROVE  \A i \in Nat :
          <<[i_1 \in Nat |-> f[i_1 + 1]][i + 1],
            [i_1 \in Nat |-> f[i_1 + 1]][i]>>
          \in OpToRel(LAMBDA x1, x2 : x1 < x2, Nat)

@!!END

@!!BEGIN
@!!type:obligation
@!!id:351
@!!loc:673:16:673:20
@!!status:trivial
@!!prover:tlapm
@!!already:false
@!!obl:ASSUME NEW CONSTANT R,
       NEW CONSTANT S,
       NEW CONSTANT n \in Nat,
       IsWellFoundedOn(R, S) ,
       NEW CONSTANT m \in Nat,
       1..m + 1 = 1..m \cup {m + 1} ,
       NEW CONSTANT x \in [1..m + 1 -> S],
       NEW CONSTANT y \in [1..m + 1 -> S],
       NEW CONSTANT j \in 1..m + 1,
       \A i \in 1..j - 1 : x[i] = y[i] ,
       <<x[j], y[j]>> \in R 
PROVE  1..m + 1 = 1..m \cup {m + 1}

@!!END

@!!BEGIN
@!!type:obligation
@!!id:352
@!!loc:673:22:673:26
@!!status:trivial
@!!prover:tlapm
@!!already:false
@!!obl:ASSUME NEW CONSTANT R,
       NEW CONSTANT S,
       NEW CONSTANT n \in Nat,
       IsWellFoundedOn(R, S) ,
       NEW CONSTANT m \in Nat,
       NEW CONSTANT x \in [1..m + 1 -> S],
       NEW CONSTANT y \in [1..m + 1 -> S],
       NEW CONSTANT j \in 1..m + 1,
       \A i \in 1..j - 1 : x[i] = y[i] ,
       <<x[j], y[j]>> \in R ,
       \A i \in 1..j - 1 : i \in 1..m ,
       1..m + 1 = 1..m \cup {m + 1} 
PROVE  \A i \in 1..j - 1 : i \in 1..m

@!!END

@!!BEGIN
@!!type:obligation
@!!id:353
@!!loc:673:28:673:32
@!!status:trivial
@!!prover:tlapm
@!!already:false
@!!obl:ASSUME NEW CONSTANT R,
       NEW CONSTANT S,
       NEW CONSTANT n \in Nat,
       IsWellFoundedOn(R, S) ,
       NEW CONSTANT m \in Nat,
       NEW CONSTANT x \in [1..m + 1 -> S],
       NEW CONSTANT y \in [1..m + 1 -> S],
       NEW CONSTANT j \in 1..m + 1,
       \A i \in 1..j - 1 : x[i] = y[i] ,
       <<x[j], y[j]>> \in R ,
       j \in 1..m ,
       1..m + 1 = 1..m \cup {m + 1} ,
       \A i \in 1..j - 1 : i \in 1..m 
PROVE  j \in 1..m

@!!END

@!!BEGIN
@!!type:obligation
@!!id:354
@!!loc:673:34:673:39
@!!status:trivial
@!!prover:tlapm
@!!already:false
@!!obl:ASSUME NEW CONSTANT R,
       NEW CONSTANT S,
       NEW CONSTANT n \in Nat,
       IsWellFoundedOn(R, S) ,
       NEW CONSTANT m \in Nat,
       NEW CONSTANT x \in [1..m + 1 -> S],
       NEW CONSTANT y \in [1..m + 1 -> S],
       NEW CONSTANT j \in 1..m + 1,
       \A i \in 1..j - 1 : x[i] = y[i] ,
       <<x[j], y[j]>> \in R ,
       1..m + 1 = 1..m \cup {m + 1} ,
       \A i \in 1..j - 1 : i \in 1..m ,
       j \in 1..m 
PROVE  TRUE

@!!END

@!!BEGIN
@!!type:obligation
@!!id:355
@!!loc:681:13:681:15
@!!status:normalized
@!!meth:time-limit: 5
@!!obl:ASSUME NEW CONSTANT R,
       NEW CONSTANT S,
       NEW CONSTANT n \in Nat,
       IsWellFoundedOn(R, S) ,
       NEW CONSTANT m \in Nat,
       NEW CONSTANT x \in [1..m + 1 -> S],
       NEW CONSTANT y \in [1..m + 1 -> S],
       NEW CONSTANT j \in 1..m + 1,
       \A i \in 1..j - 1 : x[i] = y[i] ,
       <<x[j], y[j]>> \in R ,
       /\ <<[i \in 1..m |-> x[i]], x[m + 1]>>[1]
          = <<[i \in 1..m |-> y[i]], y[m + 1]>>[1]
       /\ <<<<[i \in 1..m |-> x[i]], x[m + 1]>>[2],
            <<[i \in 1..m |-> y[i]], y[m + 1]>>[2]>>
          \in R 
PROVE  <<<<[i \in 1..m |-> x[i]], x[m + 1]>>,
         <<[i \in 1..m |-> y[i]], y[m + 1]>>>>
       \in {ss \in ([1..m -> S] \X S) \X [1..m -> S] \X S :
              \/ <<ss[1][1], ss[2][1]>> \in LexProductOrdering(R, S, m)
              \/ /\ ss[1][1] = ss[2][1]
                 /\ <<ss[1][2], ss[2][2]>> \in R}

@!!END

@!!BEGIN
@!!type:obligation
@!!id:356
@!!loc:681:16:681:20
@!!status:trivial
@!!prover:tlapm
@!!already:false
@!!obl:ASSUME NEW CONSTANT R,
       NEW CONSTANT S,
       NEW CONSTANT n \in Nat,
       IsWellFoundedOn(R, S) ,
       NEW CONSTANT m \in Nat,
       NEW CONSTANT x \in [1..m + 1 -> S],
       NEW CONSTANT y \in [1..m + 1 -> S],
       NEW CONSTANT j \in 1..m + 1,
       \A i \in 1..j - 1 : x[i] = y[i] ,
       <<x[j], y[j]>> \in R ,
       /\ <<[i \in 1..m |-> x[i]], x[m + 1]>>[1]
          = <<[i \in 1..m |-> y[i]], y[m + 1]>>[1]
       /\ <<<<[i \in 1..m |-> x[i]], x[m + 1]>>[2],
            <<[i \in 1..m |-> y[i]], y[m + 1]>>[2]>>
          \in R 
PROVE  /\ <<[i \in 1..m |-> x[i]], x[m + 1]>>[1]
          = <<[i \in 1..m |-> y[i]], y[m + 1]>>[1]
       /\ <<<<[i \in 1..m |-> x[i]], x[m + 1]>>[2],
            <<[i \in 1..m |-> y[i]], y[m + 1]>>[2]>>
          \in R

@!!END

@!!BEGIN
@!!type:obligation
@!!id:357
@!!loc:679:13:679:15
@!!status:normalized
@!!meth:time-limit: 5
@!!obl:ASSUME NEW CONSTANT R,
       NEW CONSTANT S,
       NEW CONSTANT n \in Nat,
       IsWellFoundedOn(R, S) ,
       NEW CONSTANT m \in Nat,
       NEW CONSTANT x \in [1..m + 1 -> S],
       NEW CONSTANT y \in [1..m + 1 -> S],
       NEW CONSTANT j \in 1..m + 1,
       \A i \in 1..j - 1 : x[i] = y[i] ,
       <<x[j], y[j]>> \in R ,
       1..m + 1 = 1..m \cup {m + 1} ,
       j = m + 1 
PROVE  /\ <<[i \in 1..m |-> x[i]], x[m + 1]>>[1]
          = <<[i \in 1..m |-> y[i]], y[m + 1]>>[1]
       /\ <<<<[i \in 1..m |-> x[i]], x[m + 1]>>[2],
            <<[i \in 1..m |-> y[i]], y[m + 1]>>[2]>>
          \in R

@!!END

@!!BEGIN
@!!type:obligation
@!!id:350
@!!loc:673:13:673:15
@!!status:proved
@!!prover:zenon
@!!meth:time-limit: 10; time-used: 0.2 (2%)
@!!already:false
@!!obl:
ASSUME NEW CONSTANT R,
       NEW CONSTANT S,
       NEW CONSTANT n \in Nat,
       IsWellFoundedOn(R, S) ,
       NEW CONSTANT m \in Nat,
       NEW CONSTANT x \in [1..m + 1 -> S],
       NEW CONSTANT y \in [1..m + 1 -> S],
       NEW CONSTANT j \in 1..m + 1,
       \A i \in 1..j - 1 : x[i] = y[i] ,
       <<x[j], y[j]>> \in R ,
       1..m + 1 = 1..m \cup {m + 1} ,
       \A i \in 1..j - 1 : i \in 1..m ,
       j \in 1..m ,
       TRUE 
PROVE  <<<<[i \in 1..m |-> x[i]], x[m + 1]>>[1],
         <<[i \in 1..m |-> y[i]], y[m + 1]>>[1]>>
       \in {ff \in [1..m -> S] \X [1..m -> S] :
              \E j_1 \in 1..m :
                 /\ \A i \in 1..j_1 - 1 : ff[1][i] = ff[2][i]
                 /\ <<ff[1][j_1], ff[2][j_1]>> \in R}

@!!END

@!!BEGIN
@!!type:obligation
@!!id:348
@!!loc:675:13:675:15
@!!status:proved
@!!prover:smt
@!!meth:time-limit: 5; time-used: 0.3 (6%)
@!!already:false
@!!obl:
ASSUME NEW CONSTANT R,
       NEW CONSTANT S,
       NEW CONSTANT n \in Nat,
       IsWellFoundedOn(R, S) ,
       NEW CONSTANT m \in Nat,
       NEW CONSTANT x \in [1..m + 1 -> S],
       NEW CONSTANT y \in [1..m + 1 -> S],
       NEW CONSTANT j \in 1..m + 1,
       \A i \in 1..j - 1 : x[i] = y[i] ,
       <<x[j], y[j]>> \in R ,
       <<<<[i \in 1..m |-> x[i]], x[m + 1]>>[1],
         <<[i \in 1..m |-> y[i]], y[m + 1]>>[1]>>
       \in LexProductOrdering(R, S, m) 
PROVE  <<<<[i \in 1..m |-> x[i]], x[m + 1]>>,
         <<[i \in 1..m |-> y[i]], y[m + 1]>>>>
       \in {ss \in ([1..m -> S] \X S) \X [1..m -> S] \X S :
              \/ <<ss[1][1], ss[2][1]>> \in LexProductOrdering(R, S, m)
              \/ /\ ss[1][1] = ss[2][1]
                 /\ <<ss[1][2], ss[2][2]>> \in R}

@!!END

@!!BEGIN
@!!type:obligation
@!!id:280
@!!loc:547:5:547:7
@!!status:proved
@!!prover:isabelle
@!!meth:auto; time-limit: 30; time-used: 5.9 (20%)
@!!already:false
@!!obl:
ASSUME NEW CONSTANT ff \in [Nat -> Nat],
       ASSUME NEW CONSTANT n \in Nat,
              \A m \in 0..n - 1 : ~P(m) 
       PROVE  ~P(n) ,
       ASSUME NEW CONSTANT P_1(_),
              \A n \in Nat : (\A m \in 0..n - 1 : P_1(m)) => P_1(n) 
       PROVE  \A n \in Nat : P_1(n) ,
       TRUE 
PROVE  \A n \in Nat : ~P(n)

@!!END

@!!BEGIN
@!!type:obligation
@!!id:358
@!!loc:679:16:679:20
@!!status:trivial
@!!prover:tlapm
@!!already:false
@!!obl:ASSUME NEW CONSTANT R,
       NEW CONSTANT S,
       NEW CONSTANT n \in Nat,
       IsWellFoundedOn(R, S) ,
       NEW CONSTANT m \in Nat,
       1..m + 1 = 1..m \cup {m + 1} ,
       NEW CONSTANT x \in [1..m + 1 -> S],
       NEW CONSTANT y \in [1..m + 1 -> S],
       NEW CONSTANT j \in 1..m + 1,
       \A i \in 1..j - 1 : x[i] = y[i] ,
       <<x[j], y[j]>> \in R 
PROVE  1..m + 1 = 1..m \cup {m + 1}

@!!END

@!!BEGIN
@!!type:obligation
@!!id:359
@!!loc:679:22:679:26
@!!status:trivial
@!!prover:tlapm
@!!already:false
@!!obl:ASSUME NEW CONSTANT R,
       NEW CONSTANT S,
       NEW CONSTANT n \in Nat,
       IsWellFoundedOn(R, S) ,
       NEW CONSTANT m \in Nat,
       NEW CONSTANT x \in [1..m + 1 -> S],
       NEW CONSTANT y \in [1..m + 1 -> S],
       NEW CONSTANT j \in 1..m + 1,
       \A i \in 1..j - 1 : x[i] = y[i] ,
       <<x[j], y[j]>> \in R ,
       j = m + 1 ,
       1..m + 1 = 1..m \cup {m + 1} 
PROVE  j = m + 1

@!!END

@!!BEGIN
@!!type:obligation
@!!id:360
@!!loc:714:9:714:11
@!!status:normalized
@!!meth:time-limit: 10
@!!obl:ASSUME NEW CONSTANT R,
       NEW CONSTANT S,
       NEW CONSTANT n \in Nat,
       IsWellFoundedOn(R, S) ,
       NEW CONSTANT m \in Nat,
       NEW CONSTANT x \in [1..m + 1 -> S],
       NEW CONSTANT y \in [1..m + 1 -> S],
       <<<<[i \in 1..m |-> x[i]], x[m + 1]>>,
         <<[i \in 1..m |-> y[i]], y[m + 1]>>>>
       \in {ss \in ([1..m -> S] \X S) \X [1..m -> S] \X S :
              \/ <<ss[1][1], ss[2][1]>> \in LexProductOrdering(R, S, m)
              \/ /\ ss[1][1] = ss[2][1]
                 /\ <<ss[1][2], ss[2][2]>> \in R} ,
       ASSUME <<<<[i \in 1..m |-> x[i]], x[m + 1]>>[1],
                <<[i \in 1..m |-> y[i]], y[m + 1]>>[1]>>
              \in LexProductOrdering(R, S, m) 
       PROVE  <<x, y>> \in LexProductOrdering(R, S, m + 1) ,
       ASSUME <<[i \in 1..m |-> x[i]], x[m + 1]>>[1]
              = <<[i \in 1..m |-> y[i]], y[m + 1]>>[1]
              /\ <<<<[i \in 1..m |-> x[i]], x[m + 1]>>[2],
                   <<[i \in 1..m |-> y[i]], y[m + 1]>>[2]>>
                 \in R 
       PROVE  <<x, y>> \in LexProductOrdering(R, S, m + 1) ,
       TRUE 
PROVE  <<x, y>> \in LexProductOrdering(R, S, m + 1)

@!!END

@!!BEGIN
@!!type:obligation
@!!id:361
@!!loc:714:12:714:16
@!!status:trivial
@!!prover:tlapm
@!!already:false
@!!obl:ASSUME NEW CONSTANT R,
       NEW CONSTANT S,
       NEW CONSTANT n \in Nat,
       IsWellFoundedOn(R, S) ,
       NEW CONSTANT m \in Nat,
       NEW CONSTANT x \in [1..m + 1 -> S],
       NEW CONSTANT y \in [1..m + 1 -> S],
       <<<<[i \in 1..m |-> x[i]], x[m + 1]>>,
         <<[i \in 1..m |-> y[i]], y[m + 1]>>>>
       \in {ss \in ([1..m -> S] \X S) \X [1..m -> S] \X S :
              \/ <<ss[1][1], ss[2][1]>> \in LexProductOrdering(R, S, m)
              \/ /\ ss[1][1] = ss[2][1]
                 /\ <<ss[1][2], ss[2][2]>> \in R} ,
       ASSUME <<<<[i \in 1..m |-> x[i]], x[m + 1]>>[1],
                <<[i \in 1..m |-> y[i]], y[m + 1]>>[1]>>
              \in LexProductOrdering(R, S, m) 
       PROVE  <<x, y>> \in LexProductOrdering(R, S, m + 1) 
PROVE  ASSUME <<<<[i \in 1..m |-> x[i]], x[m + 1]>>[1],
                <<[i \in 1..m |-> y[i]], y[m + 1]>>[1]>>
              \in LexProductOrdering(R, S, m) 
       PROVE  <<x, y>> \in LexProductOrdering(R, S, m + 1)

@!!END

@!!BEGIN
@!!type:obligation
@!!id:362
@!!loc:714:18:714:22
@!!status:trivial
@!!prover:tlapm
@!!already:false
@!!obl:ASSUME NEW CONSTANT R,
       NEW CONSTANT S,
       NEW CONSTANT n \in Nat,
       IsWellFoundedOn(R, S) ,
       NEW CONSTANT m \in Nat,
       NEW CONSTANT x \in [1..m + 1 -> S],
       NEW CONSTANT y \in [1..m + 1 -> S],
       <<<<[i \in 1..m |-> x[i]], x[m + 1]>>,
         <<[i \in 1..m |-> y[i]], y[m + 1]>>>>
       \in {ss \in ([1..m -> S] \X S) \X [1..m -> S] \X S :
              \/ <<ss[1][1], ss[2][1]>> \in LexProductOrdering(R, S, m)
              \/ /\ ss[1][1] = ss[2][1]
                 /\ <<ss[1][2], ss[2][2]>> \in R} ,
       ASSUME <<[i \in 1..m |-> x[i]], x[m + 1]>>[1]
              = <<[i \in 1..m |-> y[i]], y[m + 1]>>[1]
              /\ <<<<[i \in 1..m |-> x[i]], x[m + 1]>>[2],
                   <<[i \in 1..m |-> y[i]], y[m + 1]>>[2]>>
                 \in R 
       PROVE  <<x, y>> \in LexProductOrdering(R, S, m + 1) ,
       ASSUME <<<<[i \in 1..m |-> x[i]], x[m + 1]>>[1],
                <<[i \in 1..m |-> y[i]], y[m + 1]>>[1]>>
              \in LexProductOrdering(R, S, m) 
       PROVE  <<x, y>> \in LexProductOrdering(R, S, m + 1) 
PROVE  ASSUME <<[i \in 1..m |-> x[i]], x[m + 1]>>[1]
              = <<[i \in 1..m |-> y[i]], y[m + 1]>>[1]
              /\ <<<<[i \in 1..m |-> x[i]], x[m + 1]>>[2],
                   <<[i \in 1..m |-> y[i]], y[m + 1]>>[2]>>
                 \in R 
       PROVE  <<x, y>> \in LexProductOrdering(R, S, m + 1)

@!!END

@!!BEGIN
@!!type:obligation
@!!id:363
@!!loc:714:24:714:29
@!!status:trivial
@!!prover:tlapm
@!!already:false
@!!obl:ASSUME NEW CONSTANT R,
       NEW CONSTANT S,
       NEW CONSTANT n \in Nat,
       IsWellFoundedOn(R, S) ,
       NEW CONSTANT m \in Nat,
       NEW CONSTANT x \in [1..m + 1 -> S],
       NEW CONSTANT y \in [1..m + 1 -> S],
       <<<<[i \in 1..m |-> x[i]], x[m + 1]>>,
         <<[i \in 1..m |-> y[i]], y[m + 1]>>>>
       \in {ss \in ([1..m -> S] \X S) \X [1..m -> S] \X S :
              \/ <<ss[1][1], ss[2][1]>> \in LexProductOrdering(R, S, m)
              \/ /\ ss[1][1] = ss[2][1]
                 /\ <<ss[1][2], ss[2][2]>> \in R} ,
       ASSUME <<<<[i \in 1..m |-> x[i]], x[m + 1]>>[1],
                <<[i \in 1..m |-> y[i]], y[m + 1]>>[1]>>
              \in LexProductOrdering(R, S, m) 
       PROVE  <<x, y>> \in LexProductOrdering(R, S, m + 1) ,
       ASSUME <<[i \in 1..m |-> x[i]], x[m + 1]>>[1]
              = <<[i \in 1..m |-> y[i]], y[m + 1]>>[1]
              /\ <<<<[i \in 1..m |-> x[i]], x[m + 1]>>[2],
                   <<[i \in 1..m |-> y[i]], y[m + 1]>>[2]>>
                 \in R 
       PROVE  <<x, y>> \in LexProductOrdering(R, S, m + 1) 
PROVE  TRUE

@!!END

@!!BEGIN
@!!type:obligation
@!!id:364
@!!loc:690:9:690:11
@!!status:normalized
@!!meth:time-limit: 30
@!!obl:ASSUME NEW CONSTANT R,
       NEW CONSTANT S,
       NEW CONSTANT n \in Nat,
       IsWellFoundedOn(R, S) ,
       NEW CONSTANT m \in Nat,
       ASSUME NEW CONSTANT x \in [1..m + 1 -> S],
              NEW CONSTANT y \in [1..m + 1 -> S],
              <<<<[i \in 1..m |-> x[i]], x[m + 1]>>,
                <<[i \in 1..m |-> y[i]], y[m + 1]>>>>
              \in LexPairOrdering(LexProductOrdering(R, S, m), R,
                                  [1..m -> S], S) 
       PROVE  <<x, y>> \in LexProductOrdering(R, S, m + 1) ,
       TRUE 
PROVE  {ss \in [1..m + 1 -> S] \X [1..m + 1 -> S] :
          <<<<[i \in 1..m |-> ss[1][i]], ss[1][m + 1]>>,
            <<[i \in 1..m |-> ss[2][i]], ss[2][m + 1]>>>>
          \in LexPairOrdering(LexProductOrdering(R, S, m), R, [1..m -> S], S)}
       \subseteq LexProductOrdering(R, S, m + 1)

@!!END

@!!BEGIN
@!!type:obligation
@!!id:365
@!!loc:690:12:690:15
@!!status:trivial
@!!prover:tlapm
@!!already:false
@!!obl:ASSUME NEW CONSTANT R,
       NEW CONSTANT S,
       NEW CONSTANT n \in Nat,
       IsWellFoundedOn(R, S) ,
       NEW CONSTANT m \in Nat,
       ASSUME NEW CONSTANT x \in [1..m + 1 -> S],
              NEW CONSTANT y \in [1..m + 1 -> S],
              <<<<[i \in 1..m |-> x[i]], x[m + 1]>>,
                <<[i \in 1..m |-> y[i]], y[m + 1]>>>>
              \in LexPairOrdering(LexProductOrdering(R, S, m), R,
                                  [1..m -> S], S) 
       PROVE  <<x, y>> \in LexProductOrdering(R, S, m + 1) 
PROVE  TRUE

@!!END

@!!BEGIN
@!!type:obligation
@!!id:366
@!!loc:702:11:702:13
@!!status:normalized
@!!meth:time-limit: 10
@!!obl:ASSUME NEW CONSTANT R,
       NEW CONSTANT S,
       NEW CONSTANT n \in Nat,
       IsWellFoundedOn(R, S) ,
       NEW CONSTANT m \in Nat,
       NEW CONSTANT x \in [1..m + 1 -> S],
       NEW CONSTANT y \in [1..m + 1 -> S],
       <<g(x), g(y)>>
       \in LexPairOrdering({ff \in [1..m -> S] \X [1..m -> S] :
                              \E j \in 1..m :
                                 /\ \A i \in 1..j - 1 : ff[1][i] = ff[2][i]
                                 /\ <<ff[1][j], ff[2][j]>> \in R},
                           R, [1..m -> S], S) ,
       NEW CONSTANT j \in 1..m,
       /\ \A i \in 1..j - 1 : g(x)[1][i] = g(y)[1][i]
       /\ <<g(x)[1][j], g(y)[1][j]>> \in R ,
       /\ g(x)[1][j] = x[j]
       /\ \A i \in 1..j - 1 : g(x)[1][i] = x[i]
       /\ g(y)[1][j] = y[j]
       /\ \A i \in 1..j - 1 : g(y)[1][i] = y[i] ,
       1..m + 1 = 1..m \cup {m + 1} ,
       TRUE 
PROVE  <<x, y>>
       \in {ff \in [1..m + 1 -> S] \X [1..m + 1 -> S] :
              \E j_1 \in 1..m + 1 :
                 /\ \A i \in 1..j_1 - 1 : ff[1][i] = ff[2][i]
                 /\ <<ff[1][j_1], ff[2][j_1]>> \in R}

@!!END

@!!BEGIN
@!!type:obligation
@!!id:360
@!!loc:714:9:714:11
@!!status:proved
@!!prover:zenon
@!!meth:time-limit: 10; time-used: 0.1 (1%)
@!!already:false
@!!obl:
ASSUME NEW CONSTANT R,
       NEW CONSTANT S,
       NEW CONSTANT n \in Nat,
       IsWellFoundedOn(R, S) ,
       NEW CONSTANT m \in Nat,
       NEW CONSTANT x \in [1..m + 1 -> S],
       NEW CONSTANT y \in [1..m + 1 -> S],
       <<<<[i \in 1..m |-> x[i]], x[m + 1]>>,
         <<[i \in 1..m |-> y[i]], y[m + 1]>>>>
       \in {ss \in ([1..m -> S] \X S) \X [1..m -> S] \X S :
              \/ <<ss[1][1], ss[2][1]>> \in LexProductOrdering(R, S, m)
              \/ /\ ss[1][1] = ss[2][1]
                 /\ <<ss[1][2], ss[2][2]>> \in R} ,
       ASSUME <<<<[i \in 1..m |-> x[i]], x[m + 1]>>[1],
                <<[i \in 1..m |-> y[i]], y[m + 1]>>[1]>>
              \in LexProductOrdering(R, S, m) 
       PROVE  <<x, y>> \in LexProductOrdering(R, S, m + 1) ,
       ASSUME <<[i \in 1..m |-> x[i]], x[m + 1]>>[1]
              = <<[i \in 1..m |-> y[i]], y[m + 1]>>[1]
              /\ <<<<[i \in 1..m |-> x[i]], x[m + 1]>>[2],
                   <<[i \in 1..m |-> y[i]], y[m + 1]>>[2]>>
                 \in R 
       PROVE  <<x, y>> \in LexProductOrdering(R, S, m + 1) ,
       TRUE 
PROVE  <<x, y>> \in LexProductOrdering(R, S, m + 1)

@!!END

@!!BEGIN
@!!type:obligation
@!!id:357
@!!loc:679:13:679:15
@!!status:proved
@!!prover:smt
@!!meth:time-limit: 5; time-used: 0.2 (5%)
@!!already:false
@!!obl:
ASSUME NEW CONSTANT R,
       NEW CONSTANT S,
       NEW CONSTANT n \in Nat,
       IsWellFoundedOn(R, S) ,
       NEW CONSTANT m \in Nat,
       NEW CONSTANT x \in [1..m + 1 -> S],
       NEW CONSTANT y \in [1..m + 1 -> S],
       NEW CONSTANT j \in 1..m + 1,
       \A i \in 1..j - 1 : x[i] = y[i] ,
       <<x[j], y[j]>> \in R ,
       1..m + 1 = 1..m \cup {m + 1} ,
       j = m + 1 
PROVE  /\ <<[i \in 1..m |-> x[i]], x[m + 1]>>[1]
          = <<[i \in 1..m |-> y[i]], y[m + 1]>>[1]
       /\ <<<<[i \in 1..m |-> x[i]], x[m + 1]>>[2],
            <<[i \in 1..m |-> y[i]], y[m + 1]>>[2]>>
          \in R

@!!END

@!!BEGIN
@!!type:obligation
@!!id:355
@!!loc:681:13:681:15
@!!status:proved
@!!prover:smt
@!!meth:time-limit: 5; time-used: 0.3 (6%)
@!!already:false
@!!obl:
ASSUME NEW CONSTANT R,
       NEW CONSTANT S,
       NEW CONSTANT n \in Nat,
       IsWellFoundedOn(R, S) ,
       NEW CONSTANT m \in Nat,
       NEW CONSTANT x \in [1..m + 1 -> S],
       NEW CONSTANT y \in [1..m + 1 -> S],
       NEW CONSTANT j \in 1..m + 1,
       \A i \in 1..j - 1 : x[i] = y[i] ,
       <<x[j], y[j]>> \in R ,
       /\ <<[i \in 1..m |-> x[i]], x[m + 1]>>[1]
          = <<[i \in 1..m |-> y[i]], y[m + 1]>>[1]
       /\ <<<<[i \in 1..m |-> x[i]], x[m + 1]>>[2],
            <<[i \in 1..m |-> y[i]], y[m + 1]>>[2]>>
          \in R 
PROVE  <<<<[i \in 1..m |-> x[i]], x[m + 1]>>,
         <<[i \in 1..m |-> y[i]], y[m + 1]>>>>
       \in {ss \in ([1..m -> S] \X S) \X [1..m -> S] \X S :
              \/ <<ss[1][1], ss[2][1]>> \in LexProductOrdering(R, S, m)
              \/ /\ ss[1][1] = ss[2][1]
                 /\ <<ss[1][2], ss[2][2]>> \in R}

@!!END

@!!BEGIN
@!!type:obligation
@!!id:288
@!!loc:573:3:573:5
@!!status:proved
@!!prover:isabelle
@!!meth:auto; time-limit: 30; time-used: 5.9 (20%)
@!!already:false
@!!obl:
ASSUME NEW CONSTANT S,
       NEW CONSTANT T,
       NEW CONSTANT R,
       NEW CONSTANT f(_),
       \A s \in S : f(s) \in T ,
       IsWellFoundedOn(R, T) ,
       NEW CONSTANT g \in [Nat -> S],
       \A n \in Nat :
          <<g[n + 1], g[n]>>
          \in {ss \in S \X S : <<f(ss[1]), f(ss[2])>> \in R} ,
       NEW CONSTANT n \in Nat,
       TRUE 
PROVE  <<[n_1 \in Nat |-> f(g[n_1])][n + 1], [n_1 \in Nat |-> f(g[n_1])][n]>>
       \in R

@!!END

@!!BEGIN
@!!type:obligation
@!!id:335
@!!loc:716:7:716:9
@!!status:failed
@!!prover:smt
@!!meth:time-limit: 5; time-used: 5.0 (100%)
@!!reason:timeout
@!!already:false
@!!obl:
ASSUME NEW CONSTANT R,
       NEW CONSTANT S,
       NEW CONSTANT n \in Nat,
       IsWellFoundedOn(R, S) ,
       NEW CONSTANT m \in Nat,
       LexProductOrdering(R, S, m + 1)
       \subseteq PreImage(LAMBDA ss : <<[i \in 1..m |-> ss[i]], ss[m + 1]>>,
                          [1..m + 1 -> S],
                          LexPairOrdering(LexProductOrdering(R, S, m), R,
                                          [1..m -> S], S)) ,
       PreImage(LAMBDA ss : <<[i \in 1..m |-> ss[i]], ss[m + 1]>>,
                [1..m + 1 -> S],
                LexPairOrdering(LexProductOrdering(R, S, m), R, [1..m -> S],
                                S))
       \subseteq LexProductOrdering(R, S, m + 1) 
PROVE  LexProductOrdering(R, S, m + 1)
       = PreImage(LAMBDA ss : <<[i \in 1..m |-> ss[i]], ss[m + 1]>>,
                  [1..m + 1 -> S],
                  LexPairOrdering(LexProductOrdering(R, S, m), R,
                                  [1..m -> S], S))

@!!END

@!!BEGIN
@!!type:obligation
@!!id:335
@!!loc:716:7:716:9
@!!status:normalized
@!!meth:time-limit: 10
@!!obl:ASSUME NEW CONSTANT R,
       NEW CONSTANT S,
       NEW CONSTANT n \in Nat,
       IsWellFoundedOn(R, S) ,
       NEW CONSTANT m \in Nat,
       LexProductOrdering(R, S, m + 1)
       \subseteq PreImage(LAMBDA ss : <<[i \in 1..m |-> ss[i]], ss[m + 1]>>,
                          [1..m + 1 -> S],
                          LexPairOrdering(LexProductOrdering(R, S, m), R,
                                          [1..m -> S], S)) ,
       PreImage(LAMBDA ss : <<[i \in 1..m |-> ss[i]], ss[m + 1]>>,
                [1..m + 1 -> S],
                LexPairOrdering(LexProductOrdering(R, S, m), R, [1..m -> S],
                                S))
       \subseteq LexProductOrdering(R, S, m + 1) 
PROVE  LexProductOrdering(R, S, m + 1)
       = PreImage(LAMBDA ss : <<[i \in 1..m |-> ss[i]], ss[m + 1]>>,
                  [1..m + 1 -> S],
                  LexPairOrdering(LexProductOrdering(R, S, m), R,
                                  [1..m -> S], S))

@!!END

@!!BEGIN
@!!type:obligation
@!!id:367
@!!loc:702:14:702:18
@!!status:trivial
@!!prover:tlapm
@!!already:false
@!!obl:ASSUME NEW CONSTANT R,
       NEW CONSTANT S,
       NEW CONSTANT n \in Nat,
       IsWellFoundedOn(R, S) ,
       NEW CONSTANT m \in Nat,
       NEW CONSTANT x \in [1..m + 1 -> S],
       NEW CONSTANT y \in [1..m + 1 -> S],
       <<g(x), g(y)>>
       \in LexPairOrdering({ff \in [1..m -> S] \X [1..m -> S] :
                              \E j \in 1..m :
                                 /\ \A i \in 1..j - 1 : ff[1][i] = ff[2][i]
                                 /\ <<ff[1][j], ff[2][j]>> \in R},
                           R, [1..m -> S], S) ,
       NEW CONSTANT j \in 1..m,
       /\ \A i \in 1..j - 1 : g(x)[1][i] = g(y)[1][i]
       /\ <<g(x)[1][j], g(y)[1][j]>> \in R 
PROVE  /\ \A i \in 1..j - 1 : g(x)[1][i] = g(y)[1][i]
       /\ <<g(x)[1][j], g(y)[1][j]>> \in R

@!!END

@!!BEGIN
@!!type:obligation
@!!id:368
@!!loc:702:20:702:24
@!!status:trivial
@!!prover:tlapm
@!!already:false
@!!obl:ASSUME NEW CONSTANT R,
       NEW CONSTANT S,
       NEW CONSTANT n \in Nat,
       IsWellFoundedOn(R, S) ,
       NEW CONSTANT m \in Nat,
       NEW CONSTANT x \in [1..m + 1 -> S],
       NEW CONSTANT y \in [1..m + 1 -> S],
       <<g(x), g(y)>>
       \in LexPairOrdering({ff \in [1..m -> S] \X [1..m -> S] :
                              \E j \in 1..m :
                                 /\ \A i \in 1..j - 1 : ff[1][i] = ff[2][i]
                                 /\ <<ff[1][j], ff[2][j]>> \in R},
                           R, [1..m -> S], S) ,
       NEW CONSTANT j \in 1..m,
       /\ g(x)[1][j] = x[j]
       /\ \A i \in 1..j - 1 : g(x)[1][i] = x[i]
       /\ g(y)[1][j] = y[j]
       /\ \A i \in 1..j - 1 : g(y)[1][i] = y[i] ,
       /\ \A i \in 1..j - 1 : g(x)[1][i] = g(y)[1][i]
       /\ <<g(x)[1][j], g(y)[1][j]>> \in R 
PROVE  /\ g(x)[1][j] = x[j]
       /\ \A i \in 1..j - 1 : g(x)[1][i] = x[i]
       /\ g(y)[1][j] = y[j]
       /\ \A i \in 1..j - 1 : g(y)[1][i] = y[i]

@!!END

@!!BEGIN
@!!type:obligation
@!!id:369
@!!loc:702:26:702:30
@!!status:trivial
@!!prover:tlapm
@!!already:false
@!!obl:ASSUME NEW CONSTANT R,
       NEW CONSTANT S,
       NEW CONSTANT n \in Nat,
       IsWellFoundedOn(R, S) ,
       NEW CONSTANT m \in Nat,
       1..m + 1 = 1..m \cup {m + 1} ,
       NEW CONSTANT x \in [1..m + 1 -> S],
       NEW CONSTANT y \in [1..m + 1 -> S],
       <<g(x), g(y)>>
       \in LexPairOrdering({ff \in [1..m -> S] \X [1..m -> S] :
                              \E j \in 1..m :
                                 /\ \A i \in 1..j - 1 : ff[1][i] = ff[2][i]
                                 /\ <<ff[1][j], ff[2][j]>> \in R},
                           R, [1..m -> S], S) ,
       NEW CONSTANT j \in 1..m,
       /\ \A i \in 1..j - 1 : g(x)[1][i] = g(y)[1][i]
       /\ <<g(x)[1][j], g(y)[1][j]>> \in R ,
       /\ g(x)[1][j] = x[j]
       /\ \A i \in 1..j - 1 : g(x)[1][i] = x[i]
       /\ g(y)[1][j] = y[j]
       /\ \A i \in 1..j - 1 : g(y)[1][i] = y[i] 
PROVE  1..m + 1 = 1..m \cup {m + 1}

@!!END

@!!BEGIN
@!!type:obligation
@!!id:370
@!!loc:702:32:702:37
@!!status:trivial
@!!prover:tlapm
@!!already:false
@!!obl:ASSUME NEW CONSTANT R,
       NEW CONSTANT S,
       NEW CONSTANT n \in Nat,
       IsWellFoundedOn(R, S) ,
       NEW CONSTANT m \in Nat,
       NEW CONSTANT x \in [1..m + 1 -> S],
       NEW CONSTANT y \in [1..m + 1 -> S],
       <<g(x), g(y)>>
       \in LexPairOrdering({ff \in [1..m -> S] \X [1..m -> S] :
                              \E j \in 1..m :
                                 /\ \A i \in 1..j - 1 : ff[1][i] = ff[2][i]
                                 /\ <<ff[1][j], ff[2][j]>> \in R},
                           R, [1..m -> S], S) ,
       NEW CONSTANT j \in 1..m,
       /\ \A i \in 1..j - 1 : g(x)[1][i] = g(y)[1][i]
       /\ <<g(x)[1][j], g(y)[1][j]>> \in R ,
       /\ g(x)[1][j] = x[j]
       /\ \A i \in 1..j - 1 : g(x)[1][i] = x[i]
       /\ g(y)[1][j] = y[j]
       /\ \A i \in 1..j - 1 : g(y)[1][i] = y[i] ,
       1..m + 1 = 1..m \cup {m + 1} 
PROVE  TRUE

@!!END

@!!BEGIN
@!!type:obligation
@!!id:371
@!!loc:695:11:695:13
@!!status:normalized
@!!meth:time-limit: 10
@!!obl:ASSUME NEW CONSTANT R,
       NEW CONSTANT S,
       NEW CONSTANT n \in Nat,
       IsWellFoundedOn(R, S) ,
       NEW CONSTANT m \in Nat,
       NEW CONSTANT x \in [1..m + 1 -> S],
       NEW CONSTANT y \in [1..m + 1 -> S],
       <<g(x), g(y)>>
       \in LexPairOrdering({ff \in [1..m -> S] \X [1..m -> S] :
                              \E j \in 1..m :
                                 /\ \A i \in 1..j - 1 : ff[1][i] = ff[2][i]
                                 /\ <<ff[1][j], ff[2][j]>> \in R},
                           R, [1..m -> S], S) ,
       <<g(x)[1], g(y)[1]>>
       \in {ff \in [1..m -> S] \X [1..m -> S] :
              \E j \in 1..m :
                 /\ \A i \in 1..j - 1 : ff[1][i] = ff[2][i]
                 /\ <<ff[1][j], ff[2][j]>> \in R} ,
       TRUE 
PROVE  \E j \in 1..m :
          /\ \A i \in 1..j - 1 : g(x)[1][i] = g(y)[1][i]
          /\ <<g(x)[1][j], g(y)[1][j]>> \in R

@!!END

@!!BEGIN
@!!type:obligation
@!!id:372
@!!loc:695:14:695:18
@!!status:trivial
@!!prover:tlapm
@!!already:false
@!!obl:ASSUME NEW CONSTANT R,
       NEW CONSTANT S,
       NEW CONSTANT n \in Nat,
       IsWellFoundedOn(R, S) ,
       NEW CONSTANT m \in Nat,
       NEW CONSTANT x \in [1..m + 1 -> S],
       NEW CONSTANT y \in [1..m + 1 -> S],
       <<g(x), g(y)>>
       \in LexPairOrdering({ff \in [1..m -> S] \X [1..m -> S] :
                              \E j \in 1..m :
                                 /\ \A i \in 1..j - 1 : ff[1][i] = ff[2][i]
                                 /\ <<ff[1][j], ff[2][j]>> \in R},
                           R, [1..m -> S], S) ,
       <<g(x)[1], g(y)[1]>>
       \in {ff \in [1..m -> S] \X [1..m -> S] :
              \E j \in 1..m :
                 /\ \A i \in 1..j - 1 : ff[1][i] = ff[2][i]
                 /\ <<ff[1][j], ff[2][j]>> \in R} 
PROVE  <<g(x)[1], g(y)[1]>>
       \in {ff \in [1..m -> S] \X [1..m -> S] :
              \E j \in 1..m :
                 /\ \A i \in 1..j - 1 : ff[1][i] = ff[2][i]
                 /\ <<ff[1][j], ff[2][j]>> \in R}

@!!END

@!!BEGIN
@!!type:obligation
@!!id:373
@!!loc:695:20:695:25
@!!status:trivial
@!!prover:tlapm
@!!already:false
@!!obl:ASSUME NEW CONSTANT R,
       NEW CONSTANT S,
       NEW CONSTANT n \in Nat,
       IsWellFoundedOn(R, S) ,
       NEW CONSTANT m \in Nat,
       NEW CONSTANT x \in [1..m + 1 -> S],
       NEW CONSTANT y \in [1..m + 1 -> S],
       <<g(x), g(y)>>
       \in LexPairOrdering({ff \in [1..m -> S] \X [1..m -> S] :
                              \E j \in 1..m :
                                 /\ \A i \in 1..j - 1 : ff[1][i] = ff[2][i]
                                 /\ <<ff[1][j], ff[2][j]>> \in R},
                           R, [1..m -> S], S) ,
       <<g(x)[1], g(y)[1]>>
       \in {ff \in [1..m -> S] \X [1..m -> S] :
              \E j \in 1..m :
                 /\ \A i \in 1..j - 1 : ff[1][i] = ff[2][i]
                 /\ <<ff[1][j], ff[2][j]>> \in R} 
PROVE  TRUE

@!!END

@!!BEGIN
@!!type:obligation
@!!id:375
@!!loc:700:11:700:13
@!!status:normalized
@!!meth:time-limit: 5
@!!obl:ASSUME NEW CONSTANT R,
       NEW CONSTANT S,
       NEW CONSTANT n \in Nat,
       IsWellFoundedOn(R, S) ,
       NEW CONSTANT m \in Nat,
       NEW CONSTANT x \in [1..m + 1 -> S],
       NEW CONSTANT y \in [1..m + 1 -> S],
       <<<<[i \in 1..m |-> x[i]], x[m + 1]>>,
         <<[i \in 1..m |-> y[i]], y[m + 1]>>>>
       \in LexPairOrdering(LexProductOrdering(R, S, m), R, [1..m -> S], S) ,
       NEW CONSTANT j \in 1..m
PROVE  /\ <<[i \in 1..m |-> x[i]], x[m + 1]>>[1][j] = x[j]
       /\ \A i \in 1..j - 1 :
             <<[i_1 \in 1..m |-> x[i_1]], x[m + 1]>>[1][i] = x[i]
       /\ <<[i \in 1..m |-> y[i]], y[m + 1]>>[1][j] = y[j]
       /\ \A i \in 1..j - 1 :
             <<[i_1 \in 1..m |-> y[i_1]], y[m + 1]>>[1][i] = y[i]

@!!END

@!!BEGIN
@!!type:obligation
@!!id:376
@!!loc:712:11:712:13
@!!status:normalized
@!!meth:time-limit: 5
@!!obl:ASSUME NEW CONSTANT R,
       NEW CONSTANT S,
       NEW CONSTANT n \in Nat,
       IsWellFoundedOn(R, S) ,
       NEW CONSTANT m \in Nat,
       NEW CONSTANT x \in [1..m + 1 -> S],
       NEW CONSTANT y \in [1..m + 1 -> S],
       <<<<[i \in 1..m |-> x[i]], x[m + 1]>>,
         <<[i \in 1..m |-> y[i]], y[m + 1]>>>>
       \in LexPairOrdering({ff \in [1..m -> S] \X [1..m -> S] :
                              \E j \in 1..m :
                                 /\ \A i \in 1..j - 1 : ff[1][i] = ff[2][i]
                                 /\ <<ff[1][j], ff[2][j]>> \in R},
                           R, [1..m -> S], S) ,
       <<x[m + 1], y[m + 1]>> \in R ,
       \A i \in 1..(m + 1) - 1 : x[i] = y[i] 
PROVE  <<x, y>>
       \in {ff \in [1..m + 1 -> S] \X [1..m + 1 -> S] :
              \E j \in 1..m + 1 :
                 /\ \A i \in 1..j - 1 : ff[1][i] = ff[2][i]
                 /\ <<ff[1][j], ff[2][j]>> \in R}

@!!END

@!!BEGIN
@!!type:obligation
@!!id:377
@!!loc:712:14:712:18
@!!status:trivial
@!!prover:tlapm
@!!already:false
@!!obl:ASSUME NEW CONSTANT R,
       NEW CONSTANT S,
       NEW CONSTANT n \in Nat,
       IsWellFoundedOn(R, S) ,
       NEW CONSTANT m \in Nat,
       NEW CONSTANT x \in [1..m + 1 -> S],
       NEW CONSTANT y \in [1..m + 1 -> S],
       <<<<[i \in 1..m |-> x[i]], x[m + 1]>>,
         <<[i \in 1..m |-> y[i]], y[m + 1]>>>>
       \in LexPairOrdering({ff \in [1..m -> S] \X [1..m -> S] :
                              \E j \in 1..m :
                                 /\ \A i \in 1..j - 1 : ff[1][i] = ff[2][i]
                                 /\ <<ff[1][j], ff[2][j]>> \in R},
                           R, [1..m -> S], S) ,
       <<x[m + 1], y[m + 1]>> \in R 
PROVE  <<x[m + 1], y[m + 1]>> \in R

@!!END

@!!BEGIN
@!!type:obligation
@!!id:378
@!!loc:712:20:712:24
@!!status:trivial
@!!prover:tlapm
@!!already:false
@!!obl:ASSUME NEW CONSTANT R,
       NEW CONSTANT S,
       NEW CONSTANT n \in Nat,
       IsWellFoundedOn(R, S) ,
       NEW CONSTANT m \in Nat,
       NEW CONSTANT x \in [1..m + 1 -> S],
       NEW CONSTANT y \in [1..m + 1 -> S],
       <<<<[i \in 1..m |-> x[i]], x[m + 1]>>,
         <<[i \in 1..m |-> y[i]], y[m + 1]>>>>
       \in LexPairOrdering({ff \in [1..m -> S] \X [1..m -> S] :
                              \E j \in 1..m :
                                 /\ \A i \in 1..j - 1 : ff[1][i] = ff[2][i]
                                 /\ <<ff[1][j], ff[2][j]>> \in R},
                           R, [1..m -> S], S) ,
       \A i \in 1..(m + 1) - 1 : x[i] = y[i] ,
       <<x[m + 1], y[m + 1]>> \in R 
PROVE  \A i \in 1..(m + 1) - 1 : x[i] = y[i]

@!!END

@!!BEGIN
@!!type:obligation
@!!id:379
@!!loc:705:11:705:13
@!!status:normalized
@!!meth:time-limit: 5
@!!obl:ASSUME NEW CONSTANT R,
       NEW CONSTANT S,
       NEW CONSTANT n \in Nat,
       IsWellFoundedOn(R, S) ,
       NEW CONSTANT m \in Nat,
       NEW CONSTANT x \in [1..m + 1 -> S],
       NEW CONSTANT y \in [1..m + 1 -> S],
       <<<<[i \in 1..m |-> x[i]], x[m + 1]>>,
         <<[i \in 1..m |-> y[i]], y[m + 1]>>>>
       \in LexPairOrdering(LexProductOrdering(R, S, m), R, [1..m -> S], S) ,
       <<[i \in 1..m |-> x[i]], x[m + 1]>>[1]
       = <<[i \in 1..m |-> y[i]], y[m + 1]>>[1]
       /\ <<<<[i \in 1..m |-> x[i]], x[m + 1]>>[2],
            <<[i \in 1..m |-> y[i]], y[m + 1]>>[2]>>
          \in R 
PROVE  <<x[m + 1], y[m + 1]>> \in R

@!!END

@!!BEGIN
@!!type:obligation
@!!id:376
@!!loc:712:11:712:13
@!!status:proved
@!!prover:smt
@!!meth:time-limit: 5; time-used: 0.1 (2%)
@!!already:false
@!!obl:
ASSUME NEW CONSTANT R,
       NEW CONSTANT S,
       NEW CONSTANT n \in Nat,
       IsWellFoundedOn(R, S) ,
       NEW CONSTANT m \in Nat,
       NEW CONSTANT x \in [1..m + 1 -> S],
       NEW CONSTANT y \in [1..m + 1 -> S],
       <<<<[i \in 1..m |-> x[i]], x[m + 1]>>,
         <<[i \in 1..m |-> y[i]], y[m + 1]>>>>
       \in LexPairOrdering({ff \in [1..m -> S] \X [1..m -> S] :
                              \E j \in 1..m :
                                 /\ \A i \in 1..j - 1 : ff[1][i] = ff[2][i]
                                 /\ <<ff[1][j], ff[2][j]>> \in R},
                           R, [1..m -> S], S) ,
       <<x[m + 1], y[m + 1]>> \in R ,
       \A i \in 1..(m + 1) - 1 : x[i] = y[i] 
PROVE  <<x, y>>
       \in {ff \in [1..m + 1 -> S] \X [1..m + 1 -> S] :
              \E j \in 1..m + 1 :
                 /\ \A i \in 1..j - 1 : ff[1][i] = ff[2][i]
                 /\ <<ff[1][j], ff[2][j]>> \in R}

@!!END

@!!BEGIN
@!!type:obligation
@!!id:375
@!!loc:700:11:700:13
@!!status:proved
@!!prover:smt
@!!meth:time-limit: 5; time-used: 0.2 (3%)
@!!already:false
@!!obl:
ASSUME NEW CONSTANT R,
       NEW CONSTANT S,
       NEW CONSTANT n \in Nat,
       IsWellFoundedOn(R, S) ,
       NEW CONSTANT m \in Nat,
       NEW CONSTANT x \in [1..m + 1 -> S],
       NEW CONSTANT y \in [1..m + 1 -> S],
       <<<<[i \in 1..m |-> x[i]], x[m + 1]>>,
         <<[i \in 1..m |-> y[i]], y[m + 1]>>>>
       \in LexPairOrdering(LexProductOrdering(R, S, m), R, [1..m -> S], S) ,
       NEW CONSTANT j \in 1..m
PROVE  /\ <<[i \in 1..m |-> x[i]], x[m + 1]>>[1][j] = x[j]
       /\ \A i \in 1..j - 1 :
             <<[i_1 \in 1..m |-> x[i_1]], x[m + 1]>>[1][i] = x[i]
       /\ <<[i \in 1..m |-> y[i]], y[m + 1]>>[1][j] = y[j]
       /\ \A i \in 1..j - 1 :
             <<[i_1 \in 1..m |-> y[i_1]], y[m + 1]>>[1][i] = y[i]

@!!END

@!!BEGIN
@!!type:obligation
@!!id:371
@!!loc:695:11:695:13
@!!status:proved
@!!prover:zenon
@!!meth:time-limit: 10; time-used: 0.2 (2%)
@!!already:false
@!!obl:
ASSUME NEW CONSTANT R,
       NEW CONSTANT S,
       NEW CONSTANT n \in Nat,
       IsWellFoundedOn(R, S) ,
       NEW CONSTANT m \in Nat,
       NEW CONSTANT x \in [1..m + 1 -> S],
       NEW CONSTANT y \in [1..m + 1 -> S],
       <<g(x), g(y)>>
       \in LexPairOrdering({ff \in [1..m -> S] \X [1..m -> S] :
                              \E j \in 1..m :
                                 /\ \A i \in 1..j - 1 : ff[1][i] = ff[2][i]
                                 /\ <<ff[1][j], ff[2][j]>> \in R},
                           R, [1..m -> S], S) ,
       <<g(x)[1], g(y)[1]>>
       \in {ff \in [1..m -> S] \X [1..m -> S] :
              \E j \in 1..m :
                 /\ \A i \in 1..j - 1 : ff[1][i] = ff[2][i]
                 /\ <<ff[1][j], ff[2][j]>> \in R} ,
       TRUE 
PROVE  \E j \in 1..m :
          /\ \A i \in 1..j - 1 : g(x)[1][i] = g(y)[1][i]
          /\ <<g(x)[1][j], g(y)[1][j]>> \in R

@!!END

@!!BEGIN
@!!type:obligation
@!!id:335
@!!loc:716:7:716:9
@!!status:proved
@!!prover:zenon
@!!meth:time-limit: 10; time-used: 0.3 (3%)
@!!already:false
@!!obl:
ASSUME NEW CONSTANT R,
       NEW CONSTANT S,
       NEW CONSTANT n \in Nat,
       IsWellFoundedOn(R, S) ,
       NEW CONSTANT m \in Nat,
       LexProductOrdering(R, S, m + 1)
       \subseteq PreImage(LAMBDA ss : <<[i \in 1..m |-> ss[i]], ss[m + 1]>>,
                          [1..m + 1 -> S],
                          LexPairOrdering(LexProductOrdering(R, S, m), R,
                                          [1..m -> S], S)) ,
       PreImage(LAMBDA ss : <<[i \in 1..m |-> ss[i]], ss[m + 1]>>,
                [1..m + 1 -> S],
                LexPairOrdering(LexProductOrdering(R, S, m), R, [1..m -> S],
                                S))
       \subseteq LexProductOrdering(R, S, m + 1) 
PROVE  LexProductOrdering(R, S, m + 1)
       = PreImage(LAMBDA ss : <<[i \in 1..m |-> ss[i]], ss[m + 1]>>,
                  [1..m + 1 -> S],
                  LexPairOrdering(LexProductOrdering(R, S, m), R,
                                  [1..m -> S], S))

@!!END

@!!BEGIN
@!!type:obligation
@!!id:277
@!!loc:540:23:540:25
@!!status:proved
@!!prover:isabelle
@!!meth:auto; time-limit: 30; time-used: 6.5 (22%)
@!!already:false
@!!obl:
ASSUME NEW CONSTANT ff \in [Nat -> Nat],
       NEW CONSTANT n \in Nat,
       NEW CONSTANT f \in [Nat -> Nat],
       \A m \in Nat :
          <<f[m + 1], f[m]>> \in {ss \in Nat \X Nat : ss[1] < ss[2]} ,
       f[0] = n ,
       TRUE 
PROVE  f[1] < f[0]

@!!END

@!!BEGIN
@!!type:obligation
@!!id:380
@!!loc:705:14:705:18
@!!status:trivial
@!!prover:tlapm
@!!already:false
@!!obl:ASSUME NEW CONSTANT R,
       NEW CONSTANT S,
       NEW CONSTANT n \in Nat,
       IsWellFoundedOn(R, S) ,
       NEW CONSTANT m \in Nat,
       NEW CONSTANT x \in [1..m + 1 -> S],
       NEW CONSTANT y \in [1..m + 1 -> S],
       <<<<[i \in 1..m |-> x[i]], x[m + 1]>>,
         <<[i \in 1..m |-> y[i]], y[m + 1]>>>>
       \in LexPairOrdering(LexProductOrdering(R, S, m), R, [1..m -> S], S) ,
       <<[i \in 1..m |-> x[i]], x[m + 1]>>[1]
       = <<[i \in 1..m |-> y[i]], y[m + 1]>>[1]
       /\ <<<<[i \in 1..m |-> x[i]], x[m + 1]>>[2],
            <<[i \in 1..m |-> y[i]], y[m + 1]>>[2]>>
          \in R 
PROVE  <<[i \in 1..m |-> x[i]], x[m + 1]>>[1]
       = <<[i \in 1..m |-> y[i]], y[m + 1]>>[1]
       /\ <<<<[i \in 1..m |-> x[i]], x[m + 1]>>[2],
            <<[i \in 1..m |-> y[i]], y[m + 1]>>[2]>>
          \in R

@!!END

@!!BEGIN
@!!type:obligation
@!!id:381
@!!loc:708:11:708:18
@!!status:normalized
@!!meth:time-limit: 5
@!!obl:ASSUME NEW CONSTANT R,
       NEW CONSTANT S,
       NEW CONSTANT n \in Nat,
       IsWellFoundedOn(R, S) ,
       NEW CONSTANT m \in Nat,
       NEW CONSTANT x \in [1..m + 1 -> S],
       NEW CONSTANT y \in [1..m + 1 -> S],
       <<<<[i \in 1..m |-> x[i]], x[m + 1]>>,
         <<[i \in 1..m |-> y[i]], y[m + 1]>>>>
       \in LexPairOrdering(LexProductOrdering(R, S, m), R, [1..m -> S], S) 
PROVE  \A i \in 1..m :
          /\ <<[i_1 \in 1..m |-> x[i_1]], x[m + 1]>>[1][i] = x[i]
          /\ <<[i_1 \in 1..m |-> y[i_1]], y[m + 1]>>[1][i] = y[i]

@!!END

@!!BEGIN
@!!type:obligation
@!!id:382
@!!loc:710:11:710:13
@!!status:normalized
@!!meth:time-limit: 30
@!!obl:ASSUME NEW CONSTANT R,
       NEW CONSTANT S,
       NEW CONSTANT n \in Nat,
       IsWellFoundedOn(R, S) ,
       NEW CONSTANT m \in Nat,
       NEW CONSTANT x \in [1..m + 1 -> S],
       NEW CONSTANT y \in [1..m + 1 -> S],
       <<<<[i \in 1..m |-> x[i]], x[m + 1]>>,
         <<[i \in 1..m |-> y[i]], y[m + 1]>>>>
       \in LexPairOrdering(LexProductOrdering(R, S, m), R, [1..m -> S], S) ,
       <<[i \in 1..m |-> x[i]], x[m + 1]>>[1]
       = <<[i \in 1..m |-> y[i]], y[m + 1]>>[1]
       /\ <<<<[i \in 1..m |-> x[i]], x[m + 1]>>[2],
            <<[i \in 1..m |-> y[i]], y[m + 1]>>[2]>>
          \in R ,
       \A i \in 1..m :
          /\ <<[i_1 \in 1..m |-> x[i_1]], x[m + 1]>>[1][i] = x[i]
          /\ <<[i_1 \in 1..m |-> y[i_1]], y[m + 1]>>[1][i] = y[i] ,
       TRUE 
PROVE  \A i \in 1..(m + 1) - 1 : x[i] = y[i]

@!!END

@!!BEGIN
@!!type:obligation
@!!id:383
@!!loc:710:14:710:18
@!!status:trivial
@!!prover:tlapm
@!!already:false
@!!obl:ASSUME NEW CONSTANT R,
       NEW CONSTANT S,
       NEW CONSTANT n \in Nat,
       IsWellFoundedOn(R, S) ,
       NEW CONSTANT m \in Nat,
       NEW CONSTANT x \in [1..m + 1 -> S],
       NEW CONSTANT y \in [1..m + 1 -> S],
       <<<<[i \in 1..m |-> x[i]], x[m + 1]>>,
         <<[i \in 1..m |-> y[i]], y[m + 1]>>>>
       \in LexPairOrdering(LexProductOrdering(R, S, m), R, [1..m -> S], S) ,
       <<[i \in 1..m |-> x[i]], x[m + 1]>>[1]
       = <<[i \in 1..m |-> y[i]], y[m + 1]>>[1]
       /\ <<<<[i \in 1..m |-> x[i]], x[m + 1]>>[2],
            <<[i \in 1..m |-> y[i]], y[m + 1]>>[2]>>
          \in R 
PROVE  <<[i \in 1..m |-> x[i]], x[m + 1]>>[1]
       = <<[i \in 1..m |-> y[i]], y[m + 1]>>[1]
       /\ <<<<[i \in 1..m |-> x[i]], x[m + 1]>>[2],
            <<[i \in 1..m |-> y[i]], y[m + 1]>>[2]>>
          \in R

@!!END

@!!BEGIN
@!!type:obligation
@!!id:384
@!!loc:710:20:710:24
@!!status:trivial
@!!prover:tlapm
@!!already:false
@!!obl:ASSUME NEW CONSTANT R,
       NEW CONSTANT S,
       NEW CONSTANT n \in Nat,
       IsWellFoundedOn(R, S) ,
       NEW CONSTANT m \in Nat,
       NEW CONSTANT x \in [1..m + 1 -> S],
       NEW CONSTANT y \in [1..m + 1 -> S],
       <<<<[i \in 1..m |-> x[i]], x[m + 1]>>,
         <<[i \in 1..m |-> y[i]], y[m + 1]>>>>
       \in LexPairOrdering(LexProductOrdering(R, S, m), R, [1..m -> S], S) ,
       \A i \in 1..m :
          /\ <<[i_1 \in 1..m |-> x[i_1]], x[m + 1]>>[1][i] = x[i]
          /\ <<[i_1 \in 1..m |-> y[i_1]], y[m + 1]>>[1][i] = y[i] ,
       <<[i \in 1..m |-> x[i]], x[m + 1]>>[1]
       = <<[i \in 1..m |-> y[i]], y[m + 1]>>[1]
       /\ <<<<[i \in 1..m |-> x[i]], x[m + 1]>>[2],
            <<[i \in 1..m |-> y[i]], y[m + 1]>>[2]>>
          \in R 
PROVE  \A i \in 1..m :
          /\ <<[i_1 \in 1..m |-> x[i_1]], x[m + 1]>>[1][i] = x[i]
          /\ <<[i_1 \in 1..m |-> y[i_1]], y[m + 1]>>[1][i] = y[i]

@!!END

@!!BEGIN
@!!type:obligation
@!!id:385
@!!loc:710:26:710:29
@!!status:trivial
@!!prover:tlapm
@!!already:false
@!!obl:ASSUME NEW CONSTANT R,
       NEW CONSTANT S,
       NEW CONSTANT n \in Nat,
       IsWellFoundedOn(R, S) ,
       NEW CONSTANT m \in Nat,
       NEW CONSTANT x \in [1..m + 1 -> S],
       NEW CONSTANT y \in [1..m + 1 -> S],
       <<<<[i \in 1..m |-> x[i]], x[m + 1]>>,
         <<[i \in 1..m |-> y[i]], y[m + 1]>>>>
       \in LexPairOrdering(LexProductOrdering(R, S, m), R, [1..m -> S], S) ,
       <<[i \in 1..m |-> x[i]], x[m + 1]>>[1]
       = <<[i \in 1..m |-> y[i]], y[m + 1]>>[1]
       /\ <<<<[i \in 1..m |-> x[i]], x[m + 1]>>[2],
            <<[i \in 1..m |-> y[i]], y[m + 1]>>[2]>>
          \in R ,
       \A i \in 1..m :
          /\ <<[i_1 \in 1..m |-> x[i_1]], x[m + 1]>>[1][i] = x[i]
          /\ <<[i_1 \in 1..m |-> y[i_1]], y[m + 1]>>[1][i] = y[i] 
PROVE  TRUE

@!!END

@!!BEGIN
@!!type:obligation
@!!id:386
@!!loc:720:3:720:5
@!!status:normalized
@!!meth:time-limit: 30
@!!obl:ASSUME NEW CONSTANT R,
       NEW CONSTANT S,
       NEW CONSTANT n \in Nat,
       IsWellFoundedOn(R, S) ,
       IsWellFoundedOn(LexProductOrdering(R, S, 0), [1..0 -> S]) ,
       ASSUME NEW CONSTANT m \in Nat,
              IsWellFoundedOn(LexProductOrdering(R, S, m), [1..m -> S]) 
       PROVE  IsWellFoundedOn(LexProductOrdering(R, S, m + 1),
                              [1..m + 1 -> S]) ,
       ASSUME NEW CONSTANT P(_),
              P(0) ,
              \A n_1 \in Nat : P(n_1) => P(n_1 + 1) 
       PROVE  \A n_1 \in Nat : P(n_1) ,
       TRUE 
PROVE  \A m \in Nat :
          IsWellFoundedOn(LexProductOrdering(R, S, m), [1..m -> S])

@!!END

@!!BEGIN
@!!type:obligation
@!!id:387
@!!loc:720:6:720:10
@!!status:trivial
@!!prover:tlapm
@!!already:false
@!!obl:ASSUME NEW CONSTANT R,
       NEW CONSTANT S,
       NEW CONSTANT n \in Nat,
       IsWellFoundedOn(R, S) ,
       IsWellFoundedOn(LexProductOrdering(R, S, 0), [1..0 -> S]) 
PROVE  IsWellFoundedOn(LexProductOrdering(R, S, 0), [1..0 -> S])

@!!END

@!!BEGIN
@!!type:obligation
@!!id:388
@!!loc:720:12:720:16
@!!status:trivial
@!!prover:tlapm
@!!already:false
@!!obl:ASSUME NEW CONSTANT R,
       NEW CONSTANT S,
       NEW CONSTANT n \in Nat,
       IsWellFoundedOn(R, S) ,
       ASSUME NEW CONSTANT m \in Nat,
              IsWellFoundedOn(LexProductOrdering(R, S, m), [1..m -> S]) 
       PROVE  IsWellFoundedOn(LexProductOrdering(R, S, m + 1),
                              [1..m + 1 -> S]) ,
       IsWellFoundedOn(LexProductOrdering(R, S, 0), [1..0 -> S]) 
PROVE  ASSUME NEW CONSTANT m \in Nat,
              IsWellFoundedOn(LexProductOrdering(R, S, m), [1..m -> S]) 
       PROVE  IsWellFoundedOn(LexProductOrdering(R, S, m + 1),
                              [1..m + 1 -> S])

@!!END

@!!BEGIN
@!!type:obligation
@!!id:389
@!!loc:720:18:720:30
@!!status:trivial
@!!prover:tlapm
@!!already:false
@!!obl:ASSUME ASSUME NEW CONSTANT P(_),
              P(0) ,
              \A n \in Nat : P(n) => P(n + 1) 
       PROVE  \A n \in Nat : P(n) ,
       NEW CONSTANT R,
       NEW CONSTANT S,
       NEW CONSTANT n \in Nat,
       IsWellFoundedOn(R, S) ,
       IsWellFoundedOn(LexProductOrdering(R, S, 0), [1..0 -> S]) ,
       ASSUME NEW CONSTANT m \in Nat,
              IsWellFoundedOn(LexProductOrdering(R, S, m), [1..m -> S]) 
       PROVE  IsWellFoundedOn(LexProductOrdering(R, S, m + 1),
                              [1..m + 1 -> S]) 
PROVE  ASSUME NEW CONSTANT P(_),
              P(0) ,
              \A n_1 \in Nat : P(n_1) => P(n_1 + 1) 
       PROVE  \A n_1 \in Nat : P(n_1)

@!!END

@!!BEGIN
@!!type:obligation
@!!id:390
@!!loc:720:32:720:35
@!!status:trivial
@!!prover:tlapm
@!!already:false
@!!obl:ASSUME NEW CONSTANT R,
       NEW CONSTANT S,
       NEW CONSTANT n \in Nat,
       IsWellFoundedOn(R, S) ,
       IsWellFoundedOn(LexProductOrdering(R, S, 0), [1..0 -> S]) ,
       ASSUME NEW CONSTANT m \in Nat,
              IsWellFoundedOn(LexProductOrdering(R, S, m), [1..m -> S]) 
       PROVE  IsWellFoundedOn(LexProductOrdering(R, S, m + 1),
                              [1..m + 1 -> S]) ,
       ASSUME NEW CONSTANT P(_),
              P(0) ,
              \A n_1 \in Nat : P(n_1) => P(n_1 + 1) 
       PROVE  \A n_1 \in Nat : P(n_1) 
PROVE  TRUE

@!!END

@!!BEGIN
@!!type:obligation
@!!id:381
@!!loc:708:11:708:18
@!!status:proved
@!!prover:smt
@!!meth:time-limit: 5; time-used: 0.1 (1%)
@!!already:false
@!!obl:
ASSUME NEW CONSTANT R,
       NEW CONSTANT S,
       NEW CONSTANT n \in Nat,
       IsWellFoundedOn(R, S) ,
       NEW CONSTANT m \in Nat,
       NEW CONSTANT x \in [1..m + 1 -> S],
       NEW CONSTANT y \in [1..m + 1 -> S],
       <<<<[i \in 1..m |-> x[i]], x[m + 1]>>,
         <<[i \in 1..m |-> y[i]], y[m + 1]>>>>
       \in LexPairOrdering(LexProductOrdering(R, S, m), R, [1..m -> S], S) 
PROVE  \A i \in 1..m :
          /\ <<[i_1 \in 1..m |-> x[i_1]], x[m + 1]>>[1][i] = x[i]
          /\ <<[i_1 \in 1..m |-> y[i_1]], y[m + 1]>>[1][i] = y[i]

@!!END

@!!BEGIN
@!!type:obligation
@!!id:379
@!!loc:705:11:705:13
@!!status:proved
@!!prover:smt
@!!meth:time-limit: 5; time-used: 0.1 (2%)
@!!already:false
@!!obl:
ASSUME NEW CONSTANT R,
       NEW CONSTANT S,
       NEW CONSTANT n \in Nat,
       IsWellFoundedOn(R, S) ,
       NEW CONSTANT m \in Nat,
       NEW CONSTANT x \in [1..m + 1 -> S],
       NEW CONSTANT y \in [1..m + 1 -> S],
       <<<<[i \in 1..m |-> x[i]], x[m + 1]>>,
         <<[i \in 1..m |-> y[i]], y[m + 1]>>>>
       \in LexPairOrdering(LexProductOrdering(R, S, m), R, [1..m -> S], S) ,
       <<[i \in 1..m |-> x[i]], x[m + 1]>>[1]
       = <<[i \in 1..m |-> y[i]], y[m + 1]>>[1]
       /\ <<<<[i \in 1..m |-> x[i]], x[m + 1]>>[2],
            <<[i \in 1..m |-> y[i]], y[m + 1]>>[2]>>
          \in R 
PROVE  <<x[m + 1], y[m + 1]>> \in R

@!!END

@!!BEGIN
@!!type:obligation
@!!id:366
@!!loc:702:11:702:13
@!!status:proved
@!!prover:zenon
@!!meth:time-limit: 10; time-used: 0.5 (5%)
@!!already:false
@!!obl:
ASSUME NEW CONSTANT R,
       NEW CONSTANT S,
       NEW CONSTANT n \in Nat,
       IsWellFoundedOn(R, S) ,
       NEW CONSTANT m \in Nat,
       NEW CONSTANT x \in [1..m + 1 -> S],
       NEW CONSTANT y \in [1..m + 1 -> S],
       <<g(x), g(y)>>
       \in LexPairOrdering({ff \in [1..m -> S] \X [1..m -> S] :
                              \E j \in 1..m :
                                 /\ \A i \in 1..j - 1 : ff[1][i] = ff[2][i]
                                 /\ <<ff[1][j], ff[2][j]>> \in R},
                           R, [1..m -> S], S) ,
       NEW CONSTANT j \in 1..m,
       /\ \A i \in 1..j - 1 : g(x)[1][i] = g(y)[1][i]
       /\ <<g(x)[1][j], g(y)[1][j]>> \in R ,
       /\ g(x)[1][j] = x[j]
       /\ \A i \in 1..j - 1 : g(x)[1][i] = x[i]
       /\ g(y)[1][j] = y[j]
       /\ \A i \in 1..j - 1 : g(y)[1][i] = y[i] ,
       1..m + 1 = 1..m \cup {m + 1} ,
       TRUE 
PROVE  <<x, y>>
       \in {ff \in [1..m + 1 -> S] \X [1..m + 1 -> S] :
              \E j_1 \in 1..m + 1 :
                 /\ \A i \in 1..j_1 - 1 : ff[1][i] = ff[2][i]
                 /\ <<ff[1][j_1], ff[2][j_1]>> \in R}

@!!END

@!!BEGIN
@!!type:obligation
@!!id:329
@!!loc:657:7:657:9
@!!status:proved
@!!prover:isabelle
@!!meth:auto; time-limit: 30; time-used: 5.8 (19%)
@!!already:false
@!!obl:
ASSUME NEW CONSTANT R,
       NEW CONSTANT S,
       NEW CONSTANT n \in Nat,
       IsWellFoundedOn(R, S) ,
       NEW CONSTANT m \in Nat,
       IsWellFoundedOn(LexPairOrdering(LexProductOrdering(R, S, m), R,
                                       [1..m -> S], S),
                       [1..m -> S] \X S) ,
       \A ss \in [1..m + 1 -> S] : g(ss) \in [1..m -> S] \X S ,
       ASSUME NEW CONSTANT S_1,
              NEW CONSTANT T,
              NEW CONSTANT R_1,
              NEW CONSTANT f(_),
              \A s \in S_1 : f(s) \in T ,
              IsWellFoundedOn(R_1, T) 
       PROVE  IsWellFoundedOn(PreImage(f, S_1, R_1), S_1) ,
       TRUE 
PROVE  IsWellFoundedOn(PreImage(g, [1..m + 1 -> S],
                                LexPairOrdering(LexProductOrdering(R, S, m),
                                                R, [1..m -> S], S)),
                       [1..m + 1 -> S])

@!!END

@!!BEGIN
@!!type:obligation
@!!id:342
@!!loc:667:9:667:11
@!!status:proved
@!!prover:isabelle
@!!meth:auto; time-limit: 30; time-used: 5.6 (19%)
@!!already:false
@!!obl:
ASSUME NEW CONSTANT R,
       NEW CONSTANT S,
       NEW CONSTANT n \in Nat,
       IsWellFoundedOn(R, S) ,
       NEW CONSTANT m \in Nat,
       ASSUME NEW CONSTANT x \in [1..m + 1 -> S],
              NEW CONSTANT y \in [1..m + 1 -> S],
              NEW CONSTANT j \in 1..m + 1,
              \A i \in 1..j - 1 : x[i] = y[i] ,
              <<x[j], y[j]>> \in R 
       PROVE  <<x, y>>
              \in PreImage(LAMBDA ss : <<[i \in 1..m |-> ss[i]], ss[m + 1]>>,
                           [1..m + 1 -> S],
                           LexPairOrdering({ff \in [1..m -> S] \X [1..m -> S] :
                                              \E j_1 \in 1..m :
                                                 /\ \A i \in 1..j_1 - 1 :
                                                       ff[1][i] = ff[2][i]
                                                 /\ <<ff[1][j_1],
                                                      ff[2][j_1]>>
                                                    \in R},
                                           R, [1..m -> S], S)) ,
       TRUE 
PROVE  {ff \in [1..m + 1 -> S] \X [1..m + 1 -> S] :
          \E j \in 1..m + 1 :
             /\ \A i \in 1..j - 1 : ff[1][i] = ff[2][i]
             /\ <<ff[1][j], ff[2][j]>> \in R}
       \subseteq PreImage(LAMBDA ss : <<[i \in 1..m |-> ss[i]], ss[m + 1]>>,
                          [1..m + 1 -> S],
                          LexPairOrdering({ff \in [1..m -> S] \X [1..m -> S] :
                                             \E j \in 1..m :
                                                /\ \A i \in 1..j - 1 :
                                                      ff[1][i] = ff[2][i]
                                                /\ <<ff[1][j], ff[2][j]>>
                                                   \in R},
                                          R, [1..m -> S], S))

@!!END

@!!BEGIN
@!!type:obligation
@!!id:364
@!!loc:690:9:690:11
@!!status:proved
@!!prover:isabelle
@!!meth:auto; time-limit: 30; time-used: 2.9 (10%)
@!!already:false
@!!obl:
ASSUME NEW CONSTANT R,
       NEW CONSTANT S,
       NEW CONSTANT n \in Nat,
       IsWellFoundedOn(R, S) ,
       NEW CONSTANT m \in Nat,
       ASSUME NEW CONSTANT x \in [1..m + 1 -> S],
              NEW CONSTANT y \in [1..m + 1 -> S],
              <<<<[i \in 1..m |-> x[i]], x[m + 1]>>,
                <<[i \in 1..m |-> y[i]], y[m + 1]>>>>
              \in LexPairOrdering(LexProductOrdering(R, S, m), R,
                                  [1..m -> S], S) 
       PROVE  <<x, y>> \in LexProductOrdering(R, S, m + 1) ,
       TRUE 
PROVE  {ss \in [1..m + 1 -> S] \X [1..m + 1 -> S] :
          <<<<[i \in 1..m |-> ss[1][i]], ss[1][m + 1]>>,
            <<[i \in 1..m |-> ss[2][i]], ss[2][m + 1]>>>>
          \in LexPairOrdering(LexProductOrdering(R, S, m), R, [1..m -> S], S)}
       \subseteq LexProductOrdering(R, S, m + 1)

@!!END

@!!BEGIN
@!!type:obligation
@!!id:386
@!!loc:720:3:720:5
@!!status:proved
@!!prover:isabelle
@!!meth:auto; time-limit: 30; time-used: 2.5 (8%)
@!!already:false
@!!obl:
ASSUME NEW CONSTANT R,
       NEW CONSTANT S,
       NEW CONSTANT n \in Nat,
       IsWellFoundedOn(R, S) ,
       IsWellFoundedOn(LexProductOrdering(R, S, 0), [1..0 -> S]) ,
       ASSUME NEW CONSTANT m \in Nat,
              IsWellFoundedOn(LexProductOrdering(R, S, m), [1..m -> S]) 
       PROVE  IsWellFoundedOn(LexProductOrdering(R, S, m + 1),
                              [1..m + 1 -> S]) ,
       ASSUME NEW CONSTANT P(_),
              P(0) ,
              \A n_1 \in Nat : P(n_1) => P(n_1 + 1) 
       PROVE  \A n_1 \in Nat : P(n_1) ,
       TRUE 
PROVE  \A m \in Nat :
          IsWellFoundedOn(LexProductOrdering(R, S, m), [1..m -> S])

@!!END

@!!BEGIN
@!!type:obligation
@!!id:382
@!!loc:710:11:710:13
@!!status:proved
@!!prover:isabelle
@!!meth:auto; time-limit: 30; time-used: 2.6 (9%)
@!!already:false
@!!obl:
ASSUME NEW CONSTANT R,
       NEW CONSTANT S,
       NEW CONSTANT n \in Nat,
       IsWellFoundedOn(R, S) ,
       NEW CONSTANT m \in Nat,
       NEW CONSTANT x \in [1..m + 1 -> S],
       NEW CONSTANT y \in [1..m + 1 -> S],
       <<<<[i \in 1..m |-> x[i]], x[m + 1]>>,
         <<[i \in 1..m |-> y[i]], y[m + 1]>>>>
       \in LexPairOrdering(LexProductOrdering(R, S, m), R, [1..m -> S], S) ,
       <<[i \in 1..m |-> x[i]], x[m + 1]>>[1]
       = <<[i \in 1..m |-> y[i]], y[m + 1]>>[1]
       /\ <<<<[i \in 1..m |-> x[i]], x[m + 1]>>[2],
            <<[i \in 1..m |-> y[i]], y[m + 1]>>[2]>>
          \in R ,
       \A i \in 1..m :
          /\ <<[i_1 \in 1..m |-> x[i_1]], x[m + 1]>>[1][i] = x[i]
          /\ <<[i_1 \in 1..m |-> y[i_1]], y[m + 1]>>[1][i] = y[i] ,
       TRUE 
PROVE  \A i \in 1..(m + 1) - 1 : x[i] = y[i]

@!!END

(* created new ".tlacache/WellFoundedInduction_proofs.tlaps/WellFoundedInduction_proofs.thy" *)
(* fingerprints written in ".tlacache/WellFoundedInduction_proofs.tlaps/fingerprints" *)
File "./WellFoundedInduction_proofs.tla", line 1, character 1 to line 724, character 77:
[INFO]: All 381 obligations proved.
