
\* TLAPM version 80172c6
\* launched at 2026-07-08 14:15:11 with command line:
\* /Users/eric/GitHub/prove-TLA/tools/tlapm/bin/tlapm --toolbox 0 0 --printallobs -I /Users/eric/GitHub/prove-TLA/tools/tlapm/lib/tlapm/stdlib -I /Users/eric/GitHub/prove-TLA/tools/community-modules -I /Users/eric/GitHub/prove-TLA/tools/extra-modules NaturalsInduction_proofs.tla

@!!BEGIN
@!!type:obligation
@!!id:1
@!!loc:30:1:30:3
@!!status:to be proved
@!!obl:ASSUME NEW CONSTANT P(_),
       P(0) ,
       \A n \in Nat : P(n) => P(n + 1) ,
       IsaM("(intro natInduct, auto)") 
PROVE  \A n \in Nat : P(n)

@!!END

@!!BEGIN
@!!type:obligation
@!!id:2
@!!loc:30:4:30:35
@!!status:to be proved
@!!obl:ASSUME NEW CONSTANT P(_),
       P(0) ,
       \A n \in Nat : P(n) => P(n + 1) 
PROVE  IsaM("(intro natInduct, auto)")

@!!END

@!!BEGIN
@!!type:obligation
@!!id:3
@!!loc:45:11:45:13
@!!status:to be proved
@!!obl:ASSUME NEW CONSTANT P(_),
       NEW CONSTANT m \in Nat,
       P(m) ,
       \A n \in 1..m : P(n) => P(n - 1) ,
       Q(i) == i =< m => P(m - i),
       <1>3 ,
       Isa 
PROVE  P(0)

@!!END

@!!BEGIN
@!!type:obligation
@!!id:4
@!!loc:45:14:45:18
@!!status:to be proved
@!!obl:ASSUME NEW CONSTANT P(_),
       NEW CONSTANT m \in Nat,
       P(m) ,
       \A n \in 1..m : P(n) => P(n - 1) ,
       Q(i) == i =< m => P(m - i)
PROVE  <1>3

@!!END

@!!BEGIN
@!!type:obligation
@!!id:5
@!!loc:45:20:45:23
@!!status:to be proved
@!!obl:ASSUME NEW CONSTANT P(_),
       NEW CONSTANT m \in Nat,
       P(m) ,
       \A n \in 1..m : P(n) => P(n - 1) ,
       Q(i) == i =< m => P(m - i),
       <1>3 
PROVE  Isa

@!!END

@!!BEGIN
@!!type:obligation
@!!id:6
@!!loc:40:13:40:20
@!!status:to be proved
@!!obl:ASSUME NEW CONSTANT P(_),
       NEW CONSTANT m \in Nat,
       P(m) ,
       \A n \in 1..m : P(n) => P(n - 1) ,
       Q(i) == i =< m => P(m - i)
PROVE  Q(0)

@!!END

@!!BEGIN
@!!type:obligation
@!!id:7
@!!loc:43:3:43:5
@!!status:to be proved
@!!obl:ASSUME NEW CONSTANT P(_),
       NEW CONSTANT m \in Nat,
       P(m) ,
       \A n \in 1..m : P(n) => P(n - 1) ,
       Q(i) == i =< m => P(m - i),
       NEW CONSTANT n \in Nat,
       <1>2 ,
       n + 1 =< m => m - n \in 1..m 
PROVE  Q(n + 1)

@!!END

@!!BEGIN
@!!type:obligation
@!!id:8
@!!loc:43:6:43:10
@!!status:to be proved
@!!obl:ASSUME NEW CONSTANT P(_),
       NEW CONSTANT m \in Nat,
       P(m) ,
       \A n \in 1..m : P(n) => P(n - 1) ,
       Q(i) == i =< m => P(m - i),
       NEW CONSTANT n \in Nat
PROVE  <1>2

@!!END

@!!BEGIN
@!!type:obligation
@!!id:9
@!!loc:43:12:43:38
@!!status:to be proved
@!!obl:ASSUME NEW CONSTANT P(_),
       NEW CONSTANT m \in Nat,
       P(m) ,
       \A n \in 1..m : P(n) => P(n - 1) ,
       Q(i) == i =< m => P(m - i),
       NEW CONSTANT n \in Nat,
       <1>2 
PROVE  n + 1 =< m => m - n \in 1..m

@!!END

@!!BEGIN
@!!type:obligation
@!!id:10
@!!loc:44:28:44:30
@!!status:to be proved
@!!obl:ASSUME NEW CONSTANT P(_),
       NEW CONSTANT m \in Nat,
       P(m) ,
       \A n \in 1..m : P(n) => P(n - 1) ,
       Q(i) == i =< m => P(m - i),
       <1>1 ,
       <1>2 ,
       NatInduction ,
       Isa 
PROVE  \A n \in Nat : Q(n)

@!!END

@!!BEGIN
@!!type:obligation
@!!id:11
@!!loc:44:31:44:35
@!!status:to be proved
@!!obl:ASSUME NEW CONSTANT P(_),
       NEW CONSTANT m \in Nat,
       P(m) ,
       \A n \in 1..m : P(n) => P(n - 1) ,
       Q(i) == i =< m => P(m - i)
PROVE  <1>1

@!!END

@!!BEGIN
@!!type:obligation
@!!id:12
@!!loc:44:37:44:41
@!!status:to be proved
@!!obl:ASSUME NEW CONSTANT P(_),
       NEW CONSTANT m \in Nat,
       P(m) ,
       \A n \in 1..m : P(n) => P(n - 1) ,
       Q(i) == i =< m => P(m - i),
       <1>1 
PROVE  <1>2

@!!END

@!!BEGIN
@!!type:obligation
@!!id:13
@!!loc:44:43:44:55
@!!status:to be proved
@!!obl:ASSUME NEW CONSTANT P(_),
       NEW CONSTANT m \in Nat,
       P(m) ,
       \A n \in 1..m : P(n) => P(n - 1) ,
       Q(i) == i =< m => P(m - i),
       <1>1 ,
       <1>2 
PROVE  NatInduction

@!!END

@!!BEGIN
@!!type:obligation
@!!id:14
@!!loc:44:57:44:60
@!!status:to be proved
@!!obl:ASSUME NEW CONSTANT P(_),
       NEW CONSTANT m \in Nat,
       P(m) ,
       \A n \in 1..m : P(n) => P(n - 1) ,
       Q(i) == i =< m => P(m - i),
       <1>1 ,
       <1>2 ,
       NatInduction 
PROVE  Isa

@!!END

@!!BEGIN
@!!type:obligation
@!!id:15
@!!loc:60:11:60:13
@!!status:to be proved
@!!obl:ASSUME NEW CONSTANT P(_),
       \A n \in Nat : (\A m \in 0..n - 1 : P(m)) => P(n) ,
       Q(n) == \A m \in 0..n : P(m),
       <1>3 
PROVE  \A n \in Nat : P(n)

@!!END

@!!BEGIN
@!!type:obligation
@!!id:16
@!!loc:60:14:60:18
@!!status:to be proved
@!!obl:ASSUME NEW CONSTANT P(_),
       \A n \in Nat : (\A m \in 0..n - 1 : P(m)) => P(n) ,
       Q(n) == \A m \in 0..n : P(m)
PROVE  <1>3

@!!END

@!!BEGIN
@!!type:obligation
@!!id:17
@!!loc:57:13:57:20
@!!status:to be proved
@!!obl:ASSUME NEW CONSTANT P(_),
       \A n \in Nat : (\A m \in 0..n - 1 : P(m)) => P(n) ,
       Q(n) == \A m \in 0..n : P(m)
PROVE  Q(0)

@!!END

@!!BEGIN
@!!type:obligation
@!!id:18
@!!loc:58:38:58:45
@!!status:to be proved
@!!obl:ASSUME NEW CONSTANT P(_),
       \A n \in Nat : (\A m \in 0..n - 1 : P(m)) => P(n) ,
       Q(n) == \A m \in 0..n : P(m)
PROVE  \A n \in Nat : Q(n) => Q(n + 1)

@!!END

@!!BEGIN
@!!type:obligation
@!!id:19
@!!loc:59:28:59:30
@!!status:to be proved
@!!obl:ASSUME NEW CONSTANT P(_),
       \A n \in Nat : (\A m \in 0..n - 1 : P(m)) => P(n) ,
       Q(n) == \A m \in 0..n : P(m),
       <1>1 ,
       <1>2 ,
       NatInduction ,
       Isa 
PROVE  \A n \in Nat : Q(n)

@!!END

@!!BEGIN
@!!type:obligation
@!!id:20
@!!loc:59:31:59:35
@!!status:to be proved
@!!obl:ASSUME NEW CONSTANT P(_),
       \A n \in Nat : (\A m \in 0..n - 1 : P(m)) => P(n) ,
       Q(n) == \A m \in 0..n : P(m)
PROVE  <1>1

@!!END

@!!BEGIN
@!!type:obligation
@!!id:21
@!!loc:59:37:59:41
@!!status:to be proved
@!!obl:ASSUME NEW CONSTANT P(_),
       \A n \in Nat : (\A m \in 0..n - 1 : P(m)) => P(n) ,
       Q(n) == \A m \in 0..n : P(m),
       <1>1 
PROVE  <1>2

@!!END

@!!BEGIN
@!!type:obligation
@!!id:22
@!!loc:59:43:59:55
@!!status:to be proved
@!!obl:ASSUME NEW CONSTANT P(_),
       \A n \in Nat : (\A m \in 0..n - 1 : P(m)) => P(n) ,
       Q(n) == \A m \in 0..n : P(m),
       <1>1 ,
       <1>2 
PROVE  NatInduction

@!!END

@!!BEGIN
@!!type:obligation
@!!id:23
@!!loc:59:57:59:60
@!!status:to be proved
@!!obl:ASSUME NEW CONSTANT P(_),
       \A n \in Nat : (\A m \in 0..n - 1 : P(m)) => P(n) ,
       Q(n) == \A m \in 0..n : P(m),
       <1>1 ,
       <1>2 ,
       NatInduction 
PROVE  Isa

@!!END

@!!BEGIN
@!!type:obligation
@!!id:24
@!!loc:81:11:81:13
@!!status:to be proved
@!!obl:ASSUME NEW CONSTANT P(_),
       NEW CONSTANT n \in Nat,
       <1>1 ,
       GeneralNatInduction ,
       Isa 
PROVE  \A m \in Nat : Q(m)

@!!END

@!!BEGIN
@!!type:obligation
@!!id:25
@!!loc:81:19:81:23
@!!status:to be proved
@!!obl:ASSUME NEW CONSTANT P(_),
       NEW CONSTANT n \in Nat,
       P(n) ,
       \A m \in Nat : P(m) => (\E k \in 0..m - 1 : P(k)) 
PROVE  <1>1

@!!END

@!!BEGIN
@!!type:obligation
@!!id:26
@!!loc:81:25:81:44
@!!status:to be proved
@!!obl:ASSUME NEW CONSTANT P(_),
       NEW CONSTANT n \in Nat,
       P(n) ,
       \A m \in Nat : P(m) => (\E k \in 0..m - 1 : P(k)) ,
       <1>1 
PROVE  GeneralNatInduction

@!!END

@!!BEGIN
@!!type:obligation
@!!id:27
@!!loc:81:46:81:49
@!!status:to be proved
@!!obl:ASSUME NEW CONSTANT P(_),
       NEW CONSTANT n \in Nat,
       P(n) ,
       \A m \in Nat : P(m) => (\E k \in 0..m - 1 : P(k)) ,
       <1>1 ,
       GeneralNatInduction 
PROVE  Isa

@!!END

@!!BEGIN
@!!type:obligation
@!!id:28
@!!loc:76:3:76:10
@!!status:to be proved
@!!obl:ASSUME NEW CONSTANT P(_),
       NEW CONSTANT n \in Nat,
       P(n) ,
       Q(k) == ~P(k),
       <1>_a104 
PROVE  \E m \in Nat : /\ P(m)
                      /\ \A k \in 0..m - 1 : ~P(k)

@!!END

@!!BEGIN
@!!type:obligation
@!!id:29
@!!loc:79:3:79:5
@!!status:to be proved
@!!obl:ASSUME NEW CONSTANT P(_),
       NEW CONSTANT n \in Nat,
       P(n) ,
       Q(k) == ~P(k),
       \A m \in Nat : P(m) => (\E k \in 0..m - 1 : P(k)) ,
       NEW CONSTANT l \in Nat,
       <1>1 
PROVE  Q(l)

@!!END

@!!BEGIN
@!!type:obligation
@!!id:30
@!!loc:79:6:79:10
@!!status:to be proved
@!!obl:ASSUME NEW CONSTANT P(_),
       NEW CONSTANT n \in Nat,
       P(n) ,
       Q(k) == ~P(k),
       \A m \in Nat : P(m) => (\E k \in 0..m - 1 : P(k)) ,
       NEW CONSTANT l \in Nat
PROVE  <1>1

@!!END

@!!BEGIN
@!!type:obligation
@!!id:31
@!!loc:262:11:262:13
@!!status:to be proved
@!!obl:ASSUME NEW CONSTANT Def(_, _),
       ASSUME NEW CONSTANT n \in Nat,
              NEW CONSTANT g,
              NEW CONSTANT h,
              \A i \in 0..n - 1 : g[i] = h[i] 
       PROVE  Def(g, n) = Def(h, n) ,
       f == [n \in Nat |-> F[n + 1][n]],
       P(n) == \A m \in 0..n : \A i \in 0..m - 1 : F[n][i] = F[m][i],
       <1>4 ,
       Zenon 
PROVE  \E ff : ff = [n \in Nat |-> Def(ff, n)]

@!!END

@!!BEGIN
@!!type:obligation
@!!id:32
@!!loc:262:14:262:18
@!!status:to be proved
@!!obl:ASSUME NEW CONSTANT Def(_, _),
       ASSUME NEW CONSTANT n \in Nat,
              NEW CONSTANT g,
              NEW CONSTANT h,
              \A i \in 0..n - 1 : g[i] = h[i] 
       PROVE  Def(g, n) = Def(h, n) ,
       f == [n \in Nat |-> F[n + 1][n]],
       P(n) == \A m \in 0..n : \A i \in 0..m - 1 : F[n][i] = F[m][i]
PROVE  <1>4

@!!END

@!!BEGIN
@!!type:obligation
@!!id:33
@!!loc:262:20:262:25
@!!status:to be proved
@!!obl:ASSUME NEW CONSTANT Def(_, _),
       ASSUME NEW CONSTANT n \in Nat,
              NEW CONSTANT g,
              NEW CONSTANT h,
              \A i \in 0..n - 1 : g[i] = h[i] 
       PROVE  Def(g, n) = Def(h, n) ,
       f == [n \in Nat |-> F[n + 1][n]],
       P(n) == \A m \in 0..n : \A i \in 0..m - 1 : F[n][i] = F[m][i],
       <1>4 
PROVE  Zenon

@!!END

@!!BEGIN
@!!type:obligation
@!!id:34
@!!loc:96:3:96:10
@!!status:to be proved
@!!obl:ASSUME NEW CONSTANT Def(_, _),
       ASSUME NEW CONSTANT n \in Nat,
              NEW CONSTANT g,
              NEW CONSTANT h,
              \A i \in 0..n - 1 : g[i] = h[i] 
       PROVE  Def(g, n) = Def(h, n) ,
       <1>_a112 
PROVE  LET f == CHOOSE f : f = [n \in Nat |-> Def(f, n)]
       IN  f = [n \in Nat |-> Def(f, n)]

@!!END

@!!BEGIN
@!!type:obligation
@!!id:35
@!!loc:212:13:212:15
@!!status:to be proved
@!!obl:ASSUME NEW CONSTANT Def(_, _),
       ASSUME NEW CONSTANT n \in Nat,
              NEW CONSTANT g,
              NEW CONSTANT h,
              \A i \in 0..n - 1 : g[i] = h[i] 
       PROVE  Def(g, n) = Def(h, n) ,
       F ==
         CHOOSE F : F = [n \in Nat |-> [i \in 0..n - 1 |-> Def(F[n - 1], i)]],
       f == [n \in Nat |-> F[n + 1][n]],
       P(g, k) == g = [n \in 0..k |-> [i \in 0..n - 1 |-> Def(g[n - 1], i)]],
       G(k) == CHOOSE g : P(g, k),
       FF == [n \in Nat |-> [i \in 0..n - 1 |-> G(n)[n][i]]],
       <2>4 ,
       Zenon 
PROVE  \E FF_1 :
          FF_1 = [n \in Nat |-> [i \in 0..n - 1 |-> Def(FF_1[n - 1], i)]]

@!!END

@!!BEGIN
@!!type:obligation
@!!id:36
@!!loc:212:16:212:20
@!!status:to be proved
@!!obl:ASSUME NEW CONSTANT Def(_, _),
       ASSUME NEW CONSTANT n \in Nat,
              NEW CONSTANT g,
              NEW CONSTANT h,
              \A i \in 0..n - 1 : g[i] = h[i] 
       PROVE  Def(g, n) = Def(h, n) ,
       F ==
         CHOOSE F : F = [n \in Nat |-> [i \in 0..n - 1 |-> Def(F[n - 1], i)]],
       f == [n \in Nat |-> F[n + 1][n]],
       P(g, k) == g = [n \in 0..k |-> [i \in 0..n - 1 |-> Def(g[n - 1], i)]],
       G(k) == CHOOSE g : P(g, k),
       FF == [n \in Nat |-> [i \in 0..n - 1 |-> G(n)[n][i]]]
PROVE  <2>4

@!!END

@!!BEGIN
@!!type:obligation
@!!id:37
@!!loc:212:22:212:27
@!!status:to be proved
@!!obl:ASSUME NEW CONSTANT Def(_, _),
       ASSUME NEW CONSTANT n \in Nat,
              NEW CONSTANT g,
              NEW CONSTANT h,
              \A i \in 0..n - 1 : g[i] = h[i] 
       PROVE  Def(g, n) = Def(h, n) ,
       F ==
         CHOOSE F : F = [n \in Nat |-> [i \in 0..n - 1 |-> Def(F[n - 1], i)]],
       f == [n \in Nat |-> F[n + 1][n]],
       P(g, k) == g = [n \in 0..k |-> [i \in 0..n - 1 |-> Def(g[n - 1], i)]],
       G(k) == CHOOSE g : P(g, k),
       FF == [n \in Nat |-> [i \in 0..n - 1 |-> G(n)[n][i]]],
       <2>4 
PROVE  Zenon

@!!END

@!!BEGIN
@!!type:obligation
@!!id:38
@!!loc:112:5:112:7
@!!status:to be proved
@!!obl:ASSUME NEW CONSTANT Def(_, _),
       ASSUME NEW CONSTANT n \in Nat,
              NEW CONSTANT g,
              NEW CONSTANT h,
              \A i \in 0..n - 1 : g[i] = h[i] 
       PROVE  Def(g, n) = Def(h, n) ,
       F ==
         CHOOSE F : F = [n \in Nat |-> [i \in 0..n - 1 |-> Def(F[n - 1], i)]],
       f == [n \in Nat |-> F[n + 1][n]],
       <2>_a113 ,
       Zenon 
PROVE  F = [n \in Nat |-> [i \in 0..n - 1 |-> Def(F[n - 1], i)]]

@!!END

@!!BEGIN
@!!type:obligation
@!!id:39
@!!loc:112:8:112:13
@!!status:to be proved
@!!obl:ASSUME NEW CONSTANT Def(_, _),
       ASSUME NEW CONSTANT n \in Nat,
              NEW CONSTANT g,
              NEW CONSTANT h,
              \A i \in 0..n - 1 : g[i] = h[i] 
       PROVE  Def(g, n) = Def(h, n) ,
       F ==
         CHOOSE F : F = [n \in Nat |-> [i \in 0..n - 1 |-> Def(F[n - 1], i)]],
       f == [n \in Nat |-> F[n + 1][n]],
       <2>_a113 
PROVE  Zenon

@!!END

@!!BEGIN
@!!type:obligation
@!!id:40
@!!loc:122:15:122:17
@!!status:to be proved
@!!obl:ASSUME NEW CONSTANT Def(_, _),
       ASSUME NEW CONSTANT n \in Nat,
              NEW CONSTANT g,
              NEW CONSTANT h,
              \A i \in 0..n - 1 : g[i] = h[i] 
       PROVE  Def(g, n) = Def(h, n) ,
       F ==
         CHOOSE F : F = [n \in Nat |-> [i \in 0..n - 1 |-> Def(F[n - 1], i)]],
       f == [n \in Nat |-> F[n + 1][n]],
       P(g, k) == g = [n \in 0..k |-> [i \in 0..n - 1 |-> Def(g[n - 1], i)]],
       G(k) == CHOOSE g : P(g, k),
       FF == [n \in Nat |-> [i \in 0..n - 1 |-> G(n)[n][i]]],
       NEW CONSTANT g,
       NEW CONSTANT k \in Nat,
       NEW CONSTANT n \in 0..k,
       NEW CONSTANT i \in 0..n - 1,
       gg == [m \in 0..k |-> [j \in 0..m - 1 |-> Def(g[m - 1], j)]],
       <3>1 ,
       <3>2 ,
       Zenon 
PROVE  g[n][i] = Def(g[n - 1], i)

@!!END

@!!BEGIN
@!!type:obligation
@!!id:41
@!!loc:122:18:122:22
@!!status:to be proved
@!!obl:ASSUME NEW CONSTANT Def(_, _),
       ASSUME NEW CONSTANT n \in Nat,
              NEW CONSTANT g,
              NEW CONSTANT h,
              \A i \in 0..n - 1 : g[i] = h[i] 
       PROVE  Def(g, n) = Def(h, n) ,
       F ==
         CHOOSE F : F = [n \in Nat |-> [i \in 0..n - 1 |-> Def(F[n - 1], i)]],
       f == [n \in Nat |-> F[n + 1][n]],
       P(g, k) == g = [n \in 0..k |-> [i \in 0..n - 1 |-> Def(g[n - 1], i)]],
       G(k) == CHOOSE g : P(g, k),
       FF == [n \in Nat |-> [i \in 0..n - 1 |-> G(n)[n][i]]],
       NEW CONSTANT g,
       NEW CONSTANT k \in Nat,
       NEW CONSTANT n \in 0..k,
       NEW CONSTANT i \in 0..n - 1,
       gg == [m \in 0..k |-> [j \in 0..m - 1 |-> Def(g[m - 1], j)]]
PROVE  <3>1

@!!END

@!!BEGIN
@!!type:obligation
@!!id:42
@!!loc:122:24:122:28
@!!status:to be proved
@!!obl:ASSUME NEW CONSTANT Def(_, _),
       ASSUME NEW CONSTANT n \in Nat,
              NEW CONSTANT g,
              NEW CONSTANT h,
              \A i \in 0..n - 1 : g[i] = h[i] 
       PROVE  Def(g, n) = Def(h, n) ,
       F ==
         CHOOSE F : F = [n \in Nat |-> [i \in 0..n - 1 |-> Def(F[n - 1], i)]],
       f == [n \in Nat |-> F[n + 1][n]],
       P(g, k) == g = [n \in 0..k |-> [i \in 0..n - 1 |-> Def(g[n - 1], i)]],
       G(k) == CHOOSE g : P(g, k),
       FF == [n \in Nat |-> [i \in 0..n - 1 |-> G(n)[n][i]]],
       NEW CONSTANT g,
       NEW CONSTANT k \in Nat,
       NEW CONSTANT n \in 0..k,
       NEW CONSTANT i \in 0..n - 1,
       gg == [m \in 0..k |-> [j \in 0..m - 1 |-> Def(g[m - 1], j)]],
       <3>1 
PROVE  <3>2

@!!END

@!!BEGIN
@!!type:obligation
@!!id:43
@!!loc:122:30:122:35
@!!status:to be proved
@!!obl:ASSUME NEW CONSTANT Def(_, _),
       ASSUME NEW CONSTANT n \in Nat,
              NEW CONSTANT g,
              NEW CONSTANT h,
              \A i \in 0..n - 1 : g[i] = h[i] 
       PROVE  Def(g, n) = Def(h, n) ,
       F ==
         CHOOSE F : F = [n \in Nat |-> [i \in 0..n - 1 |-> Def(F[n - 1], i)]],
       f == [n \in Nat |-> F[n + 1][n]],
       P(g, k) == g = [n \in 0..k |-> [i \in 0..n - 1 |-> Def(g[n - 1], i)]],
       G(k) == CHOOSE g : P(g, k),
       FF == [n \in Nat |-> [i \in 0..n - 1 |-> G(n)[n][i]]],
       NEW CONSTANT g,
       NEW CONSTANT k \in Nat,
       NEW CONSTANT n \in 0..k,
       NEW CONSTANT i \in 0..n - 1,
       gg == [m \in 0..k |-> [j \in 0..m - 1 |-> Def(g[m - 1], j)]],
       <3>1 ,
       <3>2 
PROVE  Zenon

@!!END

@!!BEGIN
@!!type:obligation
@!!id:44
@!!loc:120:37:120:44
@!!status:to be proved
@!!obl:ASSUME NEW CONSTANT Def(_, _),
       ASSUME NEW CONSTANT n \in Nat,
              NEW CONSTANT g,
              NEW CONSTANT h,
              \A i \in 0..n - 1 : g[i] = h[i] 
       PROVE  Def(g, n) = Def(h, n) ,
       F ==
         CHOOSE F : F = [n \in Nat |-> [i \in 0..n - 1 |-> Def(F[n - 1], i)]],
       f == [n \in Nat |-> F[n + 1][n]],
       P(g, k) == g = [n \in 0..k |-> [i \in 0..n - 1 |-> Def(g[n - 1], i)]],
       G(k) == CHOOSE g : P(g, k),
       FF == [n \in Nat |-> [i \in 0..n - 1 |-> G(n)[n][i]]],
       NEW CONSTANT g,
       NEW CONSTANT k \in Nat,
       NEW CONSTANT n \in 0..k,
       NEW CONSTANT i \in 0..n - 1,
       gg == [m \in 0..k |-> [j \in 0..m - 1 |-> Def(g[m - 1], j)]]
PROVE  gg[n][i] = Def(g[n - 1], i)

@!!END

@!!BEGIN
@!!type:obligation
@!!id:45
@!!loc:121:19:121:21
@!!status:to be proved
@!!obl:ASSUME NEW CONSTANT Def(_, _),
       ASSUME NEW CONSTANT n \in Nat,
              NEW CONSTANT g,
              NEW CONSTANT h,
              \A i \in 0..n - 1 : g[i] = h[i] 
       PROVE  Def(g, n) = Def(h, n) ,
       F ==
         CHOOSE F : F = [n \in Nat |-> [i \in 0..n - 1 |-> Def(F[n - 1], i)]],
       f == [n \in Nat |-> F[n + 1][n]],
       P(g, k) == g = [n \in 0..k |-> [i \in 0..n - 1 |-> Def(g[n - 1], i)]],
       G(k) == CHOOSE g : P(g, k),
       FF == [n \in Nat |-> [i \in 0..n - 1 |-> G(n)[n][i]]],
       NEW CONSTANT g,
       NEW CONSTANT k \in Nat,
       NEW CONSTANT n \in 0..k,
       NEW CONSTANT i \in 0..n - 1,
       gg == [m \in 0..k |-> [j \in 0..m - 1 |-> Def(g[m - 1], j)]],
       <2>0 ,
       Zenon 
PROVE  g = gg

@!!END

@!!BEGIN
@!!type:obligation
@!!id:46
@!!loc:121:22:121:26
@!!status:to be proved
@!!obl:ASSUME NEW CONSTANT Def(_, _),
       ASSUME NEW CONSTANT n \in Nat,
              NEW CONSTANT g,
              NEW CONSTANT h,
              \A i \in 0..n - 1 : g[i] = h[i] 
       PROVE  Def(g, n) = Def(h, n) ,
       F ==
         CHOOSE F : F = [n \in Nat |-> [i \in 0..n - 1 |-> Def(F[n - 1], i)]],
       f == [n \in Nat |-> F[n + 1][n]],
       P(g, k) == g = [n \in 0..k |-> [i \in 0..n - 1 |-> Def(g[n - 1], i)]],
       G(k) == CHOOSE g : P(g, k),
       FF == [n \in Nat |-> [i \in 0..n - 1 |-> G(n)[n][i]]],
       NEW CONSTANT g,
       NEW CONSTANT k \in Nat,
       NEW CONSTANT n \in 0..k,
       NEW CONSTANT i \in 0..n - 1,
       gg == [m \in 0..k |-> [j \in 0..m - 1 |-> Def(g[m - 1], j)]]
PROVE  <2>0

@!!END

@!!BEGIN
@!!type:obligation
@!!id:47
@!!loc:121:28:121:33
@!!status:to be proved
@!!obl:ASSUME NEW CONSTANT Def(_, _),
       ASSUME NEW CONSTANT n \in Nat,
              NEW CONSTANT g,
              NEW CONSTANT h,
              \A i \in 0..n - 1 : g[i] = h[i] 
       PROVE  Def(g, n) = Def(h, n) ,
       F ==
         CHOOSE F : F = [n \in Nat |-> [i \in 0..n - 1 |-> Def(F[n - 1], i)]],
       f == [n \in Nat |-> F[n + 1][n]],
       P(g, k) == g = [n \in 0..k |-> [i \in 0..n - 1 |-> Def(g[n - 1], i)]],
       G(k) == CHOOSE g : P(g, k),
       FF == [n \in Nat |-> [i \in 0..n - 1 |-> G(n)[n][i]]],
       NEW CONSTANT g,
       NEW CONSTANT k \in Nat,
       NEW CONSTANT n \in 0..k,
       NEW CONSTANT i \in 0..n - 1,
       gg == [m \in 0..k |-> [j \in 0..m - 1 |-> Def(g[m - 1], j)]],
       <2>0 
PROVE  Zenon

@!!END

@!!BEGIN
@!!type:obligation
@!!id:48
@!!loc:151:15:151:17
@!!status:to be proved
@!!obl:ASSUME NEW CONSTANT Def(_, _),
       ASSUME NEW CONSTANT n \in Nat,
              NEW CONSTANT g,
              NEW CONSTANT h,
              \A i \in 0..n - 1 : g[i] = h[i] 
       PROVE  Def(g, n) = Def(h, n) ,
       F ==
         CHOOSE F : F = [n \in Nat |-> [i \in 0..n - 1 |-> Def(F[n - 1], i)]],
       f == [n \in Nat |-> F[n + 1][n]],
       P(g, k) == g = [n \in 0..k |-> [i \in 0..n - 1 |-> Def(g[n - 1], i)]],
       G(k) == CHOOSE g : P(g, k),
       FF == [n \in Nat |-> [i \in 0..n - 1 |-> G(n)[n][i]]],
       <3>1 ,
       <3>2 ,
       NatInduction ,
       IsaM("blast") 
PROVE  \A k \in Nat : Q(k)

@!!END

@!!BEGIN
@!!type:obligation
@!!id:49
@!!loc:151:18:151:22
@!!status:to be proved
@!!obl:ASSUME NEW CONSTANT Def(_, _),
       ASSUME NEW CONSTANT n \in Nat,
              NEW CONSTANT g,
              NEW CONSTANT h,
              \A i \in 0..n - 1 : g[i] = h[i] 
       PROVE  Def(g, n) = Def(h, n) ,
       F ==
         CHOOSE F : F = [n \in Nat |-> [i \in 0..n - 1 |-> Def(F[n - 1], i)]],
       f == [n \in Nat |-> F[n + 1][n]],
       P(g, k) == g = [n \in 0..k |-> [i \in 0..n - 1 |-> Def(g[n - 1], i)]],
       G(k) == CHOOSE g : P(g, k),
       FF == [n \in Nat |-> [i \in 0..n - 1 |-> G(n)[n][i]]]
PROVE  <3>1

@!!END

@!!BEGIN
@!!type:obligation
@!!id:50
@!!loc:151:24:151:28
@!!status:to be proved
@!!obl:ASSUME NEW CONSTANT Def(_, _),
       ASSUME NEW CONSTANT n \in Nat,
              NEW CONSTANT g,
              NEW CONSTANT h,
              \A i \in 0..n - 1 : g[i] = h[i] 
       PROVE  Def(g, n) = Def(h, n) ,
       F ==
         CHOOSE F : F = [n \in Nat |-> [i \in 0..n - 1 |-> Def(F[n - 1], i)]],
       f == [n \in Nat |-> F[n + 1][n]],
       P(g, k) == g = [n \in 0..k |-> [i \in 0..n - 1 |-> Def(g[n - 1], i)]],
       G(k) == CHOOSE g : P(g, k),
       FF == [n \in Nat |-> [i \in 0..n - 1 |-> G(n)[n][i]]],
       <3>1 
PROVE  <3>2

@!!END

@!!BEGIN
@!!type:obligation
@!!id:51
@!!loc:151:30:151:42
@!!status:to be proved
@!!obl:ASSUME NEW CONSTANT Def(_, _),
       ASSUME NEW CONSTANT n \in Nat,
              NEW CONSTANT g,
              NEW CONSTANT h,
              \A i \in 0..n - 1 : g[i] = h[i] 
       PROVE  Def(g, n) = Def(h, n) ,
       F ==
         CHOOSE F : F = [n \in Nat |-> [i \in 0..n - 1 |-> Def(F[n - 1], i)]],
       f == [n \in Nat |-> F[n + 1][n]],
       P(g, k) == g = [n \in 0..k |-> [i \in 0..n - 1 |-> Def(g[n - 1], i)]],
       G(k) == CHOOSE g : P(g, k),
       FF == [n \in Nat |-> [i \in 0..n - 1 |-> G(n)[n][i]]],
       <3>1 ,
       <3>2 
PROVE  NatInduction

@!!END

@!!BEGIN
@!!type:obligation
@!!id:52
@!!loc:151:44:151:57
@!!status:to be proved
@!!obl:ASSUME NEW CONSTANT Def(_, _),
       ASSUME NEW CONSTANT n \in Nat,
              NEW CONSTANT g,
              NEW CONSTANT h,
              \A i \in 0..n - 1 : g[i] = h[i] 
       PROVE  Def(g, n) = Def(h, n) ,
       F ==
         CHOOSE F : F = [n \in Nat |-> [i \in 0..n - 1 |-> Def(F[n - 1], i)]],
       f == [n \in Nat |-> F[n + 1][n]],
       P(g, k) == g = [n \in 0..k |-> [i \in 0..n - 1 |-> Def(g[n - 1], i)]],
       G(k) == CHOOSE g : P(g, k),
       FF == [n \in Nat |-> [i \in 0..n - 1 |-> G(n)[n][i]]],
       <3>1 ,
       <3>2 ,
       NatInduction 
PROVE  IsaM("blast")

@!!END

@!!BEGIN
@!!type:obligation
@!!id:53
@!!loc:125:40:125:42
@!!status:to be proved
@!!obl:ASSUME NEW CONSTANT Def(_, _),
       ASSUME NEW CONSTANT n \in Nat,
              NEW CONSTANT g,
              NEW CONSTANT h,
              \A i \in 0..n - 1 : g[i] = h[i] 
       PROVE  Def(g, n) = Def(h, n) ,
       F ==
         CHOOSE F : F = [n \in Nat |-> [i \in 0..n - 1 |-> Def(F[n - 1], i)]],
       f == [n \in Nat |-> F[n + 1][n]],
       P(g, k) == g = [n \in 0..k |-> [i \in 0..n - 1 |-> Def(g[n - 1], i)]],
       G(k) == CHOOSE g : P(g, k),
       FF == [n \in Nat |-> [i \in 0..n - 1 |-> G(n)[n][i]]],
       Q(k) == \E g : P(g, k),
       <3>_a114 ,
       Zenon 
PROVE  \A k \in Nat : \E g : P(g, k)

@!!END

@!!BEGIN
@!!type:obligation
@!!id:54
@!!loc:125:43:125:48
@!!status:to be proved
@!!obl:ASSUME NEW CONSTANT Def(_, _),
       ASSUME NEW CONSTANT n \in Nat,
              NEW CONSTANT g,
              NEW CONSTANT h,
              \A i \in 0..n - 1 : g[i] = h[i] 
       PROVE  Def(g, n) = Def(h, n) ,
       F ==
         CHOOSE F : F = [n \in Nat |-> [i \in 0..n - 1 |-> Def(F[n - 1], i)]],
       f == [n \in Nat |-> F[n + 1][n]],
       P(g, k) == g = [n \in 0..k |-> [i \in 0..n - 1 |-> Def(g[n - 1], i)]],
       G(k) == CHOOSE g : P(g, k),
       FF == [n \in Nat |-> [i \in 0..n - 1 |-> G(n)[n][i]]],
       Q(k) == \E g : P(g, k),
       <3>_a114 
PROVE  Zenon

@!!END

@!!BEGIN
@!!type:obligation
@!!id:55
@!!loc:129:17:129:19
@!!status:to be proved
@!!obl:ASSUME NEW CONSTANT Def(_, _),
       ASSUME NEW CONSTANT n \in Nat,
              NEW CONSTANT g,
              NEW CONSTANT h,
              \A i \in 0..n - 1 : g[i] = h[i] 
       PROVE  Def(g, n) = Def(h, n) ,
       F ==
         CHOOSE F : F = [n \in Nat |-> [i \in 0..n - 1 |-> Def(F[n - 1], i)]],
       f == [n \in Nat |-> F[n + 1][n]],
       P(g, k) == g = [n \in 0..k |-> [i \in 0..n - 1 |-> Def(g[n - 1], i)]],
       G(k) == CHOOSE g : P(g, k),
       FF == [n \in Nat |-> [i \in 0..n - 1 |-> G(n)[n][i]]],
       Q(k) == \E g : P(g, k),
       g0 == [n \in {0} |-> [i \in {} |-> {}]],
       <4>1 ,
       Zenon 
PROVE  Q(0)

@!!END

@!!BEGIN
@!!type:obligation
@!!id:56
@!!loc:129:20:129:24
@!!status:to be proved
@!!obl:ASSUME NEW CONSTANT Def(_, _),
       ASSUME NEW CONSTANT n \in Nat,
              NEW CONSTANT g,
              NEW CONSTANT h,
              \A i \in 0..n - 1 : g[i] = h[i] 
       PROVE  Def(g, n) = Def(h, n) ,
       F ==
         CHOOSE F : F = [n \in Nat |-> [i \in 0..n - 1 |-> Def(F[n - 1], i)]],
       f == [n \in Nat |-> F[n + 1][n]],
       P(g, k) == g = [n \in 0..k |-> [i \in 0..n - 1 |-> Def(g[n - 1], i)]],
       G(k) == CHOOSE g : P(g, k),
       FF == [n \in Nat |-> [i \in 0..n - 1 |-> G(n)[n][i]]],
       Q(k) == \E g : P(g, k),
       g0 == [n \in {0} |-> [i \in {} |-> {}]]
PROVE  <4>1

@!!END

@!!BEGIN
@!!type:obligation
@!!id:57
@!!loc:129:26:129:31
@!!status:to be proved
@!!obl:ASSUME NEW CONSTANT Def(_, _),
       ASSUME NEW CONSTANT n \in Nat,
              NEW CONSTANT g,
              NEW CONSTANT h,
              \A i \in 0..n - 1 : g[i] = h[i] 
       PROVE  Def(g, n) = Def(h, n) ,
       F ==
         CHOOSE F : F = [n \in Nat |-> [i \in 0..n - 1 |-> Def(F[n - 1], i)]],
       f == [n \in Nat |-> F[n + 1][n]],
       P(g, k) == g = [n \in 0..k |-> [i \in 0..n - 1 |-> Def(g[n - 1], i)]],
       G(k) == CHOOSE g : P(g, k),
       FF == [n \in Nat |-> [i \in 0..n - 1 |-> G(n)[n][i]]],
       Q(k) == \E g : P(g, k),
       g0 == [n \in {0} |-> [i \in {} |-> {}]],
       <4>1 
PROVE  Zenon

@!!END

@!!BEGIN
@!!type:obligation
@!!id:58
@!!loc:128:23:128:25
@!!status:to be proved
@!!obl:ASSUME NEW CONSTANT Def(_, _),
       ASSUME NEW CONSTANT n \in Nat,
              NEW CONSTANT g,
              NEW CONSTANT h,
              \A i \in 0..n - 1 : g[i] = h[i] 
       PROVE  Def(g, n) = Def(h, n) ,
       F ==
         CHOOSE F : F = [n \in Nat |-> [i \in 0..n - 1 |-> Def(F[n - 1], i)]],
       f == [n \in Nat |-> F[n + 1][n]],
       P(g, k) == g = [n \in 0..k |-> [i \in 0..n - 1 |-> Def(g[n - 1], i)]],
       G(k) == CHOOSE g : P(g, k),
       FF == [n \in Nat |-> [i \in 0..n - 1 |-> G(n)[n][i]]],
       Q(k) == \E g : P(g, k),
       g0 == [n \in {0} |-> [i \in {} |-> {}]],
       Isa 
PROVE  P(g0, 0)

@!!END

@!!BEGIN
@!!type:obligation
@!!id:59
@!!loc:128:26:128:29
@!!status:to be proved
@!!obl:ASSUME NEW CONSTANT Def(_, _),
       ASSUME NEW CONSTANT n \in Nat,
              NEW CONSTANT g,
              NEW CONSTANT h,
              \A i \in 0..n - 1 : g[i] = h[i] 
       PROVE  Def(g, n) = Def(h, n) ,
       F ==
         CHOOSE F : F = [n \in Nat |-> [i \in 0..n - 1 |-> Def(F[n - 1], i)]],
       f == [n \in Nat |-> F[n + 1][n]],
       P(g, k) == g = [n \in 0..k |-> [i \in 0..n - 1 |-> Def(g[n - 1], i)]],
       G(k) == CHOOSE g : P(g, k),
       FF == [n \in Nat |-> [i \in 0..n - 1 |-> G(n)[n][i]]],
       Q(k) == \E g : P(g, k),
       g0 == [n \in {0} |-> [i \in {} |-> {}]]
PROVE  Isa

@!!END

@!!BEGIN
@!!type:obligation
@!!id:60
@!!loc:149:17:149:19
@!!status:to be proved
@!!obl:ASSUME NEW CONSTANT Def(_, _),
       ASSUME NEW CONSTANT n \in Nat,
              NEW CONSTANT g,
              NEW CONSTANT h,
              \A i \in 0..n - 1 : g[i] = h[i] 
       PROVE  Def(g, n) = Def(h, n) ,
       F ==
         CHOOSE F : F = [n \in Nat |-> [i \in 0..n - 1 |-> Def(F[n - 1], i)]],
       f == [n \in Nat |-> F[n + 1][n]],
       P(g, k) == g = [n \in 0..k |-> [i \in 0..n - 1 |-> Def(g[n - 1], i)]],
       G(k) == CHOOSE g : P(g, k),
       FF == [n \in Nat |-> [i \in 0..n - 1 |-> G(n)[n][i]]],
       Q(k) == \E g : P(g, k),
       NEW CONSTANT k \in Nat,
       NEW CONSTANT g,
       <4>2 ,
       Zenon 
PROVE  Q(k + 1)

@!!END

@!!BEGIN
@!!type:obligation
@!!id:61
@!!loc:149:20:149:24
@!!status:to be proved
@!!obl:ASSUME NEW CONSTANT Def(_, _),
       ASSUME NEW CONSTANT n \in Nat,
              NEW CONSTANT g,
              NEW CONSTANT h,
              \A i \in 0..n - 1 : g[i] = h[i] 
       PROVE  Def(g, n) = Def(h, n) ,
       F ==
         CHOOSE F : F = [n \in Nat |-> [i \in 0..n - 1 |-> Def(F[n - 1], i)]],
       f == [n \in Nat |-> F[n + 1][n]],
       P(g, k) == g = [n \in 0..k |-> [i \in 0..n - 1 |-> Def(g[n - 1], i)]],
       G(k) == CHOOSE g : P(g, k),
       FF == [n \in Nat |-> [i \in 0..n - 1 |-> G(n)[n][i]]],
       Q(k) == \E g : P(g, k),
       NEW CONSTANT k \in Nat,
       NEW CONSTANT g
PROVE  <4>2

@!!END

@!!BEGIN
@!!type:obligation
@!!id:62
@!!loc:149:26:149:31
@!!status:to be proved
@!!obl:ASSUME NEW CONSTANT Def(_, _),
       ASSUME NEW CONSTANT n \in Nat,
              NEW CONSTANT g,
              NEW CONSTANT h,
              \A i \in 0..n - 1 : g[i] = h[i] 
       PROVE  Def(g, n) = Def(h, n) ,
       F ==
         CHOOSE F : F = [n \in Nat |-> [i \in 0..n - 1 |-> Def(F[n - 1], i)]],
       f == [n \in Nat |-> F[n + 1][n]],
       P(g, k) == g = [n \in 0..k |-> [i \in 0..n - 1 |-> Def(g[n - 1], i)]],
       G(k) == CHOOSE g : P(g, k),
       FF == [n \in Nat |-> [i \in 0..n - 1 |-> G(n)[n][i]]],
       Q(k) == \E g : P(g, k),
       NEW CONSTANT k \in Nat,
       NEW CONSTANT g,
       <4>2 
PROVE  Zenon

@!!END

@!!BEGIN
@!!type:obligation
@!!id:63
@!!loc:132:30:132:32
@!!status:to be proved
@!!obl:ASSUME NEW CONSTANT Def(_, _),
       ASSUME NEW CONSTANT n \in Nat,
              NEW CONSTANT g,
              NEW CONSTANT h,
              \A i \in 0..n - 1 : g[i] = h[i] 
       PROVE  Def(g, n) = Def(h, n) ,
       F ==
         CHOOSE F : F = [n \in Nat |-> [i \in 0..n - 1 |-> Def(F[n - 1], i)]],
       f == [n \in Nat |-> F[n + 1][n]],
       P(g, k) == g = [n \in 0..k |-> [i \in 0..n - 1 |-> Def(g[n - 1], i)]],
       G(k) == CHOOSE g : P(g, k),
       FF == [n \in Nat |-> [i \in 0..n - 1 |-> G(n)[n][i]]],
       Q(k) == \E g : P(g, k),
       NEW CONSTANT k \in Nat,
       <3>2 ,
       Zenon 
PROVE  \E g : P(g, k)

@!!END

@!!BEGIN
@!!type:obligation
@!!id:64
@!!loc:132:33:132:37
@!!status:to be proved
@!!obl:ASSUME NEW CONSTANT Def(_, _),
       ASSUME NEW CONSTANT n \in Nat,
              NEW CONSTANT g,
              NEW CONSTANT h,
              \A i \in 0..n - 1 : g[i] = h[i] 
       PROVE  Def(g, n) = Def(h, n) ,
       F ==
         CHOOSE F : F = [n \in Nat |-> [i \in 0..n - 1 |-> Def(F[n - 1], i)]],
       f == [n \in Nat |-> F[n + 1][n]],
       P(g, k) == g = [n \in 0..k |-> [i \in 0..n - 1 |-> Def(g[n - 1], i)]],
       G(k) == CHOOSE g : P(g, k),
       FF == [n \in Nat |-> [i \in 0..n - 1 |-> G(n)[n][i]]],
       Q(k) == \E g : P(g, k),
       NEW CONSTANT k \in Nat
PROVE  <3>2

@!!END

@!!BEGIN
@!!type:obligation
@!!id:65
@!!loc:132:39:132:44
@!!status:to be proved
@!!obl:ASSUME NEW CONSTANT Def(_, _),
       ASSUME NEW CONSTANT n \in Nat,
              NEW CONSTANT g,
              NEW CONSTANT h,
              \A i \in 0..n - 1 : g[i] = h[i] 
       PROVE  Def(g, n) = Def(h, n) ,
       F ==
         CHOOSE F : F = [n \in Nat |-> [i \in 0..n - 1 |-> Def(F[n - 1], i)]],
       f == [n \in Nat |-> F[n + 1][n]],
       P(g, k) == g = [n \in 0..k |-> [i \in 0..n - 1 |-> Def(g[n - 1], i)]],
       G(k) == CHOOSE g : P(g, k),
       FF == [n \in Nat |-> [i \in 0..n - 1 |-> G(n)[n][i]]],
       Q(k) == \E g : P(g, k),
       NEW CONSTANT k \in Nat,
       <3>2 
PROVE  Zenon

@!!END

@!!BEGIN
@!!type:obligation
@!!id:67
@!!loc:135:9:135:11
@!!status:to be proved
@!!obl:ASSUME NEW CONSTANT Def(_, _),
       ASSUME NEW CONSTANT n \in Nat,
              NEW CONSTANT g,
              NEW CONSTANT h,
              \A i \in 0..n - 1 : g[i] = h[i] 
       PROVE  Def(g, n) = Def(h, n) ,
       F ==
         CHOOSE F : F = [n \in Nat |-> [i \in 0..n - 1 |-> Def(F[n - 1], i)]],
       f == [n \in Nat |-> F[n + 1][n]],
       P(g, k) == g = [n \in 0..k |-> [i \in 0..n - 1 |-> Def(g[n - 1], i)]],
       G(k) == CHOOSE g : P(g, k),
       FF == [n \in Nat |-> [i \in 0..n - 1 |-> G(n)[n][i]]],
       Q(k) == \E g : P(g, k),
       NEW CONSTANT k \in Nat,
       NEW CONSTANT g,
       NEW CONSTANT n \in 0..k,
       NEW CONSTANT i \in 0..n - 1,
       <4>1 ,
       <2>0 ,
       Zenon 
PROVE  g[n][i] = Def(g[n - 1], i)

@!!END

@!!BEGIN
@!!type:obligation
@!!id:68
@!!loc:135:12:135:16
@!!status:to be proved
@!!obl:ASSUME NEW CONSTANT Def(_, _),
       ASSUME NEW CONSTANT n \in Nat,
              NEW CONSTANT g,
              NEW CONSTANT h,
              \A i \in 0..n - 1 : g[i] = h[i] 
       PROVE  Def(g, n) = Def(h, n) ,
       F ==
         CHOOSE F : F = [n \in Nat |-> [i \in 0..n - 1 |-> Def(F[n - 1], i)]],
       f == [n \in Nat |-> F[n + 1][n]],
       P(g, k) == g = [n \in 0..k |-> [i \in 0..n - 1 |-> Def(g[n - 1], i)]],
       G(k) == CHOOSE g : P(g, k),
       FF == [n \in Nat |-> [i \in 0..n - 1 |-> G(n)[n][i]]],
       Q(k) == \E g : P(g, k),
       NEW CONSTANT k \in Nat,
       NEW CONSTANT g,
       NEW CONSTANT n \in 0..k,
       NEW CONSTANT i \in 0..n - 1
PROVE  <4>1

@!!END

@!!BEGIN
@!!type:obligation
@!!id:69
@!!loc:135:18:135:22
@!!status:to be proved
@!!obl:ASSUME NEW CONSTANT Def(_, _),
       ASSUME NEW CONSTANT n \in Nat,
              NEW CONSTANT g,
              NEW CONSTANT h,
              \A i \in 0..n - 1 : g[i] = h[i] 
       PROVE  Def(g, n) = Def(h, n) ,
       F ==
         CHOOSE F : F = [n \in Nat |-> [i \in 0..n - 1 |-> Def(F[n - 1], i)]],
       f == [n \in Nat |-> F[n + 1][n]],
       P(g, k) == g = [n \in 0..k |-> [i \in 0..n - 1 |-> Def(g[n - 1], i)]],
       G(k) == CHOOSE g : P(g, k),
       FF == [n \in Nat |-> [i \in 0..n - 1 |-> G(n)[n][i]]],
       Q(k) == \E g : P(g, k),
       NEW CONSTANT k \in Nat,
       NEW CONSTANT g,
       NEW CONSTANT n \in 0..k,
       NEW CONSTANT i \in 0..n - 1,
       <4>1 
PROVE  <2>0

@!!END

@!!BEGIN
@!!type:obligation
@!!id:70
@!!loc:135:24:135:29
@!!status:to be proved
@!!obl:ASSUME NEW CONSTANT Def(_, _),
       ASSUME NEW CONSTANT n \in Nat,
              NEW CONSTANT g,
              NEW CONSTANT h,
              \A i \in 0..n - 1 : g[i] = h[i] 
       PROVE  Def(g, n) = Def(h, n) ,
       F ==
         CHOOSE F : F = [n \in Nat |-> [i \in 0..n - 1 |-> Def(F[n - 1], i)]],
       f == [n \in Nat |-> F[n + 1][n]],
       P(g, k) == g = [n \in 0..k |-> [i \in 0..n - 1 |-> Def(g[n - 1], i)]],
       G(k) == CHOOSE g : P(g, k),
       FF == [n \in Nat |-> [i \in 0..n - 1 |-> G(n)[n][i]]],
       Q(k) == \E g : P(g, k),
       NEW CONSTANT k \in Nat,
       NEW CONSTANT g,
       NEW CONSTANT n \in 0..k,
       NEW CONSTANT i \in 0..n - 1,
       <4>1 ,
       <2>0 
PROVE  Zenon

@!!END

@!!BEGIN
@!!type:obligation
@!!id:71
@!!loc:147:19:147:21
@!!status:to be proved
@!!obl:ASSUME NEW CONSTANT Def(_, _),
       ASSUME NEW CONSTANT n \in Nat,
              NEW CONSTANT g,
              NEW CONSTANT h,
              \A i \in 0..n - 1 : g[i] = h[i] 
       PROVE  Def(g, n) = Def(h, n) ,
       F ==
         CHOOSE F : F = [n \in Nat |-> [i \in 0..n - 1 |-> Def(F[n - 1], i)]],
       f == [n \in Nat |-> F[n + 1][n]],
       P(g, k) == g = [n \in 0..k |-> [i \in 0..n - 1 |-> Def(g[n - 1], i)]],
       G(k) == CHOOSE g : P(g, k),
       FF == [n \in Nat |-> [i \in 0..n - 1 |-> G(n)[n][i]]],
       Q(k) == \E g : P(g, k),
       NEW CONSTANT k \in Nat,
       NEW CONSTANT g,
       NEW CONSTANT n \in 0..k + 1,
       NEW CONSTANT i \in 0..n - 1,
       <5>1 ,
       <5>3 
PROVE  h[n][i] = Def(h[n - 1], i)

@!!END

@!!BEGIN
@!!type:obligation
@!!id:72
@!!loc:147:22:147:26
@!!status:to be proved
@!!obl:ASSUME NEW CONSTANT Def(_, _),
       ASSUME NEW CONSTANT n \in Nat,
              NEW CONSTANT g,
              NEW CONSTANT h,
              \A i \in 0..n - 1 : g[i] = h[i] 
       PROVE  Def(g, n) = Def(h, n) ,
       F ==
         CHOOSE F : F = [n \in Nat |-> [i \in 0..n - 1 |-> Def(F[n - 1], i)]],
       f == [n \in Nat |-> F[n + 1][n]],
       P(g, k) == g = [n \in 0..k |-> [i \in 0..n - 1 |-> Def(g[n - 1], i)]],
       G(k) == CHOOSE g : P(g, k),
       FF == [n \in Nat |-> [i \in 0..n - 1 |-> G(n)[n][i]]],
       Q(k) == \E g : P(g, k),
       NEW CONSTANT k \in Nat,
       NEW CONSTANT g,
       NEW CONSTANT n \in 0..k + 1,
       NEW CONSTANT i \in 0..n - 1
PROVE  <5>1

@!!END

@!!BEGIN
@!!type:obligation
@!!id:73
@!!loc:147:28:147:32
@!!status:to be proved
@!!obl:ASSUME NEW CONSTANT Def(_, _),
       ASSUME NEW CONSTANT n \in Nat,
              NEW CONSTANT g,
              NEW CONSTANT h,
              \A i \in 0..n - 1 : g[i] = h[i] 
       PROVE  Def(g, n) = Def(h, n) ,
       F ==
         CHOOSE F : F = [n \in Nat |-> [i \in 0..n - 1 |-> Def(F[n - 1], i)]],
       f == [n \in Nat |-> F[n + 1][n]],
       P(g, k) == g = [n \in 0..k |-> [i \in 0..n - 1 |-> Def(g[n - 1], i)]],
       G(k) == CHOOSE g : P(g, k),
       FF == [n \in Nat |-> [i \in 0..n - 1 |-> G(n)[n][i]]],
       Q(k) == \E g : P(g, k),
       NEW CONSTANT k \in Nat,
       NEW CONSTANT g,
       NEW CONSTANT n \in 0..k + 1,
       NEW CONSTANT i \in 0..n - 1,
       <5>1 
PROVE  <5>3

@!!END

@!!BEGIN
@!!type:obligation
@!!id:74
@!!loc:140:11:140:13
@!!status:to be proved
@!!obl:ASSUME NEW CONSTANT Def(_, _),
       ASSUME NEW CONSTANT n \in Nat,
              NEW CONSTANT g,
              NEW CONSTANT h,
              \A i \in 0..n - 1 : g[i] = h[i] 
       PROVE  Def(g, n) = Def(h, n) ,
       F ==
         CHOOSE F : F = [n \in Nat |-> [i \in 0..n - 1 |-> Def(F[n - 1], i)]],
       f == [n \in Nat |-> F[n + 1][n]],
       P(g, k) == g = [n \in 0..k |-> [i \in 0..n - 1 |-> Def(g[n - 1], i)]],
       G(k) == CHOOSE g : P(g, k),
       FF == [n \in Nat |-> [i \in 0..n - 1 |-> G(n)[n][i]]],
       Q(k) == \E g : P(g, k),
       NEW CONSTANT k \in Nat,
       NEW CONSTANT g,
       h == [n \in 0..k + 1 |-> [i \in 0..n - 1 |-> Def(g[n - 1], i)]],
       <5>_a115 ,
       Zenon 
PROVE  h = [n \in 0..k + 1 |-> [i \in 0..n - 1 |-> Def(h[n - 1], i)]]

@!!END

@!!BEGIN
@!!type:obligation
@!!id:75
@!!loc:140:14:140:19
@!!status:to be proved
@!!obl:ASSUME NEW CONSTANT Def(_, _),
       ASSUME NEW CONSTANT n \in Nat,
              NEW CONSTANT g,
              NEW CONSTANT h,
              \A i \in 0..n - 1 : g[i] = h[i] 
       PROVE  Def(g, n) = Def(h, n) ,
       F ==
         CHOOSE F : F = [n \in Nat |-> [i \in 0..n - 1 |-> Def(F[n - 1], i)]],
       f == [n \in Nat |-> F[n + 1][n]],
       P(g, k) == g = [n \in 0..k |-> [i \in 0..n - 1 |-> Def(g[n - 1], i)]],
       G(k) == CHOOSE g : P(g, k),
       FF == [n \in Nat |-> [i \in 0..n - 1 |-> G(n)[n][i]]],
       Q(k) == \E g : P(g, k),
       NEW CONSTANT k \in Nat,
       NEW CONSTANT g,
       h == [n \in 0..k + 1 |-> [i \in 0..n - 1 |-> Def(g[n - 1], i)]],
       <5>_a115 
PROVE  Zenon

@!!END

@!!BEGIN
@!!type:obligation
@!!id:76
@!!loc:141:41:141:48
@!!status:to be proved
@!!obl:ASSUME NEW CONSTANT Def(_, _),
       ASSUME NEW CONSTANT n \in Nat,
              NEW CONSTANT g,
              NEW CONSTANT h,
              \A i \in 0..n - 1 : g[i] = h[i] 
       PROVE  Def(g, n) = Def(h, n) ,
       F ==
         CHOOSE F : F = [n \in Nat |-> [i \in 0..n - 1 |-> Def(F[n - 1], i)]],
       f == [n \in Nat |-> F[n + 1][n]],
       P(g, k) == g = [n \in 0..k |-> [i \in 0..n - 1 |-> Def(g[n - 1], i)]],
       G(k) == CHOOSE g : P(g, k),
       FF == [n \in Nat |-> [i \in 0..n - 1 |-> G(n)[n][i]]],
       Q(k) == \E g : P(g, k),
       NEW CONSTANT k \in Nat,
       NEW CONSTANT g,
       h == [n \in 0..k + 1 |-> [i \in 0..n - 1 |-> Def(g[n - 1], i)]],
       NEW CONSTANT n \in 0..k + 1,
       NEW CONSTANT i \in 0..n - 1
PROVE  h[n][i] = Def(g[n - 1], i)

@!!END

@!!BEGIN
@!!type:obligation
@!!id:77
@!!loc:144:11:144:13
@!!status:to be proved
@!!obl:ASSUME NEW CONSTANT Def(_, _),
       ASSUME NEW CONSTANT n \in Nat,
              NEW CONSTANT g,
              NEW CONSTANT h,
              \A i \in 0..n - 1 : g[i] = h[i] 
       PROVE  Def(g, n) = Def(h, n) ,
       F ==
         CHOOSE F : F = [n \in Nat |-> [i \in 0..n - 1 |-> Def(F[n - 1], i)]],
       f == [n \in Nat |-> F[n + 1][n]],
       P(g, k) == g = [n \in 0..k |-> [i \in 0..n - 1 |-> Def(g[n - 1], i)]],
       G(k) == CHOOSE g : P(g, k),
       FF == [n \in Nat |-> [i \in 0..n - 1 |-> G(n)[n][i]]],
       Q(k) == \E g : P(g, k),
       NEW CONSTANT k \in Nat,
       NEW CONSTANT g,
       h == [n \in 0..k + 1 |-> [i \in 0..n - 1 |-> Def(g[n - 1], i)]],
       NEW CONSTANT n \in 0..k + 1,
       NEW CONSTANT i \in 0..n - 1,
       NEW CONSTANT j \in 0..i - 1,
       <4>1a 
PROVE  g[n - 1][j] = h[n - 1][j]

@!!END

@!!BEGIN
@!!type:obligation
@!!id:78
@!!loc:144:14:144:19
@!!status:to be proved
@!!obl:ASSUME NEW CONSTANT Def(_, _),
       ASSUME NEW CONSTANT n \in Nat,
              NEW CONSTANT g,
              NEW CONSTANT h,
              \A i \in 0..n - 1 : g[i] = h[i] 
       PROVE  Def(g, n) = Def(h, n) ,
       F ==
         CHOOSE F : F = [n \in Nat |-> [i \in 0..n - 1 |-> Def(F[n - 1], i)]],
       f == [n \in Nat |-> F[n + 1][n]],
       P(g, k) == g = [n \in 0..k |-> [i \in 0..n - 1 |-> Def(g[n - 1], i)]],
       G(k) == CHOOSE g : P(g, k),
       FF == [n \in Nat |-> [i \in 0..n - 1 |-> G(n)[n][i]]],
       Q(k) == \E g : P(g, k),
       NEW CONSTANT k \in Nat,
       NEW CONSTANT g,
       h == [n \in 0..k + 1 |-> [i \in 0..n - 1 |-> Def(g[n - 1], i)]],
       NEW CONSTANT n \in 0..k + 1,
       NEW CONSTANT i \in 0..n - 1,
       NEW CONSTANT j \in 0..i - 1
PROVE  <4>1a

@!!END

@!!BEGIN
@!!type:obligation
@!!id:79
@!!loc:146:46:146:48
@!!status:to be proved
@!!obl:ASSUME NEW CONSTANT Def(_, _),
       ASSUME NEW CONSTANT n \in Nat,
              NEW CONSTANT g,
              NEW CONSTANT h,
              \A i \in 0..n - 1 : g[i] = h[i] 
       PROVE  Def(g, n) = Def(h, n) ,
       F ==
         CHOOSE F : F = [n \in Nat |-> [i \in 0..n - 1 |-> Def(F[n - 1], i)]],
       f == [n \in Nat |-> F[n + 1][n]],
       P(g, k) == g = [n \in 0..k |-> [i \in 0..n - 1 |-> Def(g[n - 1], i)]],
       G(k) == CHOOSE g : P(g, k),
       FF == [n \in Nat |-> [i \in 0..n - 1 |-> G(n)[n][i]]],
       Q(k) == \E g : P(g, k),
       NEW CONSTANT k \in Nat,
       NEW CONSTANT g,
       NEW CONSTANT n \in 0..k + 1,
       NEW CONSTANT i \in 0..n - 1,
       <5>2 
PROVE  Def(g[n - 1], i) = Def(h[n - 1], i)

@!!END

@!!BEGIN
@!!type:obligation
@!!id:80
@!!loc:146:49:146:53
@!!status:to be proved
@!!obl:ASSUME NEW CONSTANT Def(_, _),
       ASSUME NEW CONSTANT n \in Nat,
              NEW CONSTANT g,
              NEW CONSTANT h,
              \A i \in 0..n - 1 : g[i] = h[i] 
       PROVE  Def(g, n) = Def(h, n) ,
       F ==
         CHOOSE F : F = [n \in Nat |-> [i \in 0..n - 1 |-> Def(F[n - 1], i)]],
       f == [n \in Nat |-> F[n + 1][n]],
       P(g, k) == g = [n \in 0..k |-> [i \in 0..n - 1 |-> Def(g[n - 1], i)]],
       G(k) == CHOOSE g : P(g, k),
       FF == [n \in Nat |-> [i \in 0..n - 1 |-> G(n)[n][i]]],
       Q(k) == \E g : P(g, k),
       NEW CONSTANT k \in Nat,
       NEW CONSTANT g,
       NEW CONSTANT n \in 0..k + 1,
       NEW CONSTANT i \in 0..n - 1
PROVE  <5>2

@!!END

@!!BEGIN
@!!type:obligation
@!!id:81
@!!loc:152:36:152:38
@!!status:to be proved
@!!obl:ASSUME NEW CONSTANT Def(_, _),
       ASSUME NEW CONSTANT n \in Nat,
              NEW CONSTANT g,
              NEW CONSTANT h,
              \A i \in 0..n - 1 : g[i] = h[i] 
       PROVE  Def(g, n) = Def(h, n) ,
       F ==
         CHOOSE F : F = [n \in Nat |-> [i \in 0..n - 1 |-> Def(F[n - 1], i)]],
       f == [n \in Nat |-> F[n + 1][n]],
       P(g, k) == g = [n \in 0..k |-> [i \in 0..n - 1 |-> Def(g[n - 1], i)]],
       G(k) == CHOOSE g : P(g, k),
       FF == [n \in Nat |-> [i \in 0..n - 1 |-> G(n)[n][i]]],
       <2>1 ,
       Zenon 
PROVE  \A k \in Nat : P(G(k), k)

@!!END

@!!BEGIN
@!!type:obligation
@!!id:82
@!!loc:152:39:152:43
@!!status:to be proved
@!!obl:ASSUME NEW CONSTANT Def(_, _),
       ASSUME NEW CONSTANT n \in Nat,
              NEW CONSTANT g,
              NEW CONSTANT h,
              \A i \in 0..n - 1 : g[i] = h[i] 
       PROVE  Def(g, n) = Def(h, n) ,
       F ==
         CHOOSE F : F = [n \in Nat |-> [i \in 0..n - 1 |-> Def(F[n - 1], i)]],
       f == [n \in Nat |-> F[n + 1][n]],
       P(g, k) == g = [n \in 0..k |-> [i \in 0..n - 1 |-> Def(g[n - 1], i)]],
       G(k) == CHOOSE g : P(g, k),
       FF == [n \in Nat |-> [i \in 0..n - 1 |-> G(n)[n][i]]]
PROVE  <2>1

@!!END

@!!BEGIN
@!!type:obligation
@!!id:83
@!!loc:152:45:152:50
@!!status:to be proved
@!!obl:ASSUME NEW CONSTANT Def(_, _),
       ASSUME NEW CONSTANT n \in Nat,
              NEW CONSTANT g,
              NEW CONSTANT h,
              \A i \in 0..n - 1 : g[i] = h[i] 
       PROVE  Def(g, n) = Def(h, n) ,
       F ==
         CHOOSE F : F = [n \in Nat |-> [i \in 0..n - 1 |-> Def(F[n - 1], i)]],
       f == [n \in Nat |-> F[n + 1][n]],
       P(g, k) == g = [n \in 0..k |-> [i \in 0..n - 1 |-> Def(g[n - 1], i)]],
       G(k) == CHOOSE g : P(g, k),
       FF == [n \in Nat |-> [i \in 0..n - 1 |-> G(n)[n][i]]],
       <2>1 
PROVE  Zenon

@!!END

@!!BEGIN
@!!type:obligation
@!!id:84
@!!loc:199:15:199:17
@!!status:to be proved
@!!obl:ASSUME NEW CONSTANT Def(_, _),
       ASSUME NEW CONSTANT n \in Nat,
              NEW CONSTANT g,
              NEW CONSTANT h,
              \A i \in 0..n - 1 : g[i] = h[i] 
       PROVE  Def(g, n) = Def(h, n) ,
       F ==
         CHOOSE F : F = [n \in Nat |-> [i \in 0..n - 1 |-> Def(F[n - 1], i)]],
       f == [n \in Nat |-> F[n + 1][n]],
       P(g, k) == g = [n \in 0..k |-> [i \in 0..n - 1 |-> Def(g[n - 1], i)]],
       G(k) == CHOOSE g : P(g, k),
       FF == [n \in Nat |-> [i \in 0..n - 1 |-> G(n)[n][i]]],
       <3>0 ,
       <3>1 ,
       NatInduction ,
       IsaM("blast") 
PROVE  \A k \in Nat : Q(k)

@!!END

@!!BEGIN
@!!type:obligation
@!!id:85
@!!loc:199:18:199:22
@!!status:to be proved
@!!obl:ASSUME NEW CONSTANT Def(_, _),
       ASSUME NEW CONSTANT n \in Nat,
              NEW CONSTANT g,
              NEW CONSTANT h,
              \A i \in 0..n - 1 : g[i] = h[i] 
       PROVE  Def(g, n) = Def(h, n) ,
       F ==
         CHOOSE F : F = [n \in Nat |-> [i \in 0..n - 1 |-> Def(F[n - 1], i)]],
       f == [n \in Nat |-> F[n + 1][n]],
       P(g, k) == g = [n \in 0..k |-> [i \in 0..n - 1 |-> Def(g[n - 1], i)]],
       G(k) == CHOOSE g : P(g, k),
       FF == [n \in Nat |-> [i \in 0..n - 1 |-> G(n)[n][i]]]
PROVE  <3>0

@!!END

@!!BEGIN
@!!type:obligation
@!!id:86
@!!loc:199:24:199:28
@!!status:to be proved
@!!obl:ASSUME NEW CONSTANT Def(_, _),
       ASSUME NEW CONSTANT n \in Nat,
              NEW CONSTANT g,
              NEW CONSTANT h,
              \A i \in 0..n - 1 : g[i] = h[i] 
       PROVE  Def(g, n) = Def(h, n) ,
       F ==
         CHOOSE F : F = [n \in Nat |-> [i \in 0..n - 1 |-> Def(F[n - 1], i)]],
       f == [n \in Nat |-> F[n + 1][n]],
       P(g, k) == g = [n \in 0..k |-> [i \in 0..n - 1 |-> Def(g[n - 1], i)]],
       G(k) == CHOOSE g : P(g, k),
       FF == [n \in Nat |-> [i \in 0..n - 1 |-> G(n)[n][i]]],
       <3>0 
PROVE  <3>1

@!!END

@!!BEGIN
@!!type:obligation
@!!id:87
@!!loc:199:30:199:42
@!!status:to be proved
@!!obl:ASSUME NEW CONSTANT Def(_, _),
       ASSUME NEW CONSTANT n \in Nat,
              NEW CONSTANT g,
              NEW CONSTANT h,
              \A i \in 0..n - 1 : g[i] = h[i] 
       PROVE  Def(g, n) = Def(h, n) ,
       F ==
         CHOOSE F : F = [n \in Nat |-> [i \in 0..n - 1 |-> Def(F[n - 1], i)]],
       f == [n \in Nat |-> F[n + 1][n]],
       P(g, k) == g = [n \in 0..k |-> [i \in 0..n - 1 |-> Def(g[n - 1], i)]],
       G(k) == CHOOSE g : P(g, k),
       FF == [n \in Nat |-> [i \in 0..n - 1 |-> G(n)[n][i]]],
       <3>0 ,
       <3>1 
PROVE  NatInduction

@!!END

@!!BEGIN
@!!type:obligation
@!!id:88
@!!loc:199:44:199:57
@!!status:to be proved
@!!obl:ASSUME NEW CONSTANT Def(_, _),
       ASSUME NEW CONSTANT n \in Nat,
              NEW CONSTANT g,
              NEW CONSTANT h,
              \A i \in 0..n - 1 : g[i] = h[i] 
       PROVE  Def(g, n) = Def(h, n) ,
       F ==
         CHOOSE F : F = [n \in Nat |-> [i \in 0..n - 1 |-> Def(F[n - 1], i)]],
       f == [n \in Nat |-> F[n + 1][n]],
       P(g, k) == g = [n \in 0..k |-> [i \in 0..n - 1 |-> Def(g[n - 1], i)]],
       G(k) == CHOOSE g : P(g, k),
       FF == [n \in Nat |-> [i \in 0..n - 1 |-> G(n)[n][i]]],
       <3>0 ,
       <3>1 ,
       NatInduction 
PROVE  IsaM("blast")

@!!END

@!!BEGIN
@!!type:obligation
@!!id:89
@!!loc:157:40:157:42
@!!status:to be proved
@!!obl:ASSUME NEW CONSTANT Def(_, _),
       ASSUME NEW CONSTANT n \in Nat,
              NEW CONSTANT g,
              NEW CONSTANT h,
              \A i \in 0..n - 1 : g[i] = h[i] 
       PROVE  Def(g, n) = Def(h, n) ,
       F ==
         CHOOSE F : F = [n \in Nat |-> [i \in 0..n - 1 |-> Def(F[n - 1], i)]],
       f == [n \in Nat |-> F[n + 1][n]],
       P(g, k) == g = [n \in 0..k |-> [i \in 0..n - 1 |-> Def(g[n - 1], i)]],
       G(k) == CHOOSE g : P(g, k),
       FF == [n \in Nat |-> [i \in 0..n - 1 |-> G(n)[n][i]]],
       Q(k) ==
         \A l \in 0..k :
            \A i \in 0..l - 1 :
               \A g, h : P(g, k) /\ P(h, l) => g[l][i] = h[l][i],
       <3>_a116 ,
       Zenon 
PROVE  \A k \in Nat :
          \A l \in 0..k :
             \A i \in 0..l - 1 :
                \A g, h : P(g, k) /\ P(h, l) => g[l][i] = h[l][i]

@!!END

@!!BEGIN
@!!type:obligation
@!!id:90
@!!loc:157:43:157:48
@!!status:to be proved
@!!obl:ASSUME NEW CONSTANT Def(_, _),
       ASSUME NEW CONSTANT n \in Nat,
              NEW CONSTANT g,
              NEW CONSTANT h,
              \A i \in 0..n - 1 : g[i] = h[i] 
       PROVE  Def(g, n) = Def(h, n) ,
       F ==
         CHOOSE F : F = [n \in Nat |-> [i \in 0..n - 1 |-> Def(F[n - 1], i)]],
       f == [n \in Nat |-> F[n + 1][n]],
       P(g, k) == g = [n \in 0..k |-> [i \in 0..n - 1 |-> Def(g[n - 1], i)]],
       G(k) == CHOOSE g : P(g, k),
       FF == [n \in Nat |-> [i \in 0..n - 1 |-> G(n)[n][i]]],
       Q(k) ==
         \A l \in 0..k :
            \A i \in 0..l - 1 :
               \A g, h : P(g, k) /\ P(h, l) => g[l][i] = h[l][i],
       <3>_a116 
PROVE  Zenon

@!!END

@!!BEGIN
@!!type:obligation
@!!id:91
@!!loc:158:17:158:24
@!!status:to be proved
@!!obl:ASSUME NEW CONSTANT Def(_, _),
       ASSUME NEW CONSTANT n \in Nat,
              NEW CONSTANT g,
              NEW CONSTANT h,
              \A i \in 0..n - 1 : g[i] = h[i] 
       PROVE  Def(g, n) = Def(h, n) ,
       F ==
         CHOOSE F : F = [n \in Nat |-> [i \in 0..n - 1 |-> Def(F[n - 1], i)]],
       f == [n \in Nat |-> F[n + 1][n]],
       P(g, k) == g = [n \in 0..k |-> [i \in 0..n - 1 |-> Def(g[n - 1], i)]],
       G(k) == CHOOSE g : P(g, k),
       FF == [n \in Nat |-> [i \in 0..n - 1 |-> G(n)[n][i]]],
       Q(k) ==
         \A l \in 0..k :
            \A i \in 0..l - 1 :
               \A g, h : P(g, k) /\ P(h, l) => g[l][i] = h[l][i]
PROVE  Q(0)

@!!END

@!!BEGIN
@!!type:obligation
@!!id:92
@!!loc:197:17:197:19
@!!status:to be proved
@!!obl:ASSUME NEW CONSTANT Def(_, _),
       ASSUME NEW CONSTANT n \in Nat,
              NEW CONSTANT g,
              NEW CONSTANT h,
              \A i \in 0..n - 1 : g[i] = h[i] 
       PROVE  Def(g, n) = Def(h, n) ,
       F ==
         CHOOSE F : F = [n \in Nat |-> [i \in 0..n - 1 |-> Def(F[n - 1], i)]],
       f == [n \in Nat |-> F[n + 1][n]],
       G(k) == CHOOSE g : P(g, k),
       FF == [n \in Nat |-> [i \in 0..n - 1 |-> G(n)[n][i]]],
       Q(k) ==
         \A l \in 0..k :
            \A i \in 0..l - 1 :
               \A g, h : P(g, k) /\ P(h, l) => g[l][i] = h[l][i],
       NEW CONSTANT k \in Nat,
       NEW CONSTANT l \in 1..k + 1,
       NEW CONSTANT i \in 0..l - 1,
       NEW CONSTANT g,
       NEW CONSTANT h,
       P(g, k + 1) ,
       P(h, l) ,
       gg == [nn \in 0..k |-> [ii \in 0..nn - 1 |-> Def(g[nn - 1], ii)]],
       hh == [nn \in 0..l - 1 |-> [ii \in 0..nn - 1 |-> Def(h[nn - 1], ii)]],
       <4>8 ,
       <2>0 
PROVE  g[l][i] = h[l][i]

@!!END

@!!BEGIN
@!!type:obligation
@!!id:93
@!!loc:197:20:197:24
@!!status:to be proved
@!!obl:ASSUME NEW CONSTANT Def(_, _),
       ASSUME NEW CONSTANT n \in Nat,
              NEW CONSTANT g,
              NEW CONSTANT h,
              \A i \in 0..n - 1 : g[i] = h[i] 
       PROVE  Def(g, n) = Def(h, n) ,
       F ==
         CHOOSE F : F = [n \in Nat |-> [i \in 0..n - 1 |-> Def(F[n - 1], i)]],
       f == [n \in Nat |-> F[n + 1][n]],
       G(k) == CHOOSE g : P(g, k),
       FF == [n \in Nat |-> [i \in 0..n - 1 |-> G(n)[n][i]]],
       Q(k) ==
         \A l \in 0..k :
            \A i \in 0..l - 1 :
               \A g, h : P(g, k) /\ P(h, l) => g[l][i] = h[l][i],
       NEW CONSTANT k \in Nat,
       NEW CONSTANT l \in 1..k + 1,
       NEW CONSTANT i \in 0..l - 1,
       NEW CONSTANT g,
       NEW CONSTANT h,
       P(g, k + 1) ,
       P(h, l) ,
       gg == [nn \in 0..k |-> [ii \in 0..nn - 1 |-> Def(g[nn - 1], ii)]],
       hh == [nn \in 0..l - 1 |-> [ii \in 0..nn - 1 |-> Def(h[nn - 1], ii)]]
PROVE  <4>8

@!!END

@!!BEGIN
@!!type:obligation
@!!id:94
@!!loc:197:26:197:30
@!!status:to be proved
@!!obl:ASSUME NEW CONSTANT Def(_, _),
       ASSUME NEW CONSTANT n \in Nat,
              NEW CONSTANT g,
              NEW CONSTANT h,
              \A i \in 0..n - 1 : g[i] = h[i] 
       PROVE  Def(g, n) = Def(h, n) ,
       F ==
         CHOOSE F : F = [n \in Nat |-> [i \in 0..n - 1 |-> Def(F[n - 1], i)]],
       f == [n \in Nat |-> F[n + 1][n]],
       G(k) == CHOOSE g : P(g, k),
       FF == [n \in Nat |-> [i \in 0..n - 1 |-> G(n)[n][i]]],
       Q(k) ==
         \A l \in 0..k :
            \A i \in 0..l - 1 :
               \A g, h : P(g, k) /\ P(h, l) => g[l][i] = h[l][i],
       NEW CONSTANT k \in Nat,
       NEW CONSTANT l \in 1..k + 1,
       NEW CONSTANT i \in 0..l - 1,
       NEW CONSTANT g,
       NEW CONSTANT h,
       P(g, k + 1) ,
       P(h, l) ,
       gg == [nn \in 0..k |-> [ii \in 0..nn - 1 |-> Def(g[nn - 1], ii)]],
       hh == [nn \in 0..l - 1 |-> [ii \in 0..nn - 1 |-> Def(h[nn - 1], ii)]],
       <4>8 
PROVE  <2>0

@!!END

@!!BEGIN
@!!type:obligation
@!!id:95
@!!loc:165:9:165:16
@!!status:to be proved
@!!obl:ASSUME NEW CONSTANT Def(_, _),
       ASSUME NEW CONSTANT n \in Nat,
              NEW CONSTANT g,
              NEW CONSTANT h,
              \A i \in 0..n - 1 : g[i] = h[i] 
       PROVE  Def(g, n) = Def(h, n) ,
       F ==
         CHOOSE F : F = [n \in Nat |-> [i \in 0..n - 1 |-> Def(F[n - 1], i)]],
       f == [n \in Nat |-> F[n + 1][n]],
       G(k) == CHOOSE g : P(g, k),
       FF == [n \in Nat |-> [i \in 0..n - 1 |-> G(n)[n][i]]],
       Q(k) ==
         \A l \in 0..k :
            \A i \in 0..l - 1 :
               \A g, h : P(g, k) /\ P(h, l) => g[l][i] = h[l][i],
       NEW CONSTANT k \in Nat,
       <4>_a117 
PROVE  Q(k + 1)

@!!END

@!!BEGIN
@!!type:obligation
@!!id:96
@!!loc:168:9:168:11
@!!status:to be proved
@!!obl:ASSUME NEW CONSTANT Def(_, _),
       ASSUME NEW CONSTANT n \in Nat,
              NEW CONSTANT g,
              NEW CONSTANT h,
              \A i \in 0..n - 1 : g[i] = h[i] 
       PROVE  Def(g, n) = Def(h, n) ,
       F ==
         CHOOSE F : F = [n \in Nat |-> [i \in 0..n - 1 |-> Def(F[n - 1], i)]],
       f == [n \in Nat |-> F[n + 1][n]],
       G(k) == CHOOSE g : P(g, k),
       FF == [n \in Nat |-> [i \in 0..n - 1 |-> G(n)[n][i]]],
       Q(k) ==
         \A l \in 0..k :
            \A i \in 0..l - 1 :
               \A g, h : P(g, k) /\ P(h, l) => g[l][i] = h[l][i],
       NEW CONSTANT k \in Nat,
       NEW CONSTANT l \in 1..k + 1,
       NEW CONSTANT i \in 0..l - 1,
       NEW CONSTANT g,
       NEW CONSTANT h,
       P(g, k + 1) ,
       P(h, l) ,
       <2>0 
PROVE  /\ g[l][i] = Def(g[l - 1], i)
       /\ h[l][i] = Def(h[l - 1], i)

@!!END

@!!BEGIN
@!!type:obligation
@!!id:97
@!!loc:168:12:168:16
@!!status:to be proved
@!!obl:ASSUME NEW CONSTANT Def(_, _),
       ASSUME NEW CONSTANT n \in Nat,
              NEW CONSTANT g,
              NEW CONSTANT h,
              \A i \in 0..n - 1 : g[i] = h[i] 
       PROVE  Def(g, n) = Def(h, n) ,
       F ==
         CHOOSE F : F = [n \in Nat |-> [i \in 0..n - 1 |-> Def(F[n - 1], i)]],
       f == [n \in Nat |-> F[n + 1][n]],
       G(k) == CHOOSE g : P(g, k),
       FF == [n \in Nat |-> [i \in 0..n - 1 |-> G(n)[n][i]]],
       Q(k) ==
         \A l \in 0..k :
            \A i \in 0..l - 1 :
               \A g, h : P(g, k) /\ P(h, l) => g[l][i] = h[l][i],
       NEW CONSTANT k \in Nat,
       NEW CONSTANT l \in 1..k + 1,
       NEW CONSTANT i \in 0..l - 1,
       NEW CONSTANT g,
       NEW CONSTANT h,
       P(g, k + 1) ,
       P(h, l) 
PROVE  <2>0

@!!END

@!!BEGIN
@!!type:obligation
@!!id:98
@!!loc:179:19:179:21
@!!status:to be proved
@!!obl:ASSUME NEW CONSTANT Def(_, _),
       ASSUME NEW CONSTANT n \in Nat,
              NEW CONSTANT g,
              NEW CONSTANT h,
              \A i \in 0..n - 1 : g[i] = h[i] 
       PROVE  Def(g, n) = Def(h, n) ,
       F ==
         CHOOSE F : F = [n \in Nat |-> [i \in 0..n - 1 |-> Def(F[n - 1], i)]],
       f == [n \in Nat |-> F[n + 1][n]],
       P(g, k) == g = [n \in 0..k |-> [i \in 0..n - 1 |-> Def(g[n - 1], i)]],
       G(k) == CHOOSE g : P(g, k),
       FF == [n \in Nat |-> [i \in 0..n - 1 |-> G(n)[n][i]]],
       Q(k) ==
         \A l \in 0..k :
            \A i \in 0..l - 1 :
               \A g, h : P(g, k) /\ P(h, l) => g[l][i] = h[l][i],
       NEW CONSTANT k \in Nat,
       NEW CONSTANT l \in 1..k + 1,
       NEW CONSTANT i \in 0..l - 1,
       NEW CONSTANT g,
       NEW CONSTANT h,
       P(g, k + 1) ,
       P(h, l) ,
       gg == [nn \in 0..k |-> [ii \in 0..nn - 1 |-> Def(g[nn - 1], ii)]],
       hh == [nn \in 0..l - 1 |-> [ii \in 0..nn - 1 |-> Def(h[nn - 1], ii)]],
       <5>1 ,
       Zenon 
PROVE  P(gg, k)

@!!END

@!!BEGIN
@!!type:obligation
@!!id:99
@!!loc:179:22:179:26
@!!status:to be proved
@!!obl:ASSUME NEW CONSTANT Def(_, _),
       ASSUME NEW CONSTANT n \in Nat,
              NEW CONSTANT g,
              NEW CONSTANT h,
              \A i \in 0..n - 1 : g[i] = h[i] 
       PROVE  Def(g, n) = Def(h, n) ,
       F ==
         CHOOSE F : F = [n \in Nat |-> [i \in 0..n - 1 |-> Def(F[n - 1], i)]],
       f == [n \in Nat |-> F[n + 1][n]],
       P(g, k) == g = [n \in 0..k |-> [i \in 0..n - 1 |-> Def(g[n - 1], i)]],
       G(k) == CHOOSE g : P(g, k),
       FF == [n \in Nat |-> [i \in 0..n - 1 |-> G(n)[n][i]]],
       Q(k) ==
         \A l \in 0..k :
            \A i \in 0..l - 1 :
               \A g, h : P(g, k) /\ P(h, l) => g[l][i] = h[l][i],
       NEW CONSTANT k \in Nat,
       NEW CONSTANT l \in 1..k + 1,
       NEW CONSTANT i \in 0..l - 1,
       NEW CONSTANT g,
       NEW CONSTANT h,
       P(g, k + 1) ,
       P(h, l) ,
       gg == [nn \in 0..k |-> [ii \in 0..nn - 1 |-> Def(g[nn - 1], ii)]],
       hh == [nn \in 0..l - 1 |-> [ii \in 0..nn - 1 |-> Def(h[nn - 1], ii)]]
PROVE  <5>1

@!!END

@!!BEGIN
@!!type:obligation
@!!id:100
@!!loc:179:28:179:33
@!!status:to be proved
@!!obl:ASSUME NEW CONSTANT Def(_, _),
       ASSUME NEW CONSTANT n \in Nat,
              NEW CONSTANT g,
              NEW CONSTANT h,
              \A i \in 0..n - 1 : g[i] = h[i] 
       PROVE  Def(g, n) = Def(h, n) ,
       F ==
         CHOOSE F : F = [n \in Nat |-> [i \in 0..n - 1 |-> Def(F[n - 1], i)]],
       f == [n \in Nat |-> F[n + 1][n]],
       P(g, k) == g = [n \in 0..k |-> [i \in 0..n - 1 |-> Def(g[n - 1], i)]],
       G(k) == CHOOSE g : P(g, k),
       FF == [n \in Nat |-> [i \in 0..n - 1 |-> G(n)[n][i]]],
       Q(k) ==
         \A l \in 0..k :
            \A i \in 0..l - 1 :
               \A g, h : P(g, k) /\ P(h, l) => g[l][i] = h[l][i],
       NEW CONSTANT k \in Nat,
       NEW CONSTANT l \in 1..k + 1,
       NEW CONSTANT i \in 0..l - 1,
       NEW CONSTANT g,
       NEW CONSTANT h,
       P(g, k + 1) ,
       P(h, l) ,
       gg == [nn \in 0..k |-> [ii \in 0..nn - 1 |-> Def(g[nn - 1], ii)]],
       hh == [nn \in 0..l - 1 |-> [ii \in 0..nn - 1 |-> Def(h[nn - 1], ii)]],
       <5>1 
PROVE  Zenon

@!!END

@!!BEGIN
@!!type:obligation
@!!id:101
@!!loc:178:21:178:23
@!!status:to be proved
@!!obl:ASSUME NEW CONSTANT Def(_, _),
       ASSUME NEW CONSTANT n \in Nat,
              NEW CONSTANT g,
              NEW CONSTANT h,
              \A i \in 0..n - 1 : g[i] = h[i] 
       PROVE  Def(g, n) = Def(h, n) ,
       F ==
         CHOOSE F : F = [n \in Nat |-> [i \in 0..n - 1 |-> Def(F[n - 1], i)]],
       f == [n \in Nat |-> F[n + 1][n]],
       G(k) == CHOOSE g : P(g, k),
       FF == [n \in Nat |-> [i \in 0..n - 1 |-> G(n)[n][i]]],
       Q(k) ==
         \A l \in 0..k :
            \A i \in 0..l - 1 :
               \A g, h : P(g, k) /\ P(h, l) => g[l][i] = h[l][i],
       NEW CONSTANT k \in Nat,
       NEW CONSTANT l \in 1..k + 1,
       NEW CONSTANT i \in 0..l - 1,
       NEW CONSTANT g,
       NEW CONSTANT h,
       P(g, k + 1) ,
       P(h, l) ,
       gg == [nn \in 0..k |-> [ii \in 0..nn - 1 |-> Def(g[nn - 1], ii)]],
       hh == [nn \in 0..l - 1 |-> [ii \in 0..nn - 1 |-> Def(h[nn - 1], ii)]],
       NEW CONSTANT nn \in 0..k,
       NEW CONSTANT j \in 0..nn - 1,
       <6>1 ,
       <6>2 
PROVE  gg[nn - 1] = g[nn - 1]

@!!END

@!!BEGIN
@!!type:obligation
@!!id:102
@!!loc:178:24:178:28
@!!status:to be proved
@!!obl:ASSUME NEW CONSTANT Def(_, _),
       ASSUME NEW CONSTANT n \in Nat,
              NEW CONSTANT g,
              NEW CONSTANT h,
              \A i \in 0..n - 1 : g[i] = h[i] 
       PROVE  Def(g, n) = Def(h, n) ,
       F ==
         CHOOSE F : F = [n \in Nat |-> [i \in 0..n - 1 |-> Def(F[n - 1], i)]],
       f == [n \in Nat |-> F[n + 1][n]],
       G(k) == CHOOSE g : P(g, k),
       FF == [n \in Nat |-> [i \in 0..n - 1 |-> G(n)[n][i]]],
       Q(k) ==
         \A l \in 0..k :
            \A i \in 0..l - 1 :
               \A g, h : P(g, k) /\ P(h, l) => g[l][i] = h[l][i],
       NEW CONSTANT k \in Nat,
       NEW CONSTANT l \in 1..k + 1,
       NEW CONSTANT i \in 0..l - 1,
       NEW CONSTANT g,
       NEW CONSTANT h,
       P(g, k + 1) ,
       P(h, l) ,
       gg == [nn \in 0..k |-> [ii \in 0..nn - 1 |-> Def(g[nn - 1], ii)]],
       hh == [nn \in 0..l - 1 |-> [ii \in 0..nn - 1 |-> Def(h[nn - 1], ii)]],
       NEW CONSTANT nn \in 0..k,
       NEW CONSTANT j \in 0..nn - 1
PROVE  <6>1

@!!END

@!!BEGIN
@!!type:obligation
@!!id:103
@!!loc:178:30:178:34
@!!status:to be proved
@!!obl:ASSUME NEW CONSTANT Def(_, _),
       ASSUME NEW CONSTANT n \in Nat,
              NEW CONSTANT g,
              NEW CONSTANT h,
              \A i \in 0..n - 1 : g[i] = h[i] 
       PROVE  Def(g, n) = Def(h, n) ,
       F ==
         CHOOSE F : F = [n \in Nat |-> [i \in 0..n - 1 |-> Def(F[n - 1], i)]],
       f == [n \in Nat |-> F[n + 1][n]],
       G(k) == CHOOSE g : P(g, k),
       FF == [n \in Nat |-> [i \in 0..n - 1 |-> G(n)[n][i]]],
       Q(k) ==
         \A l \in 0..k :
            \A i \in 0..l - 1 :
               \A g, h : P(g, k) /\ P(h, l) => g[l][i] = h[l][i],
       NEW CONSTANT k \in Nat,
       NEW CONSTANT l \in 1..k + 1,
       NEW CONSTANT i \in 0..l - 1,
       NEW CONSTANT g,
       NEW CONSTANT h,
       P(g, k + 1) ,
       P(h, l) ,
       gg == [nn \in 0..k |-> [ii \in 0..nn - 1 |-> Def(g[nn - 1], ii)]],
       hh == [nn \in 0..l - 1 |-> [ii \in 0..nn - 1 |-> Def(h[nn - 1], ii)]],
       NEW CONSTANT nn \in 0..k,
       NEW CONSTANT j \in 0..nn - 1,
       <6>1 
PROVE  <6>2

@!!END

@!!BEGIN
@!!type:obligation
@!!id:104
@!!loc:175:13:175:20
@!!status:to be proved
@!!obl:ASSUME NEW CONSTANT Def(_, _),
       ASSUME NEW CONSTANT n \in Nat,
              NEW CONSTANT g,
              NEW CONSTANT h,
              \A i \in 0..n - 1 : g[i] = h[i] 
       PROVE  Def(g, n) = Def(h, n) ,
       F ==
         CHOOSE F : F = [n \in Nat |-> [i \in 0..n - 1 |-> Def(F[n - 1], i)]],
       f == [n \in Nat |-> F[n + 1][n]],
       G(k) == CHOOSE g : P(g, k),
       FF == [n \in Nat |-> [i \in 0..n - 1 |-> G(n)[n][i]]],
       Q(k) ==
         \A l \in 0..k :
            \A i \in 0..l - 1 :
               \A g, h : P(g, k) /\ P(h, l) => g[l][i] = h[l][i],
       NEW CONSTANT k \in Nat,
       NEW CONSTANT l \in 1..k + 1,
       NEW CONSTANT i \in 0..l - 1,
       NEW CONSTANT g,
       NEW CONSTANT h,
       P(g, k + 1) ,
       P(h, l) ,
       gg == [nn \in 0..k |-> [ii \in 0..nn - 1 |-> Def(g[nn - 1], ii)]],
       hh == [nn \in 0..l - 1 |-> [ii \in 0..nn - 1 |-> Def(h[nn - 1], ii)]],
       NEW CONSTANT nn \in 0..k,
       NEW CONSTANT j \in 0..nn - 1
PROVE  gg[nn - 1] = [ii \in 0..nn - 2 |-> Def(g[nn - 2], ii)]

@!!END

@!!BEGIN
@!!type:obligation
@!!id:105
@!!loc:177:13:177:15
@!!status:to be proved
@!!obl:ASSUME NEW CONSTANT Def(_, _),
       ASSUME NEW CONSTANT n \in Nat,
              NEW CONSTANT g,
              NEW CONSTANT h,
              \A i \in 0..n - 1 : g[i] = h[i] 
       PROVE  Def(g, n) = Def(h, n) ,
       F ==
         CHOOSE F : F = [n \in Nat |-> [i \in 0..n - 1 |-> Def(F[n - 1], i)]],
       f == [n \in Nat |-> F[n + 1][n]],
       P(g, k) == g = [n \in 0..k |-> [i \in 0..n - 1 |-> Def(g[n - 1], i)]],
       G(k) == CHOOSE g : P(g, k),
       FF == [n \in Nat |-> [i \in 0..n - 1 |-> G(n)[n][i]]],
       Q(k) ==
         \A l \in 0..k :
            \A i \in 0..l - 1 :
               \A g, h : P(g, k) /\ P(h, l) => g[l][i] = h[l][i],
       NEW CONSTANT k \in Nat,
       NEW CONSTANT l \in 1..k + 1,
       NEW CONSTANT i \in 0..l - 1,
       NEW CONSTANT g,
       NEW CONSTANT h,
       P(g, k + 1) ,
       P(h, l) ,
       gg == [nn \in 0..k |-> [ii \in 0..nn - 1 |-> Def(g[nn - 1], ii)]],
       hh == [nn \in 0..l - 1 |-> [ii \in 0..nn - 1 |-> Def(h[nn - 1], ii)]],
       NEW CONSTANT nn \in 0..k,
       NEW CONSTANT j \in 0..nn - 1,
       nn - 1 \in 0..k ,
       nn - 1 \in 0..k + 1 ,
       Zenon 
PROVE  g[nn - 1] = [ii \in 0..nn - 1 - 1 |-> Def(g[nn - 1 - 1], ii)]

@!!END

@!!BEGIN
@!!type:obligation
@!!id:106
@!!loc:177:16:177:31
@!!status:to be proved
@!!obl:ASSUME NEW CONSTANT Def(_, _),
       ASSUME NEW CONSTANT n \in Nat,
              NEW CONSTANT g,
              NEW CONSTANT h,
              \A i \in 0..n - 1 : g[i] = h[i] 
       PROVE  Def(g, n) = Def(h, n) ,
       F ==
         CHOOSE F : F = [n \in Nat |-> [i \in 0..n - 1 |-> Def(F[n - 1], i)]],
       f == [n \in Nat |-> F[n + 1][n]],
       P(g, k) == g = [n \in 0..k |-> [i \in 0..n - 1 |-> Def(g[n - 1], i)]],
       G(k) == CHOOSE g : P(g, k),
       FF == [n \in Nat |-> [i \in 0..n - 1 |-> G(n)[n][i]]],
       Q(k) ==
         \A l \in 0..k :
            \A i \in 0..l - 1 :
               \A g, h : P(g, k) /\ P(h, l) => g[l][i] = h[l][i],
       NEW CONSTANT k \in Nat,
       NEW CONSTANT l \in 1..k + 1,
       NEW CONSTANT i \in 0..l - 1,
       NEW CONSTANT g,
       NEW CONSTANT h,
       P(g, k + 1) ,
       P(h, l) ,
       gg == [nn \in 0..k |-> [ii \in 0..nn - 1 |-> Def(g[nn - 1], ii)]],
       hh == [nn \in 0..l - 1 |-> [ii \in 0..nn - 1 |-> Def(h[nn - 1], ii)]],
       NEW CONSTANT nn \in 0..k,
       NEW CONSTANT j \in 0..nn - 1
PROVE  nn - 1 \in 0..k

@!!END

@!!BEGIN
@!!type:obligation
@!!id:107
@!!loc:177:33:177:50
@!!status:to be proved
@!!obl:ASSUME NEW CONSTANT Def(_, _),
       ASSUME NEW CONSTANT n \in Nat,
              NEW CONSTANT g,
              NEW CONSTANT h,
              \A i \in 0..n - 1 : g[i] = h[i] 
       PROVE  Def(g, n) = Def(h, n) ,
       F ==
         CHOOSE F : F = [n \in Nat |-> [i \in 0..n - 1 |-> Def(F[n - 1], i)]],
       f == [n \in Nat |-> F[n + 1][n]],
       P(g, k) == g = [n \in 0..k |-> [i \in 0..n - 1 |-> Def(g[n - 1], i)]],
       G(k) == CHOOSE g : P(g, k),
       FF == [n \in Nat |-> [i \in 0..n - 1 |-> G(n)[n][i]]],
       Q(k) ==
         \A l \in 0..k :
            \A i \in 0..l - 1 :
               \A g, h : P(g, k) /\ P(h, l) => g[l][i] = h[l][i],
       NEW CONSTANT k \in Nat,
       NEW CONSTANT l \in 1..k + 1,
       NEW CONSTANT i \in 0..l - 1,
       NEW CONSTANT g,
       NEW CONSTANT h,
       P(g, k + 1) ,
       P(h, l) ,
       gg == [nn \in 0..k |-> [ii \in 0..nn - 1 |-> Def(g[nn - 1], ii)]],
       hh == [nn \in 0..l - 1 |-> [ii \in 0..nn - 1 |-> Def(h[nn - 1], ii)]],
       NEW CONSTANT nn \in 0..k,
       NEW CONSTANT j \in 0..nn - 1,
       nn - 1 \in 0..k 
PROVE  nn - 1 \in 0..k + 1

@!!END

@!!BEGIN
@!!type:obligation
@!!id:108
@!!loc:177:52:177:57
@!!status:to be proved
@!!obl:ASSUME NEW CONSTANT Def(_, _),
       ASSUME NEW CONSTANT n \in Nat,
              NEW CONSTANT g,
              NEW CONSTANT h,
              \A i \in 0..n - 1 : g[i] = h[i] 
       PROVE  Def(g, n) = Def(h, n) ,
       F ==
         CHOOSE F : F = [n \in Nat |-> [i \in 0..n - 1 |-> Def(F[n - 1], i)]],
       f == [n \in Nat |-> F[n + 1][n]],
       P(g, k) == g = [n \in 0..k |-> [i \in 0..n - 1 |-> Def(g[n - 1], i)]],
       G(k) == CHOOSE g : P(g, k),
       FF == [n \in Nat |-> [i \in 0..n - 1 |-> G(n)[n][i]]],
       Q(k) ==
         \A l \in 0..k :
            \A i \in 0..l - 1 :
               \A g, h : P(g, k) /\ P(h, l) => g[l][i] = h[l][i],
       NEW CONSTANT k \in Nat,
       NEW CONSTANT l \in 1..k + 1,
       NEW CONSTANT i \in 0..l - 1,
       NEW CONSTANT g,
       NEW CONSTANT h,
       P(g, k + 1) ,
       P(h, l) ,
       gg == [nn \in 0..k |-> [ii \in 0..nn - 1 |-> Def(g[nn - 1], ii)]],
       hh == [nn \in 0..l - 1 |-> [ii \in 0..nn - 1 |-> Def(h[nn - 1], ii)]],
       NEW CONSTANT nn \in 0..k,
       NEW CONSTANT j \in 0..nn - 1,
       nn - 1 \in 0..k ,
       nn - 1 \in 0..k + 1 
PROVE  Zenon

@!!END

@!!BEGIN
@!!type:obligation
@!!id:109
@!!loc:188:19:188:21
@!!status:to be proved
@!!obl:ASSUME NEW CONSTANT Def(_, _),
       ASSUME NEW CONSTANT n \in Nat,
              NEW CONSTANT g,
              NEW CONSTANT h,
              \A i \in 0..n - 1 : g[i] = h[i] 
       PROVE  Def(g, n) = Def(h, n) ,
       F ==
         CHOOSE F : F = [n \in Nat |-> [i \in 0..n - 1 |-> Def(F[n - 1], i)]],
       f == [n \in Nat |-> F[n + 1][n]],
       P(g, k) == g = [n \in 0..k |-> [i \in 0..n - 1 |-> Def(g[n - 1], i)]],
       G(k) == CHOOSE g : P(g, k),
       FF == [n \in Nat |-> [i \in 0..n - 1 |-> G(n)[n][i]]],
       Q(k) ==
         \A l \in 0..k :
            \A i \in 0..l - 1 :
               \A g, h : P(g, k) /\ P(h, l) => g[l][i] = h[l][i],
       NEW CONSTANT k \in Nat,
       NEW CONSTANT l \in 1..k + 1,
       NEW CONSTANT i \in 0..l - 1,
       NEW CONSTANT g,
       NEW CONSTANT h,
       P(g, k + 1) ,
       P(h, l) ,
       gg == [nn \in 0..k |-> [ii \in 0..nn - 1 |-> Def(g[nn - 1], ii)]],
       hh == [nn \in 0..l - 1 |-> [ii \in 0..nn - 1 |-> Def(h[nn - 1], ii)]],
       <5>1 ,
       Zenon 
PROVE  P(hh, l - 1)

@!!END

@!!BEGIN
@!!type:obligation
@!!id:110
@!!loc:188:22:188:26
@!!status:to be proved
@!!obl:ASSUME NEW CONSTANT Def(_, _),
       ASSUME NEW CONSTANT n \in Nat,
              NEW CONSTANT g,
              NEW CONSTANT h,
              \A i \in 0..n - 1 : g[i] = h[i] 
       PROVE  Def(g, n) = Def(h, n) ,
       F ==
         CHOOSE F : F = [n \in Nat |-> [i \in 0..n - 1 |-> Def(F[n - 1], i)]],
       f == [n \in Nat |-> F[n + 1][n]],
       P(g, k) == g = [n \in 0..k |-> [i \in 0..n - 1 |-> Def(g[n - 1], i)]],
       G(k) == CHOOSE g : P(g, k),
       FF == [n \in Nat |-> [i \in 0..n - 1 |-> G(n)[n][i]]],
       Q(k) ==
         \A l \in 0..k :
            \A i \in 0..l - 1 :
               \A g, h : P(g, k) /\ P(h, l) => g[l][i] = h[l][i],
       NEW CONSTANT k \in Nat,
       NEW CONSTANT l \in 1..k + 1,
       NEW CONSTANT i \in 0..l - 1,
       NEW CONSTANT g,
       NEW CONSTANT h,
       P(g, k + 1) ,
       P(h, l) ,
       gg == [nn \in 0..k |-> [ii \in 0..nn - 1 |-> Def(g[nn - 1], ii)]],
       hh == [nn \in 0..l - 1 |-> [ii \in 0..nn - 1 |-> Def(h[nn - 1], ii)]]
PROVE  <5>1

@!!END

@!!BEGIN
@!!type:obligation
@!!id:111
@!!loc:188:28:188:33
@!!status:to be proved
@!!obl:ASSUME NEW CONSTANT Def(_, _),
       ASSUME NEW CONSTANT n \in Nat,
              NEW CONSTANT g,
              NEW CONSTANT h,
              \A i \in 0..n - 1 : g[i] = h[i] 
       PROVE  Def(g, n) = Def(h, n) ,
       F ==
         CHOOSE F : F = [n \in Nat |-> [i \in 0..n - 1 |-> Def(F[n - 1], i)]],
       f == [n \in Nat |-> F[n + 1][n]],
       P(g, k) == g = [n \in 0..k |-> [i \in 0..n - 1 |-> Def(g[n - 1], i)]],
       G(k) == CHOOSE g : P(g, k),
       FF == [n \in Nat |-> [i \in 0..n - 1 |-> G(n)[n][i]]],
       Q(k) ==
         \A l \in 0..k :
            \A i \in 0..l - 1 :
               \A g, h : P(g, k) /\ P(h, l) => g[l][i] = h[l][i],
       NEW CONSTANT k \in Nat,
       NEW CONSTANT l \in 1..k + 1,
       NEW CONSTANT i \in 0..l - 1,
       NEW CONSTANT g,
       NEW CONSTANT h,
       P(g, k + 1) ,
       P(h, l) ,
       gg == [nn \in 0..k |-> [ii \in 0..nn - 1 |-> Def(g[nn - 1], ii)]],
       hh == [nn \in 0..l - 1 |-> [ii \in 0..nn - 1 |-> Def(h[nn - 1], ii)]],
       <5>1 
PROVE  Zenon

@!!END

@!!BEGIN
@!!type:obligation
@!!id:112
@!!loc:187:21:187:23
@!!status:to be proved
@!!obl:ASSUME NEW CONSTANT Def(_, _),
       ASSUME NEW CONSTANT n \in Nat,
              NEW CONSTANT g,
              NEW CONSTANT h,
              \A i \in 0..n - 1 : g[i] = h[i] 
       PROVE  Def(g, n) = Def(h, n) ,
       F ==
         CHOOSE F : F = [n \in Nat |-> [i \in 0..n - 1 |-> Def(F[n - 1], i)]],
       f == [n \in Nat |-> F[n + 1][n]],
       G(k) == CHOOSE g : P(g, k),
       FF == [n \in Nat |-> [i \in 0..n - 1 |-> G(n)[n][i]]],
       Q(k) ==
         \A l \in 0..k :
            \A i \in 0..l - 1 :
               \A g, h : P(g, k) /\ P(h, l) => g[l][i] = h[l][i],
       NEW CONSTANT k \in Nat,
       NEW CONSTANT l \in 1..k + 1,
       NEW CONSTANT i \in 0..l - 1,
       NEW CONSTANT g,
       NEW CONSTANT h,
       P(g, k + 1) ,
       P(h, l) ,
       gg == [nn \in 0..k |-> [ii \in 0..nn - 1 |-> Def(g[nn - 1], ii)]],
       hh == [nn \in 0..l - 1 |-> [ii \in 0..nn - 1 |-> Def(h[nn - 1], ii)]],
       NEW CONSTANT nn \in 0..l - 1,
       NEW CONSTANT j \in 0..nn - 1,
       <6>1 ,
       <6>2 
PROVE  hh[nn - 1] = h[nn - 1]

@!!END

@!!BEGIN
@!!type:obligation
@!!id:113
@!!loc:187:24:187:28
@!!status:to be proved
@!!obl:ASSUME NEW CONSTANT Def(_, _),
       ASSUME NEW CONSTANT n \in Nat,
              NEW CONSTANT g,
              NEW CONSTANT h,
              \A i \in 0..n - 1 : g[i] = h[i] 
       PROVE  Def(g, n) = Def(h, n) ,
       F ==
         CHOOSE F : F = [n \in Nat |-> [i \in 0..n - 1 |-> Def(F[n - 1], i)]],
       f == [n \in Nat |-> F[n + 1][n]],
       G(k) == CHOOSE g : P(g, k),
       FF == [n \in Nat |-> [i \in 0..n - 1 |-> G(n)[n][i]]],
       Q(k) ==
         \A l \in 0..k :
            \A i \in 0..l - 1 :
               \A g, h : P(g, k) /\ P(h, l) => g[l][i] = h[l][i],
       NEW CONSTANT k \in Nat,
       NEW CONSTANT l \in 1..k + 1,
       NEW CONSTANT i \in 0..l - 1,
       NEW CONSTANT g,
       NEW CONSTANT h,
       P(g, k + 1) ,
       P(h, l) ,
       gg == [nn \in 0..k |-> [ii \in 0..nn - 1 |-> Def(g[nn - 1], ii)]],
       hh == [nn \in 0..l - 1 |-> [ii \in 0..nn - 1 |-> Def(h[nn - 1], ii)]],
       NEW CONSTANT nn \in 0..l - 1,
       NEW CONSTANT j \in 0..nn - 1
PROVE  <6>1

@!!END

@!!BEGIN
@!!type:obligation
@!!id:114
@!!loc:187:30:187:34
@!!status:to be proved
@!!obl:ASSUME NEW CONSTANT Def(_, _),
       ASSUME NEW CONSTANT n \in Nat,
              NEW CONSTANT g,
              NEW CONSTANT h,
              \A i \in 0..n - 1 : g[i] = h[i] 
       PROVE  Def(g, n) = Def(h, n) ,
       F ==
         CHOOSE F : F = [n \in Nat |-> [i \in 0..n - 1 |-> Def(F[n - 1], i)]],
       f == [n \in Nat |-> F[n + 1][n]],
       G(k) == CHOOSE g : P(g, k),
       FF == [n \in Nat |-> [i \in 0..n - 1 |-> G(n)[n][i]]],
       Q(k) ==
         \A l \in 0..k :
            \A i \in 0..l - 1 :
               \A g, h : P(g, k) /\ P(h, l) => g[l][i] = h[l][i],
       NEW CONSTANT k \in Nat,
       NEW CONSTANT l \in 1..k + 1,
       NEW CONSTANT i \in 0..l - 1,
       NEW CONSTANT g,
       NEW CONSTANT h,
       P(g, k + 1) ,
       P(h, l) ,
       gg == [nn \in 0..k |-> [ii \in 0..nn - 1 |-> Def(g[nn - 1], ii)]],
       hh == [nn \in 0..l - 1 |-> [ii \in 0..nn - 1 |-> Def(h[nn - 1], ii)]],
       NEW CONSTANT nn \in 0..l - 1,
       NEW CONSTANT j \in 0..nn - 1,
       <6>1 
PROVE  <6>2

@!!END

@!!BEGIN
@!!type:obligation
@!!id:115
@!!loc:184:13:184:20
@!!status:to be proved
@!!obl:ASSUME NEW CONSTANT Def(_, _),
       ASSUME NEW CONSTANT n \in Nat,
              NEW CONSTANT g,
              NEW CONSTANT h,
              \A i \in 0..n - 1 : g[i] = h[i] 
       PROVE  Def(g, n) = Def(h, n) ,
       F ==
         CHOOSE F : F = [n \in Nat |-> [i \in 0..n - 1 |-> Def(F[n - 1], i)]],
       f == [n \in Nat |-> F[n + 1][n]],
       G(k) == CHOOSE g : P(g, k),
       FF == [n \in Nat |-> [i \in 0..n - 1 |-> G(n)[n][i]]],
       Q(k) ==
         \A l \in 0..k :
            \A i \in 0..l - 1 :
               \A g, h : P(g, k) /\ P(h, l) => g[l][i] = h[l][i],
       NEW CONSTANT k \in Nat,
       NEW CONSTANT l \in 1..k + 1,
       NEW CONSTANT i \in 0..l - 1,
       NEW CONSTANT g,
       NEW CONSTANT h,
       P(g, k + 1) ,
       P(h, l) ,
       gg == [nn \in 0..k |-> [ii \in 0..nn - 1 |-> Def(g[nn - 1], ii)]],
       hh == [nn \in 0..l - 1 |-> [ii \in 0..nn - 1 |-> Def(h[nn - 1], ii)]],
       NEW CONSTANT nn \in 0..l - 1,
       NEW CONSTANT j \in 0..nn - 1
PROVE  hh[nn - 1] = [ii \in 0..nn - 2 |-> Def(h[nn - 2], ii)]

@!!END

@!!BEGIN
@!!type:obligation
@!!id:116
@!!loc:186:13:186:15
@!!status:to be proved
@!!obl:ASSUME NEW CONSTANT Def(_, _),
       ASSUME NEW CONSTANT n \in Nat,
              NEW CONSTANT g,
              NEW CONSTANT h,
              \A i \in 0..n - 1 : g[i] = h[i] 
       PROVE  Def(g, n) = Def(h, n) ,
       F ==
         CHOOSE F : F = [n \in Nat |-> [i \in 0..n - 1 |-> Def(F[n - 1], i)]],
       f == [n \in Nat |-> F[n + 1][n]],
       P(g, k) == g = [n \in 0..k |-> [i \in 0..n - 1 |-> Def(g[n - 1], i)]],
       G(k) == CHOOSE g : P(g, k),
       FF == [n \in Nat |-> [i \in 0..n - 1 |-> G(n)[n][i]]],
       Q(k) ==
         \A l \in 0..k :
            \A i \in 0..l - 1 :
               \A g, h : P(g, k) /\ P(h, l) => g[l][i] = h[l][i],
       NEW CONSTANT k \in Nat,
       NEW CONSTANT l \in 1..k + 1,
       NEW CONSTANT i \in 0..l - 1,
       NEW CONSTANT g,
       NEW CONSTANT h,
       P(g, k + 1) ,
       P(h, l) ,
       gg == [nn \in 0..k |-> [ii \in 0..nn - 1 |-> Def(g[nn - 1], ii)]],
       hh == [nn \in 0..l - 1 |-> [ii \in 0..nn - 1 |-> Def(h[nn - 1], ii)]],
       NEW CONSTANT nn \in 0..l - 1,
       NEW CONSTANT j \in 0..nn - 1,
       nn - 1 \in 0..l - 1 ,
       nn - 1 \in 0..l ,
       Zenon 
PROVE  h[nn - 1] = [ii \in 0..nn - 1 - 1 |-> Def(h[nn - 1 - 1], ii)]

@!!END

@!!BEGIN
@!!type:obligation
@!!id:117
@!!loc:186:16:186:33
@!!status:to be proved
@!!obl:ASSUME NEW CONSTANT Def(_, _),
       ASSUME NEW CONSTANT n \in Nat,
              NEW CONSTANT g,
              NEW CONSTANT h,
              \A i \in 0..n - 1 : g[i] = h[i] 
       PROVE  Def(g, n) = Def(h, n) ,
       F ==
         CHOOSE F : F = [n \in Nat |-> [i \in 0..n - 1 |-> Def(F[n - 1], i)]],
       f == [n \in Nat |-> F[n + 1][n]],
       P(g, k) == g = [n \in 0..k |-> [i \in 0..n - 1 |-> Def(g[n - 1], i)]],
       G(k) == CHOOSE g : P(g, k),
       FF == [n \in Nat |-> [i \in 0..n - 1 |-> G(n)[n][i]]],
       Q(k) ==
         \A l \in 0..k :
            \A i \in 0..l - 1 :
               \A g, h : P(g, k) /\ P(h, l) => g[l][i] = h[l][i],
       NEW CONSTANT k \in Nat,
       NEW CONSTANT l \in 1..k + 1,
       NEW CONSTANT i \in 0..l - 1,
       NEW CONSTANT g,
       NEW CONSTANT h,
       P(g, k + 1) ,
       P(h, l) ,
       gg == [nn \in 0..k |-> [ii \in 0..nn - 1 |-> Def(g[nn - 1], ii)]],
       hh == [nn \in 0..l - 1 |-> [ii \in 0..nn - 1 |-> Def(h[nn - 1], ii)]],
       NEW CONSTANT nn \in 0..l - 1,
       NEW CONSTANT j \in 0..nn - 1
PROVE  nn - 1 \in 0..l - 1

@!!END

@!!BEGIN
@!!type:obligation
@!!id:118
@!!loc:186:35:186:50
@!!status:to be proved
@!!obl:ASSUME NEW CONSTANT Def(_, _),
       ASSUME NEW CONSTANT n \in Nat,
              NEW CONSTANT g,
              NEW CONSTANT h,
              \A i \in 0..n - 1 : g[i] = h[i] 
       PROVE  Def(g, n) = Def(h, n) ,
       F ==
         CHOOSE F : F = [n \in Nat |-> [i \in 0..n - 1 |-> Def(F[n - 1], i)]],
       f == [n \in Nat |-> F[n + 1][n]],
       P(g, k) == g = [n \in 0..k |-> [i \in 0..n - 1 |-> Def(g[n - 1], i)]],
       G(k) == CHOOSE g : P(g, k),
       FF == [n \in Nat |-> [i \in 0..n - 1 |-> G(n)[n][i]]],
       Q(k) ==
         \A l \in 0..k :
            \A i \in 0..l - 1 :
               \A g, h : P(g, k) /\ P(h, l) => g[l][i] = h[l][i],
       NEW CONSTANT k \in Nat,
       NEW CONSTANT l \in 1..k + 1,
       NEW CONSTANT i \in 0..l - 1,
       NEW CONSTANT g,
       NEW CONSTANT h,
       P(g, k + 1) ,
       P(h, l) ,
       gg == [nn \in 0..k |-> [ii \in 0..nn - 1 |-> Def(g[nn - 1], ii)]],
       hh == [nn \in 0..l - 1 |-> [ii \in 0..nn - 1 |-> Def(h[nn - 1], ii)]],
       NEW CONSTANT nn \in 0..l - 1,
       NEW CONSTANT j \in 0..nn - 1,
       nn - 1 \in 0..l - 1 
PROVE  nn - 1 \in 0..l

@!!END

@!!BEGIN
@!!type:obligation
@!!id:119
@!!loc:186:52:186:57
@!!status:to be proved
@!!obl:ASSUME NEW CONSTANT Def(_, _),
       ASSUME NEW CONSTANT n \in Nat,
              NEW CONSTANT g,
              NEW CONSTANT h,
              \A i \in 0..n - 1 : g[i] = h[i] 
       PROVE  Def(g, n) = Def(h, n) ,
       F ==
         CHOOSE F : F = [n \in Nat |-> [i \in 0..n - 1 |-> Def(F[n - 1], i)]],
       f == [n \in Nat |-> F[n + 1][n]],
       P(g, k) == g = [n \in 0..k |-> [i \in 0..n - 1 |-> Def(g[n - 1], i)]],
       G(k) == CHOOSE g : P(g, k),
       FF == [n \in Nat |-> [i \in 0..n - 1 |-> G(n)[n][i]]],
       Q(k) ==
         \A l \in 0..k :
            \A i \in 0..l - 1 :
               \A g, h : P(g, k) /\ P(h, l) => g[l][i] = h[l][i],
       NEW CONSTANT k \in Nat,
       NEW CONSTANT l \in 1..k + 1,
       NEW CONSTANT i \in 0..l - 1,
       NEW CONSTANT g,
       NEW CONSTANT h,
       P(g, k + 1) ,
       P(h, l) ,
       gg == [nn \in 0..k |-> [ii \in 0..nn - 1 |-> Def(g[nn - 1], ii)]],
       hh == [nn \in 0..l - 1 |-> [ii \in 0..nn - 1 |-> Def(h[nn - 1], ii)]],
       NEW CONSTANT nn \in 0..l - 1,
       NEW CONSTANT j \in 0..nn - 1,
       nn - 1 \in 0..l - 1 ,
       nn - 1 \in 0..l 
PROVE  Zenon

@!!END

@!!BEGIN
@!!type:obligation
@!!id:120
@!!loc:192:19:192:21
@!!status:to be proved
@!!obl:ASSUME NEW CONSTANT Def(_, _),
       ASSUME NEW CONSTANT n \in Nat,
              NEW CONSTANT g,
              NEW CONSTANT h,
              \A i \in 0..n - 1 : g[i] = h[i] 
       PROVE  Def(g, n) = Def(h, n) ,
       F ==
         CHOOSE F : F = [n \in Nat |-> [i \in 0..n - 1 |-> Def(F[n - 1], i)]],
       f == [n \in Nat |-> F[n + 1][n]],
       G(k) == CHOOSE g : P(g, k),
       FF == [n \in Nat |-> [i \in 0..n - 1 |-> G(n)[n][i]]],
       Q(k) ==
         \A l \in 0..k :
            \A i \in 0..l - 1 :
               \A g, h : P(g, k) /\ P(h, l) => g[l][i] = h[l][i],
       NEW CONSTANT k \in Nat,
       NEW CONSTANT l \in 1..k + 1,
       NEW CONSTANT i \in 0..l - 1,
       NEW CONSTANT g,
       NEW CONSTANT h,
       P(g, k + 1) ,
       P(h, l) ,
       NEW CONSTANT m \in 0..i - 1,
       <3>1 ,
       <4>2 ,
       <4>3 ,
       l - 1 \in 0..k ,
       m \in 0..l - 1 - 1 
PROVE  gg[l - 1][m] = hh[l - 1][m]

@!!END

@!!BEGIN
@!!type:obligation
@!!id:121
@!!loc:192:22:192:26
@!!status:to be proved
@!!obl:ASSUME NEW CONSTANT Def(_, _),
       ASSUME NEW CONSTANT n \in Nat,
              NEW CONSTANT g,
              NEW CONSTANT h,
              \A i \in 0..n - 1 : g[i] = h[i] 
       PROVE  Def(g, n) = Def(h, n) ,
       F ==
         CHOOSE F : F = [n \in Nat |-> [i \in 0..n - 1 |-> Def(F[n - 1], i)]],
       f == [n \in Nat |-> F[n + 1][n]],
       G(k) == CHOOSE g : P(g, k),
       FF == [n \in Nat |-> [i \in 0..n - 1 |-> G(n)[n][i]]],
       Q(k) ==
         \A l \in 0..k :
            \A i \in 0..l - 1 :
               \A g, h : P(g, k) /\ P(h, l) => g[l][i] = h[l][i],
       NEW CONSTANT k \in Nat,
       NEW CONSTANT l \in 1..k + 1,
       NEW CONSTANT i \in 0..l - 1,
       NEW CONSTANT g,
       NEW CONSTANT h,
       P(g, k + 1) ,
       P(h, l) ,
       NEW CONSTANT m \in 0..i - 1
PROVE  <3>1

@!!END

@!!BEGIN
@!!type:obligation
@!!id:122
@!!loc:192:28:192:32
@!!status:to be proved
@!!obl:ASSUME NEW CONSTANT Def(_, _),
       ASSUME NEW CONSTANT n \in Nat,
              NEW CONSTANT g,
              NEW CONSTANT h,
              \A i \in 0..n - 1 : g[i] = h[i] 
       PROVE  Def(g, n) = Def(h, n) ,
       F ==
         CHOOSE F : F = [n \in Nat |-> [i \in 0..n - 1 |-> Def(F[n - 1], i)]],
       f == [n \in Nat |-> F[n + 1][n]],
       G(k) == CHOOSE g : P(g, k),
       FF == [n \in Nat |-> [i \in 0..n - 1 |-> G(n)[n][i]]],
       Q(k) ==
         \A l \in 0..k :
            \A i \in 0..l - 1 :
               \A g, h : P(g, k) /\ P(h, l) => g[l][i] = h[l][i],
       NEW CONSTANT k \in Nat,
       NEW CONSTANT l \in 1..k + 1,
       NEW CONSTANT i \in 0..l - 1,
       NEW CONSTANT g,
       NEW CONSTANT h,
       P(g, k + 1) ,
       P(h, l) ,
       NEW CONSTANT m \in 0..i - 1,
       <3>1 
PROVE  <4>2

@!!END

@!!BEGIN
@!!type:obligation
@!!id:123
@!!loc:192:34:192:38
@!!status:to be proved
@!!obl:ASSUME NEW CONSTANT Def(_, _),
       ASSUME NEW CONSTANT n \in Nat,
              NEW CONSTANT g,
              NEW CONSTANT h,
              \A i \in 0..n - 1 : g[i] = h[i] 
       PROVE  Def(g, n) = Def(h, n) ,
       F ==
         CHOOSE F : F = [n \in Nat |-> [i \in 0..n - 1 |-> Def(F[n - 1], i)]],
       f == [n \in Nat |-> F[n + 1][n]],
       G(k) == CHOOSE g : P(g, k),
       FF == [n \in Nat |-> [i \in 0..n - 1 |-> G(n)[n][i]]],
       Q(k) ==
         \A l \in 0..k :
            \A i \in 0..l - 1 :
               \A g, h : P(g, k) /\ P(h, l) => g[l][i] = h[l][i],
       NEW CONSTANT k \in Nat,
       NEW CONSTANT l \in 1..k + 1,
       NEW CONSTANT i \in 0..l - 1,
       NEW CONSTANT g,
       NEW CONSTANT h,
       P(g, k + 1) ,
       P(h, l) ,
       NEW CONSTANT m \in 0..i - 1,
       <3>1 ,
       <4>2 
PROVE  <4>3

@!!END

@!!BEGIN
@!!type:obligation
@!!id:124
@!!loc:192:40:192:54
@!!status:to be proved
@!!obl:ASSUME NEW CONSTANT Def(_, _),
       ASSUME NEW CONSTANT n \in Nat,
              NEW CONSTANT g,
              NEW CONSTANT h,
              \A i \in 0..n - 1 : g[i] = h[i] 
       PROVE  Def(g, n) = Def(h, n) ,
       F ==
         CHOOSE F : F = [n \in Nat |-> [i \in 0..n - 1 |-> Def(F[n - 1], i)]],
       f == [n \in Nat |-> F[n + 1][n]],
       G(k) == CHOOSE g : P(g, k),
       FF == [n \in Nat |-> [i \in 0..n - 1 |-> G(n)[n][i]]],
       Q(k) ==
         \A l \in 0..k :
            \A i \in 0..l - 1 :
               \A g, h : P(g, k) /\ P(h, l) => g[l][i] = h[l][i],
       NEW CONSTANT k \in Nat,
       NEW CONSTANT l \in 1..k + 1,
       NEW CONSTANT i \in 0..l - 1,
       NEW CONSTANT g,
       NEW CONSTANT h,
       P(g, k + 1) ,
       P(h, l) ,
       NEW CONSTANT m \in 0..i - 1,
       <3>1 ,
       <4>2 ,
       <4>3 
PROVE  l - 1 \in 0..k

@!!END

@!!BEGIN
@!!type:obligation
@!!id:125
@!!loc:192:56:192:74
@!!status:to be proved
@!!obl:ASSUME NEW CONSTANT Def(_, _),
       ASSUME NEW CONSTANT n \in Nat,
              NEW CONSTANT g,
              NEW CONSTANT h,
              \A i \in 0..n - 1 : g[i] = h[i] 
       PROVE  Def(g, n) = Def(h, n) ,
       F ==
         CHOOSE F : F = [n \in Nat |-> [i \in 0..n - 1 |-> Def(F[n - 1], i)]],
       f == [n \in Nat |-> F[n + 1][n]],
       G(k) == CHOOSE g : P(g, k),
       FF == [n \in Nat |-> [i \in 0..n - 1 |-> G(n)[n][i]]],
       Q(k) ==
         \A l \in 0..k :
            \A i \in 0..l - 1 :
               \A g, h : P(g, k) /\ P(h, l) => g[l][i] = h[l][i],
       NEW CONSTANT k \in Nat,
       NEW CONSTANT l \in 1..k + 1,
       NEW CONSTANT i \in 0..l - 1,
       NEW CONSTANT g,
       NEW CONSTANT h,
       P(g, k + 1) ,
       P(h, l) ,
       NEW CONSTANT m \in 0..i - 1,
       <3>1 ,
       <4>2 ,
       <4>3 ,
       l - 1 \in 0..k 
PROVE  m \in 0..l - 1 - 1

@!!END

@!!BEGIN
@!!type:obligation
@!!id:126
@!!loc:193:58:193:60
@!!status:to be proved
@!!obl:ASSUME NEW CONSTANT Def(_, _),
       ASSUME NEW CONSTANT n \in Nat,
              NEW CONSTANT g,
              NEW CONSTANT h,
              \A i \in 0..n - 1 : g[i] = h[i] 
       PROVE  Def(g, n) = Def(h, n) ,
       F ==
         CHOOSE F : F = [n \in Nat |-> [i \in 0..n - 1 |-> Def(F[n - 1], i)]],
       f == [n \in Nat |-> F[n + 1][n]],
       G(k) == CHOOSE g : P(g, k),
       FF == [n \in Nat |-> [i \in 0..n - 1 |-> G(n)[n][i]]],
       Q(k) ==
         \A l \in 0..k :
            \A i \in 0..l - 1 :
               \A g, h : P(g, k) /\ P(h, l) => g[l][i] = h[l][i],
       NEW CONSTANT k \in Nat,
       NEW CONSTANT l \in 1..k + 1,
       NEW CONSTANT i \in 0..l - 1,
       NEW CONSTANT g,
       NEW CONSTANT h,
       P(g, k + 1) ,
       P(h, l) ,
       gg == [nn \in 0..k |-> [ii \in 0..nn - 1 |-> Def(g[nn - 1], ii)]],
       hh == [nn \in 0..l - 1 |-> [ii \in 0..nn - 1 |-> Def(h[nn - 1], ii)]],
       <2>0 
PROVE  \A m \in 0..i - 1 : g[l - 1][m] = gg[l - 1][m]

@!!END

@!!BEGIN
@!!type:obligation
@!!id:127
@!!loc:193:61:193:65
@!!status:to be proved
@!!obl:ASSUME NEW CONSTANT Def(_, _),
       ASSUME NEW CONSTANT n \in Nat,
              NEW CONSTANT g,
              NEW CONSTANT h,
              \A i \in 0..n - 1 : g[i] = h[i] 
       PROVE  Def(g, n) = Def(h, n) ,
       F ==
         CHOOSE F : F = [n \in Nat |-> [i \in 0..n - 1 |-> Def(F[n - 1], i)]],
       f == [n \in Nat |-> F[n + 1][n]],
       G(k) == CHOOSE g : P(g, k),
       FF == [n \in Nat |-> [i \in 0..n - 1 |-> G(n)[n][i]]],
       Q(k) ==
         \A l \in 0..k :
            \A i \in 0..l - 1 :
               \A g, h : P(g, k) /\ P(h, l) => g[l][i] = h[l][i],
       NEW CONSTANT k \in Nat,
       NEW CONSTANT l \in 1..k + 1,
       NEW CONSTANT i \in 0..l - 1,
       NEW CONSTANT g,
       NEW CONSTANT h,
       P(g, k + 1) ,
       P(h, l) ,
       gg == [nn \in 0..k |-> [ii \in 0..nn - 1 |-> Def(g[nn - 1], ii)]],
       hh == [nn \in 0..l - 1 |-> [ii \in 0..nn - 1 |-> Def(h[nn - 1], ii)]]
PROVE  <2>0

@!!END

@!!BEGIN
@!!type:obligation
@!!id:128
@!!loc:194:58:194:60
@!!status:to be proved
@!!obl:ASSUME NEW CONSTANT Def(_, _),
       ASSUME NEW CONSTANT n \in Nat,
              NEW CONSTANT g,
              NEW CONSTANT h,
              \A i \in 0..n - 1 : g[i] = h[i] 
       PROVE  Def(g, n) = Def(h, n) ,
       F ==
         CHOOSE F : F = [n \in Nat |-> [i \in 0..n - 1 |-> Def(F[n - 1], i)]],
       f == [n \in Nat |-> F[n + 1][n]],
       G(k) == CHOOSE g : P(g, k),
       FF == [n \in Nat |-> [i \in 0..n - 1 |-> G(n)[n][i]]],
       Q(k) ==
         \A l \in 0..k :
            \A i \in 0..l - 1 :
               \A g, h : P(g, k) /\ P(h, l) => g[l][i] = h[l][i],
       NEW CONSTANT k \in Nat,
       NEW CONSTANT l \in 1..k + 1,
       NEW CONSTANT i \in 0..l - 1,
       NEW CONSTANT g,
       NEW CONSTANT h,
       P(g, k + 1) ,
       P(h, l) ,
       gg == [nn \in 0..k |-> [ii \in 0..nn - 1 |-> Def(g[nn - 1], ii)]],
       hh == [nn \in 0..l - 1 |-> [ii \in 0..nn - 1 |-> Def(h[nn - 1], ii)]],
       <2>0 
PROVE  \A m \in 0..i - 1 : h[l - 1][m] = hh[l - 1][m]

@!!END

@!!BEGIN
@!!type:obligation
@!!id:129
@!!loc:194:61:194:65
@!!status:to be proved
@!!obl:ASSUME NEW CONSTANT Def(_, _),
       ASSUME NEW CONSTANT n \in Nat,
              NEW CONSTANT g,
              NEW CONSTANT h,
              \A i \in 0..n - 1 : g[i] = h[i] 
       PROVE  Def(g, n) = Def(h, n) ,
       F ==
         CHOOSE F : F = [n \in Nat |-> [i \in 0..n - 1 |-> Def(F[n - 1], i)]],
       f == [n \in Nat |-> F[n + 1][n]],
       G(k) == CHOOSE g : P(g, k),
       FF == [n \in Nat |-> [i \in 0..n - 1 |-> G(n)[n][i]]],
       Q(k) ==
         \A l \in 0..k :
            \A i \in 0..l - 1 :
               \A g, h : P(g, k) /\ P(h, l) => g[l][i] = h[l][i],
       NEW CONSTANT k \in Nat,
       NEW CONSTANT l \in 1..k + 1,
       NEW CONSTANT i \in 0..l - 1,
       NEW CONSTANT g,
       NEW CONSTANT h,
       P(g, k + 1) ,
       P(h, l) ,
       gg == [nn \in 0..k |-> [ii \in 0..nn - 1 |-> Def(g[nn - 1], ii)]],
       hh == [nn \in 0..l - 1 |-> [ii \in 0..nn - 1 |-> Def(h[nn - 1], ii)]]
PROVE  <2>0

@!!END

@!!BEGIN
@!!type:obligation
@!!id:130
@!!loc:195:58:195:60
@!!status:to be proved
@!!obl:ASSUME NEW CONSTANT Def(_, _),
       ASSUME NEW CONSTANT n \in Nat,
              NEW CONSTANT g,
              NEW CONSTANT h,
              \A i \in 0..n - 1 : g[i] = h[i] 
       PROVE  Def(g, n) = Def(h, n) ,
       F ==
         CHOOSE F : F = [n \in Nat |-> [i \in 0..n - 1 |-> Def(F[n - 1], i)]],
       f == [n \in Nat |-> F[n + 1][n]],
       G(k) == CHOOSE g : P(g, k),
       FF == [n \in Nat |-> [i \in 0..n - 1 |-> G(n)[n][i]]],
       Q(k) ==
         \A l \in 0..k :
            \A i \in 0..l - 1 :
               \A g, h : P(g, k) /\ P(h, l) => g[l][i] = h[l][i],
       NEW CONSTANT k \in Nat,
       NEW CONSTANT l \in 1..k + 1,
       NEW CONSTANT i \in 0..l - 1,
       NEW CONSTANT g,
       NEW CONSTANT h,
       P(g, k + 1) ,
       P(h, l) ,
       gg == [nn \in 0..k |-> [ii \in 0..nn - 1 |-> Def(g[nn - 1], ii)]],
       hh == [nn \in 0..l - 1 |-> [ii \in 0..nn - 1 |-> Def(h[nn - 1], ii)]],
       <4>4 ,
       <4>5 ,
       <4>6 ,
       Zenon 
PROVE  \A m \in 0..i - 1 : g[l - 1][m] = h[l - 1][m]

@!!END

@!!BEGIN
@!!type:obligation
@!!id:131
@!!loc:195:61:195:65
@!!status:to be proved
@!!obl:ASSUME NEW CONSTANT Def(_, _),
       ASSUME NEW CONSTANT n \in Nat,
              NEW CONSTANT g,
              NEW CONSTANT h,
              \A i \in 0..n - 1 : g[i] = h[i] 
       PROVE  Def(g, n) = Def(h, n) ,
       F ==
         CHOOSE F : F = [n \in Nat |-> [i \in 0..n - 1 |-> Def(F[n - 1], i)]],
       f == [n \in Nat |-> F[n + 1][n]],
       G(k) == CHOOSE g : P(g, k),
       FF == [n \in Nat |-> [i \in 0..n - 1 |-> G(n)[n][i]]],
       Q(k) ==
         \A l \in 0..k :
            \A i \in 0..l - 1 :
               \A g, h : P(g, k) /\ P(h, l) => g[l][i] = h[l][i],
       NEW CONSTANT k \in Nat,
       NEW CONSTANT l \in 1..k + 1,
       NEW CONSTANT i \in 0..l - 1,
       NEW CONSTANT g,
       NEW CONSTANT h,
       P(g, k + 1) ,
       P(h, l) ,
       gg == [nn \in 0..k |-> [ii \in 0..nn - 1 |-> Def(g[nn - 1], ii)]],
       hh == [nn \in 0..l - 1 |-> [ii \in 0..nn - 1 |-> Def(h[nn - 1], ii)]]
PROVE  <4>4

@!!END

@!!BEGIN
@!!type:obligation
@!!id:132
@!!loc:195:67:195:71
@!!status:to be proved
@!!obl:ASSUME NEW CONSTANT Def(_, _),
       ASSUME NEW CONSTANT n \in Nat,
              NEW CONSTANT g,
              NEW CONSTANT h,
              \A i \in 0..n - 1 : g[i] = h[i] 
       PROVE  Def(g, n) = Def(h, n) ,
       F ==
         CHOOSE F : F = [n \in Nat |-> [i \in 0..n - 1 |-> Def(F[n - 1], i)]],
       f == [n \in Nat |-> F[n + 1][n]],
       G(k) == CHOOSE g : P(g, k),
       FF == [n \in Nat |-> [i \in 0..n - 1 |-> G(n)[n][i]]],
       Q(k) ==
         \A l \in 0..k :
            \A i \in 0..l - 1 :
               \A g, h : P(g, k) /\ P(h, l) => g[l][i] = h[l][i],
       NEW CONSTANT k \in Nat,
       NEW CONSTANT l \in 1..k + 1,
       NEW CONSTANT i \in 0..l - 1,
       NEW CONSTANT g,
       NEW CONSTANT h,
       P(g, k + 1) ,
       P(h, l) ,
       gg == [nn \in 0..k |-> [ii \in 0..nn - 1 |-> Def(g[nn - 1], ii)]],
       hh == [nn \in 0..l - 1 |-> [ii \in 0..nn - 1 |-> Def(h[nn - 1], ii)]],
       <4>4 
PROVE  <4>5

@!!END

@!!BEGIN
@!!type:obligation
@!!id:133
@!!loc:195:73:195:77
@!!status:to be proved
@!!obl:ASSUME NEW CONSTANT Def(_, _),
       ASSUME NEW CONSTANT n \in Nat,
              NEW CONSTANT g,
              NEW CONSTANT h,
              \A i \in 0..n - 1 : g[i] = h[i] 
       PROVE  Def(g, n) = Def(h, n) ,
       F ==
         CHOOSE F : F = [n \in Nat |-> [i \in 0..n - 1 |-> Def(F[n - 1], i)]],
       f == [n \in Nat |-> F[n + 1][n]],
       G(k) == CHOOSE g : P(g, k),
       FF == [n \in Nat |-> [i \in 0..n - 1 |-> G(n)[n][i]]],
       Q(k) ==
         \A l \in 0..k :
            \A i \in 0..l - 1 :
               \A g, h : P(g, k) /\ P(h, l) => g[l][i] = h[l][i],
       NEW CONSTANT k \in Nat,
       NEW CONSTANT l \in 1..k + 1,
       NEW CONSTANT i \in 0..l - 1,
       NEW CONSTANT g,
       NEW CONSTANT h,
       P(g, k + 1) ,
       P(h, l) ,
       gg == [nn \in 0..k |-> [ii \in 0..nn - 1 |-> Def(g[nn - 1], ii)]],
       hh == [nn \in 0..l - 1 |-> [ii \in 0..nn - 1 |-> Def(h[nn - 1], ii)]],
       <4>4 ,
       <4>5 
PROVE  <4>6

@!!END

@!!BEGIN
@!!type:obligation
@!!id:134
@!!loc:195:79:195:84
@!!status:to be proved
@!!obl:ASSUME NEW CONSTANT Def(_, _),
       ASSUME NEW CONSTANT n \in Nat,
              NEW CONSTANT g,
              NEW CONSTANT h,
              \A i \in 0..n - 1 : g[i] = h[i] 
       PROVE  Def(g, n) = Def(h, n) ,
       F ==
         CHOOSE F : F = [n \in Nat |-> [i \in 0..n - 1 |-> Def(F[n - 1], i)]],
       f == [n \in Nat |-> F[n + 1][n]],
       G(k) == CHOOSE g : P(g, k),
       FF == [n \in Nat |-> [i \in 0..n - 1 |-> G(n)[n][i]]],
       Q(k) ==
         \A l \in 0..k :
            \A i \in 0..l - 1 :
               \A g, h : P(g, k) /\ P(h, l) => g[l][i] = h[l][i],
       NEW CONSTANT k \in Nat,
       NEW CONSTANT l \in 1..k + 1,
       NEW CONSTANT i \in 0..l - 1,
       NEW CONSTANT g,
       NEW CONSTANT h,
       P(g, k + 1) ,
       P(h, l) ,
       gg == [nn \in 0..k |-> [ii \in 0..nn - 1 |-> Def(g[nn - 1], ii)]],
       hh == [nn \in 0..l - 1 |-> [ii \in 0..nn - 1 |-> Def(h[nn - 1], ii)]],
       <4>4 ,
       <4>5 ,
       <4>6 
PROVE  Zenon

@!!END

@!!BEGIN
@!!type:obligation
@!!id:135
@!!loc:196:58:196:60
@!!status:to be proved
@!!obl:ASSUME NEW CONSTANT Def(_, _),
       ASSUME NEW CONSTANT n \in Nat,
              NEW CONSTANT g,
              NEW CONSTANT h,
              \A i \in 0..n - 1 : g[i] = h[i] 
       PROVE  Def(g, n) = Def(h, n) ,
       F ==
         CHOOSE F : F = [n \in Nat |-> [i \in 0..n - 1 |-> Def(F[n - 1], i)]],
       f == [n \in Nat |-> F[n + 1][n]],
       G(k) == CHOOSE g : P(g, k),
       FF == [n \in Nat |-> [i \in 0..n - 1 |-> G(n)[n][i]]],
       Q(k) ==
         \A l \in 0..k :
            \A i \in 0..l - 1 :
               \A g, h : P(g, k) /\ P(h, l) => g[l][i] = h[l][i],
       NEW CONSTANT k \in Nat,
       NEW CONSTANT l \in 1..k + 1,
       NEW CONSTANT i \in 0..l - 1,
       NEW CONSTANT g,
       NEW CONSTANT h,
       P(g, k + 1) ,
       P(h, l) ,
       gg == [nn \in 0..k |-> [ii \in 0..nn - 1 |-> Def(g[nn - 1], ii)]],
       hh == [nn \in 0..l - 1 |-> [ii \in 0..nn - 1 |-> Def(h[nn - 1], ii)]],
       <4>7 
PROVE  Def(g[l - 1], i) = Def(h[l - 1], i)

@!!END

@!!BEGIN
@!!type:obligation
@!!id:136
@!!loc:196:61:196:65
@!!status:to be proved
@!!obl:ASSUME NEW CONSTANT Def(_, _),
       ASSUME NEW CONSTANT n \in Nat,
              NEW CONSTANT g,
              NEW CONSTANT h,
              \A i \in 0..n - 1 : g[i] = h[i] 
       PROVE  Def(g, n) = Def(h, n) ,
       F ==
         CHOOSE F : F = [n \in Nat |-> [i \in 0..n - 1 |-> Def(F[n - 1], i)]],
       f == [n \in Nat |-> F[n + 1][n]],
       G(k) == CHOOSE g : P(g, k),
       FF == [n \in Nat |-> [i \in 0..n - 1 |-> G(n)[n][i]]],
       Q(k) ==
         \A l \in 0..k :
            \A i \in 0..l - 1 :
               \A g, h : P(g, k) /\ P(h, l) => g[l][i] = h[l][i],
       NEW CONSTANT k \in Nat,
       NEW CONSTANT l \in 1..k + 1,
       NEW CONSTANT i \in 0..l - 1,
       NEW CONSTANT g,
       NEW CONSTANT h,
       P(g, k + 1) ,
       P(h, l) ,
       gg == [nn \in 0..k |-> [ii \in 0..nn - 1 |-> Def(g[nn - 1], ii)]],
       hh == [nn \in 0..l - 1 |-> [ii \in 0..nn - 1 |-> Def(h[nn - 1], ii)]]
PROVE  <4>7

@!!END

@!!BEGIN
@!!type:obligation
@!!id:137
@!!loc:211:15:211:17
@!!status:to be proved
@!!obl:ASSUME NEW CONSTANT Def(_, _),
       ASSUME NEW CONSTANT n \in Nat,
              NEW CONSTANT g,
              NEW CONSTANT h,
              \A i \in 0..n - 1 : g[i] = h[i] 
       PROVE  Def(g, n) = Def(h, n) ,
       F ==
         CHOOSE F : F = [n \in Nat |-> [i \in 0..n - 1 |-> Def(F[n - 1], i)]],
       f == [n \in Nat |-> F[n + 1][n]],
       NEW CONSTANT k \in Nat,
       NEW CONSTANT i \in 0..k - 1,
       <3>1 ,
       <3>2 ,
       <3>4 
PROVE  FF[k][i] = Def(FF[k - 1], i)

@!!END

@!!BEGIN
@!!type:obligation
@!!id:138
@!!loc:211:18:211:22
@!!status:to be proved
@!!obl:ASSUME NEW CONSTANT Def(_, _),
       ASSUME NEW CONSTANT n \in Nat,
              NEW CONSTANT g,
              NEW CONSTANT h,
              \A i \in 0..n - 1 : g[i] = h[i] 
       PROVE  Def(g, n) = Def(h, n) ,
       F ==
         CHOOSE F : F = [n \in Nat |-> [i \in 0..n - 1 |-> Def(F[n - 1], i)]],
       f == [n \in Nat |-> F[n + 1][n]],
       NEW CONSTANT k \in Nat,
       NEW CONSTANT i \in 0..k - 1
PROVE  <3>1

@!!END

@!!BEGIN
@!!type:obligation
@!!id:139
@!!loc:211:24:211:28
@!!status:to be proved
@!!obl:ASSUME NEW CONSTANT Def(_, _),
       ASSUME NEW CONSTANT n \in Nat,
              NEW CONSTANT g,
              NEW CONSTANT h,
              \A i \in 0..n - 1 : g[i] = h[i] 
       PROVE  Def(g, n) = Def(h, n) ,
       F ==
         CHOOSE F : F = [n \in Nat |-> [i \in 0..n - 1 |-> Def(F[n - 1], i)]],
       f == [n \in Nat |-> F[n + 1][n]],
       NEW CONSTANT k \in Nat,
       NEW CONSTANT i \in 0..k - 1,
       <3>1 
PROVE  <3>2

@!!END

@!!BEGIN
@!!type:obligation
@!!id:140
@!!loc:211:30:211:34
@!!status:to be proved
@!!obl:ASSUME NEW CONSTANT Def(_, _),
       ASSUME NEW CONSTANT n \in Nat,
              NEW CONSTANT g,
              NEW CONSTANT h,
              \A i \in 0..n - 1 : g[i] = h[i] 
       PROVE  Def(g, n) = Def(h, n) ,
       F ==
         CHOOSE F : F = [n \in Nat |-> [i \in 0..n - 1 |-> Def(F[n - 1], i)]],
       f == [n \in Nat |-> F[n + 1][n]],
       NEW CONSTANT k \in Nat,
       NEW CONSTANT i \in 0..k - 1,
       <3>1 ,
       <3>2 
PROVE  <3>4

@!!END

@!!BEGIN
@!!type:obligation
@!!id:141
@!!loc:204:7:204:9
@!!status:to be proved
@!!obl:ASSUME NEW CONSTANT Def(_, _),
       ASSUME NEW CONSTANT n \in Nat,
              NEW CONSTANT g,
              NEW CONSTANT h,
              \A i \in 0..n - 1 : g[i] = h[i] 
       PROVE  Def(g, n) = Def(h, n) ,
       F ==
         CHOOSE F : F = [n \in Nat |-> [i \in 0..n - 1 |-> Def(F[n - 1], i)]],
       f == [n \in Nat |-> F[n + 1][n]],
       P(g, k) == g = [n \in 0..k |-> [i \in 0..n - 1 |-> Def(g[n - 1], i)]],
       FF == [n \in Nat |-> [i \in 0..n - 1 |-> G(n)[n][i]]],
       <3>_a118 ,
       Zenon 
PROVE  FF = [n \in Nat |-> [i \in 0..n - 1 |-> Def(FF[n - 1], i)]]

@!!END

@!!BEGIN
@!!type:obligation
@!!id:142
@!!loc:204:10:204:15
@!!status:to be proved
@!!obl:ASSUME NEW CONSTANT Def(_, _),
       ASSUME NEW CONSTANT n \in Nat,
              NEW CONSTANT g,
              NEW CONSTANT h,
              \A i \in 0..n - 1 : g[i] = h[i] 
       PROVE  Def(g, n) = Def(h, n) ,
       F ==
         CHOOSE F : F = [n \in Nat |-> [i \in 0..n - 1 |-> Def(F[n - 1], i)]],
       f == [n \in Nat |-> F[n + 1][n]],
       P(g, k) == g = [n \in 0..k |-> [i \in 0..n - 1 |-> Def(g[n - 1], i)]],
       FF == [n \in Nat |-> [i \in 0..n - 1 |-> G(n)[n][i]]],
       <3>_a118 
PROVE  Zenon

@!!END

@!!BEGIN
@!!type:obligation
@!!id:143
@!!loc:205:34:205:41
@!!status:to be proved
@!!obl:ASSUME NEW CONSTANT Def(_, _),
       ASSUME NEW CONSTANT n \in Nat,
              NEW CONSTANT g,
              NEW CONSTANT h,
              \A i \in 0..n - 1 : g[i] = h[i] 
       PROVE  Def(g, n) = Def(h, n) ,
       F ==
         CHOOSE F : F = [n \in Nat |-> [i \in 0..n - 1 |-> Def(F[n - 1], i)]],
       f == [n \in Nat |-> F[n + 1][n]],
       P(g, k) == g = [n \in 0..k |-> [i \in 0..n - 1 |-> Def(g[n - 1], i)]],
       FF == [n \in Nat |-> [i \in 0..n - 1 |-> G(n)[n][i]]],
       NEW CONSTANT k \in Nat,
       NEW CONSTANT i \in 0..k - 1
PROVE  FF[k][i] = G(k)[k][i]

@!!END

@!!BEGIN
@!!type:obligation
@!!id:144
@!!loc:206:43:206:45
@!!status:to be proved
@!!obl:ASSUME NEW CONSTANT Def(_, _),
       ASSUME NEW CONSTANT n \in Nat,
              NEW CONSTANT g,
              NEW CONSTANT h,
              \A i \in 0..n - 1 : g[i] = h[i] 
       PROVE  Def(g, n) = Def(h, n) ,
       F ==
         CHOOSE F : F = [n \in Nat |-> [i \in 0..n - 1 |-> Def(F[n - 1], i)]],
       f == [n \in Nat |-> F[n + 1][n]],
       P(g, k) == g = [n \in 0..k |-> [i \in 0..n - 1 |-> Def(g[n - 1], i)]],
       FF == [n \in Nat |-> [i \in 0..n - 1 |-> G(n)[n][i]]],
       NEW CONSTANT k \in Nat,
       NEW CONSTANT i \in 0..k - 1,
       <2>2 
PROVE  G(k)[k][i] = Def(G(k)[k - 1], i)

@!!END

@!!BEGIN
@!!type:obligation
@!!id:145
@!!loc:206:46:206:50
@!!status:to be proved
@!!obl:ASSUME NEW CONSTANT Def(_, _),
       ASSUME NEW CONSTANT n \in Nat,
              NEW CONSTANT g,
              NEW CONSTANT h,
              \A i \in 0..n - 1 : g[i] = h[i] 
       PROVE  Def(g, n) = Def(h, n) ,
       F ==
         CHOOSE F : F = [n \in Nat |-> [i \in 0..n - 1 |-> Def(F[n - 1], i)]],
       f == [n \in Nat |-> F[n + 1][n]],
       P(g, k) == g = [n \in 0..k |-> [i \in 0..n - 1 |-> Def(g[n - 1], i)]],
       FF == [n \in Nat |-> [i \in 0..n - 1 |-> G(n)[n][i]]],
       NEW CONSTANT k \in Nat,
       NEW CONSTANT i \in 0..k - 1
PROVE  <2>2

@!!END

@!!BEGIN
@!!type:obligation
@!!id:146
@!!loc:208:58:208:60
@!!status:to be proved
@!!obl:ASSUME NEW CONSTANT Def(_, _),
       ASSUME NEW CONSTANT n \in Nat,
              NEW CONSTANT g,
              NEW CONSTANT h,
              \A i \in 0..n - 1 : g[i] = h[i] 
       PROVE  Def(g, n) = Def(h, n) ,
       F ==
         CHOOSE F : F = [n \in Nat |-> [i \in 0..n - 1 |-> Def(F[n - 1], i)]],
       f == [n \in Nat |-> F[n + 1][n]],
       G(k) == CHOOSE g : P(g, k),
       FF == [n \in Nat |-> [i \in 0..n - 1 |-> G(n)[n][i]]],
       NEW CONSTANT k \in Nat,
       NEW CONSTANT i \in 0..k - 1,
       <2>2 ,
       <2>3 
PROVE  \A j \in 0..i - 1 : G(k)[k - 1][j] = FF[k - 1][j]

@!!END

@!!BEGIN
@!!type:obligation
@!!id:147
@!!loc:208:61:208:65
@!!status:to be proved
@!!obl:ASSUME NEW CONSTANT Def(_, _),
       ASSUME NEW CONSTANT n \in Nat,
              NEW CONSTANT g,
              NEW CONSTANT h,
              \A i \in 0..n - 1 : g[i] = h[i] 
       PROVE  Def(g, n) = Def(h, n) ,
       F ==
         CHOOSE F : F = [n \in Nat |-> [i \in 0..n - 1 |-> Def(F[n - 1], i)]],
       f == [n \in Nat |-> F[n + 1][n]],
       G(k) == CHOOSE g : P(g, k),
       FF == [n \in Nat |-> [i \in 0..n - 1 |-> G(n)[n][i]]],
       NEW CONSTANT k \in Nat,
       NEW CONSTANT i \in 0..k - 1
PROVE  <2>2

@!!END

@!!BEGIN
@!!type:obligation
@!!id:148
@!!loc:208:67:208:71
@!!status:to be proved
@!!obl:ASSUME NEW CONSTANT Def(_, _),
       ASSUME NEW CONSTANT n \in Nat,
              NEW CONSTANT g,
              NEW CONSTANT h,
              \A i \in 0..n - 1 : g[i] = h[i] 
       PROVE  Def(g, n) = Def(h, n) ,
       F ==
         CHOOSE F : F = [n \in Nat |-> [i \in 0..n - 1 |-> Def(F[n - 1], i)]],
       f == [n \in Nat |-> F[n + 1][n]],
       G(k) == CHOOSE g : P(g, k),
       FF == [n \in Nat |-> [i \in 0..n - 1 |-> G(n)[n][i]]],
       NEW CONSTANT k \in Nat,
       NEW CONSTANT i \in 0..k - 1,
       <2>2 
PROVE  <2>3

@!!END

@!!BEGIN
@!!type:obligation
@!!id:149
@!!loc:210:48:210:50
@!!status:to be proved
@!!obl:ASSUME NEW CONSTANT Def(_, _),
       ASSUME NEW CONSTANT n \in Nat,
              NEW CONSTANT g,
              NEW CONSTANT h,
              \A i \in 0..n - 1 : g[i] = h[i] 
       PROVE  Def(g, n) = Def(h, n) ,
       F ==
         CHOOSE F : F = [n \in Nat |-> [i \in 0..n - 1 |-> Def(F[n - 1], i)]],
       f == [n \in Nat |-> F[n + 1][n]],
       NEW CONSTANT k \in Nat,
       NEW CONSTANT i \in 0..k - 1,
       <3>3 
PROVE  Def(G(k)[k - 1], i) = Def(FF[k - 1], i)

@!!END

@!!BEGIN
@!!type:obligation
@!!id:150
@!!loc:210:51:210:55
@!!status:to be proved
@!!obl:ASSUME NEW CONSTANT Def(_, _),
       ASSUME NEW CONSTANT n \in Nat,
              NEW CONSTANT g,
              NEW CONSTANT h,
              \A i \in 0..n - 1 : g[i] = h[i] 
       PROVE  Def(g, n) = Def(h, n) ,
       F ==
         CHOOSE F : F = [n \in Nat |-> [i \in 0..n - 1 |-> Def(F[n - 1], i)]],
       f == [n \in Nat |-> F[n + 1][n]],
       NEW CONSTANT k \in Nat,
       NEW CONSTANT i \in 0..k - 1
PROVE  <3>3

@!!END

@!!BEGIN
@!!type:obligation
@!!id:151
@!!loc:225:13:225:15
@!!status:to be proved
@!!obl:ASSUME NEW CONSTANT Def(_, _),
       ASSUME NEW CONSTANT n \in Nat,
              NEW CONSTANT g,
              NEW CONSTANT h,
              \A i \in 0..n - 1 : g[i] = h[i] 
       PROVE  Def(g, n) = Def(h, n) ,
       f == [n \in Nat |-> F[n + 1][n]],
       NEW CONSTANT n \in Nat,
       NEW CONSTANT i \in 0..n - 1,
       G == [m \in Nat |-> [j \in 0..m - 1 |-> Def(F[m - 1], j)]],
       <2>1 ,
       <2>2 ,
       Zenon 
PROVE  F[n][i] = Def(F[n - 1], i)

@!!END

@!!BEGIN
@!!type:obligation
@!!id:152
@!!loc:225:16:225:20
@!!status:to be proved
@!!obl:ASSUME NEW CONSTANT Def(_, _),
       ASSUME NEW CONSTANT n \in Nat,
              NEW CONSTANT g,
              NEW CONSTANT h,
              \A i \in 0..n - 1 : g[i] = h[i] 
       PROVE  Def(g, n) = Def(h, n) ,
       f == [n \in Nat |-> F[n + 1][n]],
       NEW CONSTANT n \in Nat,
       NEW CONSTANT i \in 0..n - 1,
       G == [m \in Nat |-> [j \in 0..m - 1 |-> Def(F[m - 1], j)]]
PROVE  <2>1

@!!END

@!!BEGIN
@!!type:obligation
@!!id:153
@!!loc:225:22:225:26
@!!status:to be proved
@!!obl:ASSUME NEW CONSTANT Def(_, _),
       ASSUME NEW CONSTANT n \in Nat,
              NEW CONSTANT g,
              NEW CONSTANT h,
              \A i \in 0..n - 1 : g[i] = h[i] 
       PROVE  Def(g, n) = Def(h, n) ,
       f == [n \in Nat |-> F[n + 1][n]],
       NEW CONSTANT n \in Nat,
       NEW CONSTANT i \in 0..n - 1,
       G == [m \in Nat |-> [j \in 0..m - 1 |-> Def(F[m - 1], j)]],
       <2>1 
PROVE  <2>2

@!!END

@!!BEGIN
@!!type:obligation
@!!id:154
@!!loc:225:28:225:33
@!!status:to be proved
@!!obl:ASSUME NEW CONSTANT Def(_, _),
       ASSUME NEW CONSTANT n \in Nat,
              NEW CONSTANT g,
              NEW CONSTANT h,
              \A i \in 0..n - 1 : g[i] = h[i] 
       PROVE  Def(g, n) = Def(h, n) ,
       f == [n \in Nat |-> F[n + 1][n]],
       NEW CONSTANT n \in Nat,
       NEW CONSTANT i \in 0..n - 1,
       G == [m \in Nat |-> [j \in 0..m - 1 |-> Def(F[m - 1], j)]],
       <2>1 ,
       <2>2 
PROVE  Zenon

@!!END

@!!BEGIN
@!!type:obligation
@!!id:155
@!!loc:223:34:223:41
@!!status:to be proved
@!!obl:ASSUME NEW CONSTANT Def(_, _),
       ASSUME NEW CONSTANT n \in Nat,
              NEW CONSTANT g,
              NEW CONSTANT h,
              \A i \in 0..n - 1 : g[i] = h[i] 
       PROVE  Def(g, n) = Def(h, n) ,
       f == [n \in Nat |-> F[n + 1][n]],
       NEW CONSTANT n \in Nat,
       NEW CONSTANT i \in 0..n - 1,
       G == [m \in Nat |-> [j \in 0..m - 1 |-> Def(F[m - 1], j)]]
PROVE  G[n][i] = Def(F[n - 1], i)

@!!END

@!!BEGIN
@!!type:obligation
@!!id:156
@!!loc:224:16:224:18
@!!status:to be proved
@!!obl:ASSUME NEW CONSTANT Def(_, _),
       ASSUME NEW CONSTANT n \in Nat,
              NEW CONSTANT g,
              NEW CONSTANT h,
              \A i \in 0..n - 1 : g[i] = h[i] 
       PROVE  Def(g, n) = Def(h, n) ,
       f == [n \in Nat |-> F[n + 1][n]],
       NEW CONSTANT n \in Nat,
       NEW CONSTANT i \in 0..n - 1,
       G == [m \in Nat |-> [j \in 0..m - 1 |-> Def(F[m - 1], j)]],
       <1>1 ,
       Zenon 
PROVE  F = G

@!!END

@!!BEGIN
@!!type:obligation
@!!id:157
@!!loc:224:19:224:23
@!!status:to be proved
@!!obl:ASSUME NEW CONSTANT Def(_, _),
       ASSUME NEW CONSTANT n \in Nat,
              NEW CONSTANT g,
              NEW CONSTANT h,
              \A i \in 0..n - 1 : g[i] = h[i] 
       PROVE  Def(g, n) = Def(h, n) ,
       f == [n \in Nat |-> F[n + 1][n]],
       NEW CONSTANT n \in Nat,
       NEW CONSTANT i \in 0..n - 1,
       G == [m \in Nat |-> [j \in 0..m - 1 |-> Def(F[m - 1], j)]]
PROVE  <1>1

@!!END

@!!BEGIN
@!!type:obligation
@!!id:158
@!!loc:224:25:224:30
@!!status:to be proved
@!!obl:ASSUME NEW CONSTANT Def(_, _),
       ASSUME NEW CONSTANT n \in Nat,
              NEW CONSTANT g,
              NEW CONSTANT h,
              \A i \in 0..n - 1 : g[i] = h[i] 
       PROVE  Def(g, n) = Def(h, n) ,
       f == [n \in Nat |-> F[n + 1][n]],
       NEW CONSTANT n \in Nat,
       NEW CONSTANT i \in 0..n - 1,
       G == [m \in Nat |-> [j \in 0..m - 1 |-> Def(F[m - 1], j)]],
       <1>1 
PROVE  Zenon

@!!END

@!!BEGIN
@!!type:obligation
@!!id:159
@!!loc:248:13:248:15
@!!status:to be proved
@!!obl:ASSUME NEW CONSTANT Def(_, _),
       ASSUME NEW CONSTANT n \in Nat,
              NEW CONSTANT g,
              NEW CONSTANT h,
              \A i \in 0..n - 1 : g[i] = h[i] 
       PROVE  Def(g, n) = Def(h, n) ,
       f == [n \in Nat |-> F[n + 1][n]],
       <2>1 ,
       GeneralNatInduction ,
       Blast 
PROVE  \A n \in Nat : P(n)

@!!END

@!!BEGIN
@!!type:obligation
@!!id:160
@!!loc:248:16:248:20
@!!status:to be proved
@!!obl:ASSUME NEW CONSTANT Def(_, _),
       ASSUME NEW CONSTANT n \in Nat,
              NEW CONSTANT g,
              NEW CONSTANT h,
              \A i \in 0..n - 1 : g[i] = h[i] 
       PROVE  Def(g, n) = Def(h, n) ,
       f == [n \in Nat |-> F[n + 1][n]]
PROVE  <2>1

@!!END

@!!BEGIN
@!!type:obligation
@!!id:161
@!!loc:248:22:248:41
@!!status:to be proved
@!!obl:ASSUME NEW CONSTANT Def(_, _),
       ASSUME NEW CONSTANT n \in Nat,
              NEW CONSTANT g,
              NEW CONSTANT h,
              \A i \in 0..n - 1 : g[i] = h[i] 
       PROVE  Def(g, n) = Def(h, n) ,
       f == [n \in Nat |-> F[n + 1][n]],
       <2>1 
PROVE  GeneralNatInduction

@!!END

@!!BEGIN
@!!type:obligation
@!!id:162
@!!loc:248:43:248:48
@!!status:to be proved
@!!obl:ASSUME NEW CONSTANT Def(_, _),
       ASSUME NEW CONSTANT n \in Nat,
              NEW CONSTANT g,
              NEW CONSTANT h,
              \A i \in 0..n - 1 : g[i] = h[i] 
       PROVE  Def(g, n) = Def(h, n) ,
       f == [n \in Nat |-> F[n + 1][n]],
       <2>1 ,
       GeneralNatInduction 
PROVE  Blast

@!!END

@!!BEGIN
@!!type:obligation
@!!id:163
@!!loc:246:15:246:17
@!!status:to be proved
@!!obl:ASSUME NEW CONSTANT Def(_, _),
       ASSUME NEW CONSTANT n \in Nat,
              NEW CONSTANT g,
              NEW CONSTANT h,
              \A i \in 0..n - 1 : g[i] = h[i] 
       PROVE  Def(g, n) = Def(h, n) ,
       f == [n \in Nat |-> F[n + 1][n]],
       P(n) == \A m \in 0..n : \A i \in 0..m - 1 : F[n][i] = F[m][i],
       NEW CONSTANT n \in Nat,
       NEW CONSTANT m \in 0..n,
       NEW CONSTANT i \in 0..m - 1,
       <3>2 ,
       <3>3 ,
       <3>4 ,
       SMT 
PROVE  F[n][i] = F[m][i]

@!!END

@!!BEGIN
@!!type:obligation
@!!id:164
@!!loc:246:18:246:22
@!!status:to be proved
@!!obl:ASSUME NEW CONSTANT Def(_, _),
       ASSUME NEW CONSTANT n \in Nat,
              NEW CONSTANT g,
              NEW CONSTANT h,
              \A i \in 0..n - 1 : g[i] = h[i] 
       PROVE  Def(g, n) = Def(h, n) ,
       f == [n \in Nat |-> F[n + 1][n]],
       P(n) == \A m \in 0..n : \A i \in 0..m - 1 : F[n][i] = F[m][i],
       NEW CONSTANT n \in Nat,
       NEW CONSTANT m \in 0..n,
       NEW CONSTANT i \in 0..m - 1
PROVE  <3>2

@!!END

@!!BEGIN
@!!type:obligation
@!!id:165
@!!loc:246:24:246:28
@!!status:to be proved
@!!obl:ASSUME NEW CONSTANT Def(_, _),
       ASSUME NEW CONSTANT n \in Nat,
              NEW CONSTANT g,
              NEW CONSTANT h,
              \A i \in 0..n - 1 : g[i] = h[i] 
       PROVE  Def(g, n) = Def(h, n) ,
       f == [n \in Nat |-> F[n + 1][n]],
       P(n) == \A m \in 0..n : \A i \in 0..m - 1 : F[n][i] = F[m][i],
       NEW CONSTANT n \in Nat,
       NEW CONSTANT m \in 0..n,
       NEW CONSTANT i \in 0..m - 1,
       <3>2 
PROVE  <3>3

@!!END

@!!BEGIN
@!!type:obligation
@!!id:166
@!!loc:246:30:246:34
@!!status:to be proved
@!!obl:ASSUME NEW CONSTANT Def(_, _),
       ASSUME NEW CONSTANT n \in Nat,
              NEW CONSTANT g,
              NEW CONSTANT h,
              \A i \in 0..n - 1 : g[i] = h[i] 
       PROVE  Def(g, n) = Def(h, n) ,
       f == [n \in Nat |-> F[n + 1][n]],
       P(n) == \A m \in 0..n : \A i \in 0..m - 1 : F[n][i] = F[m][i],
       NEW CONSTANT n \in Nat,
       NEW CONSTANT m \in 0..n,
       NEW CONSTANT i \in 0..m - 1,
       <3>2 ,
       <3>3 
PROVE  <3>4

@!!END

@!!BEGIN
@!!type:obligation
@!!id:167
@!!loc:246:36:246:39
@!!status:to be proved
@!!obl:ASSUME NEW CONSTANT Def(_, _),
       ASSUME NEW CONSTANT n \in Nat,
              NEW CONSTANT g,
              NEW CONSTANT h,
              \A i \in 0..n - 1 : g[i] = h[i] 
       PROVE  Def(g, n) = Def(h, n) ,
       f == [n \in Nat |-> F[n + 1][n]],
       P(n) == \A m \in 0..n : \A i \in 0..m - 1 : F[n][i] = F[m][i],
       NEW CONSTANT n \in Nat,
       NEW CONSTANT m \in 0..n,
       NEW CONSTANT i \in 0..m - 1,
       <3>2 ,
       <3>3 ,
       <3>4 
PROVE  SMT

@!!END

@!!BEGIN
@!!type:obligation
@!!id:168
@!!loc:237:7:237:14
@!!status:to be proved
@!!obl:ASSUME NEW CONSTANT Def(_, _),
       ASSUME NEW CONSTANT n \in Nat,
              NEW CONSTANT g,
              NEW CONSTANT h,
              \A i \in 0..n - 1 : g[i] = h[i] 
       PROVE  Def(g, n) = Def(h, n) ,
       f == [n \in Nat |-> F[n + 1][n]],
       P(n) == \A m \in 0..n : \A i \in 0..m - 1 : F[n][i] = F[m][i],
       NEW CONSTANT n \in Nat,
       <3>_a119 
PROVE  P(n)

@!!END

@!!BEGIN
@!!type:obligation
@!!id:169
@!!loc:238:23:238:25
@!!status:to be proved
@!!obl:ASSUME NEW CONSTANT Def(_, _),
       ASSUME NEW CONSTANT n \in Nat,
              NEW CONSTANT g,
              NEW CONSTANT h,
              \A i \in 0..n - 1 : g[i] = h[i] 
       PROVE  Def(g, n) = Def(h, n) ,
       f == [n \in Nat |-> F[n + 1][n]],
       P(n) == \A m \in 0..n : \A i \in 0..m - 1 : F[n][i] = F[m][i],
       NEW CONSTANT n \in Nat,
       NEW CONSTANT m \in 0..n,
       NEW CONSTANT i \in 0..m - 1,
       <3>2 
PROVE  F[n][i] = F[m][i]

@!!END

@!!BEGIN
@!!type:obligation
@!!id:170
@!!loc:238:26:238:30
@!!status:to be proved
@!!obl:ASSUME NEW CONSTANT Def(_, _),
       ASSUME NEW CONSTANT n \in Nat,
              NEW CONSTANT g,
              NEW CONSTANT h,
              \A i \in 0..n - 1 : g[i] = h[i] 
       PROVE  Def(g, n) = Def(h, n) ,
       f == [n \in Nat |-> F[n + 1][n]],
       P(n) == \A m \in 0..n : \A i \in 0..m - 1 : F[n][i] = F[m][i],
       NEW CONSTANT n \in Nat,
       NEW CONSTANT m \in 0..n,
       NEW CONSTANT i \in 0..m - 1
PROVE  <3>2

@!!END

@!!BEGIN
@!!type:obligation
@!!id:171
@!!loc:239:23:239:25
@!!status:to be proved
@!!obl:ASSUME NEW CONSTANT Def(_, _),
       ASSUME NEW CONSTANT n \in Nat,
              NEW CONSTANT g,
              NEW CONSTANT h,
              \A i \in 0..n - 1 : g[i] = h[i] 
       PROVE  Def(g, n) = Def(h, n) ,
       f == [n \in Nat |-> F[n + 1][n]],
       P(n) == \A m \in 0..n : \A i \in 0..m - 1 : F[n][i] = F[m][i],
       NEW CONSTANT n \in Nat,
       NEW CONSTANT m \in 0..n,
       NEW CONSTANT i \in 0..m - 1,
       <3>3 ,
       SMT 
PROVE  F[n][i] = F[m][i]

@!!END

@!!BEGIN
@!!type:obligation
@!!id:172
@!!loc:239:26:239:30
@!!status:to be proved
@!!obl:ASSUME NEW CONSTANT Def(_, _),
       ASSUME NEW CONSTANT n \in Nat,
              NEW CONSTANT g,
              NEW CONSTANT h,
              \A i \in 0..n - 1 : g[i] = h[i] 
       PROVE  Def(g, n) = Def(h, n) ,
       f == [n \in Nat |-> F[n + 1][n]],
       P(n) == \A m \in 0..n : \A i \in 0..m - 1 : F[n][i] = F[m][i],
       NEW CONSTANT n \in Nat,
       NEW CONSTANT m \in 0..n,
       NEW CONSTANT i \in 0..m - 1
PROVE  <3>3

@!!END

@!!BEGIN
@!!type:obligation
@!!id:173
@!!loc:239:32:239:35
@!!status:to be proved
@!!obl:ASSUME NEW CONSTANT Def(_, _),
       ASSUME NEW CONSTANT n \in Nat,
              NEW CONSTANT g,
              NEW CONSTANT h,
              \A i \in 0..n - 1 : g[i] = h[i] 
       PROVE  Def(g, n) = Def(h, n) ,
       f == [n \in Nat |-> F[n + 1][n]],
       P(n) == \A m \in 0..n : \A i \in 0..m - 1 : F[n][i] = F[m][i],
       NEW CONSTANT n \in Nat,
       NEW CONSTANT m \in 0..n,
       NEW CONSTANT i \in 0..m - 1,
       <3>3 
PROVE  SMT

@!!END

@!!BEGIN
@!!type:obligation
@!!id:174
@!!loc:245:17:245:19
@!!status:to be proved
@!!obl:ASSUME NEW CONSTANT Def(_, _),
       ASSUME NEW CONSTANT n \in Nat,
              NEW CONSTANT g,
              NEW CONSTANT h,
              \A i \in 0..n - 1 : g[i] = h[i] 
       PROVE  Def(g, n) = Def(h, n) ,
       f == [n \in Nat |-> F[n + 1][n]],
       P(n) == \A m \in 0..n : \A i \in 0..m - 1 : F[n][i] = F[m][i],
       NEW CONSTANT n \in Nat,
       NEW CONSTANT m \in 0..n,
       NEW CONSTANT i \in 0..m - 1,
       <4>1 ,
       <4>3 ,
       <4>4 
PROVE  F[n][i] = F[m][i]

@!!END

@!!BEGIN
@!!type:obligation
@!!id:175
@!!loc:245:20:245:24
@!!status:to be proved
@!!obl:ASSUME NEW CONSTANT Def(_, _),
       ASSUME NEW CONSTANT n \in Nat,
              NEW CONSTANT g,
              NEW CONSTANT h,
              \A i \in 0..n - 1 : g[i] = h[i] 
       PROVE  Def(g, n) = Def(h, n) ,
       f == [n \in Nat |-> F[n + 1][n]],
       P(n) == \A m \in 0..n : \A i \in 0..m - 1 : F[n][i] = F[m][i],
       NEW CONSTANT n \in Nat,
       NEW CONSTANT m \in 0..n,
       NEW CONSTANT i \in 0..m - 1
PROVE  <4>1

@!!END

@!!BEGIN
@!!type:obligation
@!!id:176
@!!loc:245:26:245:30
@!!status:to be proved
@!!obl:ASSUME NEW CONSTANT Def(_, _),
       ASSUME NEW CONSTANT n \in Nat,
              NEW CONSTANT g,
              NEW CONSTANT h,
              \A i \in 0..n - 1 : g[i] = h[i] 
       PROVE  Def(g, n) = Def(h, n) ,
       f == [n \in Nat |-> F[n + 1][n]],
       P(n) == \A m \in 0..n : \A i \in 0..m - 1 : F[n][i] = F[m][i],
       NEW CONSTANT n \in Nat,
       NEW CONSTANT m \in 0..n,
       NEW CONSTANT i \in 0..m - 1,
       <4>1 
PROVE  <4>3

@!!END

@!!BEGIN
@!!type:obligation
@!!id:177
@!!loc:245:32:245:36
@!!status:to be proved
@!!obl:ASSUME NEW CONSTANT Def(_, _),
       ASSUME NEW CONSTANT n \in Nat,
              NEW CONSTANT g,
              NEW CONSTANT h,
              \A i \in 0..n - 1 : g[i] = h[i] 
       PROVE  Def(g, n) = Def(h, n) ,
       f == [n \in Nat |-> F[n + 1][n]],
       P(n) == \A m \in 0..n : \A i \in 0..m - 1 : F[n][i] = F[m][i],
       NEW CONSTANT n \in Nat,
       NEW CONSTANT m \in 0..n,
       NEW CONSTANT i \in 0..m - 1,
       <4>1 ,
       <4>3 
PROVE  <4>4

@!!END

@!!BEGIN
@!!type:obligation
@!!id:178
@!!loc:241:38:241:40
@!!status:to be proved
@!!obl:ASSUME NEW CONSTANT Def(_, _),
       ASSUME NEW CONSTANT n \in Nat,
              NEW CONSTANT g,
              NEW CONSTANT h,
              \A i \in 0..n - 1 : g[i] = h[i] 
       PROVE  Def(g, n) = Def(h, n) ,
       f == [n \in Nat |-> F[n + 1][n]],
       P(n) == \A m \in 0..n : \A i \in 0..m - 1 : F[n][i] = F[m][i],
       NEW CONSTANT n \in Nat,
       NEW CONSTANT m \in 0..n,
       NEW CONSTANT i \in 0..m - 1,
       <1>2 
PROVE  F[n][i] = Def(F[n - 1], i)

@!!END

@!!BEGIN
@!!type:obligation
@!!id:179
@!!loc:241:41:241:45
@!!status:to be proved
@!!obl:ASSUME NEW CONSTANT Def(_, _),
       ASSUME NEW CONSTANT n \in Nat,
              NEW CONSTANT g,
              NEW CONSTANT h,
              \A i \in 0..n - 1 : g[i] = h[i] 
       PROVE  Def(g, n) = Def(h, n) ,
       f == [n \in Nat |-> F[n + 1][n]],
       P(n) == \A m \in 0..n : \A i \in 0..m - 1 : F[n][i] = F[m][i],
       NEW CONSTANT n \in Nat,
       NEW CONSTANT m \in 0..n,
       NEW CONSTANT i \in 0..m - 1
PROVE  <1>2

@!!END

@!!BEGIN
@!!type:obligation
@!!id:180
@!!loc:242:56:242:58
@!!status:to be proved
@!!obl:ASSUME NEW CONSTANT Def(_, _),
       ASSUME NEW CONSTANT n \in Nat,
              NEW CONSTANT g,
              NEW CONSTANT h,
              \A i \in 0..n - 1 : g[i] = h[i] 
       PROVE  Def(g, n) = Def(h, n) ,
       f == [n \in Nat |-> F[n + 1][n]],
       P(n) == \A m \in 0..n : \A i \in 0..m - 1 : F[n][i] = F[m][i],
       NEW CONSTANT n \in Nat,
       NEW CONSTANT m \in 0..n,
       NEW CONSTANT i \in 0..m - 1,
       <2>1 ,
       <3>4 
PROVE  \A j \in 0..i - 1 : F[n - 1][j] = F[m - 1][j]

@!!END

@!!BEGIN
@!!type:obligation
@!!id:181
@!!loc:242:59:242:63
@!!status:to be proved
@!!obl:ASSUME NEW CONSTANT Def(_, _),
       ASSUME NEW CONSTANT n \in Nat,
              NEW CONSTANT g,
              NEW CONSTANT h,
              \A i \in 0..n - 1 : g[i] = h[i] 
       PROVE  Def(g, n) = Def(h, n) ,
       f == [n \in Nat |-> F[n + 1][n]],
       P(n) == \A m \in 0..n : \A i \in 0..m - 1 : F[n][i] = F[m][i],
       NEW CONSTANT n \in Nat,
       NEW CONSTANT m \in 0..n,
       NEW CONSTANT i \in 0..m - 1
PROVE  <2>1

@!!END

@!!BEGIN
@!!type:obligation
@!!id:182
@!!loc:242:65:242:69
@!!status:to be proved
@!!obl:ASSUME NEW CONSTANT Def(_, _),
       ASSUME NEW CONSTANT n \in Nat,
              NEW CONSTANT g,
              NEW CONSTANT h,
              \A i \in 0..n - 1 : g[i] = h[i] 
       PROVE  Def(g, n) = Def(h, n) ,
       f == [n \in Nat |-> F[n + 1][n]],
       P(n) == \A m \in 0..n : \A i \in 0..m - 1 : F[n][i] = F[m][i],
       NEW CONSTANT n \in Nat,
       NEW CONSTANT m \in 0..n,
       NEW CONSTANT i \in 0..m - 1,
       <2>1 
PROVE  <3>4

@!!END

@!!BEGIN
@!!type:obligation
@!!id:183
@!!loc:243:44:243:46
@!!status:to be proved
@!!obl:ASSUME NEW CONSTANT Def(_, _),
       ASSUME NEW CONSTANT n \in Nat,
              NEW CONSTANT g,
              NEW CONSTANT h,
              \A i \in 0..n - 1 : g[i] = h[i] 
       PROVE  Def(g, n) = Def(h, n) ,
       f == [n \in Nat |-> F[n + 1][n]],
       P(n) == \A m \in 0..n : \A i \in 0..m - 1 : F[n][i] = F[m][i],
       NEW CONSTANT n \in Nat,
       NEW CONSTANT m \in 0..n,
       NEW CONSTANT i \in 0..m - 1,
       <4>2 
PROVE  Def(F[n - 1], i) = Def(F[m - 1], i)

@!!END

@!!BEGIN
@!!type:obligation
@!!id:184
@!!loc:243:47:243:51
@!!status:to be proved
@!!obl:ASSUME NEW CONSTANT Def(_, _),
       ASSUME NEW CONSTANT n \in Nat,
              NEW CONSTANT g,
              NEW CONSTANT h,
              \A i \in 0..n - 1 : g[i] = h[i] 
       PROVE  Def(g, n) = Def(h, n) ,
       f == [n \in Nat |-> F[n + 1][n]],
       P(n) == \A m \in 0..n : \A i \in 0..m - 1 : F[n][i] = F[m][i],
       NEW CONSTANT n \in Nat,
       NEW CONSTANT m \in 0..n,
       NEW CONSTANT i \in 0..m - 1
PROVE  <4>2

@!!END

@!!BEGIN
@!!type:obligation
@!!id:185
@!!loc:244:38:244:40
@!!status:to be proved
@!!obl:ASSUME NEW CONSTANT Def(_, _),
       ASSUME NEW CONSTANT n \in Nat,
              NEW CONSTANT g,
              NEW CONSTANT h,
              \A i \in 0..n - 1 : g[i] = h[i] 
       PROVE  Def(g, n) = Def(h, n) ,
       f == [n \in Nat |-> F[n + 1][n]],
       P(n) == \A m \in 0..n : \A i \in 0..m - 1 : F[n][i] = F[m][i],
       NEW CONSTANT n \in Nat,
       NEW CONSTANT m \in 0..n,
       NEW CONSTANT i \in 0..m - 1,
       <1>2 
PROVE  Def(F[m - 1], i) = F[m][i]

@!!END

@!!BEGIN
@!!type:obligation
@!!id:186
@!!loc:244:41:244:45
@!!status:to be proved
@!!obl:ASSUME NEW CONSTANT Def(_, _),
       ASSUME NEW CONSTANT n \in Nat,
              NEW CONSTANT g,
              NEW CONSTANT h,
              \A i \in 0..n - 1 : g[i] = h[i] 
       PROVE  Def(g, n) = Def(h, n) ,
       f == [n \in Nat |-> F[n + 1][n]],
       P(n) == \A m \in 0..n : \A i \in 0..m - 1 : F[n][i] = F[m][i],
       NEW CONSTANT n \in Nat,
       NEW CONSTANT m \in 0..n,
       NEW CONSTANT i \in 0..m - 1
PROVE  <1>2

@!!END

@!!BEGIN
@!!type:obligation
@!!id:187
@!!loc:260:13:260:15
@!!status:to be proved
@!!obl:ASSUME NEW CONSTANT Def(_, _),
       ASSUME NEW CONSTANT n \in Nat,
              NEW CONSTANT g,
              NEW CONSTANT h,
              \A i \in 0..n - 1 : g[i] = h[i] 
       PROVE  Def(g, n) = Def(h, n) ,
       f == [n \in Nat |-> F[n + 1][n]],
       P(n) == \A m \in 0..n : \A i \in 0..m - 1 : F[n][i] = F[m][i],
       NEW CONSTANT n \in Nat,
       <2>1 ,
       <2>3 
PROVE  f[n] = Def(f, n)

@!!END

@!!BEGIN
@!!type:obligation
@!!id:188
@!!loc:260:16:260:20
@!!status:to be proved
@!!obl:ASSUME NEW CONSTANT Def(_, _),
       ASSUME NEW CONSTANT n \in Nat,
              NEW CONSTANT g,
              NEW CONSTANT h,
              \A i \in 0..n - 1 : g[i] = h[i] 
       PROVE  Def(g, n) = Def(h, n) ,
       f == [n \in Nat |-> F[n + 1][n]],
       P(n) == \A m \in 0..n : \A i \in 0..m - 1 : F[n][i] = F[m][i],
       NEW CONSTANT n \in Nat
PROVE  <2>1

@!!END

@!!BEGIN
@!!type:obligation
@!!id:189
@!!loc:260:22:260:26
@!!status:to be proved
@!!obl:ASSUME NEW CONSTANT Def(_, _),
       ASSUME NEW CONSTANT n \in Nat,
              NEW CONSTANT g,
              NEW CONSTANT h,
              \A i \in 0..n - 1 : g[i] = h[i] 
       PROVE  Def(g, n) = Def(h, n) ,
       f == [n \in Nat |-> F[n + 1][n]],
       P(n) == \A m \in 0..n : \A i \in 0..m - 1 : F[n][i] = F[m][i],
       NEW CONSTANT n \in Nat,
       <2>1 
PROVE  <2>3

@!!END

@!!BEGIN
@!!type:obligation
@!!id:190
@!!loc:256:5:256:7
@!!status:to be proved
@!!obl:ASSUME NEW CONSTANT Def(_, _),
       ASSUME NEW CONSTANT n \in Nat,
              NEW CONSTANT g,
              NEW CONSTANT h,
              \A i \in 0..n - 1 : g[i] = h[i] 
       PROVE  Def(g, n) = Def(h, n) ,
       f == [n \in Nat |-> F[n + 1][n]],
       P(n) == \A m \in 0..n : \A i \in 0..m - 1 : F[n][i] = F[m][i],
       <2>_a120 ,
       Zenon 
PROVE  f = [n \in Nat |-> Def(f, n)]

@!!END

@!!BEGIN
@!!type:obligation
@!!id:191
@!!loc:256:8:256:13
@!!status:to be proved
@!!obl:ASSUME NEW CONSTANT Def(_, _),
       ASSUME NEW CONSTANT n \in Nat,
              NEW CONSTANT g,
              NEW CONSTANT h,
              \A i \in 0..n - 1 : g[i] = h[i] 
       PROVE  Def(g, n) = Def(h, n) ,
       f == [n \in Nat |-> F[n + 1][n]],
       P(n) == \A m \in 0..n : \A i \in 0..m - 1 : F[n][i] = F[m][i],
       <2>_a120 
PROVE  Zenon

@!!END

@!!BEGIN
@!!type:obligation
@!!id:192
@!!loc:257:30:257:32
@!!status:to be proved
@!!obl:ASSUME NEW CONSTANT Def(_, _),
       ASSUME NEW CONSTANT n \in Nat,
              NEW CONSTANT g,
              NEW CONSTANT h,
              \A i \in 0..n - 1 : g[i] = h[i] 
       PROVE  Def(g, n) = Def(h, n) ,
       f == [n \in Nat |-> F[n + 1][n]],
       P(n) == \A m \in 0..n : \A i \in 0..m - 1 : F[n][i] = F[m][i],
       NEW CONSTANT n \in Nat,
       <1>2 
PROVE  f[n] = Def(F[n], n)

@!!END

@!!BEGIN
@!!type:obligation
@!!id:193
@!!loc:257:33:257:37
@!!status:to be proved
@!!obl:ASSUME NEW CONSTANT Def(_, _),
       ASSUME NEW CONSTANT n \in Nat,
              NEW CONSTANT g,
              NEW CONSTANT h,
              \A i \in 0..n - 1 : g[i] = h[i] 
       PROVE  Def(g, n) = Def(h, n) ,
       f == [n \in Nat |-> F[n + 1][n]],
       P(n) == \A m \in 0..n : \A i \in 0..m - 1 : F[n][i] = F[m][i],
       NEW CONSTANT n \in Nat
PROVE  <1>2

@!!END

@!!BEGIN
@!!type:obligation
@!!id:194
@!!loc:258:45:258:47
@!!status:to be proved
@!!obl:ASSUME NEW CONSTANT Def(_, _),
       ASSUME NEW CONSTANT n \in Nat,
              NEW CONSTANT g,
              NEW CONSTANT h,
              \A i \in 0..n - 1 : g[i] = h[i] 
       PROVE  Def(g, n) = Def(h, n) ,
       f == [n \in Nat |-> F[n + 1][n]],
       P(n) == \A m \in 0..n : \A i \in 0..m - 1 : F[n][i] = F[m][i],
       NEW CONSTANT n \in Nat,
       <1>3 
PROVE  \A i \in 0..n - 1 : F[n][i] = f[i]

@!!END

@!!BEGIN
@!!type:obligation
@!!id:195
@!!loc:258:48:258:52
@!!status:to be proved
@!!obl:ASSUME NEW CONSTANT Def(_, _),
       ASSUME NEW CONSTANT n \in Nat,
              NEW CONSTANT g,
              NEW CONSTANT h,
              \A i \in 0..n - 1 : g[i] = h[i] 
       PROVE  Def(g, n) = Def(h, n) ,
       f == [n \in Nat |-> F[n + 1][n]],
       P(n) == \A m \in 0..n : \A i \in 0..m - 1 : F[n][i] = F[m][i],
       NEW CONSTANT n \in Nat
PROVE  <1>3

@!!END

@!!BEGIN
@!!type:obligation
@!!id:196
@!!loc:259:33:259:35
@!!status:to be proved
@!!obl:ASSUME NEW CONSTANT Def(_, _),
       ASSUME NEW CONSTANT n \in Nat,
              NEW CONSTANT g,
              NEW CONSTANT h,
              \A i \in 0..n - 1 : g[i] = h[i] 
       PROVE  Def(g, n) = Def(h, n) ,
       f == [n \in Nat |-> F[n + 1][n]],
       P(n) == \A m \in 0..n : \A i \in 0..m - 1 : F[n][i] = F[m][i],
       NEW CONSTANT n \in Nat,
       <2>2 ,
       Zenon 
PROVE  Def(F[n], n) = Def(f, n)

@!!END

@!!BEGIN
@!!type:obligation
@!!id:197
@!!loc:259:36:259:40
@!!status:to be proved
@!!obl:ASSUME NEW CONSTANT Def(_, _),
       ASSUME NEW CONSTANT n \in Nat,
              NEW CONSTANT g,
              NEW CONSTANT h,
              \A i \in 0..n - 1 : g[i] = h[i] 
       PROVE  Def(g, n) = Def(h, n) ,
       f == [n \in Nat |-> F[n + 1][n]],
       P(n) == \A m \in 0..n : \A i \in 0..m - 1 : F[n][i] = F[m][i],
       NEW CONSTANT n \in Nat
PROVE  <2>2

@!!END

@!!BEGIN
@!!type:obligation
@!!id:198
@!!loc:259:42:259:47
@!!status:to be proved
@!!obl:ASSUME NEW CONSTANT Def(_, _),
       ASSUME NEW CONSTANT n \in Nat,
              NEW CONSTANT g,
              NEW CONSTANT h,
              \A i \in 0..n - 1 : g[i] = h[i] 
       PROVE  Def(g, n) = Def(h, n) ,
       f == [n \in Nat |-> F[n + 1][n]],
       P(n) == \A m \in 0..n : \A i \in 0..m - 1 : F[n][i] = F[m][i],
       NEW CONSTANT n \in Nat,
       <2>2 
PROVE  Zenon

@!!END

@!!BEGIN
@!!type:obligation
@!!id:199
@!!loc:289:11:289:13
@!!status:to be proved
@!!obl:ASSUME NatInductiveDefConclusion(f, f0, Def(_, _)) ==
         f = [i \in Nat |-> IF i = 0 THEN f0 ELSE Def(f[i - 1], i)],
       NEW CONSTANT Def(_, _),
       NEW CONSTANT f,
       NEW CONSTANT f0,
       NatInductiveDefHypothesis(f, f0, Def) ,
       PRDef(g, n) == IF n = 0 THEN f0 ELSE Def(g[n - 1], n),
       <1>2 ,
       <1>3 
PROVE  NatInductiveDefConclusion(f, f0, Def)

@!!END

@!!BEGIN
@!!type:obligation
@!!id:200
@!!loc:289:14:289:18
@!!status:to be proved
@!!obl:ASSUME NatInductiveDefConclusion(f, f0, Def(_, _)) ==
         f = [i \in Nat |-> IF i = 0 THEN f0 ELSE Def(f[i - 1], i)],
       NEW CONSTANT Def(_, _),
       NEW CONSTANT f,
       NEW CONSTANT f0,
       NatInductiveDefHypothesis(f, f0, Def) ,
       PRDef(g, n) == IF n = 0 THEN f0 ELSE Def(g[n - 1], n)
PROVE  <1>2

@!!END

@!!BEGIN
@!!type:obligation
@!!id:201
@!!loc:289:20:289:24
@!!status:to be proved
@!!obl:ASSUME NatInductiveDefConclusion(f, f0, Def(_, _)) ==
         f = [i \in Nat |-> IF i = 0 THEN f0 ELSE Def(f[i - 1], i)],
       NEW CONSTANT Def(_, _),
       NEW CONSTANT f,
       NEW CONSTANT f0,
       NatInductiveDefHypothesis(f, f0, Def) ,
       PRDef(g, n) == IF n = 0 THEN f0 ELSE Def(g[n - 1], n),
       <1>2 
PROVE  <1>3

@!!END

@!!BEGIN
@!!type:obligation
@!!id:202
@!!loc:283:3:283:5
@!!status:to be proved
@!!obl:ASSUME NEW CONSTANT Def(_, _),
       NEW CONSTANT f,
       NEW CONSTANT f0,
       NatInductiveDefHypothesis(f, f0, Def) ,
       PRDef(g, n) == IF n = 0 THEN f0 ELSE Def(g[n - 1], n),
       ff == CHOOSE ff : ff = [n \in Nat |-> PRDef(ff, n)],
       NEW CONSTANT n \in Nat,
       NEW CONSTANT g,
       NEW CONSTANT h,
       <1>1 ,
       Z3 
PROVE  PRDef(g, n) = PRDef(h, n)

@!!END

@!!BEGIN
@!!type:obligation
@!!id:203
@!!loc:283:6:283:10
@!!status:to be proved
@!!obl:ASSUME NEW CONSTANT Def(_, _),
       NEW CONSTANT f,
       NEW CONSTANT f0,
       NatInductiveDefHypothesis(f, f0, Def) ,
       PRDef(g, n) == IF n = 0 THEN f0 ELSE Def(g[n - 1], n),
       ff == CHOOSE ff : ff = [n \in Nat |-> PRDef(ff, n)],
       NEW CONSTANT n \in Nat,
       NEW CONSTANT g,
       NEW CONSTANT h
PROVE  <1>1

@!!END

@!!BEGIN
@!!type:obligation
@!!id:204
@!!loc:283:12:283:14
@!!status:to be proved
@!!obl:ASSUME NEW CONSTANT Def(_, _),
       NEW CONSTANT f,
       NEW CONSTANT f0,
       NatInductiveDefHypothesis(f, f0, Def) ,
       PRDef(g, n) == IF n = 0 THEN f0 ELSE Def(g[n - 1], n),
       ff == CHOOSE ff : ff = [n \in Nat |-> PRDef(ff, n)],
       NEW CONSTANT n \in Nat,
       NEW CONSTANT g,
       NEW CONSTANT h,
       <1>1 
PROVE  Z3

@!!END

@!!BEGIN
@!!type:obligation
@!!id:205
@!!loc:285:41:285:43
@!!status:to be proved
@!!obl:ASSUME NEW CONSTANT Def(_, _),
       NEW CONSTANT f,
       NEW CONSTANT f0,
       NatInductiveDefHypothesis(f, f0, Def) ,
       ff == CHOOSE ff : ff = [n \in Nat |-> PRDef(ff, n)],
       <1>1 ,
       RecursiveFcnOfNat ,
       Isa 
PROVE  ff = [n \in Nat |-> PRDef(ff, n)]

@!!END

@!!BEGIN
@!!type:obligation
@!!id:206
@!!loc:285:44:285:48
@!!status:to be proved
@!!obl:ASSUME NEW CONSTANT Def(_, _),
       NEW CONSTANT f,
       NEW CONSTANT f0,
       NatInductiveDefHypothesis(f, f0, Def) ,
       ff == CHOOSE ff : ff = [n \in Nat |-> PRDef(ff, n)]
PROVE  <1>1

@!!END

@!!BEGIN
@!!type:obligation
@!!id:207
@!!loc:285:50:285:67
@!!status:to be proved
@!!obl:ASSUME NEW CONSTANT Def(_, _),
       NEW CONSTANT f,
       NEW CONSTANT f0,
       NatInductiveDefHypothesis(f, f0, Def) ,
       ff == CHOOSE ff : ff = [n \in Nat |-> PRDef(ff, n)],
       <1>1 
PROVE  RecursiveFcnOfNat

@!!END

@!!BEGIN
@!!type:obligation
@!!id:208
@!!loc:285:69:285:72
@!!status:to be proved
@!!obl:ASSUME NEW CONSTANT Def(_, _),
       NEW CONSTANT f,
       NEW CONSTANT f0,
       NatInductiveDefHypothesis(f, f0, Def) ,
       ff == CHOOSE ff : ff = [n \in Nat |-> PRDef(ff, n)],
       <1>1 ,
       RecursiveFcnOfNat 
PROVE  Isa

@!!END

@!!BEGIN
@!!type:obligation
@!!id:209
@!!loc:287:15:287:17
@!!status:to be proved
@!!obl:ASSUME Zenon == TRUE,
       NatInductiveDefHypothesis(f, f0, Def(_, _)) ==
         f
         = (CHOOSE g :
              g = [i \in Nat |-> IF i = 0 THEN f0 ELSE Def(g[i - 1], i)]),
       NEW CONSTANT Def(_, _),
       NEW CONSTANT f,
       NEW CONSTANT f0,
       NatInductiveDefHypothesis(f, f0, Def) ,
       PRDef(g, n) == IF n = 0 THEN f0 ELSE Def(g[n - 1], n),
       ff == CHOOSE ff : ff = [n \in Nat |-> PRDef(ff, n)]
PROVE  ff = f

@!!END

@!!BEGIN
@!!type:obligation
@!!id:210
@!!loc:305:11:305:13
@!!status:to be proved
@!!obl:ASSUME NEW CONSTANT f,
       NEW CONSTANT S,
       NEW CONSTANT Def(_, _),
       f = [n \in Nat |-> Def(f, n)] ,
       ASSUME NEW CONSTANT n \in Nat,
              NEW CONSTANT g,
              \A i \in 0..n - 1 : g[i] \in S 
       PROVE  Def(g, n) \in S ,
       <1>2 ,
       GeneralNatInduction ,
       Isa 
PROVE  \A n \in Nat : f[n] \in S

@!!END

@!!BEGIN
@!!type:obligation
@!!id:211
@!!loc:305:14:305:18
@!!status:to be proved
@!!obl:ASSUME NEW CONSTANT f,
       NEW CONSTANT S,
       NEW CONSTANT Def(_, _),
       f = [n \in Nat |-> Def(f, n)] ,
       ASSUME NEW CONSTANT n \in Nat,
              NEW CONSTANT g,
              \A i \in 0..n - 1 : g[i] \in S 
       PROVE  Def(g, n) \in S 
PROVE  <1>2

@!!END

@!!BEGIN
@!!type:obligation
@!!id:212
@!!loc:305:20:305:39
@!!status:to be proved
@!!obl:ASSUME NEW CONSTANT f,
       NEW CONSTANT S,
       NEW CONSTANT Def(_, _),
       f = [n \in Nat |-> Def(f, n)] ,
       ASSUME NEW CONSTANT n \in Nat,
              NEW CONSTANT g,
              \A i \in 0..n - 1 : g[i] \in S 
       PROVE  Def(g, n) \in S ,
       <1>2 
PROVE  GeneralNatInduction

@!!END

@!!BEGIN
@!!type:obligation
@!!id:213
@!!loc:305:41:305:44
@!!status:to be proved
@!!obl:ASSUME NEW CONSTANT f,
       NEW CONSTANT S,
       NEW CONSTANT Def(_, _),
       f = [n \in Nat |-> Def(f, n)] ,
       ASSUME NEW CONSTANT n \in Nat,
              NEW CONSTANT g,
              \A i \in 0..n - 1 : g[i] \in S 
       PROVE  Def(g, n) \in S ,
       <1>2 ,
       GeneralNatInduction 
PROVE  Isa

@!!END

@!!BEGIN
@!!type:obligation
@!!id:214
@!!loc:301:3:301:10
@!!status:to be proved
@!!obl:ASSUME NEW CONSTANT f,
       NEW CONSTANT S,
       NEW CONSTANT Def(_, _),
       f = [n \in Nat |-> Def(f, n)] ,
       ASSUME NEW CONSTANT n \in Nat,
              NEW CONSTANT g,
              \A i \in 0..n - 1 : g[i] \in S 
       PROVE  Def(g, n) \in S ,
       <1>1 
PROVE  f \in [Nat -> S]

@!!END

@!!BEGIN
@!!type:obligation
@!!id:215
@!!loc:304:3:304:5
@!!status:to be proved
@!!obl:ASSUME NEW CONSTANT f,
       NEW CONSTANT S,
       NEW CONSTANT Def(_, _),
       f = [n \in Nat |-> Def(f, n)] ,
       ASSUME NEW CONSTANT n \in Nat,
              NEW CONSTANT g,
              \A i \in 0..n - 1 : g[i] \in S 
       PROVE  Def(g, n) \in S ,
       NEW CONSTANT n \in Nat,
       <1>2 ,
       Zenon 
PROVE  f[n] \in S

@!!END

@!!BEGIN
@!!type:obligation
@!!id:216
@!!loc:304:6:304:10
@!!status:to be proved
@!!obl:ASSUME NEW CONSTANT f,
       NEW CONSTANT S,
       NEW CONSTANT Def(_, _),
       f = [n \in Nat |-> Def(f, n)] ,
       ASSUME NEW CONSTANT n \in Nat,
              NEW CONSTANT g,
              \A i \in 0..n - 1 : g[i] \in S 
       PROVE  Def(g, n) \in S ,
       NEW CONSTANT n \in Nat
PROVE  <1>2

@!!END

@!!BEGIN
@!!type:obligation
@!!id:217
@!!loc:304:12:304:17
@!!status:to be proved
@!!obl:ASSUME NEW CONSTANT f,
       NEW CONSTANT S,
       NEW CONSTANT Def(_, _),
       f = [n \in Nat |-> Def(f, n)] ,
       ASSUME NEW CONSTANT n \in Nat,
              NEW CONSTANT g,
              \A i \in 0..n - 1 : g[i] \in S 
       PROVE  Def(g, n) \in S ,
       NEW CONSTANT n \in Nat,
       <1>2 
PROVE  Zenon

@!!END

@!!BEGIN
@!!type:obligation
@!!id:218
@!!loc:323:11:323:13
@!!status:to be proved
@!!obl:ASSUME NatInductiveDefConclusion(f, f0, Def(_, _)) ==
         f = [i \in Nat |-> IF i = 0 THEN f0 ELSE Def(f[i - 1], i)],
       NEW CONSTANT Def(_, _),
       NEW CONSTANT S,
       NEW CONSTANT f,
       NEW CONSTANT f0 \in S,
       NatInductiveDefConclusion(f, f0, Def) ,
       f0 \in S ,
       \A v \in S, n \in Nat \ {0} : Def(v, n) \in S ,
       <1>1 ,
       <1>2 ,
       NatInduction ,
       Isa 
PROVE  \A n \in Nat : f[n] \in S

@!!END

@!!BEGIN
@!!type:obligation
@!!id:219
@!!loc:323:14:323:18
@!!status:to be proved
@!!obl:ASSUME NatInductiveDefConclusion(f, f0, Def(_, _)) ==
         f = [i \in Nat |-> IF i = 0 THEN f0 ELSE Def(f[i - 1], i)],
       NEW CONSTANT Def(_, _),
       NEW CONSTANT S,
       NEW CONSTANT f,
       NEW CONSTANT f0 \in S,
       NatInductiveDefConclusion(f, f0, Def) ,
       f0 \in S ,
       \A v \in S, n \in Nat \ {0} : Def(v, n) \in S 
PROVE  <1>1

@!!END

@!!BEGIN
@!!type:obligation
@!!id:220
@!!loc:323:20:323:24
@!!status:to be proved
@!!obl:ASSUME NatInductiveDefConclusion(f, f0, Def(_, _)) ==
         f = [i \in Nat |-> IF i = 0 THEN f0 ELSE Def(f[i - 1], i)],
       NEW CONSTANT Def(_, _),
       NEW CONSTANT S,
       NEW CONSTANT f,
       NEW CONSTANT f0 \in S,
       NatInductiveDefConclusion(f, f0, Def) ,
       f0 \in S ,
       \A v \in S, n \in Nat \ {0} : Def(v, n) \in S ,
       <1>1 
PROVE  <1>2

@!!END

@!!BEGIN
@!!type:obligation
@!!id:221
@!!loc:323:26:323:38
@!!status:to be proved
@!!obl:ASSUME NatInductiveDefConclusion(f, f0, Def(_, _)) ==
         f = [i \in Nat |-> IF i = 0 THEN f0 ELSE Def(f[i - 1], i)],
       NEW CONSTANT Def(_, _),
       NEW CONSTANT S,
       NEW CONSTANT f,
       NEW CONSTANT f0 \in S,
       NatInductiveDefConclusion(f, f0, Def) ,
       f0 \in S ,
       \A v \in S, n \in Nat \ {0} : Def(v, n) \in S ,
       <1>1 ,
       <1>2 
PROVE  NatInduction

@!!END

@!!BEGIN
@!!type:obligation
@!!id:222
@!!loc:323:40:323:43
@!!status:to be proved
@!!obl:ASSUME NatInductiveDefConclusion(f, f0, Def(_, _)) ==
         f = [i \in Nat |-> IF i = 0 THEN f0 ELSE Def(f[i - 1], i)],
       NEW CONSTANT Def(_, _),
       NEW CONSTANT S,
       NEW CONSTANT f,
       NEW CONSTANT f0 \in S,
       NatInductiveDefConclusion(f, f0, Def) ,
       f0 \in S ,
       \A v \in S, n \in Nat \ {0} : Def(v, n) \in S ,
       <1>1 ,
       <1>2 ,
       NatInduction 
PROVE  Isa

@!!END

@!!BEGIN
@!!type:obligation
@!!id:223
@!!loc:315:3:315:10
@!!status:to be proved
@!!obl:ASSUME NatInductiveDefConclusion(f, f0, Def(_, _)) ==
         f = [i \in Nat |-> IF i = 0 THEN f0 ELSE Def(f[i - 1], i)],
       NEW CONSTANT Def(_, _),
       NEW CONSTANT S,
       NEW CONSTANT f,
       NEW CONSTANT f0 \in S,
       NatInductiveDefConclusion(f, f0, Def) ,
       f0 \in S ,
       \A v \in S, n \in Nat \ {0} : Def(v, n) \in S ,
       <1>_a314 
PROVE  f \in [Nat -> S]

@!!END

@!!BEGIN
@!!type:obligation
@!!id:224
@!!loc:316:19:316:26
@!!status:to be proved
@!!obl:ASSUME NatInductiveDefConclusion(f, f0, Def(_, _)) ==
         f = [i \in Nat |-> IF i = 0 THEN f0 ELSE Def(f[i - 1], i)],
       NEW CONSTANT Def(_, _),
       NEW CONSTANT S,
       NEW CONSTANT f,
       NEW CONSTANT f0 \in S,
       NatInductiveDefConclusion(f, f0, Def) ,
       f0 \in S ,
       \A v \in S, n \in Nat \ {0} : Def(v, n) \in S 
PROVE  f[0] \in S

@!!END

@!!BEGIN
@!!type:obligation
@!!id:225
@!!loc:322:13:322:15
@!!status:to be proved
@!!obl:ASSUME NatInductiveDefConclusion(f, f0, Def(_, _)) ==
         f = [i \in Nat |-> IF i = 0 THEN f0 ELSE Def(f[i - 1], i)],
       NEW CONSTANT Def(_, _),
       NEW CONSTANT S,
       NEW CONSTANT f,
       NEW CONSTANT f0 \in S,
       NatInductiveDefConclusion(f, f0, Def) ,
       f0 \in S ,
       \A v \in S, n \in Nat \ {0} : Def(v, n) \in S ,
       NEW CONSTANT n \in Nat,
       <2>1 ,
       <1>2 
PROVE  f[n + 1] \in S

@!!END

@!!BEGIN
@!!type:obligation
@!!id:226
@!!loc:322:16:322:20
@!!status:to be proved
@!!obl:ASSUME NatInductiveDefConclusion(f, f0, Def(_, _)) ==
         f = [i \in Nat |-> IF i = 0 THEN f0 ELSE Def(f[i - 1], i)],
       NEW CONSTANT Def(_, _),
       NEW CONSTANT S,
       NEW CONSTANT f,
       NEW CONSTANT f0 \in S,
       NatInductiveDefConclusion(f, f0, Def) ,
       f0 \in S ,
       \A v \in S, n \in Nat \ {0} : Def(v, n) \in S ,
       NEW CONSTANT n \in Nat
PROVE  <2>1

@!!END

@!!BEGIN
@!!type:obligation
@!!id:227
@!!loc:322:22:322:26
@!!status:to be proved
@!!obl:ASSUME NatInductiveDefConclusion(f, f0, Def(_, _)) ==
         f = [i \in Nat |-> IF i = 0 THEN f0 ELSE Def(f[i - 1], i)],
       NEW CONSTANT Def(_, _),
       NEW CONSTANT S,
       NEW CONSTANT f,
       NEW CONSTANT f0 \in S,
       NatInductiveDefConclusion(f, f0, Def) ,
       f0 \in S ,
       \A v \in S, n \in Nat \ {0} : Def(v, n) \in S ,
       NEW CONSTANT n \in Nat,
       <2>1 
PROVE  <1>2

@!!END

@!!BEGIN
@!!type:obligation
@!!id:228
@!!loc:321:4:321:11
@!!status:to be proved
@!!obl:ASSUME NatInductiveDefConclusion(f, f0, Def(_, _)) ==
         f = [i \in Nat |-> IF i = 0 THEN f0 ELSE Def(f[i - 1], i)],
       NEW CONSTANT Def(_, _),
       NEW CONSTANT S,
       NEW CONSTANT f,
       NEW CONSTANT f0 \in S,
       NatInductiveDefConclusion(f, f0, Def) ,
       f0 \in S ,
       \A v \in S, n \in Nat \ {0} : Def(v, n) \in S ,
       NEW CONSTANT n \in Nat
PROVE  /\ n + 1 \in Nat \ {0}
       /\ (n + 1) - 1 = n

@!!END

@!!BEGIN
@!!type:obligation
@!!id:229
@!!loc:344:3:344:5
@!!status:to be proved
@!!obl:ASSUME NEW CONSTANT Def(_, _),
       NEW CONSTANT f,
       NEW CONSTANT g,
       f = [n \in Nat |-> Def(f, n)] ,
       g = [n \in Nat |-> Def(g, n)] ,
       ASSUME NEW CONSTANT n \in Nat,
              NEW CONSTANT ff,
              NEW CONSTANT gg,
              \A i \in 0..n - 1 : ff[i] = gg[i] 
       PROVE  Def(ff, n) = Def(gg, n) ,
       <1>2 ,
       GeneralNatInduction ,
       Isa 
PROVE  \A n \in Nat : f[n] = g[n]

@!!END

@!!BEGIN
@!!type:obligation
@!!id:230
@!!loc:344:6:344:10
@!!status:to be proved
@!!obl:ASSUME NEW CONSTANT Def(_, _),
       NEW CONSTANT f,
       NEW CONSTANT g,
       f = [n \in Nat |-> Def(f, n)] ,
       g = [n \in Nat |-> Def(g, n)] ,
       ASSUME NEW CONSTANT n \in Nat,
              NEW CONSTANT ff,
              NEW CONSTANT gg,
              \A i \in 0..n - 1 : ff[i] = gg[i] 
       PROVE  Def(ff, n) = Def(gg, n) 
PROVE  <1>2

@!!END

@!!BEGIN
@!!type:obligation
@!!id:231
@!!loc:344:12:344:31
@!!status:to be proved
@!!obl:ASSUME NEW CONSTANT Def(_, _),
       NEW CONSTANT f,
       NEW CONSTANT g,
       f = [n \in Nat |-> Def(f, n)] ,
       g = [n \in Nat |-> Def(g, n)] ,
       ASSUME NEW CONSTANT n \in Nat,
              NEW CONSTANT ff,
              NEW CONSTANT gg,
              \A i \in 0..n - 1 : ff[i] = gg[i] 
       PROVE  Def(ff, n) = Def(gg, n) ,
       <1>2 
PROVE  GeneralNatInduction

@!!END

@!!BEGIN
@!!type:obligation
@!!id:232
@!!loc:344:33:344:36
@!!status:to be proved
@!!obl:ASSUME NEW CONSTANT Def(_, _),
       NEW CONSTANT f,
       NEW CONSTANT g,
       f = [n \in Nat |-> Def(f, n)] ,
       g = [n \in Nat |-> Def(g, n)] ,
       ASSUME NEW CONSTANT n \in Nat,
              NEW CONSTANT ff,
              NEW CONSTANT gg,
              \A i \in 0..n - 1 : ff[i] = gg[i] 
       PROVE  Def(ff, n) = Def(gg, n) ,
       <1>2 ,
       GeneralNatInduction 
PROVE  Isa

@!!END

@!!BEGIN
@!!type:obligation
@!!id:233
@!!loc:338:3:338:10
@!!status:to be proved
@!!obl:ASSUME NEW CONSTANT Def(_, _),
       NEW CONSTANT f,
       NEW CONSTANT g,
       f = [n \in Nat |-> Def(f, n)] ,
       g = [n \in Nat |-> Def(g, n)] ,
       ASSUME NEW CONSTANT n \in Nat,
              NEW CONSTANT ff,
              NEW CONSTANT gg,
              \A i \in 0..n - 1 : ff[i] = gg[i] 
       PROVE  Def(ff, n) = Def(gg, n) ,
       <1>1 
PROVE  f = g

@!!END

@!!BEGIN
@!!type:obligation
@!!id:234
@!!loc:342:13:342:15
@!!status:to be proved
@!!obl:ASSUME NEW CONSTANT Def(_, _),
       NEW CONSTANT f,
       NEW CONSTANT g,
       f = [n \in Nat |-> Def(f, n)] ,
       g = [n \in Nat |-> Def(g, n)] ,
       ASSUME NEW CONSTANT n \in Nat,
              NEW CONSTANT ff,
              NEW CONSTANT gg,
              \A i \in 0..n - 1 : ff[i] = gg[i] 
       PROVE  Def(ff, n) = Def(gg, n) ,
       NEW CONSTANT n \in Nat,
       <2>1 ,
       Zenon 
PROVE  f[n] = g[n]

@!!END

@!!BEGIN
@!!type:obligation
@!!id:235
@!!loc:342:16:342:20
@!!status:to be proved
@!!obl:ASSUME NEW CONSTANT Def(_, _),
       NEW CONSTANT f,
       NEW CONSTANT g,
       f = [n \in Nat |-> Def(f, n)] ,
       g = [n \in Nat |-> Def(g, n)] ,
       ASSUME NEW CONSTANT n \in Nat,
              NEW CONSTANT ff,
              NEW CONSTANT gg,
              \A i \in 0..n - 1 : ff[i] = gg[i] 
       PROVE  Def(ff, n) = Def(gg, n) ,
       NEW CONSTANT n \in Nat
PROVE  <2>1

@!!END

@!!BEGIN
@!!type:obligation
@!!id:236
@!!loc:342:22:342:27
@!!status:to be proved
@!!obl:ASSUME NEW CONSTANT Def(_, _),
       NEW CONSTANT f,
       NEW CONSTANT g,
       f = [n \in Nat |-> Def(f, n)] ,
       g = [n \in Nat |-> Def(g, n)] ,
       ASSUME NEW CONSTANT n \in Nat,
              NEW CONSTANT ff,
              NEW CONSTANT gg,
              \A i \in 0..n - 1 : ff[i] = gg[i] 
       PROVE  Def(ff, n) = Def(gg, n) ,
       NEW CONSTANT n \in Nat,
       <2>1 
PROVE  Zenon

@!!END

@!!BEGIN
@!!type:obligation
@!!id:237
@!!loc:341:30:341:32
@!!status:to be proved
@!!obl:ASSUME NEW CONSTANT Def(_, _),
       NEW CONSTANT f,
       NEW CONSTANT g,
       f = [n \in Nat |-> Def(f, n)] ,
       g = [n \in Nat |-> Def(g, n)] ,
       ASSUME NEW CONSTANT n \in Nat,
              NEW CONSTANT ff,
              NEW CONSTANT gg,
              \A i \in 0..n - 1 : ff[i] = gg[i] 
       PROVE  Def(ff, n) = Def(gg, n) ,
       NEW CONSTANT n \in Nat,
       <1>2 
PROVE  Def(f, n) = Def(g, n)

@!!END

@!!BEGIN
@!!type:obligation
@!!id:238
@!!loc:341:33:341:37
@!!status:to be proved
@!!obl:ASSUME NEW CONSTANT Def(_, _),
       NEW CONSTANT f,
       NEW CONSTANT g,
       f = [n \in Nat |-> Def(f, n)] ,
       g = [n \in Nat |-> Def(g, n)] ,
       ASSUME NEW CONSTANT n \in Nat,
              NEW CONSTANT ff,
              NEW CONSTANT gg,
              \A i \in 0..n - 1 : ff[i] = gg[i] 
       PROVE  Def(ff, n) = Def(gg, n) ,
       NEW CONSTANT n \in Nat
PROVE  <1>2

@!!END

@!!BEGIN
@!!type:obligation
@!!id:239
@!!loc:359:3:359:5
@!!status:to be proved
@!!obl:ASSUME NatInductiveDefConclusion(f, f0, Def(_, _)) ==
         f = [i \in Nat |-> IF i = 0 THEN f0 ELSE Def(f[i - 1], i)],
       NEW CONSTANT Def(_, _),
       NEW CONSTANT f,
       NEW CONSTANT g,
       NEW CONSTANT f0,
       NatInductiveDefConclusion(f, f0, Def) ,
       NatInductiveDefConclusion(g, f0, Def) ,
       <1>2 ,
       <1>3 ,
       NatInduction ,
       Isa 
PROVE  \A n \in Nat : f[n] = g[n]

@!!END

@!!BEGIN
@!!type:obligation
@!!id:240
@!!loc:359:6:359:10
@!!status:to be proved
@!!obl:ASSUME NatInductiveDefConclusion(f, f0, Def(_, _)) ==
         f = [i \in Nat |-> IF i = 0 THEN f0 ELSE Def(f[i - 1], i)],
       NEW CONSTANT Def(_, _),
       NEW CONSTANT f,
       NEW CONSTANT g,
       NEW CONSTANT f0,
       NatInductiveDefConclusion(f, f0, Def) ,
       NatInductiveDefConclusion(g, f0, Def) 
PROVE  <1>2

@!!END

@!!BEGIN
@!!type:obligation
@!!id:241
@!!loc:359:12:359:16
@!!status:to be proved
@!!obl:ASSUME NatInductiveDefConclusion(f, f0, Def(_, _)) ==
         f = [i \in Nat |-> IF i = 0 THEN f0 ELSE Def(f[i - 1], i)],
       NEW CONSTANT Def(_, _),
       NEW CONSTANT f,
       NEW CONSTANT g,
       NEW CONSTANT f0,
       NatInductiveDefConclusion(f, f0, Def) ,
       NatInductiveDefConclusion(g, f0, Def) ,
       <1>2 
PROVE  <1>3

@!!END

@!!BEGIN
@!!type:obligation
@!!id:242
@!!loc:359:18:359:30
@!!status:to be proved
@!!obl:ASSUME NatInductiveDefConclusion(f, f0, Def(_, _)) ==
         f = [i \in Nat |-> IF i = 0 THEN f0 ELSE Def(f[i - 1], i)],
       NEW CONSTANT Def(_, _),
       NEW CONSTANT f,
       NEW CONSTANT g,
       NEW CONSTANT f0,
       NatInductiveDefConclusion(f, f0, Def) ,
       NatInductiveDefConclusion(g, f0, Def) ,
       <1>2 ,
       <1>3 
PROVE  NatInduction

@!!END

@!!BEGIN
@!!type:obligation
@!!id:243
@!!loc:359:32:359:35
@!!status:to be proved
@!!obl:ASSUME NatInductiveDefConclusion(f, f0, Def(_, _)) ==
         f = [i \in Nat |-> IF i = 0 THEN f0 ELSE Def(f[i - 1], i)],
       NEW CONSTANT Def(_, _),
       NEW CONSTANT f,
       NEW CONSTANT g,
       NEW CONSTANT f0,
       NatInductiveDefConclusion(f, f0, Def) ,
       NatInductiveDefConclusion(g, f0, Def) ,
       <1>2 ,
       <1>3 ,
       NatInduction 
PROVE  Isa

@!!END

@!!BEGIN
@!!type:obligation
@!!id:244
@!!loc:353:3:353:10
@!!status:to be proved
@!!obl:ASSUME NatInductiveDefConclusion(f, f0, Def(_, _)) ==
         f = [i \in Nat |-> IF i = 0 THEN f0 ELSE Def(f[i - 1], i)],
       NEW CONSTANT Def(_, _),
       NEW CONSTANT f,
       NEW CONSTANT g,
       NEW CONSTANT f0,
       NatInductiveDefConclusion(f, f0, Def) ,
       NatInductiveDefConclusion(g, f0, Def) ,
       <1>1 
PROVE  f = g

@!!END

@!!BEGIN
@!!type:obligation
@!!id:245
@!!loc:354:20:354:27
@!!status:to be proved
@!!obl:ASSUME NatInductiveDefConclusion(f, f0, Def(_, _)) ==
         f = [i \in Nat |-> IF i = 0 THEN f0 ELSE Def(f[i - 1], i)],
       NEW CONSTANT Def(_, _),
       NEW CONSTANT f,
       NEW CONSTANT g,
       NEW CONSTANT f0,
       NatInductiveDefConclusion(f, f0, Def) ,
       NatInductiveDefConclusion(g, f0, Def) 
PROVE  f[0] = g[0]

@!!END

@!!BEGIN
@!!type:obligation
@!!id:246
@!!loc:357:3:357:5
@!!status:to be proved
@!!obl:ASSUME NatInductiveDefConclusion(f, f0, Def(_, _)) ==
         f = [i \in Nat |-> IF i = 0 THEN f0 ELSE Def(f[i - 1], i)],
       NEW CONSTANT Def(_, _),
       NEW CONSTANT f,
       NEW CONSTANT g,
       NEW CONSTANT f0,
       NatInductiveDefConclusion(f, f0, Def) ,
       NatInductiveDefConclusion(g, f0, Def) ,
       NEW CONSTANT n \in Nat,
       <1>3 
PROVE  f[n + 1] = g[n + 1]

@!!END

@!!BEGIN
@!!type:obligation
@!!id:247
@!!loc:357:6:357:10
@!!status:to be proved
@!!obl:ASSUME NatInductiveDefConclusion(f, f0, Def(_, _)) ==
         f = [i \in Nat |-> IF i = 0 THEN f0 ELSE Def(f[i - 1], i)],
       NEW CONSTANT Def(_, _),
       NEW CONSTANT f,
       NEW CONSTANT g,
       NEW CONSTANT f0,
       NatInductiveDefConclusion(f, f0, Def) ,
       NatInductiveDefConclusion(g, f0, Def) ,
       NEW CONSTANT n \in Nat
PROVE  <1>3

@!!END

@!!BEGIN
@!!type:obligation
@!!id:248
@!!loc:391:3:391:5
@!!status:to be proved
@!!obl:ASSUME FiniteNatInductiveDefHypothesis(f, c, Def(_, _), m, n) ==
         f
         = (CHOOSE g :
              g = [i \in m..n |-> IF i = m THEN c ELSE Def(g[i - 1], i)]),
       FiniteNatInductiveDefConclusion(f, c, Def(_, _), m, n) ==
         f = [i \in m..n |-> IF i = m THEN c ELSE Def(f[i - 1], i)],
       NEW CONSTANT Def(_, _),
       NEW CONSTANT f,
       NEW CONSTANT c,
       NEW CONSTANT m \in Nat,
       NEW CONSTANT n \in Nat,
       FiniteNatInductiveDefHypothesis(f, c, Def, m, n) ,
       PRDef(g, i) == IF i =< m THEN c ELSE Def(g[i - 1], i),
       <1>3 ,
       Zenon 
PROVE  FiniteNatInductiveDefConclusion(f, c, Def, m, n)

@!!END

@!!BEGIN
@!!type:obligation
@!!id:249
@!!loc:391:6:391:10
@!!status:to be proved
@!!obl:ASSUME FiniteNatInductiveDefHypothesis(f, c, Def(_, _), m, n) ==
         f
         = (CHOOSE g :
              g = [i \in m..n |-> IF i = m THEN c ELSE Def(g[i - 1], i)]),
       FiniteNatInductiveDefConclusion(f, c, Def(_, _), m, n) ==
         f = [i \in m..n |-> IF i = m THEN c ELSE Def(f[i - 1], i)],
       NEW CONSTANT Def(_, _),
       NEW CONSTANT f,
       NEW CONSTANT c,
       NEW CONSTANT m \in Nat,
       NEW CONSTANT n \in Nat,
       FiniteNatInductiveDefHypothesis(f, c, Def, m, n) ,
       PRDef(g, i) == IF i =< m THEN c ELSE Def(g[i - 1], i)
PROVE  <1>3

@!!END

@!!BEGIN
@!!type:obligation
@!!id:250
@!!loc:391:12:391:17
@!!status:to be proved
@!!obl:ASSUME FiniteNatInductiveDefHypothesis(f, c, Def(_, _), m, n) ==
         f
         = (CHOOSE g :
              g = [i \in m..n |-> IF i = m THEN c ELSE Def(g[i - 1], i)]),
       FiniteNatInductiveDefConclusion(f, c, Def(_, _), m, n) ==
         f = [i \in m..n |-> IF i = m THEN c ELSE Def(f[i - 1], i)],
       NEW CONSTANT Def(_, _),
       NEW CONSTANT f,
       NEW CONSTANT c,
       NEW CONSTANT m \in Nat,
       NEW CONSTANT n \in Nat,
       FiniteNatInductiveDefHypothesis(f, c, Def, m, n) ,
       PRDef(g, i) == IF i =< m THEN c ELSE Def(g[i - 1], i),
       <1>3 
PROVE  Zenon

@!!END

@!!BEGIN
@!!type:obligation
@!!id:251
@!!loc:381:3:381:5
@!!status:to be proved
@!!obl:ASSUME NEW CONSTANT Def(_, _),
       NEW CONSTANT f,
       NEW CONSTANT c,
       NEW CONSTANT m \in Nat,
       NEW CONSTANT n \in Nat,
       FiniteNatInductiveDefHypothesis(f, c, Def, m, n) ,
       PRDef(g, i) == IF i =< m THEN c ELSE Def(g[i - 1], i),
       ff == CHOOSE ff : ff = [i \in Nat |-> PRDef(ff, i)],
       gg == [i \in m..n |-> ff[i]],
       NEW CONSTANT i \in Nat,
       NEW CONSTANT g,
       NEW CONSTANT h,
       <1>1 ,
       Z3 
PROVE  PRDef(g, i) = PRDef(h, i)

@!!END

@!!BEGIN
@!!type:obligation
@!!id:252
@!!loc:381:6:381:10
@!!status:to be proved
@!!obl:ASSUME NEW CONSTANT Def(_, _),
       NEW CONSTANT f,
       NEW CONSTANT c,
       NEW CONSTANT m \in Nat,
       NEW CONSTANT n \in Nat,
       FiniteNatInductiveDefHypothesis(f, c, Def, m, n) ,
       PRDef(g, i) == IF i =< m THEN c ELSE Def(g[i - 1], i),
       ff == CHOOSE ff : ff = [i \in Nat |-> PRDef(ff, i)],
       gg == [i \in m..n |-> ff[i]],
       NEW CONSTANT i \in Nat,
       NEW CONSTANT g,
       NEW CONSTANT h
PROVE  <1>1

@!!END

@!!BEGIN
@!!type:obligation
@!!id:253
@!!loc:381:12:381:14
@!!status:to be proved
@!!obl:ASSUME NEW CONSTANT Def(_, _),
       NEW CONSTANT f,
       NEW CONSTANT c,
       NEW CONSTANT m \in Nat,
       NEW CONSTANT n \in Nat,
       FiniteNatInductiveDefHypothesis(f, c, Def, m, n) ,
       PRDef(g, i) == IF i =< m THEN c ELSE Def(g[i - 1], i),
       ff == CHOOSE ff : ff = [i \in Nat |-> PRDef(ff, i)],
       gg == [i \in m..n |-> ff[i]],
       NEW CONSTANT i \in Nat,
       NEW CONSTANT g,
       NEW CONSTANT h,
       <1>1 
PROVE  Z3

@!!END

@!!BEGIN
@!!type:obligation
@!!id:254
@!!loc:384:3:384:5
@!!status:to be proved
@!!obl:ASSUME NEW CONSTANT Def(_, _),
       NEW CONSTANT f,
       NEW CONSTANT c,
       NEW CONSTANT m \in Nat,
       NEW CONSTANT n \in Nat,
       FiniteNatInductiveDefHypothesis(f, c, Def, m, n) ,
       ff == CHOOSE ff : ff = [i \in Nat |-> PRDef(ff, i)],
       gg == [i \in m..n |-> ff[i]],
       <1>1 ,
       RecursiveFcnOfNat ,
       Isa 
PROVE  ff = [i \in Nat |-> PRDef(ff, i)]

@!!END

@!!BEGIN
@!!type:obligation
@!!id:255
@!!loc:384:6:384:10
@!!status:to be proved
@!!obl:ASSUME NEW CONSTANT Def(_, _),
       NEW CONSTANT f,
       NEW CONSTANT c,
       NEW CONSTANT m \in Nat,
       NEW CONSTANT n \in Nat,
       FiniteNatInductiveDefHypothesis(f, c, Def, m, n) ,
       ff == CHOOSE ff : ff = [i \in Nat |-> PRDef(ff, i)],
       gg == [i \in m..n |-> ff[i]]
PROVE  <1>1

@!!END

@!!BEGIN
@!!type:obligation
@!!id:256
@!!loc:384:12:384:29
@!!status:to be proved
@!!obl:ASSUME NEW CONSTANT Def(_, _),
       NEW CONSTANT f,
       NEW CONSTANT c,
       NEW CONSTANT m \in Nat,
       NEW CONSTANT n \in Nat,
       FiniteNatInductiveDefHypothesis(f, c, Def, m, n) ,
       ff == CHOOSE ff : ff = [i \in Nat |-> PRDef(ff, i)],
       gg == [i \in m..n |-> ff[i]],
       <1>1 
PROVE  RecursiveFcnOfNat

@!!END

@!!BEGIN
@!!type:obligation
@!!id:257
@!!loc:384:31:384:34
@!!status:to be proved
@!!obl:ASSUME NEW CONSTANT Def(_, _),
       NEW CONSTANT f,
       NEW CONSTANT c,
       NEW CONSTANT m \in Nat,
       NEW CONSTANT n \in Nat,
       FiniteNatInductiveDefHypothesis(f, c, Def, m, n) ,
       ff == CHOOSE ff : ff = [i \in Nat |-> PRDef(ff, i)],
       gg == [i \in m..n |-> ff[i]],
       <1>1 ,
       RecursiveFcnOfNat 
PROVE  Isa

@!!END

@!!BEGIN
@!!type:obligation
@!!id:258
@!!loc:388:3:388:5
@!!status:to be proved
@!!obl:ASSUME NEW CONSTANT Def(_, _),
       NEW CONSTANT f,
       NEW CONSTANT c,
       NEW CONSTANT m \in Nat,
       NEW CONSTANT n \in Nat,
       FiniteNatInductiveDefHypothesis(f, c, Def, m, n) ,
       PRDef(g, i) == IF i =< m THEN c ELSE Def(g[i - 1], i),
       gg == [i \in m..n |-> ff[i]],
       <1>2 ,
       Z3 
PROVE  gg = [i \in m..n |-> IF i = m THEN c ELSE Def(gg[i - 1], i)]

@!!END

@!!BEGIN
@!!type:obligation
@!!id:259
@!!loc:388:6:388:10
@!!status:to be proved
@!!obl:ASSUME NEW CONSTANT Def(_, _),
       NEW CONSTANT f,
       NEW CONSTANT c,
       NEW CONSTANT m \in Nat,
       NEW CONSTANT n \in Nat,
       FiniteNatInductiveDefHypothesis(f, c, Def, m, n) ,
       PRDef(g, i) == IF i =< m THEN c ELSE Def(g[i - 1], i),
       gg == [i \in m..n |-> ff[i]]
PROVE  <1>2

@!!END

@!!BEGIN
@!!type:obligation
@!!id:260
@!!loc:388:12:388:14
@!!status:to be proved
@!!obl:ASSUME NEW CONSTANT Def(_, _),
       NEW CONSTANT f,
       NEW CONSTANT c,
       NEW CONSTANT m \in Nat,
       NEW CONSTANT n \in Nat,
       FiniteNatInductiveDefHypothesis(f, c, Def, m, n) ,
       PRDef(g, i) == IF i =< m THEN c ELSE Def(g[i - 1], i),
       gg == [i \in m..n |-> ff[i]],
       <1>2 
PROVE  Z3

@!!END

@!!BEGIN
@!!type:obligation
@!!id:261
@!!loc:408:3:408:5
@!!status:to be proved
@!!obl:ASSUME FiniteNatInductiveDefConclusion(f, c, Def(_, _), m, n) ==
         f = [i \in m..n |-> IF i = m THEN c ELSE Def(f[i - 1], i)],
       NEW CONSTANT S,
       NEW CONSTANT Def(_, _),
       NEW CONSTANT f,
       NEW CONSTANT c \in S,
       NEW CONSTANT m \in Nat,
       NEW CONSTANT n \in Nat,
       FiniteNatInductiveDefConclusion(f, c, Def, m, n) ,
       \A v \in S, i \in m + 1..n : Def(v, i) \in S ,
       P(i) == i \in m..n => f[i] \in S,
       <1>2 ,
       <1>3 ,
       NatInduction ,
       Isa 
PROVE  \A i \in Nat : P(i)

@!!END

@!!BEGIN
@!!type:obligation
@!!id:262
@!!loc:408:6:408:10
@!!status:to be proved
@!!obl:ASSUME FiniteNatInductiveDefConclusion(f, c, Def(_, _), m, n) ==
         f = [i \in m..n |-> IF i = m THEN c ELSE Def(f[i - 1], i)],
       NEW CONSTANT S,
       NEW CONSTANT Def(_, _),
       NEW CONSTANT f,
       NEW CONSTANT c \in S,
       NEW CONSTANT m \in Nat,
       NEW CONSTANT n \in Nat,
       FiniteNatInductiveDefConclusion(f, c, Def, m, n) ,
       \A v \in S, i \in m + 1..n : Def(v, i) \in S ,
       P(i) == i \in m..n => f[i] \in S
PROVE  <1>2

@!!END

@!!BEGIN
@!!type:obligation
@!!id:263
@!!loc:408:12:408:16
@!!status:to be proved
@!!obl:ASSUME FiniteNatInductiveDefConclusion(f, c, Def(_, _), m, n) ==
         f = [i \in m..n |-> IF i = m THEN c ELSE Def(f[i - 1], i)],
       NEW CONSTANT S,
       NEW CONSTANT Def(_, _),
       NEW CONSTANT f,
       NEW CONSTANT c \in S,
       NEW CONSTANT m \in Nat,
       NEW CONSTANT n \in Nat,
       FiniteNatInductiveDefConclusion(f, c, Def, m, n) ,
       \A v \in S, i \in m + 1..n : Def(v, i) \in S ,
       P(i) == i \in m..n => f[i] \in S,
       <1>2 
PROVE  <1>3

@!!END

@!!BEGIN
@!!type:obligation
@!!id:264
@!!loc:408:18:408:30
@!!status:to be proved
@!!obl:ASSUME FiniteNatInductiveDefConclusion(f, c, Def(_, _), m, n) ==
         f = [i \in m..n |-> IF i = m THEN c ELSE Def(f[i - 1], i)],
       NEW CONSTANT S,
       NEW CONSTANT Def(_, _),
       NEW CONSTANT f,
       NEW CONSTANT c \in S,
       NEW CONSTANT m \in Nat,
       NEW CONSTANT n \in Nat,
       FiniteNatInductiveDefConclusion(f, c, Def, m, n) ,
       \A v \in S, i \in m + 1..n : Def(v, i) \in S ,
       P(i) == i \in m..n => f[i] \in S,
       <1>2 ,
       <1>3 
PROVE  NatInduction

@!!END

@!!BEGIN
@!!type:obligation
@!!id:265
@!!loc:408:32:408:35
@!!status:to be proved
@!!obl:ASSUME FiniteNatInductiveDefConclusion(f, c, Def(_, _), m, n) ==
         f = [i \in m..n |-> IF i = m THEN c ELSE Def(f[i - 1], i)],
       NEW CONSTANT S,
       NEW CONSTANT Def(_, _),
       NEW CONSTANT f,
       NEW CONSTANT c \in S,
       NEW CONSTANT m \in Nat,
       NEW CONSTANT n \in Nat,
       FiniteNatInductiveDefConclusion(f, c, Def, m, n) ,
       \A v \in S, i \in m + 1..n : Def(v, i) \in S ,
       P(i) == i \in m..n => f[i] \in S,
       <1>2 ,
       <1>3 ,
       NatInduction 
PROVE  Isa

@!!END

@!!BEGIN
@!!type:obligation
@!!id:266
@!!loc:401:3:401:10
@!!status:to be proved
@!!obl:ASSUME FiniteNatInductiveDefConclusion(f, c, Def(_, _), m, n) ==
         f = [i \in m..n |-> IF i = m THEN c ELSE Def(f[i - 1], i)],
       NEW CONSTANT S,
       NEW CONSTANT Def(_, _),
       NEW CONSTANT f,
       NEW CONSTANT c \in S,
       NEW CONSTANT m \in Nat,
       NEW CONSTANT n \in Nat,
       FiniteNatInductiveDefConclusion(f, c, Def, m, n) ,
       \A v \in S, i \in m + 1..n : Def(v, i) \in S ,
       P(i) == i \in m..n => f[i] \in S,
       <1>1 
PROVE  f \in [m..n -> S]

@!!END

@!!BEGIN
@!!type:obligation
@!!id:267
@!!loc:403:3:403:10
@!!status:to be proved
@!!obl:ASSUME FiniteNatInductiveDefConclusion(f, c, Def(_, _), m, n) ==
         f = [i \in m..n |-> IF i = m THEN c ELSE Def(f[i - 1], i)],
       NEW CONSTANT S,
       NEW CONSTANT Def(_, _),
       NEW CONSTANT f,
       NEW CONSTANT c \in S,
       NEW CONSTANT m \in Nat,
       NEW CONSTANT n \in Nat,
       FiniteNatInductiveDefConclusion(f, c, Def, m, n) ,
       \A v \in S, i \in m + 1..n : Def(v, i) \in S ,
       P(i) == i \in m..n => f[i] \in S
PROVE  P(0)

@!!END

@!!BEGIN
@!!type:obligation
@!!id:268
@!!loc:406:3:406:5
@!!status:to be proved
@!!obl:ASSUME FiniteNatInductiveDefConclusion(f, c, Def(_, _), m, n) ==
         f = [i \in m..n |-> IF i = m THEN c ELSE Def(f[i - 1], i)],
       NEW CONSTANT S,
       NEW CONSTANT Def(_, _),
       NEW CONSTANT f,
       NEW CONSTANT c \in S,
       NEW CONSTANT m \in Nat,
       NEW CONSTANT n \in Nat,
       FiniteNatInductiveDefConclusion(f, c, Def, m, n) ,
       \A v \in S, i \in m + 1..n : Def(v, i) \in S ,
       P(i) == i \in m..n => f[i] \in S,
       NEW CONSTANT i \in Nat,
       <1>3 
PROVE  P(i + 1)

@!!END

@!!BEGIN
@!!type:obligation
@!!id:269
@!!loc:406:6:406:10
@!!status:to be proved
@!!obl:ASSUME FiniteNatInductiveDefConclusion(f, c, Def(_, _), m, n) ==
         f = [i \in m..n |-> IF i = m THEN c ELSE Def(f[i - 1], i)],
       NEW CONSTANT S,
       NEW CONSTANT Def(_, _),
       NEW CONSTANT f,
       NEW CONSTANT c \in S,
       NEW CONSTANT m \in Nat,
       NEW CONSTANT n \in Nat,
       FiniteNatInductiveDefConclusion(f, c, Def, m, n) ,
       \A v \in S, i \in m + 1..n : Def(v, i) \in S ,
       P(i) == i \in m..n => f[i] \in S,
       NEW CONSTANT i \in Nat
PROVE  <1>3

@!!END

@!!BEGIN
@!!type:obligation
@!!id:270
@!!loc:425:3:425:5
@!!status:to be proved
@!!obl:ASSUME FiniteNatInductiveDefConclusion(f, c, Def(_, _), m, n) ==
         f = [i \in m..n |-> IF i = m THEN c ELSE Def(f[i - 1], i)],
       NEW CONSTANT Def(_, _),
       NEW CONSTANT f,
       NEW CONSTANT g,
       NEW CONSTANT c,
       NEW CONSTANT m \in Nat,
       NEW CONSTANT n \in Nat,
       FiniteNatInductiveDefConclusion(f, c, Def, m, n) ,
       FiniteNatInductiveDefConclusion(g, c, Def, m, n) ,
       P(i) == i \in m..n => f[i] = g[i],
       <1>2 ,
       <1>3 ,
       NatInduction ,
       Isa 
PROVE  \A i \in Nat : P(i)

@!!END

@!!BEGIN
@!!type:obligation
@!!id:271
@!!loc:425:6:425:10
@!!status:to be proved
@!!obl:ASSUME FiniteNatInductiveDefConclusion(f, c, Def(_, _), m, n) ==
         f = [i \in m..n |-> IF i = m THEN c ELSE Def(f[i - 1], i)],
       NEW CONSTANT Def(_, _),
       NEW CONSTANT f,
       NEW CONSTANT g,
       NEW CONSTANT c,
       NEW CONSTANT m \in Nat,
       NEW CONSTANT n \in Nat,
       FiniteNatInductiveDefConclusion(f, c, Def, m, n) ,
       FiniteNatInductiveDefConclusion(g, c, Def, m, n) ,
       P(i) == i \in m..n => f[i] = g[i]
PROVE  <1>2

@!!END

@!!BEGIN
@!!type:obligation
@!!id:272
@!!loc:425:12:425:16
@!!status:to be proved
@!!obl:ASSUME FiniteNatInductiveDefConclusion(f, c, Def(_, _), m, n) ==
         f = [i \in m..n |-> IF i = m THEN c ELSE Def(f[i - 1], i)],
       NEW CONSTANT Def(_, _),
       NEW CONSTANT f,
       NEW CONSTANT g,
       NEW CONSTANT c,
       NEW CONSTANT m \in Nat,
       NEW CONSTANT n \in Nat,
       FiniteNatInductiveDefConclusion(f, c, Def, m, n) ,
       FiniteNatInductiveDefConclusion(g, c, Def, m, n) ,
       P(i) == i \in m..n => f[i] = g[i],
       <1>2 
PROVE  <1>3

@!!END

@!!BEGIN
@!!type:obligation
@!!id:273
@!!loc:425:18:425:30
@!!status:to be proved
@!!obl:ASSUME FiniteNatInductiveDefConclusion(f, c, Def(_, _), m, n) ==
         f = [i \in m..n |-> IF i = m THEN c ELSE Def(f[i - 1], i)],
       NEW CONSTANT Def(_, _),
       NEW CONSTANT f,
       NEW CONSTANT g,
       NEW CONSTANT c,
       NEW CONSTANT m \in Nat,
       NEW CONSTANT n \in Nat,
       FiniteNatInductiveDefConclusion(f, c, Def, m, n) ,
       FiniteNatInductiveDefConclusion(g, c, Def, m, n) ,
       P(i) == i \in m..n => f[i] = g[i],
       <1>2 ,
       <1>3 
PROVE  NatInduction

@!!END

@!!BEGIN
@!!type:obligation
@!!id:274
@!!loc:425:32:425:35
@!!status:to be proved
@!!obl:ASSUME FiniteNatInductiveDefConclusion(f, c, Def(_, _), m, n) ==
         f = [i \in m..n |-> IF i = m THEN c ELSE Def(f[i - 1], i)],
       NEW CONSTANT Def(_, _),
       NEW CONSTANT f,
       NEW CONSTANT g,
       NEW CONSTANT c,
       NEW CONSTANT m \in Nat,
       NEW CONSTANT n \in Nat,
       FiniteNatInductiveDefConclusion(f, c, Def, m, n) ,
       FiniteNatInductiveDefConclusion(g, c, Def, m, n) ,
       P(i) == i \in m..n => f[i] = g[i],
       <1>2 ,
       <1>3 ,
       NatInduction 
PROVE  Isa

@!!END

@!!BEGIN
@!!type:obligation
@!!id:275
@!!loc:418:3:418:5
@!!status:to be proved
@!!obl:ASSUME FiniteNatInductiveDefConclusion(f, c, Def(_, _), m, n) ==
         f = [i \in m..n |-> IF i = m THEN c ELSE Def(f[i - 1], i)],
       NEW CONSTANT Def(_, _),
       NEW CONSTANT f,
       NEW CONSTANT g,
       NEW CONSTANT c,
       NEW CONSTANT m \in Nat,
       NEW CONSTANT n \in Nat,
       FiniteNatInductiveDefConclusion(f, c, Def, m, n) ,
       FiniteNatInductiveDefConclusion(g, c, Def, m, n) ,
       P(i) == i \in m..n => f[i] = g[i],
       <1>1 ,
       m..n \subseteq Nat 
PROVE  f = g

@!!END

@!!BEGIN
@!!type:obligation
@!!id:276
@!!loc:418:6:418:24
@!!status:to be proved
@!!obl:ASSUME FiniteNatInductiveDefConclusion(f, c, Def(_, _), m, n) ==
         f = [i \in m..n |-> IF i = m THEN c ELSE Def(f[i - 1], i)],
       NEW CONSTANT Def(_, _),
       NEW CONSTANT f,
       NEW CONSTANT g,
       NEW CONSTANT c,
       NEW CONSTANT m \in Nat,
       NEW CONSTANT n \in Nat,
       FiniteNatInductiveDefConclusion(f, c, Def, m, n) ,
       FiniteNatInductiveDefConclusion(g, c, Def, m, n) ,
       P(i) == i \in m..n => f[i] = g[i],
       <1>1 
PROVE  m..n \subseteq Nat

@!!END

@!!BEGIN
@!!type:obligation
@!!id:277
@!!loc:420:3:420:10
@!!status:to be proved
@!!obl:ASSUME FiniteNatInductiveDefConclusion(f, c, Def(_, _), m, n) ==
         f = [i \in m..n |-> IF i = m THEN c ELSE Def(f[i - 1], i)],
       NEW CONSTANT Def(_, _),
       NEW CONSTANT f,
       NEW CONSTANT g,
       NEW CONSTANT c,
       NEW CONSTANT m \in Nat,
       NEW CONSTANT n \in Nat,
       FiniteNatInductiveDefConclusion(f, c, Def, m, n) ,
       FiniteNatInductiveDefConclusion(g, c, Def, m, n) ,
       P(i) == i \in m..n => f[i] = g[i]
PROVE  P(0)

@!!END

@!!BEGIN
@!!type:obligation
@!!id:278
@!!loc:423:3:423:5
@!!status:to be proved
@!!obl:ASSUME FiniteNatInductiveDefConclusion(f, c, Def(_, _), m, n) ==
         f = [i \in m..n |-> IF i = m THEN c ELSE Def(f[i - 1], i)],
       NEW CONSTANT Def(_, _),
       NEW CONSTANT f,
       NEW CONSTANT g,
       NEW CONSTANT c,
       NEW CONSTANT m \in Nat,
       NEW CONSTANT n \in Nat,
       FiniteNatInductiveDefConclusion(f, c, Def, m, n) ,
       FiniteNatInductiveDefConclusion(g, c, Def, m, n) ,
       P(i) == i \in m..n => f[i] = g[i],
       NEW CONSTANT i \in Nat,
       <1>3 
PROVE  P(i + 1)

@!!END

@!!BEGIN
@!!type:obligation
@!!id:279
@!!loc:423:6:423:10
@!!status:to be proved
@!!obl:ASSUME FiniteNatInductiveDefConclusion(f, c, Def(_, _), m, n) ==
         f = [i \in m..n |-> IF i = m THEN c ELSE Def(f[i - 1], i)],
       NEW CONSTANT Def(_, _),
       NEW CONSTANT f,
       NEW CONSTANT g,
       NEW CONSTANT c,
       NEW CONSTANT m \in Nat,
       NEW CONSTANT n \in Nat,
       FiniteNatInductiveDefConclusion(f, c, Def, m, n) ,
       FiniteNatInductiveDefConclusion(g, c, Def, m, n) ,
       P(i) == i \in m..n => f[i] = g[i],
       NEW CONSTANT i \in Nat
PROVE  <1>3

@!!END

@!!BEGIN
@!!type:obligationsnumber
@!!count:278
@!!END

@!!BEGIN
@!!type:obligation
@!!id:1
@!!loc:30:1:30:3
@!!status:normalized
@!!meth:time-limit: 30
@!!obl:ASSUME NEW CONSTANT P(_),
       P(0) ,
       \A n \in Nat : P(n) => P(n + 1) ,
       TRUE 
PROVE  \A n \in Nat : P(n)

@!!END

@!!BEGIN
@!!type:obligation
@!!id:2
@!!loc:30:4:30:35
@!!status:trivial
@!!prover:tlapm
@!!already:false
@!!obl:ASSUME NEW CONSTANT P(_),
       P(0) ,
       \A n \in Nat : P(n) => P(n + 1) 
PROVE  TRUE

@!!END

@!!BEGIN
@!!type:obligation
@!!id:3
@!!loc:45:11:45:13
@!!status:normalized
@!!meth:time-limit: 30
@!!obl:ASSUME NEW CONSTANT P(_),
       NEW CONSTANT m \in Nat,
       P(m) ,
       \A n \in 1..m : P(n) => P(n - 1) ,
       \A n \in Nat : n =< m => P(m - n) ,
       TRUE 
PROVE  P(0)

@!!END

@!!BEGIN
@!!type:obligation
@!!id:4
@!!loc:45:14:45:18
@!!status:trivial
@!!prover:tlapm
@!!already:false
@!!obl:ASSUME NEW CONSTANT P(_),
       NEW CONSTANT m \in Nat,
       P(m) ,
       \A n \in 1..m : P(n) => P(n - 1) ,
       \A n \in Nat : n =< m => P(m - n) 
PROVE  \A n \in Nat : n =< m => P(m - n)

@!!END

@!!BEGIN
@!!type:obligation
@!!id:5
@!!loc:45:20:45:23
@!!status:trivial
@!!prover:tlapm
@!!already:false
@!!obl:ASSUME NEW CONSTANT P(_),
       NEW CONSTANT m \in Nat,
       P(m) ,
       \A n \in 1..m : P(n) => P(n - 1) ,
       \A n \in Nat : n =< m => P(m - n) 
PROVE  TRUE

@!!END

@!!BEGIN
@!!type:obligation
@!!id:6
@!!loc:40:13:40:20
@!!status:normalized
@!!meth:time-limit: 5
@!!obl:ASSUME NEW CONSTANT P(_),
       NEW CONSTANT m \in Nat,
       P(m) ,
       \A n \in 1..m : P(n) => P(n - 1) 
PROVE  0 =< m => P(m - 0)

@!!END

@!!BEGIN
@!!type:obligation
@!!id:7
@!!loc:43:3:43:5
@!!status:normalized
@!!meth:time-limit: 5
@!!obl:ASSUME NEW CONSTANT P(_),
       NEW CONSTANT m \in Nat,
       P(m) ,
       \A n \in 1..m : P(n) => P(n - 1) ,
       NEW CONSTANT n \in Nat,
       n =< m => P(m - n) ,
       n + 1 =< m => m - n \in 1..m 
PROVE  n + 1 =< m => P(m - (n + 1))

@!!END

@!!BEGIN
@!!type:obligation
@!!id:8
@!!loc:43:6:43:10
@!!status:trivial
@!!prover:tlapm
@!!already:false
@!!obl:ASSUME NEW CONSTANT P(_),
       NEW CONSTANT m \in Nat,
       P(m) ,
       \A n \in 1..m : P(n) => P(n - 1) ,
       NEW CONSTANT n \in Nat,
       n =< m => P(m - n) 
PROVE  n =< m => P(m - n)

@!!END

@!!BEGIN
@!!type:obligation
@!!id:9
@!!loc:43:12:43:38
@!!status:normalized
@!!meth:time-limit: 5
@!!obl:ASSUME NEW CONSTANT P(_),
       NEW CONSTANT m \in Nat,
       P(m) ,
       \A n \in 1..m : P(n) => P(n - 1) ,
       NEW CONSTANT n \in Nat,
       n =< m => P(m - n) 
PROVE  n + 1 =< m => m - n \in 1..m

@!!END

@!!BEGIN
@!!type:obligation
@!!id:10
@!!loc:44:28:44:30
@!!status:normalized
@!!meth:time-limit: 30
@!!obl:ASSUME NEW CONSTANT P(_),
       NEW CONSTANT m \in Nat,
       P(m) ,
       \A n \in 1..m : P(n) => P(n - 1) ,
       0 =< m => P(m - 0) ,
       ASSUME NEW CONSTANT n \in Nat,
              n =< m => P(m - n) 
       PROVE  n + 1 =< m => P(m - (n + 1)) ,
       ASSUME NEW CONSTANT P_1(_),
              P_1(0) ,
              \A n \in Nat : P_1(n) => P_1(n + 1) 
       PROVE  \A n \in Nat : P_1(n) ,
       TRUE 
PROVE  \A n \in Nat : n =< m => P(m - n)

@!!END

@!!BEGIN
@!!type:obligation
@!!id:11
@!!loc:44:31:44:35
@!!status:trivial
@!!prover:tlapm
@!!already:false
@!!obl:ASSUME NEW CONSTANT P(_),
       NEW CONSTANT m \in Nat,
       P(m) ,
       \A n \in 1..m : P(n) => P(n - 1) ,
       0 =< m => P(m - 0) 
PROVE  0 =< m => P(m - 0)

@!!END

@!!BEGIN
@!!type:obligation
@!!id:12
@!!loc:44:37:44:41
@!!status:trivial
@!!prover:tlapm
@!!already:false
@!!obl:ASSUME NEW CONSTANT P(_),
       NEW CONSTANT m \in Nat,
       P(m) ,
       \A n \in 1..m : P(n) => P(n - 1) ,
       ASSUME NEW CONSTANT n \in Nat,
              n =< m => P(m - n) 
       PROVE  n + 1 =< m => P(m - (n + 1)) ,
       0 =< m => P(m - 0) 
PROVE  ASSUME NEW CONSTANT n \in Nat,
              n =< m => P(m - n) 
       PROVE  n + 1 =< m => P(m - (n + 1))

@!!END

@!!BEGIN
@!!type:obligation
@!!id:13
@!!loc:44:43:44:55
@!!status:trivial
@!!prover:tlapm
@!!already:false
@!!obl:ASSUME ASSUME NEW CONSTANT P(_),
              P(0) ,
              \A n \in Nat : P(n) => P(n + 1) 
       PROVE  \A n \in Nat : P(n) ,
       NEW CONSTANT P(_),
       NEW CONSTANT m \in Nat,
       P(m) ,
       \A n \in 1..m : P(n) => P(n - 1) ,
       0 =< m => P(m - 0) ,
       ASSUME NEW CONSTANT n \in Nat,
              n =< m => P(m - n) 
       PROVE  n + 1 =< m => P(m - (n + 1)) 
PROVE  ASSUME NEW CONSTANT P_1(_),
              P_1(0) ,
              \A n \in Nat : P_1(n) => P_1(n + 1) 
       PROVE  \A n \in Nat : P_1(n)

@!!END

@!!BEGIN
@!!type:obligation
@!!id:14
@!!loc:44:57:44:60
@!!status:trivial
@!!prover:tlapm
@!!already:false
@!!obl:ASSUME NEW CONSTANT P(_),
       NEW CONSTANT m \in Nat,
       P(m) ,
       \A n \in 1..m : P(n) => P(n - 1) ,
       0 =< m => P(m - 0) ,
       ASSUME NEW CONSTANT n \in Nat,
              n =< m => P(m - n) 
       PROVE  n + 1 =< m => P(m - (n + 1)) ,
       ASSUME NEW CONSTANT P_1(_),
              P_1(0) ,
              \A n \in Nat : P_1(n) => P_1(n + 1) 
       PROVE  \A n \in Nat : P_1(n) 
PROVE  TRUE

@!!END

@!!BEGIN
@!!type:obligation
@!!id:15
@!!loc:60:11:60:13
@!!status:normalized
@!!meth:time-limit: 5
@!!obl:ASSUME NEW CONSTANT P(_),
       \A n \in Nat : (\A m \in 0..n - 1 : P(m)) => P(n) ,
       \A n \in Nat : \A m \in 0..n : P(m) 
PROVE  \A n \in Nat : P(n)

@!!END

@!!BEGIN
@!!type:obligation
@!!id:16
@!!loc:60:14:60:18
@!!status:trivial
@!!prover:tlapm
@!!already:false
@!!obl:ASSUME NEW CONSTANT P(_),
       \A n \in Nat : (\A m \in 0..n - 1 : P(m)) => P(n) ,
       \A n \in Nat : \A m \in 0..n : P(m) 
PROVE  \A n \in Nat : \A m \in 0..n : P(m)

@!!END

@!!BEGIN
@!!type:obligation
@!!id:17
@!!loc:57:13:57:20
@!!status:normalized
@!!meth:time-limit: 5
@!!obl:ASSUME NEW CONSTANT P(_),
       \A n \in Nat : (\A m \in 0..n - 1 : P(m)) => P(n) 
PROVE  \A m \in 0..0 : P(m)

@!!END

@!!BEGIN
@!!type:obligation
@!!id:18
@!!loc:58:38:58:45
@!!status:normalized
@!!meth:time-limit: 5
@!!obl:ASSUME NEW CONSTANT P(_),
       \A n \in Nat : (\A m \in 0..n - 1 : P(m)) => P(n) 
PROVE  \A n \in Nat : (\A m \in 0..n : P(m)) => (\A m \in 0..n + 1 : P(m))

@!!END

@!!BEGIN
@!!type:obligation
@!!id:19
@!!loc:59:28:59:30
@!!status:normalized
@!!meth:time-limit: 30
@!!obl:ASSUME NEW CONSTANT P(_),
       \A n \in Nat : (\A m \in 0..n - 1 : P(m)) => P(n) ,
       \A m \in 0..0 : P(m) ,
       \A n \in Nat : (\A m \in 0..n : P(m)) => (\A m \in 0..n + 1 : P(m)) ,
       ASSUME NEW CONSTANT P_1(_),
              P_1(0) ,
              \A n \in Nat : P_1(n) => P_1(n + 1) 
       PROVE  \A n \in Nat : P_1(n) ,
       TRUE 
PROVE  \A n \in Nat : \A m \in 0..n : P(m)

@!!END

@!!BEGIN
@!!type:obligation
@!!id:6
@!!loc:40:13:40:20
@!!status:proved
@!!prover:smt
@!!meth:time-limit: 5; time-used: 0.0 (1%)
@!!already:false
@!!obl:
ASSUME NEW CONSTANT P(_),
       NEW CONSTANT m \in Nat,
       P(m) ,
       \A n \in 1..m : P(n) => P(n - 1) 
PROVE  0 =< m => P(m - 0)

@!!END

@!!BEGIN
@!!type:obligation
@!!id:20
@!!loc:59:31:59:35
@!!status:trivial
@!!prover:tlapm
@!!already:false
@!!obl:ASSUME NEW CONSTANT P(_),
       \A n \in Nat : (\A m \in 0..n - 1 : P(m)) => P(n) ,
       \A m \in 0..0 : P(m) 
PROVE  \A m \in 0..0 : P(m)

@!!END

@!!BEGIN
@!!type:obligation
@!!id:21
@!!loc:59:37:59:41
@!!status:trivial
@!!prover:tlapm
@!!already:false
@!!obl:ASSUME NEW CONSTANT P(_),
       \A n \in Nat : (\A m \in 0..n - 1 : P(m)) => P(n) ,
       \A n \in Nat : (\A m \in 0..n : P(m)) => (\A m \in 0..n + 1 : P(m)) ,
       \A m \in 0..0 : P(m) 
PROVE  \A n \in Nat : (\A m \in 0..n : P(m)) => (\A m \in 0..n + 1 : P(m))

@!!END

@!!BEGIN
@!!type:obligation
@!!id:22
@!!loc:59:43:59:55
@!!status:trivial
@!!prover:tlapm
@!!already:false
@!!obl:ASSUME ASSUME NEW CONSTANT P(_),
              P(0) ,
              \A n \in Nat : P(n) => P(n + 1) 
       PROVE  \A n \in Nat : P(n) ,
       NEW CONSTANT P(_),
       \A n \in Nat : (\A m \in 0..n - 1 : P(m)) => P(n) ,
       \A m \in 0..0 : P(m) ,
       \A n \in Nat : (\A m \in 0..n : P(m)) => (\A m \in 0..n + 1 : P(m)) 
PROVE  ASSUME NEW CONSTANT P_1(_),
              P_1(0) ,
              \A n \in Nat : P_1(n) => P_1(n + 1) 
       PROVE  \A n \in Nat : P_1(n)

@!!END

@!!BEGIN
@!!type:obligation
@!!id:23
@!!loc:59:57:59:60
@!!status:trivial
@!!prover:tlapm
@!!already:false
@!!obl:ASSUME NEW CONSTANT P(_),
       \A n \in Nat : (\A m \in 0..n - 1 : P(m)) => P(n) ,
       \A m \in 0..0 : P(m) ,
       \A n \in Nat : (\A m \in 0..n : P(m)) => (\A m \in 0..n + 1 : P(m)) ,
       ASSUME NEW CONSTANT P_1(_),
              P_1(0) ,
              \A n \in Nat : P_1(n) => P_1(n + 1) 
       PROVE  \A n \in Nat : P_1(n) 
PROVE  TRUE

@!!END

@!!BEGIN
@!!type:obligation
@!!id:24
@!!loc:81:11:81:13
@!!status:normalized
@!!meth:time-limit: 30
@!!obl:ASSUME NEW CONSTANT P(_),
       NEW CONSTANT n \in Nat,
       ASSUME NEW CONSTANT l \in Nat,
              \A k \in 0..l - 1 : Q(k) 
       PROVE  Q(l) ,
       ASSUME NEW CONSTANT P_1(_),
              \A n_1 \in Nat : (\A m \in 0..n_1 - 1 : P_1(m)) => P_1(n_1) 
       PROVE  \A n_1 \in Nat : P_1(n_1) ,
       TRUE 
PROVE  \A m \in Nat : Q(m)

@!!END

@!!BEGIN
@!!type:obligation
@!!id:7
@!!loc:43:3:43:5
@!!status:proved
@!!prover:smt
@!!meth:time-limit: 5; time-used: 0.0 (1%)
@!!already:false
@!!obl:
ASSUME NEW CONSTANT P(_),
       NEW CONSTANT m \in Nat,
       P(m) ,
       \A n \in 1..m : P(n) => P(n - 1) ,
       NEW CONSTANT n \in Nat,
       n =< m => P(m - n) ,
       n + 1 =< m => m - n \in 1..m 
PROVE  n + 1 =< m => P(m - (n + 1))

@!!END

@!!BEGIN
@!!type:obligation
@!!id:25
@!!loc:81:19:81:23
@!!status:trivial
@!!prover:tlapm
@!!already:false
@!!obl:ASSUME NEW CONSTANT P(_),
       NEW CONSTANT n \in Nat,
       P(n) ,
       \A m \in Nat : P(m) => (\E k \in 0..m - 1 : P(k)) ,
       ASSUME NEW CONSTANT l \in Nat,
              \A k \in 0..l - 1 : Q(k) 
       PROVE  Q(l) 
PROVE  ASSUME NEW CONSTANT l \in Nat,
              \A k \in 0..l - 1 : Q(k) 
       PROVE  Q(l)

@!!END

@!!BEGIN
@!!type:obligation
@!!id:26
@!!loc:81:25:81:44
@!!status:trivial
@!!prover:tlapm
@!!already:false
@!!obl:ASSUME ASSUME NEW CONSTANT P(_),
              \A n \in Nat : (\A m \in 0..n - 1 : P(m)) => P(n) 
       PROVE  \A n \in Nat : P(n) ,
       NEW CONSTANT P(_),
       NEW CONSTANT n \in Nat,
       P(n) ,
       \A m \in Nat : P(m) => (\E k \in 0..m - 1 : P(k)) ,
       ASSUME NEW CONSTANT l \in Nat,
              \A k \in 0..l - 1 : Q(k) 
       PROVE  Q(l) 
PROVE  ASSUME NEW CONSTANT P_1(_),
              \A n_1 \in Nat : (\A m \in 0..n_1 - 1 : P_1(m)) => P_1(n_1) 
       PROVE  \A n_1 \in Nat : P_1(n_1)

@!!END

@!!BEGIN
@!!type:obligation
@!!id:27
@!!loc:81:46:81:49
@!!status:trivial
@!!prover:tlapm
@!!already:false
@!!obl:ASSUME NEW CONSTANT P(_),
       NEW CONSTANT n \in Nat,
       P(n) ,
       \A m \in Nat : P(m) => (\E k \in 0..m - 1 : P(k)) ,
       ASSUME NEW CONSTANT l \in Nat,
              \A k \in 0..l - 1 : Q(k) 
       PROVE  Q(l) ,
       ASSUME NEW CONSTANT P_1(_),
              \A n_1 \in Nat : (\A m \in 0..n_1 - 1 : P_1(m)) => P_1(n_1) 
       PROVE  \A n_1 \in Nat : P_1(n_1) 
PROVE  TRUE

@!!END

@!!BEGIN
@!!type:obligation
@!!id:28
@!!loc:76:3:76:10
@!!status:normalized
@!!meth:time-limit: 5
@!!obl:ASSUME NEW CONSTANT P(_),
       NEW CONSTANT n \in Nat,
       P(n) ,
       ASSUME \A m \in Nat : P(m) => (\E k \in 0..m - 1 : P(k)) 
       PROVE  \A m \in Nat : ~P(m) 
PROVE  \E m \in Nat : /\ P(m)
                      /\ \A k \in 0..m - 1 : ~P(k)

@!!END

@!!BEGIN
@!!type:obligation
@!!id:9
@!!loc:43:12:43:38
@!!status:proved
@!!prover:smt
@!!meth:time-limit: 5; time-used: 0.0 (1%)
@!!already:false
@!!obl:
ASSUME NEW CONSTANT P(_),
       NEW CONSTANT m \in Nat,
       P(m) ,
       \A n \in 1..m : P(n) => P(n - 1) ,
       NEW CONSTANT n \in Nat,
       n =< m => P(m - n) 
PROVE  n + 1 =< m => m - n \in 1..m

@!!END

@!!BEGIN
@!!type:obligation
@!!id:29
@!!loc:79:3:79:5
@!!status:normalized
@!!meth:time-limit: 5
@!!obl:ASSUME NEW CONSTANT P(_),
       NEW CONSTANT n \in Nat,
       P(n) ,
       \A m \in Nat : P(m) => (\E k \in 0..m - 1 : P(k)) ,
       NEW CONSTANT l \in Nat,
       \A k \in 0..l - 1 : ~P(k) 
PROVE  ~P(l)

@!!END

@!!BEGIN
@!!type:obligation
@!!id:15
@!!loc:60:11:60:13
@!!status:proved
@!!prover:smt
@!!meth:time-limit: 5; time-used: 0.0 (1%)
@!!already:false
@!!obl:
ASSUME NEW CONSTANT P(_),
       \A n \in Nat : (\A m \in 0..n - 1 : P(m)) => P(n) ,
       \A n \in Nat : \A m \in 0..n : P(m) 
PROVE  \A n \in Nat : P(n)

@!!END

@!!BEGIN
@!!type:obligation
@!!id:30
@!!loc:79:6:79:10
@!!status:trivial
@!!prover:tlapm
@!!already:false
@!!obl:ASSUME NEW CONSTANT P(_),
       NEW CONSTANT n \in Nat,
       P(n) ,
       \A m \in Nat : P(m) => (\E k \in 0..m - 1 : P(k)) ,
       NEW CONSTANT l \in Nat,
       \A k \in 0..l - 1 : ~P(k) 
PROVE  \A k \in 0..l - 1 : ~P(k)

@!!END

@!!BEGIN
@!!type:obligation
@!!id:31
@!!loc:262:11:262:13
@!!status:normalized
@!!meth:time-limit: 10
@!!obl:ASSUME NEW CONSTANT Def(_, _),
       ASSUME NEW CONSTANT n \in Nat,
              NEW CONSTANT g,
              NEW CONSTANT h,
              \A i \in 0..n - 1 : g[i] = h[i] 
       PROVE  Def(g, n) = Def(h, n) ,
       [n \in Nat |-> F[n + 1][n]]
       = [n \in Nat |-> Def([n_1 \in Nat |-> F[n_1 + 1][n_1]], n)] ,
       TRUE 
PROVE  \E ff : ff = [n \in Nat |-> Def(ff, n)]

@!!END

@!!BEGIN
@!!type:obligation
@!!id:17
@!!loc:57:13:57:20
@!!status:proved
@!!prover:smt
@!!meth:time-limit: 5; time-used: 0.0 (1%)
@!!already:false
@!!obl:
ASSUME NEW CONSTANT P(_),
       \A n \in Nat : (\A m \in 0..n - 1 : P(m)) => P(n) 
PROVE  \A m \in 0..0 : P(m)

@!!END

@!!BEGIN
@!!type:obligation
@!!id:32
@!!loc:262:14:262:18
@!!status:trivial
@!!prover:tlapm
@!!already:false
@!!obl:ASSUME NEW CONSTANT Def(_, _),
       ASSUME NEW CONSTANT n \in Nat,
              NEW CONSTANT g,
              NEW CONSTANT h,
              \A i \in 0..n - 1 : g[i] = h[i] 
       PROVE  Def(g, n) = Def(h, n) ,
       [n \in Nat |-> F[n + 1][n]]
       = [n \in Nat |-> Def([n_1 \in Nat |-> F[n_1 + 1][n_1]], n)] 
PROVE  [n \in Nat |-> F[n + 1][n]]
       = [n \in Nat |-> Def([n_1 \in Nat |-> F[n_1 + 1][n_1]], n)]

@!!END

@!!BEGIN
@!!type:obligation
@!!id:33
@!!loc:262:20:262:25
@!!status:trivial
@!!prover:tlapm
@!!already:false
@!!obl:ASSUME NEW CONSTANT Def(_, _),
       ASSUME NEW CONSTANT n \in Nat,
              NEW CONSTANT g,
              NEW CONSTANT h,
              \A i \in 0..n - 1 : g[i] = h[i] 
       PROVE  Def(g, n) = Def(h, n) ,
       [n \in Nat |-> F[n + 1][n]]
       = [n \in Nat |-> Def([n_1 \in Nat |-> F[n_1 + 1][n_1]], n)] 
PROVE  TRUE

@!!END

@!!BEGIN
@!!type:obligation
@!!id:34
@!!loc:96:3:96:10
@!!status:normalized
@!!meth:time-limit: 5
@!!obl:ASSUME NEW CONSTANT Def(_, _),
       ASSUME NEW CONSTANT n \in Nat,
              NEW CONSTANT g,
              NEW CONSTANT h,
              \A i \in 0..n - 1 : g[i] = h[i] 
       PROVE  Def(g, n) = Def(h, n) ,
       \E ff : ff = [n \in Nat |-> Def(ff, n)] 
PROVE  (CHOOSE f : f = [n \in Nat |-> Def(f, n)])
       = [n \in Nat |-> Def(CHOOSE f : f = [n_1 \in Nat |-> Def(f, n_1)], n)]

@!!END

@!!BEGIN
@!!type:obligation
@!!id:18
@!!loc:58:38:58:45
@!!status:proved
@!!prover:smt
@!!meth:time-limit: 5; time-used: 0.0 (1%)
@!!already:false
@!!obl:
ASSUME NEW CONSTANT P(_),
       \A n \in Nat : (\A m \in 0..n - 1 : P(m)) => P(n) 
PROVE  \A n \in Nat : (\A m \in 0..n : P(m)) => (\A m \in 0..n + 1 : P(m))

@!!END

@!!BEGIN
@!!type:obligation
@!!id:35
@!!loc:212:13:212:15
@!!status:normalized
@!!meth:time-limit: 10
@!!obl:ASSUME NEW CONSTANT Def(_, _),
       ASSUME NEW CONSTANT n \in Nat,
              NEW CONSTANT g,
              NEW CONSTANT h,
              \A i \in 0..n - 1 : g[i] = h[i] 
       PROVE  Def(g, n) = Def(h, n) ,
       [n \in Nat |->
          [i \in 0..n - 1 |->
             (CHOOSE g :
                g
                = [n_1 \in 0..n |->
                     [i_1 \in 0..n_1 - 1 |-> Def(g[n_1 - 1], i_1)]])[n][i]]]
       = [n \in Nat |->
            [i \in 0..n - 1 |->
               Def([n_1 \in Nat |->
                      [i_1 \in 0..n_1 - 1 |->
                         (CHOOSE g :
                            g
                            = [n_2 \in 0..n_1 |->
                                 [i_2 \in 0..n_2 - 1 |->
                                    Def(g[n_2 - 1], i_2)]])[n_1][i_1]]][n - 1],
                   i)]] ,
       TRUE 
PROVE  \E FF : FF = [n \in Nat |-> [i \in 0..n - 1 |-> Def(FF[n - 1], i)]]

@!!END

@!!BEGIN
@!!type:obligation
@!!id:28
@!!loc:76:3:76:10
@!!status:proved
@!!prover:smt
@!!meth:time-limit: 5; time-used: 0.0 (1%)
@!!already:false
@!!obl:
ASSUME NEW CONSTANT P(_),
       NEW CONSTANT n \in Nat,
       P(n) ,
       ASSUME \A m \in Nat : P(m) => (\E k \in 0..m - 1 : P(k)) 
       PROVE  \A m \in Nat : ~P(m) 
PROVE  \E m \in Nat : /\ P(m)
                      /\ \A k \in 0..m - 1 : ~P(k)

@!!END

@!!BEGIN
@!!type:obligation
@!!id:36
@!!loc:212:16:212:20
@!!status:trivial
@!!prover:tlapm
@!!already:false
@!!obl:ASSUME NEW CONSTANT Def(_, _),
       ASSUME NEW CONSTANT n \in Nat,
              NEW CONSTANT g,
              NEW CONSTANT h,
              \A i \in 0..n - 1 : g[i] = h[i] 
       PROVE  Def(g, n) = Def(h, n) ,
       [n \in Nat |->
          [i \in 0..n - 1 |->
             (CHOOSE g :
                g
                = [n_1 \in 0..n |->
                     [i_1 \in 0..n_1 - 1 |-> Def(g[n_1 - 1], i_1)]])[n][i]]]
       = [n \in Nat |->
            [i \in 0..n - 1 |->
               Def([n_1 \in Nat |->
                      [i_1 \in 0..n_1 - 1 |->
                         (CHOOSE g :
                            g
                            = [n_2 \in 0..n_1 |->
                                 [i_2 \in 0..n_2 - 1 |->
                                    Def(g[n_2 - 1], i_2)]])[n_1][i_1]]][n - 1],
                   i)]] 
PROVE  [n \in Nat |->
          [i \in 0..n - 1 |->
             (CHOOSE g :
                g
                = [n_1 \in 0..n |->
                     [i_1 \in 0..n_1 - 1 |-> Def(g[n_1 - 1], i_1)]])[n][i]]]
       = [n \in Nat |->
            [i \in 0..n - 1 |->
               Def([n_1 \in Nat |->
                      [i_1 \in 0..n_1 - 1 |->
                         (CHOOSE g :
                            g
                            = [n_2 \in 0..n_1 |->
                                 [i_2 \in 0..n_2 - 1 |->
                                    Def(g[n_2 - 1], i_2)]])[n_1][i_1]]][n - 1],
                   i)]]

@!!END

@!!BEGIN
@!!type:obligation
@!!id:37
@!!loc:212:22:212:27
@!!status:trivial
@!!prover:tlapm
@!!already:false
@!!obl:ASSUME NEW CONSTANT Def(_, _),
       ASSUME NEW CONSTANT n \in Nat,
              NEW CONSTANT g,
              NEW CONSTANT h,
              \A i \in 0..n - 1 : g[i] = h[i] 
       PROVE  Def(g, n) = Def(h, n) ,
       [n \in Nat |->
          [i \in 0..n - 1 |->
             (CHOOSE g :
                g
                = [n_1 \in 0..n |->
                     [i_1 \in 0..n_1 - 1 |-> Def(g[n_1 - 1], i_1)]])[n][i]]]
       = [n \in Nat |->
            [i \in 0..n - 1 |->
               Def([n_1 \in Nat |->
                      [i_1 \in 0..n_1 - 1 |->
                         (CHOOSE g :
                            g
                            = [n_2 \in 0..n_1 |->
                                 [i_2 \in 0..n_2 - 1 |->
                                    Def(g[n_2 - 1], i_2)]])[n_1][i_1]]][n - 1],
                   i)]] 
PROVE  TRUE

@!!END

@!!BEGIN
@!!type:obligation
@!!id:38
@!!loc:112:5:112:7
@!!status:normalized
@!!meth:time-limit: 10
@!!obl:ASSUME NEW CONSTANT Def(_, _),
       ASSUME NEW CONSTANT n \in Nat,
              NEW CONSTANT g,
              NEW CONSTANT h,
              \A i \in 0..n - 1 : g[i] = h[i] 
       PROVE  Def(g, n) = Def(h, n) ,
       \E FF : FF = [n \in Nat |-> [i \in 0..n - 1 |-> Def(FF[n - 1], i)]] ,
       TRUE 
PROVE  (CHOOSE F : F = [n \in Nat |-> [i \in 0..n - 1 |-> Def(F[n - 1], i)]])
       = [n \in Nat |->
            [i \in 0..n - 1 |->
               Def((CHOOSE F :
                      F
                      = [n_1 \in Nat |->
                           [i_1 \in 0..n_1 - 1 |-> Def(F[n_1 - 1], i_1)]])[n
                                                                    - 1],
                   i)]]

@!!END

@!!BEGIN
@!!type:obligation
@!!id:29
@!!loc:79:3:79:5
@!!status:proved
@!!prover:smt
@!!meth:time-limit: 5; time-used: 0.0 (1%)
@!!already:false
@!!obl:
ASSUME NEW CONSTANT P(_),
       NEW CONSTANT n \in Nat,
       P(n) ,
       \A m \in Nat : P(m) => (\E k \in 0..m - 1 : P(k)) ,
       NEW CONSTANT l \in Nat,
       \A k \in 0..l - 1 : ~P(k) 
PROVE  ~P(l)

@!!END

@!!BEGIN
@!!type:obligation
@!!id:39
@!!loc:112:8:112:13
@!!status:trivial
@!!prover:tlapm
@!!already:false
@!!obl:ASSUME NEW CONSTANT Def(_, _),
       ASSUME NEW CONSTANT n \in Nat,
              NEW CONSTANT g,
              NEW CONSTANT h,
              \A i \in 0..n - 1 : g[i] = h[i] 
       PROVE  Def(g, n) = Def(h, n) ,
       \E FF : FF = [n \in Nat |-> [i \in 0..n - 1 |-> Def(FF[n - 1], i)]] 
PROVE  TRUE

@!!END

@!!BEGIN
@!!type:obligation
@!!id:40
@!!loc:122:15:122:17
@!!status:normalized
@!!meth:time-limit: 10
@!!obl:ASSUME NEW CONSTANT Def(_, _),
       ASSUME NEW CONSTANT n \in Nat,
              NEW CONSTANT g,
              NEW CONSTANT h,
              \A i \in 0..n - 1 : g[i] = h[i] 
       PROVE  Def(g, n) = Def(h, n) ,
       NEW CONSTANT g,
       NEW CONSTANT k \in Nat,
       NEW CONSTANT n \in 0..k,
       NEW CONSTANT i \in 0..n - 1,
       [m \in 0..k |-> [j \in 0..m - 1 |-> Def(g[m - 1], j)]][n][i]
       = Def(g[n - 1], i) ,
       g = [m \in 0..k |-> [j \in 0..m - 1 |-> Def(g[m - 1], j)]] ,
       TRUE 
PROVE  g[n][i] = Def(g[n - 1], i)

@!!END

@!!BEGIN
@!!type:obligation
@!!id:31
@!!loc:262:11:262:13
@!!status:proved
@!!prover:zenon
@!!meth:time-limit: 10; time-used: 0.0 (0%)
@!!already:false
@!!obl:
ASSUME NEW CONSTANT Def(_, _),
       ASSUME NEW CONSTANT n \in Nat,
              NEW CONSTANT g,
              NEW CONSTANT h,
              \A i \in 0..n - 1 : g[i] = h[i] 
       PROVE  Def(g, n) = Def(h, n) ,
       [n \in Nat |-> F[n + 1][n]]
       = [n \in Nat |-> Def([n_1 \in Nat |-> F[n_1 + 1][n_1]], n)] ,
       TRUE 
PROVE  \E ff : ff = [n \in Nat |-> Def(ff, n)]

@!!END

@!!BEGIN
@!!type:obligation
@!!id:41
@!!loc:122:18:122:22
@!!status:trivial
@!!prover:tlapm
@!!already:false
@!!obl:ASSUME NEW CONSTANT Def(_, _),
       ASSUME NEW CONSTANT n \in Nat,
              NEW CONSTANT g,
              NEW CONSTANT h,
              \A i \in 0..n - 1 : g[i] = h[i] 
       PROVE  Def(g, n) = Def(h, n) ,
       NEW CONSTANT g,
       NEW CONSTANT k \in Nat,
       NEW CONSTANT n \in 0..k,
       NEW CONSTANT i \in 0..n - 1,
       [m \in 0..k |-> [j \in 0..m - 1 |-> Def(g[m - 1], j)]][n][i]
       = Def(g[n - 1], i) 
PROVE  [m \in 0..k |-> [j \in 0..m - 1 |-> Def(g[m - 1], j)]][n][i]
       = Def(g[n - 1], i)

@!!END

@!!BEGIN
@!!type:obligation
@!!id:42
@!!loc:122:24:122:28
@!!status:trivial
@!!prover:tlapm
@!!already:false
@!!obl:ASSUME NEW CONSTANT Def(_, _),
       ASSUME NEW CONSTANT n \in Nat,
              NEW CONSTANT g,
              NEW CONSTANT h,
              \A i \in 0..n - 1 : g[i] = h[i] 
       PROVE  Def(g, n) = Def(h, n) ,
       NEW CONSTANT g,
       NEW CONSTANT k \in Nat,
       NEW CONSTANT n \in 0..k,
       NEW CONSTANT i \in 0..n - 1,
       g = [m \in 0..k |-> [j \in 0..m - 1 |-> Def(g[m - 1], j)]] ,
       [m \in 0..k |-> [j \in 0..m - 1 |-> Def(g[m - 1], j)]][n][i]
       = Def(g[n - 1], i) 
PROVE  g = [m \in 0..k |-> [j \in 0..m - 1 |-> Def(g[m - 1], j)]]

@!!END

@!!BEGIN
@!!type:obligation
@!!id:43
@!!loc:122:30:122:35
@!!status:trivial
@!!prover:tlapm
@!!already:false
@!!obl:ASSUME NEW CONSTANT Def(_, _),
       ASSUME NEW CONSTANT n \in Nat,
              NEW CONSTANT g,
              NEW CONSTANT h,
              \A i \in 0..n - 1 : g[i] = h[i] 
       PROVE  Def(g, n) = Def(h, n) ,
       NEW CONSTANT g,
       NEW CONSTANT k \in Nat,
       NEW CONSTANT n \in 0..k,
       NEW CONSTANT i \in 0..n - 1,
       [m \in 0..k |-> [j \in 0..m - 1 |-> Def(g[m - 1], j)]][n][i]
       = Def(g[n - 1], i) ,
       g = [m \in 0..k |-> [j \in 0..m - 1 |-> Def(g[m - 1], j)]] 
PROVE  TRUE

@!!END

@!!BEGIN
@!!type:obligation
@!!id:44
@!!loc:120:37:120:44
@!!status:normalized
@!!meth:time-limit: 5
@!!obl:ASSUME NEW CONSTANT Def(_, _),
       ASSUME NEW CONSTANT n \in Nat,
              NEW CONSTANT g,
              NEW CONSTANT h,
              \A i \in 0..n - 1 : g[i] = h[i] 
       PROVE  Def(g, n) = Def(h, n) ,
       NEW CONSTANT g,
       NEW CONSTANT k \in Nat,
       NEW CONSTANT n \in 0..k,
       NEW CONSTANT i \in 0..n - 1
PROVE  [m \in 0..k |-> [j \in 0..m - 1 |-> Def(g[m - 1], j)]][n][i]
       = Def(g[n - 1], i)

@!!END

@!!BEGIN
@!!type:obligation
@!!id:35
@!!loc:212:13:212:15
@!!status:proved
@!!prover:zenon
@!!meth:time-limit: 10; time-used: 0.0 (0%)
@!!already:false
@!!obl:
ASSUME NEW CONSTANT Def(_, _),
       ASSUME NEW CONSTANT n \in Nat,
              NEW CONSTANT g,
              NEW CONSTANT h,
              \A i \in 0..n - 1 : g[i] = h[i] 
       PROVE  Def(g, n) = Def(h, n) ,
       [n \in Nat |->
          [i \in 0..n - 1 |->
             (CHOOSE g :
                g
                = [n_1 \in 0..n |->
                     [i_1 \in 0..n_1 - 1 |-> Def(g[n_1 - 1], i_1)]])[n][i]]]
       = [n \in Nat |->
            [i \in 0..n - 1 |->
               Def([n_1 \in Nat |->
                      [i_1 \in 0..n_1 - 1 |->
                         (CHOOSE g :
                            g
                            = [n_2 \in 0..n_1 |->
                                 [i_2 \in 0..n_2 - 1 |->
                                    Def(g[n_2 - 1], i_2)]])[n_1][i_1]]][n - 1],
                   i)]] ,
       TRUE 
PROVE  \E FF : FF = [n \in Nat |-> [i \in 0..n - 1 |-> Def(FF[n - 1], i)]]

@!!END

@!!BEGIN
@!!type:obligation
@!!id:45
@!!loc:121:19:121:21
@!!status:normalized
@!!meth:time-limit: 10
@!!obl:ASSUME NEW CONSTANT Def(_, _),
       ASSUME NEW CONSTANT n \in Nat,
              NEW CONSTANT g,
              NEW CONSTANT h,
              \A i \in 0..n - 1 : g[i] = h[i] 
       PROVE  Def(g, n) = Def(h, n) ,
       NEW CONSTANT g,
       NEW CONSTANT k \in Nat,
       NEW CONSTANT n \in 0..k,
       NEW CONSTANT i \in 0..n - 1,
       g = [n_1 \in 0..k |-> [i_1 \in 0..n_1 - 1 |-> Def(g[n_1 - 1], i_1)]] ,
       TRUE 
PROVE  g = [m \in 0..k |-> [j \in 0..m - 1 |-> Def(g[m - 1], j)]]

@!!END

@!!BEGIN
@!!type:obligation
@!!id:34
@!!loc:96:3:96:10
@!!status:proved
@!!prover:smt
@!!meth:time-limit: 5; time-used: 0.0 (1%)
@!!already:false
@!!obl:
ASSUME NEW CONSTANT Def(_, _),
       ASSUME NEW CONSTANT n \in Nat,
              NEW CONSTANT g,
              NEW CONSTANT h,
              \A i \in 0..n - 1 : g[i] = h[i] 
       PROVE  Def(g, n) = Def(h, n) ,
       \E ff : ff = [n \in Nat |-> Def(ff, n)] 
PROVE  (CHOOSE f : f = [n \in Nat |-> Def(f, n)])
       = [n \in Nat |-> Def(CHOOSE f : f = [n_1 \in Nat |-> Def(f, n_1)], n)]

@!!END

@!!BEGIN
@!!type:obligation
@!!id:46
@!!loc:121:22:121:26
@!!status:trivial
@!!prover:tlapm
@!!already:false
@!!obl:ASSUME NEW CONSTANT Def(_, _),
       ASSUME NEW CONSTANT n \in Nat,
              NEW CONSTANT g,
              NEW CONSTANT h,
              \A i \in 0..n - 1 : g[i] = h[i] 
       PROVE  Def(g, n) = Def(h, n) ,
       NEW CONSTANT g,
       NEW CONSTANT k \in Nat,
       NEW CONSTANT n \in 0..k,
       NEW CONSTANT i \in 0..n - 1,
       g = [n_1 \in 0..k |-> [i_1 \in 0..n_1 - 1 |-> Def(g[n_1 - 1], i_1)]] 
PROVE  g = [n_1 \in 0..k |-> [i_1 \in 0..n_1 - 1 |-> Def(g[n_1 - 1], i_1)]]

@!!END

@!!BEGIN
@!!type:obligation
@!!id:47
@!!loc:121:28:121:33
@!!status:trivial
@!!prover:tlapm
@!!already:false
@!!obl:ASSUME NEW CONSTANT Def(_, _),
       ASSUME NEW CONSTANT n \in Nat,
              NEW CONSTANT g,
              NEW CONSTANT h,
              \A i \in 0..n - 1 : g[i] = h[i] 
       PROVE  Def(g, n) = Def(h, n) ,
       NEW CONSTANT g,
       NEW CONSTANT k \in Nat,
       NEW CONSTANT n \in 0..k,
       NEW CONSTANT i \in 0..n - 1,
       g = [n_1 \in 0..k |-> [i_1 \in 0..n_1 - 1 |-> Def(g[n_1 - 1], i_1)]] 
PROVE  TRUE

@!!END

@!!BEGIN
@!!type:obligation
@!!id:48
@!!loc:151:15:151:17
@!!status:normalized
@!!meth:time-limit: 30
@!!obl:ASSUME NEW CONSTANT Def(_, _),
       ASSUME NEW CONSTANT n \in Nat,
              NEW CONSTANT g,
              NEW CONSTANT h,
              \A i \in 0..n - 1 : g[i] = h[i] 
       PROVE  Def(g, n) = Def(h, n) ,
       Q(0) ,
       ASSUME NEW CONSTANT k \in Nat,
              Q(k) 
       PROVE  Q(k + 1) ,
       ASSUME NEW CONSTANT P(_),
              P(0) ,
              \A n \in Nat : P(n) => P(n + 1) 
       PROVE  \A n \in Nat : P(n) ,
       TRUE 
PROVE  \A k \in Nat : Q(k)

@!!END

@!!BEGIN
@!!type:obligation
@!!id:38
@!!loc:112:5:112:7
@!!status:proved
@!!prover:zenon
@!!meth:time-limit: 10; time-used: 0.0 (0%)
@!!already:false
@!!obl:
ASSUME NEW CONSTANT Def(_, _),
       ASSUME NEW CONSTANT n \in Nat,
              NEW CONSTANT g,
              NEW CONSTANT h,
              \A i \in 0..n - 1 : g[i] = h[i] 
       PROVE  Def(g, n) = Def(h, n) ,
       \E FF : FF = [n \in Nat |-> [i \in 0..n - 1 |-> Def(FF[n - 1], i)]] ,
       TRUE 
PROVE  (CHOOSE F : F = [n \in Nat |-> [i \in 0..n - 1 |-> Def(F[n - 1], i)]])
       = [n \in Nat |->
            [i \in 0..n - 1 |->
               Def((CHOOSE F :
                      F
                      = [n_1 \in Nat |->
                           [i_1 \in 0..n_1 - 1 |-> Def(F[n_1 - 1], i_1)]])[n
                                                                    - 1],
                   i)]]

@!!END

@!!BEGIN
@!!type:obligation
@!!id:49
@!!loc:151:18:151:22
@!!status:trivial
@!!prover:tlapm
@!!already:false
@!!obl:ASSUME NEW CONSTANT Def(_, _),
       ASSUME NEW CONSTANT n \in Nat,
              NEW CONSTANT g,
              NEW CONSTANT h,
              \A i \in 0..n - 1 : g[i] = h[i] 
       PROVE  Def(g, n) = Def(h, n) ,
       Q(0) 
PROVE  Q(0)

@!!END

@!!BEGIN
@!!type:obligation
@!!id:50
@!!loc:151:24:151:28
@!!status:trivial
@!!prover:tlapm
@!!already:false
@!!obl:ASSUME NEW CONSTANT Def(_, _),
       ASSUME NEW CONSTANT n \in Nat,
              NEW CONSTANT g,
              NEW CONSTANT h,
              \A i \in 0..n - 1 : g[i] = h[i] 
       PROVE  Def(g, n) = Def(h, n) ,
       ASSUME NEW CONSTANT k \in Nat,
              Q(k) 
       PROVE  Q(k + 1) ,
       Q(0) 
PROVE  ASSUME NEW CONSTANT k \in Nat,
              Q(k) 
       PROVE  Q(k + 1)

@!!END

@!!BEGIN
@!!type:obligation
@!!id:51
@!!loc:151:30:151:42
@!!status:trivial
@!!prover:tlapm
@!!already:false
@!!obl:ASSUME ASSUME NEW CONSTANT P(_),
              P(0) ,
              \A n \in Nat : P(n) => P(n + 1) 
       PROVE  \A n \in Nat : P(n) ,
       NEW CONSTANT Def(_, _),
       ASSUME NEW CONSTANT n \in Nat,
              NEW CONSTANT g,
              NEW CONSTANT h,
              \A i \in 0..n - 1 : g[i] = h[i] 
       PROVE  Def(g, n) = Def(h, n) ,
       Q(0) ,
       ASSUME NEW CONSTANT k \in Nat,
              Q(k) 
       PROVE  Q(k + 1) 
PROVE  ASSUME NEW CONSTANT P(_),
              P(0) ,
              \A n \in Nat : P(n) => P(n + 1) 
       PROVE  \A n \in Nat : P(n)

@!!END

@!!BEGIN
@!!type:obligation
@!!id:52
@!!loc:151:44:151:57
@!!status:trivial
@!!prover:tlapm
@!!already:false
@!!obl:ASSUME NEW CONSTANT Def(_, _),
       ASSUME NEW CONSTANT n \in Nat,
              NEW CONSTANT g,
              NEW CONSTANT h,
              \A i \in 0..n - 1 : g[i] = h[i] 
       PROVE  Def(g, n) = Def(h, n) ,
       Q(0) ,
       ASSUME NEW CONSTANT k \in Nat,
              Q(k) 
       PROVE  Q(k + 1) ,
       ASSUME NEW CONSTANT P(_),
              P(0) ,
              \A n \in Nat : P(n) => P(n + 1) 
       PROVE  \A n \in Nat : P(n) 
PROVE  TRUE

@!!END

@!!BEGIN
@!!type:obligation
@!!id:53
@!!loc:125:40:125:42
@!!status:normalized
@!!meth:time-limit: 10
@!!obl:ASSUME NEW CONSTANT Def(_, _),
       ASSUME NEW CONSTANT n \in Nat,
              NEW CONSTANT g,
              NEW CONSTANT h,
              \A i \in 0..n - 1 : g[i] = h[i] 
       PROVE  Def(g, n) = Def(h, n) ,
       \A k \in Nat :
          \E g : g = [n \in 0..k |-> [i \in 0..n - 1 |-> Def(g[n - 1], i)]] ,
       TRUE 
PROVE  \A k \in Nat :
          \E g : g = [n \in 0..k |-> [i \in 0..n - 1 |-> Def(g[n - 1], i)]]

@!!END

@!!BEGIN
@!!type:obligation
@!!id:40
@!!loc:122:15:122:17
@!!status:proved
@!!prover:zenon
@!!meth:time-limit: 10; time-used: 0.0 (0%)
@!!already:false
@!!obl:
ASSUME NEW CONSTANT Def(_, _),
       ASSUME NEW CONSTANT n \in Nat,
              NEW CONSTANT g,
              NEW CONSTANT h,
              \A i \in 0..n - 1 : g[i] = h[i] 
       PROVE  Def(g, n) = Def(h, n) ,
       NEW CONSTANT g,
       NEW CONSTANT k \in Nat,
       NEW CONSTANT n \in 0..k,
       NEW CONSTANT i \in 0..n - 1,
       [m \in 0..k |-> [j \in 0..m - 1 |-> Def(g[m - 1], j)]][n][i]
       = Def(g[n - 1], i) ,
       g = [m \in 0..k |-> [j \in 0..m - 1 |-> Def(g[m - 1], j)]] ,
       TRUE 
PROVE  g[n][i] = Def(g[n - 1], i)

@!!END

@!!BEGIN
@!!type:obligation
@!!id:54
@!!loc:125:43:125:48
@!!status:trivial
@!!prover:tlapm
@!!already:false
@!!obl:ASSUME NEW CONSTANT Def(_, _),
       ASSUME NEW CONSTANT n \in Nat,
              NEW CONSTANT g,
              NEW CONSTANT h,
              \A i \in 0..n - 1 : g[i] = h[i] 
       PROVE  Def(g, n) = Def(h, n) ,
       \A k \in Nat :
          \E g : g = [n \in 0..k |-> [i \in 0..n - 1 |-> Def(g[n - 1], i)]] 
PROVE  TRUE

@!!END

@!!BEGIN
@!!type:obligation
@!!id:55
@!!loc:129:17:129:19
@!!status:normalized
@!!meth:time-limit: 10
@!!obl:ASSUME NEW CONSTANT Def(_, _),
       ASSUME NEW CONSTANT n \in Nat,
              NEW CONSTANT g,
              NEW CONSTANT h,
              \A i \in 0..n - 1 : g[i] = h[i] 
       PROVE  Def(g, n) = Def(h, n) ,
       [n \in {0} |-> [i \in {} |-> {}]]
       = [n \in 0..0 |->
            [i \in 0..n - 1 |->
               Def([n_1 \in {0} |-> [i_1 \in {} |-> {}]][n - 1], i)]] ,
       TRUE 
PROVE  \E g : g = [n \in 0..0 |-> [i \in 0..n - 1 |-> Def(g[n - 1], i)]]

@!!END

@!!BEGIN
@!!type:obligation
@!!id:45
@!!loc:121:19:121:21
@!!status:proved
@!!prover:zenon
@!!meth:time-limit: 10; time-used: 0.0 (0%)
@!!already:false
@!!obl:
ASSUME NEW CONSTANT Def(_, _),
       ASSUME NEW CONSTANT n \in Nat,
              NEW CONSTANT g,
              NEW CONSTANT h,
              \A i \in 0..n - 1 : g[i] = h[i] 
       PROVE  Def(g, n) = Def(h, n) ,
       NEW CONSTANT g,
       NEW CONSTANT k \in Nat,
       NEW CONSTANT n \in 0..k,
       NEW CONSTANT i \in 0..n - 1,
       g = [n_1 \in 0..k |-> [i_1 \in 0..n_1 - 1 |-> Def(g[n_1 - 1], i_1)]] ,
       TRUE 
PROVE  g = [m \in 0..k |-> [j \in 0..m - 1 |-> Def(g[m - 1], j)]]

@!!END

@!!BEGIN
@!!type:obligation
@!!id:56
@!!loc:129:20:129:24
@!!status:trivial
@!!prover:tlapm
@!!already:false
@!!obl:ASSUME NEW CONSTANT Def(_, _),
       ASSUME NEW CONSTANT n \in Nat,
              NEW CONSTANT g,
              NEW CONSTANT h,
              \A i \in 0..n - 1 : g[i] = h[i] 
       PROVE  Def(g, n) = Def(h, n) ,
       [n \in {0} |-> [i \in {} |-> {}]]
       = [n \in 0..0 |->
            [i \in 0..n - 1 |->
               Def([n_1 \in {0} |-> [i_1 \in {} |-> {}]][n - 1], i)]] 
PROVE  [n \in {0} |-> [i \in {} |-> {}]]
       = [n \in 0..0 |->
            [i \in 0..n - 1 |->
               Def([n_1 \in {0} |-> [i_1 \in {} |-> {}]][n - 1], i)]]

@!!END

@!!BEGIN
@!!type:obligation
@!!id:57
@!!loc:129:26:129:31
@!!status:trivial
@!!prover:tlapm
@!!already:false
@!!obl:ASSUME NEW CONSTANT Def(_, _),
       ASSUME NEW CONSTANT n \in Nat,
              NEW CONSTANT g,
              NEW CONSTANT h,
              \A i \in 0..n - 1 : g[i] = h[i] 
       PROVE  Def(g, n) = Def(h, n) ,
       [n \in {0} |-> [i \in {} |-> {}]]
       = [n \in 0..0 |->
            [i \in 0..n - 1 |->
               Def([n_1 \in {0} |-> [i_1 \in {} |-> {}]][n - 1], i)]] 
PROVE  TRUE

@!!END

@!!BEGIN
@!!type:obligation
@!!id:58
@!!loc:128:23:128:25
@!!status:normalized
@!!meth:time-limit: 30
@!!obl:ASSUME NEW CONSTANT Def(_, _),
       ASSUME NEW CONSTANT n \in Nat,
              NEW CONSTANT g,
              NEW CONSTANT h,
              \A i \in 0..n - 1 : g[i] = h[i] 
       PROVE  Def(g, n) = Def(h, n) ,
       TRUE 
PROVE  [n \in {0} |-> [i \in {} |-> {}]]
       = [n \in 0..0 |->
            [i \in 0..n - 1 |->
               Def([n_1 \in {0} |-> [i_1 \in {} |-> {}]][n - 1], i)]]

@!!END

@!!BEGIN
@!!type:obligation
@!!id:44
@!!loc:120:37:120:44
@!!status:proved
@!!prover:smt
@!!meth:time-limit: 5; time-used: 0.0 (1%)
@!!already:false
@!!obl:
ASSUME NEW CONSTANT Def(_, _),
       ASSUME NEW CONSTANT n \in Nat,
              NEW CONSTANT g,
              NEW CONSTANT h,
              \A i \in 0..n - 1 : g[i] = h[i] 
       PROVE  Def(g, n) = Def(h, n) ,
       NEW CONSTANT g,
       NEW CONSTANT k \in Nat,
       NEW CONSTANT n \in 0..k,
       NEW CONSTANT i \in 0..n - 1
PROVE  [m \in 0..k |-> [j \in 0..m - 1 |-> Def(g[m - 1], j)]][n][i]
       = Def(g[n - 1], i)

@!!END

@!!BEGIN
@!!type:obligation
@!!id:59
@!!loc:128:26:128:29
@!!status:trivial
@!!prover:tlapm
@!!already:false
@!!obl:ASSUME NEW CONSTANT Def(_, _),
       ASSUME NEW CONSTANT n \in Nat,
              NEW CONSTANT g,
              NEW CONSTANT h,
              \A i \in 0..n - 1 : g[i] = h[i] 
       PROVE  Def(g, n) = Def(h, n) 
PROVE  TRUE

@!!END

@!!BEGIN
@!!type:obligation
@!!id:60
@!!loc:149:17:149:19
@!!status:normalized
@!!meth:time-limit: 10
@!!obl:ASSUME NEW CONSTANT Def(_, _),
       ASSUME NEW CONSTANT n \in Nat,
              NEW CONSTANT g,
              NEW CONSTANT h,
              \A i \in 0..n - 1 : g[i] = h[i] 
       PROVE  Def(g, n) = Def(h, n) ,
       NEW CONSTANT k \in Nat,
       NEW CONSTANT g,
       h = [n \in 0..k + 1 |-> [i \in 0..n - 1 |-> Def(h[n - 1], i)]] ,
       TRUE 
PROVE  \E g_1 :
          g_1 = [n \in 0..k + 1 |-> [i \in 0..n - 1 |-> Def(g_1[n - 1], i)]]

@!!END

@!!BEGIN
@!!type:obligation
@!!id:53
@!!loc:125:40:125:42
@!!status:proved
@!!prover:zenon
@!!meth:time-limit: 10; time-used: 0.0 (0%)
@!!already:false
@!!obl:
ASSUME NEW CONSTANT Def(_, _),
       ASSUME NEW CONSTANT n \in Nat,
              NEW CONSTANT g,
              NEW CONSTANT h,
              \A i \in 0..n - 1 : g[i] = h[i] 
       PROVE  Def(g, n) = Def(h, n) ,
       \A k \in Nat :
          \E g : g = [n \in 0..k |-> [i \in 0..n - 1 |-> Def(g[n - 1], i)]] ,
       TRUE 
PROVE  \A k \in Nat :
          \E g : g = [n \in 0..k |-> [i \in 0..n - 1 |-> Def(g[n - 1], i)]]

@!!END

@!!BEGIN
@!!type:obligation
@!!id:61
@!!loc:149:20:149:24
@!!status:trivial
@!!prover:tlapm
@!!already:false
@!!obl:ASSUME NEW CONSTANT Def(_, _),
       ASSUME NEW CONSTANT n \in Nat,
              NEW CONSTANT g,
              NEW CONSTANT h,
              \A i \in 0..n - 1 : g[i] = h[i] 
       PROVE  Def(g, n) = Def(h, n) ,
       NEW CONSTANT k \in Nat,
       NEW CONSTANT g,
       h = [n \in 0..k + 1 |-> [i \in 0..n - 1 |-> Def(h[n - 1], i)]] 
PROVE  h = [n \in 0..k + 1 |-> [i \in 0..n - 1 |-> Def(h[n - 1], i)]]

@!!END

@!!BEGIN
@!!type:obligation
@!!id:62
@!!loc:149:26:149:31
@!!status:trivial
@!!prover:tlapm
@!!already:false
@!!obl:ASSUME NEW CONSTANT Def(_, _),
       ASSUME NEW CONSTANT n \in Nat,
              NEW CONSTANT g,
              NEW CONSTANT h,
              \A i \in 0..n - 1 : g[i] = h[i] 
       PROVE  Def(g, n) = Def(h, n) ,
       NEW CONSTANT k \in Nat,
       NEW CONSTANT g,
       h = [n \in 0..k + 1 |-> [i \in 0..n - 1 |-> Def(h[n - 1], i)]] 
PROVE  TRUE

@!!END

@!!BEGIN
@!!type:obligation
@!!id:63
@!!loc:132:30:132:32
@!!status:normalized
@!!meth:time-limit: 10
@!!obl:ASSUME NEW CONSTANT Def(_, _),
       ASSUME NEW CONSTANT n \in Nat,
              NEW CONSTANT g,
              NEW CONSTANT h,
              \A i \in 0..n - 1 : g[i] = h[i] 
       PROVE  Def(g, n) = Def(h, n) ,
       NEW CONSTANT k \in Nat,
       \E g : g = [n \in 0..k |-> [i \in 0..n - 1 |-> Def(g[n - 1], i)]] ,
       TRUE 
PROVE  \E g : g = [n \in 0..k |-> [i \in 0..n - 1 |-> Def(g[n - 1], i)]]

@!!END

@!!BEGIN
@!!type:obligation
@!!id:55
@!!loc:129:17:129:19
@!!status:proved
@!!prover:zenon
@!!meth:time-limit: 10; time-used: 0.0 (0%)
@!!already:false
@!!obl:
ASSUME NEW CONSTANT Def(_, _),
       ASSUME NEW CONSTANT n \in Nat,
              NEW CONSTANT g,
              NEW CONSTANT h,
              \A i \in 0..n - 1 : g[i] = h[i] 
       PROVE  Def(g, n) = Def(h, n) ,
       [n \in {0} |-> [i \in {} |-> {}]]
       = [n \in 0..0 |->
            [i \in 0..n - 1 |->
               Def([n_1 \in {0} |-> [i_1 \in {} |-> {}]][n - 1], i)]] ,
       TRUE 
PROVE  \E g : g = [n \in 0..0 |-> [i \in 0..n - 1 |-> Def(g[n - 1], i)]]

@!!END

@!!BEGIN
@!!type:obligation
@!!id:64
@!!loc:132:33:132:37
@!!status:trivial
@!!prover:tlapm
@!!already:false
@!!obl:ASSUME NEW CONSTANT Def(_, _),
       ASSUME NEW CONSTANT n \in Nat,
              NEW CONSTANT g,
              NEW CONSTANT h,
              \A i \in 0..n - 1 : g[i] = h[i] 
       PROVE  Def(g, n) = Def(h, n) ,
       NEW CONSTANT k \in Nat,
       \E g : g = [n \in 0..k |-> [i \in 0..n - 1 |-> Def(g[n - 1], i)]] 
PROVE  \E g : g = [n \in 0..k |-> [i \in 0..n - 1 |-> Def(g[n - 1], i)]]

@!!END

@!!BEGIN
@!!type:obligation
@!!id:65
@!!loc:132:39:132:44
@!!status:trivial
@!!prover:tlapm
@!!already:false
@!!obl:ASSUME NEW CONSTANT Def(_, _),
       ASSUME NEW CONSTANT n \in Nat,
              NEW CONSTANT g,
              NEW CONSTANT h,
              \A i \in 0..n - 1 : g[i] = h[i] 
       PROVE  Def(g, n) = Def(h, n) ,
       NEW CONSTANT k \in Nat,
       \E g : g = [n \in 0..k |-> [i \in 0..n - 1 |-> Def(g[n - 1], i)]] 
PROVE  TRUE

@!!END

@!!BEGIN
@!!type:obligation
@!!id:67
@!!loc:135:9:135:11
@!!status:normalized
@!!meth:time-limit: 10
@!!obl:ASSUME NEW CONSTANT Def(_, _),
       ASSUME NEW CONSTANT n \in Nat,
              NEW CONSTANT g,
              NEW CONSTANT h,
              \A i \in 0..n - 1 : g[i] = h[i] 
       PROVE  Def(g, n) = Def(h, n) ,
       NEW CONSTANT k \in Nat,
       NEW CONSTANT g,
       NEW CONSTANT n \in 0..k,
       NEW CONSTANT i \in 0..n - 1,
       g = [n_1 \in 0..k |-> [i_1 \in 0..n_1 - 1 |-> Def(g[n_1 - 1], i_1)]] ,
       ASSUME NEW CONSTANT g_1,
              NEW CONSTANT k_1 \in Nat,
              g_1
              = [n_1 \in 0..k_1 |->
                   [i_1 \in 0..n_1 - 1 |-> Def(g_1[n_1 - 1], i_1)]] ,
              NEW CONSTANT n_1 \in 0..k_1,
              NEW CONSTANT i_1 \in 0..n_1 - 1
       PROVE  g_1[n_1][i_1] = Def(g_1[n_1 - 1], i_1) ,
       TRUE 
PROVE  g[n][i] = Def(g[n - 1], i)

@!!END

@!!BEGIN
@!!type:obligation
@!!id:63
@!!loc:132:30:132:32
@!!status:proved
@!!prover:zenon
@!!meth:time-limit: 10; time-used: 0.0 (0%)
@!!already:false
@!!obl:
ASSUME NEW CONSTANT Def(_, _),
       ASSUME NEW CONSTANT n \in Nat,
              NEW CONSTANT g,
              NEW CONSTANT h,
              \A i \in 0..n - 1 : g[i] = h[i] 
       PROVE  Def(g, n) = Def(h, n) ,
       NEW CONSTANT k \in Nat,
       \E g : g = [n \in 0..k |-> [i \in 0..n - 1 |-> Def(g[n - 1], i)]] ,
       TRUE 
PROVE  \E g : g = [n \in 0..k |-> [i \in 0..n - 1 |-> Def(g[n - 1], i)]]

@!!END

@!!BEGIN
@!!type:obligation
@!!id:68
@!!loc:135:12:135:16
@!!status:trivial
@!!prover:tlapm
@!!already:false
@!!obl:ASSUME NEW CONSTANT Def(_, _),
       ASSUME NEW CONSTANT n \in Nat,
              NEW CONSTANT g,
              NEW CONSTANT h,
              \A i \in 0..n - 1 : g[i] = h[i] 
       PROVE  Def(g, n) = Def(h, n) ,
       NEW CONSTANT k \in Nat,
       NEW CONSTANT g,
       g = [n \in 0..k |-> [i \in 0..n - 1 |-> Def(g[n - 1], i)]] ,
       NEW CONSTANT n \in 0..k,
       NEW CONSTANT i \in 0..n - 1
PROVE  g = [n_1 \in 0..k |-> [i_1 \in 0..n_1 - 1 |-> Def(g[n_1 - 1], i_1)]]

@!!END

@!!BEGIN
@!!type:obligation
@!!id:69
@!!loc:135:18:135:22
@!!status:trivial
@!!prover:tlapm
@!!already:false
@!!obl:ASSUME NEW CONSTANT Def(_, _),
       ASSUME NEW CONSTANT n \in Nat,
              NEW CONSTANT g,
              NEW CONSTANT h,
              \A i \in 0..n - 1 : g[i] = h[i] 
       PROVE  Def(g, n) = Def(h, n) ,
       ASSUME NEW CONSTANT g,
              NEW CONSTANT k \in Nat,
              g = [n \in 0..k |-> [i \in 0..n - 1 |-> Def(g[n - 1], i)]] ,
              NEW CONSTANT n \in 0..k,
              NEW CONSTANT i \in 0..n - 1
       PROVE  g[n][i] = Def(g[n - 1], i) ,
       NEW CONSTANT k \in Nat,
       NEW CONSTANT g,
       NEW CONSTANT n \in 0..k,
       NEW CONSTANT i \in 0..n - 1,
       g = [n_1 \in 0..k |-> [i_1 \in 0..n_1 - 1 |-> Def(g[n_1 - 1], i_1)]] 
PROVE  ASSUME NEW CONSTANT g_1,
              NEW CONSTANT k_1 \in Nat,
              g_1
              = [n_1 \in 0..k_1 |->
                   [i_1 \in 0..n_1 - 1 |-> Def(g_1[n_1 - 1], i_1)]] ,
              NEW CONSTANT n_1 \in 0..k_1,
              NEW CONSTANT i_1 \in 0..n_1 - 1
       PROVE  g_1[n_1][i_1] = Def(g_1[n_1 - 1], i_1)

@!!END

@!!BEGIN
@!!type:obligation
@!!id:70
@!!loc:135:24:135:29
@!!status:trivial
@!!prover:tlapm
@!!already:false
@!!obl:ASSUME NEW CONSTANT Def(_, _),
       ASSUME NEW CONSTANT n \in Nat,
              NEW CONSTANT g,
              NEW CONSTANT h,
              \A i \in 0..n - 1 : g[i] = h[i] 
       PROVE  Def(g, n) = Def(h, n) ,
       NEW CONSTANT k \in Nat,
       NEW CONSTANT g,
       NEW CONSTANT n \in 0..k,
       NEW CONSTANT i \in 0..n - 1,
       g = [n_1 \in 0..k |-> [i_1 \in 0..n_1 - 1 |-> Def(g[n_1 - 1], i_1)]] ,
       ASSUME NEW CONSTANT g_1,
              NEW CONSTANT k_1 \in Nat,
              g_1
              = [n_1 \in 0..k_1 |->
                   [i_1 \in 0..n_1 - 1 |-> Def(g_1[n_1 - 1], i_1)]] ,
              NEW CONSTANT n_1 \in 0..k_1,
              NEW CONSTANT i_1 \in 0..n_1 - 1
       PROVE  g_1[n_1][i_1] = Def(g_1[n_1 - 1], i_1) 
PROVE  TRUE

@!!END

@!!BEGIN
@!!type:obligation
@!!id:71
@!!loc:147:19:147:21
@!!status:normalized
@!!meth:time-limit: 5
@!!obl:ASSUME NEW CONSTANT Def(_, _),
       ASSUME NEW CONSTANT n \in Nat,
              NEW CONSTANT g,
              NEW CONSTANT h,
              \A i \in 0..n - 1 : g[i] = h[i] 
       PROVE  Def(g, n) = Def(h, n) ,
       NEW CONSTANT k \in Nat,
       NEW CONSTANT g,
       NEW CONSTANT n \in 0..k + 1,
       NEW CONSTANT i \in 0..n - 1,
       h[n][i] = Def(g[n - 1], i) ,
       Def(g[n - 1], i) = Def(h[n - 1], i) 
PROVE  h[n][i] = Def(h[n - 1], i)

@!!END

@!!BEGIN
@!!type:obligation
@!!id:60
@!!loc:149:17:149:19
@!!status:proved
@!!prover:zenon
@!!meth:time-limit: 10; time-used: 0.1 (1%)
@!!already:false
@!!obl:
ASSUME NEW CONSTANT Def(_, _),
       ASSUME NEW CONSTANT n \in Nat,
              NEW CONSTANT g,
              NEW CONSTANT h,
              \A i \in 0..n - 1 : g[i] = h[i] 
       PROVE  Def(g, n) = Def(h, n) ,
       NEW CONSTANT k \in Nat,
       NEW CONSTANT g,
       h = [n \in 0..k + 1 |-> [i \in 0..n - 1 |-> Def(h[n - 1], i)]] ,
       TRUE 
PROVE  \E g_1 :
          g_1 = [n \in 0..k + 1 |-> [i \in 0..n - 1 |-> Def(g_1[n - 1], i)]]

@!!END

@!!BEGIN
@!!type:obligation
@!!id:72
@!!loc:147:22:147:26
@!!status:trivial
@!!prover:tlapm
@!!already:false
@!!obl:ASSUME NEW CONSTANT Def(_, _),
       ASSUME NEW CONSTANT n \in Nat,
              NEW CONSTANT g,
              NEW CONSTANT h,
              \A i \in 0..n - 1 : g[i] = h[i] 
       PROVE  Def(g, n) = Def(h, n) ,
       NEW CONSTANT k \in Nat,
       NEW CONSTANT g,
       NEW CONSTANT n \in 0..k + 1,
       NEW CONSTANT i \in 0..n - 1,
       h[n][i] = Def(g[n - 1], i) 
PROVE  h[n][i] = Def(g[n - 1], i)

@!!END

@!!BEGIN
@!!type:obligation
@!!id:73
@!!loc:147:28:147:32
@!!status:trivial
@!!prover:tlapm
@!!already:false
@!!obl:ASSUME NEW CONSTANT Def(_, _),
       ASSUME NEW CONSTANT n \in Nat,
              NEW CONSTANT g,
              NEW CONSTANT h,
              \A i \in 0..n - 1 : g[i] = h[i] 
       PROVE  Def(g, n) = Def(h, n) ,
       NEW CONSTANT k \in Nat,
       NEW CONSTANT g,
       NEW CONSTANT n \in 0..k + 1,
       NEW CONSTANT i \in 0..n - 1,
       Def(g[n - 1], i) = Def(h[n - 1], i) ,
       h[n][i] = Def(g[n - 1], i) 
PROVE  Def(g[n - 1], i) = Def(h[n - 1], i)

@!!END

@!!BEGIN
@!!type:obligation
@!!id:74
@!!loc:140:11:140:13
@!!status:normalized
@!!meth:time-limit: 10
@!!obl:ASSUME NEW CONSTANT Def(_, _),
       ASSUME NEW CONSTANT n \in Nat,
              NEW CONSTANT g,
              NEW CONSTANT h,
              \A i \in 0..n - 1 : g[i] = h[i] 
       PROVE  Def(g, n) = Def(h, n) ,
       NEW CONSTANT k \in Nat,
       NEW CONSTANT g,
       ASSUME NEW CONSTANT n \in 0..k + 1,
              NEW CONSTANT i \in 0..n - 1
       PROVE  [n_1 \in 0..k + 1 |->
                 [i_1 \in 0..n_1 - 1 |-> Def(g[n_1 - 1], i_1)]][n][i]
              = Def([n_1 \in 0..k + 1 |->
                       [i_1 \in 0..n_1 - 1 |-> Def(g[n_1 - 1], i_1)]][n - 1],
                    i) ,
       TRUE 
PROVE  [n \in 0..k + 1 |-> [i \in 0..n - 1 |-> Def(g[n - 1], i)]]
       = [n \in 0..k + 1 |->
            [i \in 0..n - 1 |->
               Def([n_1 \in 0..k + 1 |->
                      [i_1 \in 0..n_1 - 1 |-> Def(g[n_1 - 1], i_1)]][n - 1],
                   i)]]

@!!END

@!!BEGIN
@!!type:obligation
@!!id:71
@!!loc:147:19:147:21
@!!status:proved
@!!prover:smt
@!!meth:time-limit: 5; time-used: 0.0 (1%)
@!!already:false
@!!obl:
ASSUME NEW CONSTANT Def(_, _),
       ASSUME NEW CONSTANT n \in Nat,
              NEW CONSTANT g,
              NEW CONSTANT h,
              \A i \in 0..n - 1 : g[i] = h[i] 
       PROVE  Def(g, n) = Def(h, n) ,
       NEW CONSTANT k \in Nat,
       NEW CONSTANT g,
       NEW CONSTANT n \in 0..k + 1,
       NEW CONSTANT i \in 0..n - 1,
       h[n][i] = Def(g[n - 1], i) ,
       Def(g[n - 1], i) = Def(h[n - 1], i) 
PROVE  h[n][i] = Def(h[n - 1], i)

@!!END

@!!BEGIN
@!!type:obligation
@!!id:75
@!!loc:140:14:140:19
@!!status:trivial
@!!prover:tlapm
@!!already:false
@!!obl:ASSUME NEW CONSTANT Def(_, _),
       ASSUME NEW CONSTANT n \in Nat,
              NEW CONSTANT g,
              NEW CONSTANT h,
              \A i \in 0..n - 1 : g[i] = h[i] 
       PROVE  Def(g, n) = Def(h, n) ,
       NEW CONSTANT k \in Nat,
       NEW CONSTANT g,
       ASSUME NEW CONSTANT n \in 0..k + 1,
              NEW CONSTANT i \in 0..n - 1
       PROVE  [n_1 \in 0..k + 1 |->
                 [i_1 \in 0..n_1 - 1 |-> Def(g[n_1 - 1], i_1)]][n][i]
              = Def([n_1 \in 0..k + 1 |->
                       [i_1 \in 0..n_1 - 1 |-> Def(g[n_1 - 1], i_1)]][n - 1],
                    i) 
PROVE  TRUE

@!!END

@!!BEGIN
@!!type:obligation
@!!id:76
@!!loc:141:41:141:48
@!!status:normalized
@!!meth:time-limit: 5
@!!obl:ASSUME NEW CONSTANT Def(_, _),
       ASSUME NEW CONSTANT n \in Nat,
              NEW CONSTANT g,
              NEW CONSTANT h,
              \A i \in 0..n - 1 : g[i] = h[i] 
       PROVE  Def(g, n) = Def(h, n) ,
       NEW CONSTANT k \in Nat,
       NEW CONSTANT g,
       NEW CONSTANT n \in 0..k + 1,
       NEW CONSTANT i \in 0..n - 1
PROVE  [n_1 \in 0..k + 1 |-> [i_1 \in 0..n_1 - 1 |-> Def(g[n_1 - 1], i_1)]][n][i]
       = Def(g[n - 1], i)

@!!END

@!!BEGIN
@!!type:obligation
@!!id:76
@!!loc:141:41:141:48
@!!status:proved
@!!prover:smt
@!!meth:time-limit: 5; time-used: 0.1 (1%)
@!!already:false
@!!obl:
ASSUME NEW CONSTANT Def(_, _),
       ASSUME NEW CONSTANT n \in Nat,
              NEW CONSTANT g,
              NEW CONSTANT h,
              \A i \in 0..n - 1 : g[i] = h[i] 
       PROVE  Def(g, n) = Def(h, n) ,
       NEW CONSTANT k \in Nat,
       NEW CONSTANT g,
       NEW CONSTANT n \in 0..k + 1,
       NEW CONSTANT i \in 0..n - 1
PROVE  [n_1 \in 0..k + 1 |-> [i_1 \in 0..n_1 - 1 |-> Def(g[n_1 - 1], i_1)]][n][i]
       = Def(g[n - 1], i)

@!!END

@!!BEGIN
@!!type:obligation
@!!id:77
@!!loc:144:11:144:13
@!!status:normalized
@!!meth:time-limit: 5
@!!obl:ASSUME NEW CONSTANT Def(_, _),
       ASSUME NEW CONSTANT n \in Nat,
              NEW CONSTANT g,
              NEW CONSTANT h,
              \A i \in 0..n - 1 : g[i] = h[i] 
       PROVE  Def(g, n) = Def(h, n) ,
       NEW CONSTANT k \in Nat,
       NEW CONSTANT g,
       NEW CONSTANT n \in 0..k + 1,
       NEW CONSTANT i \in 0..n - 1,
       NEW CONSTANT j \in 0..i - 1,
       ASSUME NEW CONSTANT n_1 \in 0..k,
              NEW CONSTANT i_1 \in 0..n_1 - 1
       PROVE  g[n_1][i_1] = Def(g[n_1 - 1], i_1) 
PROVE  g[n - 1][j]
       = [n_1 \in 0..k + 1 |-> [i_1 \in 0..n_1 - 1 |-> Def(g[n_1 - 1], i_1)]][n
                                                                    - 1][j]

@!!END

@!!BEGIN
@!!type:obligation
@!!id:77
@!!loc:144:11:144:13
@!!status:proved
@!!prover:smt
@!!meth:time-limit: 5; time-used: 0.0 (1%)
@!!already:false
@!!obl:
ASSUME NEW CONSTANT Def(_, _),
       ASSUME NEW CONSTANT n \in Nat,
              NEW CONSTANT g,
              NEW CONSTANT h,
              \A i \in 0..n - 1 : g[i] = h[i] 
       PROVE  Def(g, n) = Def(h, n) ,
       NEW CONSTANT k \in Nat,
       NEW CONSTANT g,
       NEW CONSTANT n \in 0..k + 1,
       NEW CONSTANT i \in 0..n - 1,
       NEW CONSTANT j \in 0..i - 1,
       ASSUME NEW CONSTANT n_1 \in 0..k,
              NEW CONSTANT i_1 \in 0..n_1 - 1
       PROVE  g[n_1][i_1] = Def(g[n_1 - 1], i_1) 
PROVE  g[n - 1][j]
       = [n_1 \in 0..k + 1 |-> [i_1 \in 0..n_1 - 1 |-> Def(g[n_1 - 1], i_1)]][n
                                                                    - 1][j]

@!!END

@!!BEGIN
@!!type:obligation
@!!id:78
@!!loc:144:14:144:19
@!!status:trivial
@!!prover:tlapm
@!!already:false
@!!obl:ASSUME NEW CONSTANT Def(_, _),
       ASSUME NEW CONSTANT n \in Nat,
              NEW CONSTANT g,
              NEW CONSTANT h,
              \A i \in 0..n - 1 : g[i] = h[i] 
       PROVE  Def(g, n) = Def(h, n) ,
       NEW CONSTANT k \in Nat,
       NEW CONSTANT g,
       ASSUME NEW CONSTANT n \in 0..k,
              NEW CONSTANT i \in 0..n - 1
       PROVE  g[n][i] = Def(g[n - 1], i) ,
       NEW CONSTANT n \in 0..k + 1,
       NEW CONSTANT i \in 0..n - 1,
       NEW CONSTANT j \in 0..i - 1
PROVE  ASSUME NEW CONSTANT n_1 \in 0..k,
              NEW CONSTANT i_1 \in 0..n_1 - 1
       PROVE  g[n_1][i_1] = Def(g[n_1 - 1], i_1)

@!!END

@!!BEGIN
@!!type:obligation
@!!id:79
@!!loc:146:46:146:48
@!!status:normalized
@!!meth:time-limit: 5
@!!obl:ASSUME NEW CONSTANT Def(_, _),
       ASSUME NEW CONSTANT n \in Nat,
              NEW CONSTANT g,
              NEW CONSTANT h,
              \A i \in 0..n - 1 : g[i] = h[i] 
       PROVE  Def(g, n) = Def(h, n) ,
       NEW CONSTANT k \in Nat,
       NEW CONSTANT g,
       NEW CONSTANT n \in 0..k + 1,
       NEW CONSTANT i \in 0..n - 1,
       ASSUME NEW CONSTANT j \in 0..i - 1
       PROVE  g[n - 1][j] = h[n - 1][j] 
PROVE  Def(g[n - 1], i) = Def(h[n - 1], i)

@!!END

@!!BEGIN
@!!type:obligation
@!!id:74
@!!loc:140:11:140:13
@!!status:proved
@!!prover:zenon
@!!meth:time-limit: 10; time-used: 0.2 (2%)
@!!already:false
@!!obl:
ASSUME NEW CONSTANT Def(_, _),
       ASSUME NEW CONSTANT n \in Nat,
              NEW CONSTANT g,
              NEW CONSTANT h,
              \A i \in 0..n - 1 : g[i] = h[i] 
       PROVE  Def(g, n) = Def(h, n) ,
       NEW CONSTANT k \in Nat,
       NEW CONSTANT g,
       ASSUME NEW CONSTANT n \in 0..k + 1,
              NEW CONSTANT i \in 0..n - 1
       PROVE  [n_1 \in 0..k + 1 |->
                 [i_1 \in 0..n_1 - 1 |-> Def(g[n_1 - 1], i_1)]][n][i]
              = Def([n_1 \in 0..k + 1 |->
                       [i_1 \in 0..n_1 - 1 |-> Def(g[n_1 - 1], i_1)]][n - 1],
                    i) ,
       TRUE 
PROVE  [n \in 0..k + 1 |-> [i \in 0..n - 1 |-> Def(g[n - 1], i)]]
       = [n \in 0..k + 1 |->
            [i \in 0..n - 1 |->
               Def([n_1 \in 0..k + 1 |->
                      [i_1 \in 0..n_1 - 1 |-> Def(g[n_1 - 1], i_1)]][n - 1],
                   i)]]

@!!END

@!!BEGIN
@!!type:obligation
@!!id:80
@!!loc:146:49:146:53
@!!status:trivial
@!!prover:tlapm
@!!already:false
@!!obl:ASSUME NEW CONSTANT Def(_, _),
       ASSUME NEW CONSTANT n \in Nat,
              NEW CONSTANT g,
              NEW CONSTANT h,
              \A i \in 0..n - 1 : g[i] = h[i] 
       PROVE  Def(g, n) = Def(h, n) ,
       NEW CONSTANT k \in Nat,
       NEW CONSTANT g,
       NEW CONSTANT n \in 0..k + 1,
       NEW CONSTANT i \in 0..n - 1,
       ASSUME NEW CONSTANT j \in 0..i - 1
       PROVE  g[n - 1][j] = h[n - 1][j] 
PROVE  ASSUME NEW CONSTANT j \in 0..i - 1
       PROVE  g[n - 1][j] = h[n - 1][j]

@!!END

@!!BEGIN
@!!type:obligation
@!!id:81
@!!loc:152:36:152:38
@!!status:normalized
@!!meth:time-limit: 10
@!!obl:ASSUME NEW CONSTANT Def(_, _),
       ASSUME NEW CONSTANT n \in Nat,
              NEW CONSTANT g,
              NEW CONSTANT h,
              \A i \in 0..n - 1 : g[i] = h[i] 
       PROVE  Def(g, n) = Def(h, n) ,
       \A k \in Nat :
          \E g : g = [n \in 0..k |-> [i \in 0..n - 1 |-> Def(g[n - 1], i)]] ,
       TRUE 
PROVE  \A k \in Nat :
          (CHOOSE g :
             g = [n \in 0..k |-> [i \in 0..n - 1 |-> Def(g[n - 1], i)]])
          = [n \in 0..k |->
               [i \in 0..n - 1 |->
                  Def((CHOOSE g :
                         g
                         = [n_1 \in 0..k |->
                              [i_1 \in 0..n_1 - 1 |-> Def(g[n_1 - 1], i_1)]])[n
                                                                    - 1],
                      i)]]

@!!END

@!!BEGIN
@!!type:obligation
@!!id:81
@!!loc:152:36:152:38
@!!status:proved
@!!prover:zenon
@!!meth:time-limit: 10; time-used: 0.0 (0%)
@!!already:false
@!!obl:
ASSUME NEW CONSTANT Def(_, _),
       ASSUME NEW CONSTANT n \in Nat,
              NEW CONSTANT g,
              NEW CONSTANT h,
              \A i \in 0..n - 1 : g[i] = h[i] 
       PROVE  Def(g, n) = Def(h, n) ,
       \A k \in Nat :
          \E g : g = [n \in 0..k |-> [i \in 0..n - 1 |-> Def(g[n - 1], i)]] ,
       TRUE 
PROVE  \A k \in Nat :
          (CHOOSE g :
             g = [n \in 0..k |-> [i \in 0..n - 1 |-> Def(g[n - 1], i)]])
          = [n \in 0..k |->
               [i \in 0..n - 1 |->
                  Def((CHOOSE g :
                         g
                         = [n_1 \in 0..k |->
                              [i_1 \in 0..n_1 - 1 |-> Def(g[n_1 - 1], i_1)]])[n
                                                                    - 1],
                      i)]]

@!!END

@!!BEGIN
@!!type:obligation
@!!id:82
@!!loc:152:39:152:43
@!!status:trivial
@!!prover:tlapm
@!!already:false
@!!obl:ASSUME NEW CONSTANT Def(_, _),
       ASSUME NEW CONSTANT n \in Nat,
              NEW CONSTANT g,
              NEW CONSTANT h,
              \A i \in 0..n - 1 : g[i] = h[i] 
       PROVE  Def(g, n) = Def(h, n) ,
       \A k \in Nat :
          \E g : g = [n \in 0..k |-> [i \in 0..n - 1 |-> Def(g[n - 1], i)]] 
PROVE  \A k \in Nat :
          \E g : g = [n \in 0..k |-> [i \in 0..n - 1 |-> Def(g[n - 1], i)]]

@!!END

@!!BEGIN
@!!type:obligation
@!!id:83
@!!loc:152:45:152:50
@!!status:trivial
@!!prover:tlapm
@!!already:false
@!!obl:ASSUME NEW CONSTANT Def(_, _),
       ASSUME NEW CONSTANT n \in Nat,
              NEW CONSTANT g,
              NEW CONSTANT h,
              \A i \in 0..n - 1 : g[i] = h[i] 
       PROVE  Def(g, n) = Def(h, n) ,
       \A k \in Nat :
          \E g : g = [n \in 0..k |-> [i \in 0..n - 1 |-> Def(g[n - 1], i)]] 
PROVE  TRUE

@!!END

@!!BEGIN
@!!type:obligation
@!!id:84
@!!loc:199:15:199:17
@!!status:normalized
@!!meth:time-limit: 30
@!!obl:ASSUME NEW CONSTANT Def(_, _),
       ASSUME NEW CONSTANT n \in Nat,
              NEW CONSTANT g,
              NEW CONSTANT h,
              \A i \in 0..n - 1 : g[i] = h[i] 
       PROVE  Def(g, n) = Def(h, n) ,
       Q(0) ,
       ASSUME NEW CONSTANT k \in Nat,
              Q(k) 
       PROVE  Q(k + 1) ,
       ASSUME NEW CONSTANT P(_),
              P(0) ,
              \A n \in Nat : P(n) => P(n + 1) 
       PROVE  \A n \in Nat : P(n) ,
       TRUE 
PROVE  \A k \in Nat : Q(k)

@!!END

@!!BEGIN
@!!type:obligation
@!!id:79
@!!loc:146:46:146:48
@!!status:proved
@!!prover:smt
@!!meth:time-limit: 5; time-used: 0.1 (1%)
@!!already:false
@!!obl:
ASSUME NEW CONSTANT Def(_, _),
       ASSUME NEW CONSTANT n \in Nat,
              NEW CONSTANT g,
              NEW CONSTANT h,
              \A i \in 0..n - 1 : g[i] = h[i] 
       PROVE  Def(g, n) = Def(h, n) ,
       NEW CONSTANT k \in Nat,
       NEW CONSTANT g,
       NEW CONSTANT n \in 0..k + 1,
       NEW CONSTANT i \in 0..n - 1,
       ASSUME NEW CONSTANT j \in 0..i - 1
       PROVE  g[n - 1][j] = h[n - 1][j] 
PROVE  Def(g[n - 1], i) = Def(h[n - 1], i)

@!!END

@!!BEGIN
@!!type:obligation
@!!id:85
@!!loc:199:18:199:22
@!!status:trivial
@!!prover:tlapm
@!!already:false
@!!obl:ASSUME NEW CONSTANT Def(_, _),
       ASSUME NEW CONSTANT n \in Nat,
              NEW CONSTANT g,
              NEW CONSTANT h,
              \A i \in 0..n - 1 : g[i] = h[i] 
       PROVE  Def(g, n) = Def(h, n) ,
       Q(0) 
PROVE  Q(0)

@!!END

@!!BEGIN
@!!type:obligation
@!!id:86
@!!loc:199:24:199:28
@!!status:trivial
@!!prover:tlapm
@!!already:false
@!!obl:ASSUME NEW CONSTANT Def(_, _),
       ASSUME NEW CONSTANT n \in Nat,
              NEW CONSTANT g,
              NEW CONSTANT h,
              \A i \in 0..n - 1 : g[i] = h[i] 
       PROVE  Def(g, n) = Def(h, n) ,
       ASSUME NEW CONSTANT k \in Nat,
              Q(k) 
       PROVE  Q(k + 1) ,
       Q(0) 
PROVE  ASSUME NEW CONSTANT k \in Nat,
              Q(k) 
       PROVE  Q(k + 1)

@!!END

@!!BEGIN
@!!type:obligation
@!!id:87
@!!loc:199:30:199:42
@!!status:trivial
@!!prover:tlapm
@!!already:false
@!!obl:ASSUME ASSUME NEW CONSTANT P(_),
              P(0) ,
              \A n \in Nat : P(n) => P(n + 1) 
       PROVE  \A n \in Nat : P(n) ,
       NEW CONSTANT Def(_, _),
       ASSUME NEW CONSTANT n \in Nat,
              NEW CONSTANT g,
              NEW CONSTANT h,
              \A i \in 0..n - 1 : g[i] = h[i] 
       PROVE  Def(g, n) = Def(h, n) ,
       Q(0) ,
       ASSUME NEW CONSTANT k \in Nat,
              Q(k) 
       PROVE  Q(k + 1) 
PROVE  ASSUME NEW CONSTANT P(_),
              P(0) ,
              \A n \in Nat : P(n) => P(n + 1) 
       PROVE  \A n \in Nat : P(n)

@!!END

@!!BEGIN
@!!type:obligation
@!!id:88
@!!loc:199:44:199:57
@!!status:trivial
@!!prover:tlapm
@!!already:false
@!!obl:ASSUME NEW CONSTANT Def(_, _),
       ASSUME NEW CONSTANT n \in Nat,
              NEW CONSTANT g,
              NEW CONSTANT h,
              \A i \in 0..n - 1 : g[i] = h[i] 
       PROVE  Def(g, n) = Def(h, n) ,
       Q(0) ,
       ASSUME NEW CONSTANT k \in Nat,
              Q(k) 
       PROVE  Q(k + 1) ,
       ASSUME NEW CONSTANT P(_),
              P(0) ,
              \A n \in Nat : P(n) => P(n + 1) 
       PROVE  \A n \in Nat : P(n) 
PROVE  TRUE

@!!END

@!!BEGIN
@!!type:obligation
@!!id:89
@!!loc:157:40:157:42
@!!status:normalized
@!!meth:time-limit: 10
@!!obl:ASSUME NEW CONSTANT Def(_, _),
       ASSUME NEW CONSTANT n \in Nat,
              NEW CONSTANT g,
              NEW CONSTANT h,
              \A i \in 0..n - 1 : g[i] = h[i] 
       PROVE  Def(g, n) = Def(h, n) ,
       \A k \in Nat :
          \A l \in 0..k :
             \A i \in 0..l - 1 :
                \A g, h :
                   g
                   = [n \in 0..k |->
                        [i_1 \in 0..n - 1 |-> Def(g[n - 1], i_1)]]
                   /\ h
                      = [n \in 0..l |->
                           [i_1 \in 0..n - 1 |-> Def(h[n - 1], i_1)]]
                   => g[l][i] = h[l][i] ,
       TRUE 
PROVE  \A k \in Nat :
          \A l \in 0..k :
             \A i \in 0..l - 1 :
                \A g, h :
                   g
                   = [n \in 0..k |->
                        [i_1 \in 0..n - 1 |-> Def(g[n - 1], i_1)]]
                   /\ h
                      = [n \in 0..l |->
                           [i_1 \in 0..n - 1 |-> Def(h[n - 1], i_1)]]
                   => g[l][i] = h[l][i]

@!!END

@!!BEGIN
@!!type:obligation
@!!id:89
@!!loc:157:40:157:42
@!!status:proved
@!!prover:zenon
@!!meth:time-limit: 10; time-used: 0.0 (0%)
@!!already:false
@!!obl:
ASSUME NEW CONSTANT Def(_, _),
       ASSUME NEW CONSTANT n \in Nat,
              NEW CONSTANT g,
              NEW CONSTANT h,
              \A i \in 0..n - 1 : g[i] = h[i] 
       PROVE  Def(g, n) = Def(h, n) ,
       \A k \in Nat :
          \A l \in 0..k :
             \A i \in 0..l - 1 :
                \A g, h :
                   g
                   = [n \in 0..k |->
                        [i_1 \in 0..n - 1 |-> Def(g[n - 1], i_1)]]
                   /\ h
                      = [n \in 0..l |->
                           [i_1 \in 0..n - 1 |-> Def(h[n - 1], i_1)]]
                   => g[l][i] = h[l][i] ,
       TRUE 
PROVE  \A k \in Nat :
          \A l \in 0..k :
             \A i \in 0..l - 1 :
                \A g, h :
                   g
                   = [n \in 0..k |->
                        [i_1 \in 0..n - 1 |-> Def(g[n - 1], i_1)]]
                   /\ h
                      = [n \in 0..l |->
                           [i_1 \in 0..n - 1 |-> Def(h[n - 1], i_1)]]
                   => g[l][i] = h[l][i]

@!!END

@!!BEGIN
@!!type:obligation
@!!id:90
@!!loc:157:43:157:48
@!!status:trivial
@!!prover:tlapm
@!!already:false
@!!obl:ASSUME NEW CONSTANT Def(_, _),
       ASSUME NEW CONSTANT n \in Nat,
              NEW CONSTANT g,
              NEW CONSTANT h,
              \A i \in 0..n - 1 : g[i] = h[i] 
       PROVE  Def(g, n) = Def(h, n) ,
       \A k \in Nat :
          \A l \in 0..k :
             \A i \in 0..l - 1 :
                \A g, h :
                   g
                   = [n \in 0..k |->
                        [i_1 \in 0..n - 1 |-> Def(g[n - 1], i_1)]]
                   /\ h
                      = [n \in 0..l |->
                           [i_1 \in 0..n - 1 |-> Def(h[n - 1], i_1)]]
                   => g[l][i] = h[l][i] 
PROVE  TRUE

@!!END

@!!BEGIN
@!!type:obligation
@!!id:91
@!!loc:158:17:158:24
@!!status:normalized
@!!meth:time-limit: 5
@!!obl:ASSUME NEW CONSTANT Def(_, _),
       ASSUME NEW CONSTANT n \in Nat,
              NEW CONSTANT g,
              NEW CONSTANT h,
              \A i \in 0..n - 1 : g[i] = h[i] 
       PROVE  Def(g, n) = Def(h, n) 
PROVE  \A l \in 0..0 :
          \A i \in 0..l - 1 :
             \A g, h :
                g
                = [n \in 0..0 |-> [i_1 \in 0..n - 1 |-> Def(g[n - 1], i_1)]]
                /\ h
                   = [n \in 0..l |->
                        [i_1 \in 0..n - 1 |-> Def(h[n - 1], i_1)]]
                => g[l][i] = h[l][i]

@!!END

@!!BEGIN
@!!type:obligation
@!!id:91
@!!loc:158:17:158:24
@!!status:proved
@!!prover:smt
@!!meth:time-limit: 5; time-used: 0.1 (1%)
@!!already:false
@!!obl:
ASSUME NEW CONSTANT Def(_, _),
       ASSUME NEW CONSTANT n \in Nat,
              NEW CONSTANT g,
              NEW CONSTANT h,
              \A i \in 0..n - 1 : g[i] = h[i] 
       PROVE  Def(g, n) = Def(h, n) 
PROVE  \A l \in 0..0 :
          \A i \in 0..l - 1 :
             \A g, h :
                g
                = [n \in 0..0 |-> [i_1 \in 0..n - 1 |-> Def(g[n - 1], i_1)]]
                /\ h
                   = [n \in 0..l |->
                        [i_1 \in 0..n - 1 |-> Def(h[n - 1], i_1)]]
                => g[l][i] = h[l][i]

@!!END

@!!BEGIN
@!!type:obligation
@!!id:92
@!!loc:197:17:197:19
@!!status:normalized
@!!meth:time-limit: 5
@!!obl:ASSUME NEW CONSTANT Def(_, _),
       ASSUME NEW CONSTANT n \in Nat,
              NEW CONSTANT g,
              NEW CONSTANT h,
              \A i \in 0..n - 1 : g[i] = h[i] 
       PROVE  Def(g, n) = Def(h, n) ,
       NEW CONSTANT k \in Nat,
       NEW CONSTANT l \in 1..k + 1,
       NEW CONSTANT i \in 0..l - 1,
       NEW CONSTANT g,
       NEW CONSTANT h,
       P(g, k + 1) ,
       P(h, l) ,
       Def(g[l - 1], i) = Def(h[l - 1], i) ,
       ASSUME NEW CONSTANT g_1,
              NEW CONSTANT k_1 \in Nat,
              P(g_1, k_1) ,
              NEW CONSTANT n \in 0..k_1,
              NEW CONSTANT i_1 \in 0..n - 1
       PROVE  g_1[n][i_1] = Def(g_1[n - 1], i_1) 
PROVE  g[l][i] = h[l][i]

@!!END

@!!BEGIN
@!!type:obligation
@!!id:92
@!!loc:197:17:197:19
@!!status:proved
@!!prover:smt
@!!meth:time-limit: 5; time-used: 0.1 (2%)
@!!already:false
@!!obl:
ASSUME NEW CONSTANT Def(_, _),
       ASSUME NEW CONSTANT n \in Nat,
              NEW CONSTANT g,
              NEW CONSTANT h,
              \A i \in 0..n - 1 : g[i] = h[i] 
       PROVE  Def(g, n) = Def(h, n) ,
       NEW CONSTANT k \in Nat,
       NEW CONSTANT l \in 1..k + 1,
       NEW CONSTANT i \in 0..l - 1,
       NEW CONSTANT g,
       NEW CONSTANT h,
       P(g, k + 1) ,
       P(h, l) ,
       Def(g[l - 1], i) = Def(h[l - 1], i) ,
       ASSUME NEW CONSTANT g_1,
              NEW CONSTANT k_1 \in Nat,
              P(g_1, k_1) ,
              NEW CONSTANT n \in 0..k_1,
              NEW CONSTANT i_1 \in 0..n - 1
       PROVE  g_1[n][i_1] = Def(g_1[n - 1], i_1) 
PROVE  g[l][i] = h[l][i]

@!!END

@!!BEGIN
@!!type:obligation
@!!id:93
@!!loc:197:20:197:24
@!!status:trivial
@!!prover:tlapm
@!!already:false
@!!obl:ASSUME NEW CONSTANT Def(_, _),
       ASSUME NEW CONSTANT n \in Nat,
              NEW CONSTANT g,
              NEW CONSTANT h,
              \A i \in 0..n - 1 : g[i] = h[i] 
       PROVE  Def(g, n) = Def(h, n) ,
       NEW CONSTANT k \in Nat,
       NEW CONSTANT l \in 1..k + 1,
       NEW CONSTANT i \in 0..l - 1,
       NEW CONSTANT g,
       NEW CONSTANT h,
       P(g, k + 1) ,
       P(h, l) ,
       Def(g[l - 1], i) = Def(h[l - 1], i) 
PROVE  Def(g[l - 1], i) = Def(h[l - 1], i)

@!!END

@!!BEGIN
@!!type:obligation
@!!id:94
@!!loc:197:26:197:30
@!!status:trivial
@!!prover:tlapm
@!!already:false
@!!obl:ASSUME NEW CONSTANT Def(_, _),
       ASSUME NEW CONSTANT n \in Nat,
              NEW CONSTANT g,
              NEW CONSTANT h,
              \A i \in 0..n - 1 : g[i] = h[i] 
       PROVE  Def(g, n) = Def(h, n) ,
       ASSUME NEW CONSTANT g,
              NEW CONSTANT k \in Nat,
              P(g, k) ,
              NEW CONSTANT n \in 0..k,
              NEW CONSTANT i \in 0..n - 1
       PROVE  g[n][i] = Def(g[n - 1], i) ,
       NEW CONSTANT k \in Nat,
       NEW CONSTANT l \in 1..k + 1,
       NEW CONSTANT i \in 0..l - 1,
       NEW CONSTANT g,
       NEW CONSTANT h,
       P(g, k + 1) ,
       P(h, l) ,
       Def(g[l - 1], i) = Def(h[l - 1], i) 
PROVE  ASSUME NEW CONSTANT g_1,
              NEW CONSTANT k_1 \in Nat,
              P(g_1, k_1) ,
              NEW CONSTANT n \in 0..k_1,
              NEW CONSTANT i_1 \in 0..n - 1
       PROVE  g_1[n][i_1] = Def(g_1[n - 1], i_1)

@!!END

@!!BEGIN
@!!type:obligation
@!!id:95
@!!loc:165:9:165:16
@!!status:normalized
@!!meth:time-limit: 5
@!!obl:ASSUME NEW CONSTANT Def(_, _),
       ASSUME NEW CONSTANT n \in Nat,
              NEW CONSTANT g,
              NEW CONSTANT h,
              \A i \in 0..n - 1 : g[i] = h[i] 
       PROVE  Def(g, n) = Def(h, n) ,
       NEW CONSTANT k \in Nat,
       ASSUME NEW CONSTANT l \in 1..k + 1,
              NEW CONSTANT i \in 0..l - 1,
              NEW CONSTANT g,
              NEW CONSTANT h,
              P(g, k + 1) ,
              P(h, l) 
       PROVE  g[l][i] = h[l][i] 
PROVE  \A l \in 0..k + 1 :
          \A i \in 0..l - 1 :
             \A g, h : P(g, k + 1) /\ P(h, l) => g[l][i] = h[l][i]

@!!END

@!!BEGIN
@!!type:obligation
@!!id:95
@!!loc:165:9:165:16
@!!status:proved
@!!prover:smt
@!!meth:time-limit: 5; time-used: 0.1 (1%)
@!!already:false
@!!obl:
ASSUME NEW CONSTANT Def(_, _),
       ASSUME NEW CONSTANT n \in Nat,
              NEW CONSTANT g,
              NEW CONSTANT h,
              \A i \in 0..n - 1 : g[i] = h[i] 
       PROVE  Def(g, n) = Def(h, n) ,
       NEW CONSTANT k \in Nat,
       ASSUME NEW CONSTANT l \in 1..k + 1,
              NEW CONSTANT i \in 0..l - 1,
              NEW CONSTANT g,
              NEW CONSTANT h,
              P(g, k + 1) ,
              P(h, l) 
       PROVE  g[l][i] = h[l][i] 
PROVE  \A l \in 0..k + 1 :
          \A i \in 0..l - 1 :
             \A g, h : P(g, k + 1) /\ P(h, l) => g[l][i] = h[l][i]

@!!END

@!!BEGIN
@!!type:obligation
@!!id:96
@!!loc:168:9:168:11
@!!status:normalized
@!!meth:time-limit: 5
@!!obl:ASSUME NEW CONSTANT Def(_, _),
       ASSUME NEW CONSTANT n \in Nat,
              NEW CONSTANT g,
              NEW CONSTANT h,
              \A i \in 0..n - 1 : g[i] = h[i] 
       PROVE  Def(g, n) = Def(h, n) ,
       NEW CONSTANT k \in Nat,
       NEW CONSTANT l \in 1..k + 1,
       NEW CONSTANT i \in 0..l - 1,
       NEW CONSTANT g,
       NEW CONSTANT h,
       P(g, k + 1) ,
       P(h, l) ,
       ASSUME NEW CONSTANT g_1,
              NEW CONSTANT k_1 \in Nat,
              P(g_1, k_1) ,
              NEW CONSTANT n \in 0..k_1,
              NEW CONSTANT i_1 \in 0..n - 1
       PROVE  g_1[n][i_1] = Def(g_1[n - 1], i_1) 
PROVE  /\ g[l][i] = Def(g[l - 1], i)
       /\ h[l][i] = Def(h[l - 1], i)

@!!END

@!!BEGIN
@!!type:obligation
@!!id:96
@!!loc:168:9:168:11
@!!status:proved
@!!prover:smt
@!!meth:time-limit: 5; time-used: 0.1 (1%)
@!!already:false
@!!obl:
ASSUME NEW CONSTANT Def(_, _),
       ASSUME NEW CONSTANT n \in Nat,
              NEW CONSTANT g,
              NEW CONSTANT h,
              \A i \in 0..n - 1 : g[i] = h[i] 
       PROVE  Def(g, n) = Def(h, n) ,
       NEW CONSTANT k \in Nat,
       NEW CONSTANT l \in 1..k + 1,
       NEW CONSTANT i \in 0..l - 1,
       NEW CONSTANT g,
       NEW CONSTANT h,
       P(g, k + 1) ,
       P(h, l) ,
       ASSUME NEW CONSTANT g_1,
              NEW CONSTANT k_1 \in Nat,
              P(g_1, k_1) ,
              NEW CONSTANT n \in 0..k_1,
              NEW CONSTANT i_1 \in 0..n - 1
       PROVE  g_1[n][i_1] = Def(g_1[n - 1], i_1) 
PROVE  /\ g[l][i] = Def(g[l - 1], i)
       /\ h[l][i] = Def(h[l - 1], i)

@!!END

@!!BEGIN
@!!type:obligation
@!!id:97
@!!loc:168:12:168:16
@!!status:trivial
@!!prover:tlapm
@!!already:false
@!!obl:ASSUME NEW CONSTANT Def(_, _),
       ASSUME NEW CONSTANT n \in Nat,
              NEW CONSTANT g,
              NEW CONSTANT h,
              \A i \in 0..n - 1 : g[i] = h[i] 
       PROVE  Def(g, n) = Def(h, n) ,
       ASSUME NEW CONSTANT g,
              NEW CONSTANT k \in Nat,
              P(g, k) ,
              NEW CONSTANT n \in 0..k,
              NEW CONSTANT i \in 0..n - 1
       PROVE  g[n][i] = Def(g[n - 1], i) ,
       NEW CONSTANT k \in Nat,
       NEW CONSTANT l \in 1..k + 1,
       NEW CONSTANT i \in 0..l - 1,
       NEW CONSTANT g,
       NEW CONSTANT h,
       P(g, k + 1) ,
       P(h, l) 
PROVE  ASSUME NEW CONSTANT g_1,
              NEW CONSTANT k_1 \in Nat,
              P(g_1, k_1) ,
              NEW CONSTANT n \in 0..k_1,
              NEW CONSTANT i_1 \in 0..n - 1
       PROVE  g_1[n][i_1] = Def(g_1[n - 1], i_1)

@!!END

@!!BEGIN
@!!type:obligation
@!!id:98
@!!loc:179:19:179:21
@!!status:normalized
@!!meth:time-limit: 10
@!!obl:ASSUME NEW CONSTANT Def(_, _),
       ASSUME NEW CONSTANT n \in Nat,
              NEW CONSTANT g,
              NEW CONSTANT h,
              \A i \in 0..n - 1 : g[i] = h[i] 
       PROVE  Def(g, n) = Def(h, n) ,
       NEW CONSTANT k \in Nat,
       NEW CONSTANT l \in 1..k + 1,
       NEW CONSTANT i \in 0..l - 1,
       NEW CONSTANT g,
       NEW CONSTANT h,
       g = [n \in 0..k + 1 |-> [i_1 \in 0..n - 1 |-> Def(g[n - 1], i_1)]] ,
       h = [n \in 0..l |-> [i_1 \in 0..n - 1 |-> Def(h[n - 1], i_1)]] ,
       ASSUME NEW CONSTANT nn \in 0..k,
              NEW CONSTANT j \in 0..nn - 1
       PROVE  [nn_1 \in 0..k |->
                 [ii \in 0..nn_1 - 1 |-> Def(g[nn_1 - 1], ii)]][nn - 1]
              = g[nn - 1] ,
       TRUE 
PROVE  [nn \in 0..k |-> [ii \in 0..nn - 1 |-> Def(g[nn - 1], ii)]]
       = [n \in 0..k |->
            [i_1 \in 0..n - 1 |->
               Def([nn \in 0..k |->
                      [ii \in 0..nn - 1 |-> Def(g[nn - 1], ii)]][n - 1],
                   i_1)]]

@!!END

@!!BEGIN
@!!type:obligation
@!!id:98
@!!loc:179:19:179:21
@!!status:proved
@!!prover:zenon
@!!meth:time-limit: 10; time-used: 0.1 (1%)
@!!already:false
@!!obl:
ASSUME NEW CONSTANT Def(_, _),
       ASSUME NEW CONSTANT n \in Nat,
              NEW CONSTANT g,
              NEW CONSTANT h,
              \A i \in 0..n - 1 : g[i] = h[i] 
       PROVE  Def(g, n) = Def(h, n) ,
       NEW CONSTANT k \in Nat,
       NEW CONSTANT l \in 1..k + 1,
       NEW CONSTANT i \in 0..l - 1,
       NEW CONSTANT g,
       NEW CONSTANT h,
       g = [n \in 0..k + 1 |-> [i_1 \in 0..n - 1 |-> Def(g[n - 1], i_1)]] ,
       h = [n \in 0..l |-> [i_1 \in 0..n - 1 |-> Def(h[n - 1], i_1)]] ,
       ASSUME NEW CONSTANT nn \in 0..k,
              NEW CONSTANT j \in 0..nn - 1
       PROVE  [nn_1 \in 0..k |->
                 [ii \in 0..nn_1 - 1 |-> Def(g[nn_1 - 1], ii)]][nn - 1]
              = g[nn - 1] ,
       TRUE 
PROVE  [nn \in 0..k |-> [ii \in 0..nn - 1 |-> Def(g[nn - 1], ii)]]
       = [n \in 0..k |->
            [i_1 \in 0..n - 1 |->
               Def([nn \in 0..k |->
                      [ii \in 0..nn - 1 |-> Def(g[nn - 1], ii)]][n - 1],
                   i_1)]]

@!!END

@!!BEGIN
@!!type:obligation
@!!id:99
@!!loc:179:22:179:26
@!!status:trivial
@!!prover:tlapm
@!!already:false
@!!obl:ASSUME NEW CONSTANT Def(_, _),
       ASSUME NEW CONSTANT n \in Nat,
              NEW CONSTANT g,
              NEW CONSTANT h,
              \A i \in 0..n - 1 : g[i] = h[i] 
       PROVE  Def(g, n) = Def(h, n) ,
       NEW CONSTANT k \in Nat,
       NEW CONSTANT l \in 1..k + 1,
       NEW CONSTANT i \in 0..l - 1,
       NEW CONSTANT g,
       NEW CONSTANT h,
       g = [n \in 0..k + 1 |-> [i_1 \in 0..n - 1 |-> Def(g[n - 1], i_1)]] ,
       h = [n \in 0..l |-> [i_1 \in 0..n - 1 |-> Def(h[n - 1], i_1)]] ,
       ASSUME NEW CONSTANT nn \in 0..k,
              NEW CONSTANT j \in 0..nn - 1
       PROVE  [nn_1 \in 0..k |->
                 [ii \in 0..nn_1 - 1 |-> Def(g[nn_1 - 1], ii)]][nn - 1]
              = g[nn - 1] 
PROVE  ASSUME NEW CONSTANT nn \in 0..k,
              NEW CONSTANT j \in 0..nn - 1
       PROVE  [nn_1 \in 0..k |->
                 [ii \in 0..nn_1 - 1 |-> Def(g[nn_1 - 1], ii)]][nn - 1]
              = g[nn - 1]

@!!END

@!!BEGIN
@!!type:obligation
@!!id:100
@!!loc:179:28:179:33
@!!status:trivial
@!!prover:tlapm
@!!already:false
@!!obl:ASSUME NEW CONSTANT Def(_, _),
       ASSUME NEW CONSTANT n \in Nat,
              NEW CONSTANT g,
              NEW CONSTANT h,
              \A i \in 0..n - 1 : g[i] = h[i] 
       PROVE  Def(g, n) = Def(h, n) ,
       NEW CONSTANT k \in Nat,
       NEW CONSTANT l \in 1..k + 1,
       NEW CONSTANT i \in 0..l - 1,
       NEW CONSTANT g,
       NEW CONSTANT h,
       g = [n \in 0..k + 1 |-> [i_1 \in 0..n - 1 |-> Def(g[n - 1], i_1)]] ,
       h = [n \in 0..l |-> [i_1 \in 0..n - 1 |-> Def(h[n - 1], i_1)]] ,
       ASSUME NEW CONSTANT nn \in 0..k,
              NEW CONSTANT j \in 0..nn - 1
       PROVE  [nn_1 \in 0..k |->
                 [ii \in 0..nn_1 - 1 |-> Def(g[nn_1 - 1], ii)]][nn - 1]
              = g[nn - 1] 
PROVE  TRUE

@!!END

@!!BEGIN
@!!type:obligation
@!!id:101
@!!loc:178:21:178:23
@!!status:normalized
@!!meth:time-limit: 5
@!!obl:ASSUME NEW CONSTANT Def(_, _),
       ASSUME NEW CONSTANT n \in Nat,
              NEW CONSTANT g,
              NEW CONSTANT h,
              \A i \in 0..n - 1 : g[i] = h[i] 
       PROVE  Def(g, n) = Def(h, n) ,
       NEW CONSTANT k \in Nat,
       NEW CONSTANT l \in 1..k + 1,
       NEW CONSTANT i \in 0..l - 1,
       NEW CONSTANT g,
       NEW CONSTANT h,
       P(g, k + 1) ,
       P(h, l) ,
       NEW CONSTANT nn \in 0..k,
       NEW CONSTANT j \in 0..nn - 1,
       [nn_1 \in 0..k |-> [ii \in 0..nn_1 - 1 |-> Def(g[nn_1 - 1], ii)]][nn
                                                                    - 1]
       = [ii \in 0..nn - 2 |-> Def(g[nn - 2], ii)] ,
       g[nn - 1] = [ii \in 0..nn - 1 - 1 |-> Def(g[nn - 1 - 1], ii)] 
PROVE  [nn_1 \in 0..k |-> [ii \in 0..nn_1 - 1 |-> Def(g[nn_1 - 1], ii)]][nn
                                                                    - 1]
       = g[nn - 1]

@!!END

@!!BEGIN
@!!type:obligation
@!!id:101
@!!loc:178:21:178:23
@!!status:proved
@!!prover:smt
@!!meth:time-limit: 5; time-used: 0.1 (1%)
@!!already:false
@!!obl:
ASSUME NEW CONSTANT Def(_, _),
       ASSUME NEW CONSTANT n \in Nat,
              NEW CONSTANT g,
              NEW CONSTANT h,
              \A i \in 0..n - 1 : g[i] = h[i] 
       PROVE  Def(g, n) = Def(h, n) ,
       NEW CONSTANT k \in Nat,
       NEW CONSTANT l \in 1..k + 1,
       NEW CONSTANT i \in 0..l - 1,
       NEW CONSTANT g,
       NEW CONSTANT h,
       P(g, k + 1) ,
       P(h, l) ,
       NEW CONSTANT nn \in 0..k,
       NEW CONSTANT j \in 0..nn - 1,
       [nn_1 \in 0..k |-> [ii \in 0..nn_1 - 1 |-> Def(g[nn_1 - 1], ii)]][nn
                                                                    - 1]
       = [ii \in 0..nn - 2 |-> Def(g[nn - 2], ii)] ,
       g[nn - 1] = [ii \in 0..nn - 1 - 1 |-> Def(g[nn - 1 - 1], ii)] 
PROVE  [nn_1 \in 0..k |-> [ii \in 0..nn_1 - 1 |-> Def(g[nn_1 - 1], ii)]][nn
                                                                    - 1]
       = g[nn - 1]

@!!END

@!!BEGIN
@!!type:obligation
@!!id:102
@!!loc:178:24:178:28
@!!status:trivial
@!!prover:tlapm
@!!already:false
@!!obl:ASSUME NEW CONSTANT Def(_, _),
       ASSUME NEW CONSTANT n \in Nat,
              NEW CONSTANT g,
              NEW CONSTANT h,
              \A i \in 0..n - 1 : g[i] = h[i] 
       PROVE  Def(g, n) = Def(h, n) ,
       NEW CONSTANT k \in Nat,
       NEW CONSTANT l \in 1..k + 1,
       NEW CONSTANT i \in 0..l - 1,
       NEW CONSTANT g,
       NEW CONSTANT h,
       P(g, k + 1) ,
       P(h, l) ,
       NEW CONSTANT nn \in 0..k,
       NEW CONSTANT j \in 0..nn - 1,
       [nn_1 \in 0..k |-> [ii \in 0..nn_1 - 1 |-> Def(g[nn_1 - 1], ii)]][nn
                                                                    - 1]
       = [ii \in 0..nn - 2 |-> Def(g[nn - 2], ii)] 
PROVE  [nn_1 \in 0..k |-> [ii \in 0..nn_1 - 1 |-> Def(g[nn_1 - 1], ii)]][nn
                                                                    - 1]
       = [ii \in 0..nn - 2 |-> Def(g[nn - 2], ii)]

@!!END

@!!BEGIN
@!!type:obligation
@!!id:103
@!!loc:178:30:178:34
@!!status:trivial
@!!prover:tlapm
@!!already:false
@!!obl:ASSUME NEW CONSTANT Def(_, _),
       ASSUME NEW CONSTANT n \in Nat,
              NEW CONSTANT g,
              NEW CONSTANT h,
              \A i \in 0..n - 1 : g[i] = h[i] 
       PROVE  Def(g, n) = Def(h, n) ,
       NEW CONSTANT k \in Nat,
       NEW CONSTANT l \in 1..k + 1,
       NEW CONSTANT i \in 0..l - 1,
       NEW CONSTANT g,
       NEW CONSTANT h,
       P(g, k + 1) ,
       P(h, l) ,
       NEW CONSTANT nn \in 0..k,
       NEW CONSTANT j \in 0..nn - 1,
       g[nn - 1] = [ii \in 0..nn - 1 - 1 |-> Def(g[nn - 1 - 1], ii)] ,
       [nn_1 \in 0..k |-> [ii \in 0..nn_1 - 1 |-> Def(g[nn_1 - 1], ii)]][nn
                                                                    - 1]
       = [ii \in 0..nn - 2 |-> Def(g[nn - 2], ii)] 
PROVE  g[nn - 1] = [ii \in 0..nn - 1 - 1 |-> Def(g[nn - 1 - 1], ii)]

@!!END

@!!BEGIN
@!!type:obligation
@!!id:104
@!!loc:175:13:175:20
@!!status:normalized
@!!meth:time-limit: 5
@!!obl:ASSUME NEW CONSTANT Def(_, _),
       ASSUME NEW CONSTANT n \in Nat,
              NEW CONSTANT g,
              NEW CONSTANT h,
              \A i \in 0..n - 1 : g[i] = h[i] 
       PROVE  Def(g, n) = Def(h, n) ,
       NEW CONSTANT k \in Nat,
       NEW CONSTANT l \in 1..k + 1,
       NEW CONSTANT i \in 0..l - 1,
       NEW CONSTANT g,
       NEW CONSTANT h,
       P(g, k + 1) ,
       P(h, l) ,
       NEW CONSTANT nn \in 0..k,
       NEW CONSTANT j \in 0..nn - 1
PROVE  [nn_1 \in 0..k |-> [ii \in 0..nn_1 - 1 |-> Def(g[nn_1 - 1], ii)]][nn
                                                                    - 1]
       = [ii \in 0..nn - 2 |-> Def(g[nn - 2], ii)]

@!!END

@!!BEGIN
@!!type:obligation
@!!id:104
@!!loc:175:13:175:20
@!!status:proved
@!!prover:smt
@!!meth:time-limit: 5; time-used: 0.1 (1%)
@!!already:false
@!!obl:
ASSUME NEW CONSTANT Def(_, _),
       ASSUME NEW CONSTANT n \in Nat,
              NEW CONSTANT g,
              NEW CONSTANT h,
              \A i \in 0..n - 1 : g[i] = h[i] 
       PROVE  Def(g, n) = Def(h, n) ,
       NEW CONSTANT k \in Nat,
       NEW CONSTANT l \in 1..k + 1,
       NEW CONSTANT i \in 0..l - 1,
       NEW CONSTANT g,
       NEW CONSTANT h,
       P(g, k + 1) ,
       P(h, l) ,
       NEW CONSTANT nn \in 0..k,
       NEW CONSTANT j \in 0..nn - 1
PROVE  [nn_1 \in 0..k |-> [ii \in 0..nn_1 - 1 |-> Def(g[nn_1 - 1], ii)]][nn
                                                                    - 1]
       = [ii \in 0..nn - 2 |-> Def(g[nn - 2], ii)]

@!!END

@!!BEGIN
@!!type:obligation
@!!id:105
@!!loc:177:13:177:15
@!!status:normalized
@!!meth:time-limit: 10
@!!obl:ASSUME NEW CONSTANT Def(_, _),
       ASSUME NEW CONSTANT n \in Nat,
              NEW CONSTANT g,
              NEW CONSTANT h,
              \A i \in 0..n - 1 : g[i] = h[i] 
       PROVE  Def(g, n) = Def(h, n) ,
       NEW CONSTANT k \in Nat,
       NEW CONSTANT l \in 1..k + 1,
       NEW CONSTANT i \in 0..l - 1,
       NEW CONSTANT g,
       NEW CONSTANT h,
       g = [n \in 0..k + 1 |-> [i_1 \in 0..n - 1 |-> Def(g[n - 1], i_1)]] ,
       h = [n \in 0..l |-> [i_1 \in 0..n - 1 |-> Def(h[n - 1], i_1)]] ,
       NEW CONSTANT nn \in 0..k,
       NEW CONSTANT j \in 0..nn - 1,
       nn - 1 \in 0..k ,
       nn - 1 \in 0..k + 1 ,
       TRUE 
PROVE  g[nn - 1] = [ii \in 0..nn - 1 - 1 |-> Def(g[nn - 1 - 1], ii)]

@!!END

@!!BEGIN
@!!type:obligation
@!!id:105
@!!loc:177:13:177:15
@!!status:proved
@!!prover:zenon
@!!meth:time-limit: 10; time-used: 0.1 (1%)
@!!already:false
@!!obl:
ASSUME NEW CONSTANT Def(_, _),
       ASSUME NEW CONSTANT n \in Nat,
              NEW CONSTANT g,
              NEW CONSTANT h,
              \A i \in 0..n - 1 : g[i] = h[i] 
       PROVE  Def(g, n) = Def(h, n) ,
       NEW CONSTANT k \in Nat,
       NEW CONSTANT l \in 1..k + 1,
       NEW CONSTANT i \in 0..l - 1,
       NEW CONSTANT g,
       NEW CONSTANT h,
       g = [n \in 0..k + 1 |-> [i_1 \in 0..n - 1 |-> Def(g[n - 1], i_1)]] ,
       h = [n \in 0..l |-> [i_1 \in 0..n - 1 |-> Def(h[n - 1], i_1)]] ,
       NEW CONSTANT nn \in 0..k,
       NEW CONSTANT j \in 0..nn - 1,
       nn - 1 \in 0..k ,
       nn - 1 \in 0..k + 1 ,
       TRUE 
PROVE  g[nn - 1] = [ii \in 0..nn - 1 - 1 |-> Def(g[nn - 1 - 1], ii)]

@!!END

@!!BEGIN
@!!type:obligation
@!!id:106
@!!loc:177:16:177:31
@!!status:normalized
@!!meth:time-limit: 5
@!!obl:ASSUME NEW CONSTANT Def(_, _),
       ASSUME NEW CONSTANT n \in Nat,
              NEW CONSTANT g,
              NEW CONSTANT h,
              \A i \in 0..n - 1 : g[i] = h[i] 
       PROVE  Def(g, n) = Def(h, n) ,
       NEW CONSTANT k \in Nat,
       NEW CONSTANT l \in 1..k + 1,
       NEW CONSTANT i \in 0..l - 1,
       NEW CONSTANT g,
       NEW CONSTANT h,
       g = [n \in 0..k + 1 |-> [i_1 \in 0..n - 1 |-> Def(g[n - 1], i_1)]] ,
       h = [n \in 0..l |-> [i_1 \in 0..n - 1 |-> Def(h[n - 1], i_1)]] ,
       NEW CONSTANT nn \in 0..k,
       NEW CONSTANT j \in 0..nn - 1
PROVE  nn - 1 \in 0..k

@!!END

@!!BEGIN
@!!type:obligation
@!!id:106
@!!loc:177:16:177:31
@!!status:proved
@!!prover:smt
@!!meth:time-limit: 5; time-used: 0.0 (1%)
@!!already:false
@!!obl:
ASSUME NEW CONSTANT Def(_, _),
       ASSUME NEW CONSTANT n \in Nat,
              NEW CONSTANT g,
              NEW CONSTANT h,
              \A i \in 0..n - 1 : g[i] = h[i] 
       PROVE  Def(g, n) = Def(h, n) ,
       NEW CONSTANT k \in Nat,
       NEW CONSTANT l \in 1..k + 1,
       NEW CONSTANT i \in 0..l - 1,
       NEW CONSTANT g,
       NEW CONSTANT h,
       g = [n \in 0..k + 1 |-> [i_1 \in 0..n - 1 |-> Def(g[n - 1], i_1)]] ,
       h = [n \in 0..l |-> [i_1 \in 0..n - 1 |-> Def(h[n - 1], i_1)]] ,
       NEW CONSTANT nn \in 0..k,
       NEW CONSTANT j \in 0..nn - 1
PROVE  nn - 1 \in 0..k

@!!END

@!!BEGIN
@!!type:obligation
@!!id:107
@!!loc:177:33:177:50
@!!status:normalized
@!!meth:time-limit: 5
@!!obl:ASSUME NEW CONSTANT Def(_, _),
       ASSUME NEW CONSTANT n \in Nat,
              NEW CONSTANT g,
              NEW CONSTANT h,
              \A i \in 0..n - 1 : g[i] = h[i] 
       PROVE  Def(g, n) = Def(h, n) ,
       NEW CONSTANT k \in Nat,
       NEW CONSTANT l \in 1..k + 1,
       NEW CONSTANT i \in 0..l - 1,
       NEW CONSTANT g,
       NEW CONSTANT h,
       g = [n \in 0..k + 1 |-> [i_1 \in 0..n - 1 |-> Def(g[n - 1], i_1)]] ,
       h = [n \in 0..l |-> [i_1 \in 0..n - 1 |-> Def(h[n - 1], i_1)]] ,
       NEW CONSTANT nn \in 0..k,
       NEW CONSTANT j \in 0..nn - 1,
       nn - 1 \in 0..k 
PROVE  nn - 1 \in 0..k + 1

@!!END

@!!BEGIN
@!!type:obligation
@!!id:107
@!!loc:177:33:177:50
@!!status:proved
@!!prover:smt
@!!meth:time-limit: 5; time-used: 0.0 (1%)
@!!already:false
@!!obl:
ASSUME NEW CONSTANT Def(_, _),
       ASSUME NEW CONSTANT n \in Nat,
              NEW CONSTANT g,
              NEW CONSTANT h,
              \A i \in 0..n - 1 : g[i] = h[i] 
       PROVE  Def(g, n) = Def(h, n) ,
       NEW CONSTANT k \in Nat,
       NEW CONSTANT l \in 1..k + 1,
       NEW CONSTANT i \in 0..l - 1,
       NEW CONSTANT g,
       NEW CONSTANT h,
       g = [n \in 0..k + 1 |-> [i_1 \in 0..n - 1 |-> Def(g[n - 1], i_1)]] ,
       h = [n \in 0..l |-> [i_1 \in 0..n - 1 |-> Def(h[n - 1], i_1)]] ,
       NEW CONSTANT nn \in 0..k,
       NEW CONSTANT j \in 0..nn - 1,
       nn - 1 \in 0..k 
PROVE  nn - 1 \in 0..k + 1

@!!END

@!!BEGIN
@!!type:obligation
@!!id:108
@!!loc:177:52:177:57
@!!status:trivial
@!!prover:tlapm
@!!already:false
@!!obl:ASSUME NEW CONSTANT Def(_, _),
       ASSUME NEW CONSTANT n \in Nat,
              NEW CONSTANT g,
              NEW CONSTANT h,
              \A i \in 0..n - 1 : g[i] = h[i] 
       PROVE  Def(g, n) = Def(h, n) ,
       NEW CONSTANT k \in Nat,
       NEW CONSTANT l \in 1..k + 1,
       NEW CONSTANT i \in 0..l - 1,
       NEW CONSTANT g,
       NEW CONSTANT h,
       g = [n \in 0..k + 1 |-> [i_1 \in 0..n - 1 |-> Def(g[n - 1], i_1)]] ,
       h = [n \in 0..l |-> [i_1 \in 0..n - 1 |-> Def(h[n - 1], i_1)]] ,
       NEW CONSTANT nn \in 0..k,
       NEW CONSTANT j \in 0..nn - 1,
       nn - 1 \in 0..k ,
       nn - 1 \in 0..k + 1 
PROVE  TRUE

@!!END

@!!BEGIN
@!!type:obligation
@!!id:109
@!!loc:188:19:188:21
@!!status:normalized
@!!meth:time-limit: 10
@!!obl:ASSUME NEW CONSTANT Def(_, _),
       ASSUME NEW CONSTANT n \in Nat,
              NEW CONSTANT g,
              NEW CONSTANT h,
              \A i \in 0..n - 1 : g[i] = h[i] 
       PROVE  Def(g, n) = Def(h, n) ,
       NEW CONSTANT k \in Nat,
       NEW CONSTANT l \in 1..k + 1,
       NEW CONSTANT i \in 0..l - 1,
       NEW CONSTANT g,
       NEW CONSTANT h,
       g = [n \in 0..k + 1 |-> [i_1 \in 0..n - 1 |-> Def(g[n - 1], i_1)]] ,
       h = [n \in 0..l |-> [i_1 \in 0..n - 1 |-> Def(h[n - 1], i_1)]] ,
       ASSUME NEW CONSTANT nn \in 0..l - 1,
              NEW CONSTANT j \in 0..nn - 1
       PROVE  [nn_1 \in 0..l - 1 |->
                 [ii \in 0..nn_1 - 1 |-> Def(h[nn_1 - 1], ii)]][nn - 1]
              = h[nn - 1] ,
       TRUE 
PROVE  [nn \in 0..l - 1 |-> [ii \in 0..nn - 1 |-> Def(h[nn - 1], ii)]]
       = [n \in 0..l - 1 |->
            [i_1 \in 0..n - 1 |->
               Def([nn \in 0..l - 1 |->
                      [ii \in 0..nn - 1 |-> Def(h[nn - 1], ii)]][n - 1],
                   i_1)]]

@!!END

@!!BEGIN
@!!type:obligation
@!!id:109
@!!loc:188:19:188:21
@!!status:proved
@!!prover:zenon
@!!meth:time-limit: 10; time-used: 0.1 (1%)
@!!already:false
@!!obl:
ASSUME NEW CONSTANT Def(_, _),
       ASSUME NEW CONSTANT n \in Nat,
              NEW CONSTANT g,
              NEW CONSTANT h,
              \A i \in 0..n - 1 : g[i] = h[i] 
       PROVE  Def(g, n) = Def(h, n) ,
       NEW CONSTANT k \in Nat,
       NEW CONSTANT l \in 1..k + 1,
       NEW CONSTANT i \in 0..l - 1,
       NEW CONSTANT g,
       NEW CONSTANT h,
       g = [n \in 0..k + 1 |-> [i_1 \in 0..n - 1 |-> Def(g[n - 1], i_1)]] ,
       h = [n \in 0..l |-> [i_1 \in 0..n - 1 |-> Def(h[n - 1], i_1)]] ,
       ASSUME NEW CONSTANT nn \in 0..l - 1,
              NEW CONSTANT j \in 0..nn - 1
       PROVE  [nn_1 \in 0..l - 1 |->
                 [ii \in 0..nn_1 - 1 |-> Def(h[nn_1 - 1], ii)]][nn - 1]
              = h[nn - 1] ,
       TRUE 
PROVE  [nn \in 0..l - 1 |-> [ii \in 0..nn - 1 |-> Def(h[nn - 1], ii)]]
       = [n \in 0..l - 1 |->
            [i_1 \in 0..n - 1 |->
               Def([nn \in 0..l - 1 |->
                      [ii \in 0..nn - 1 |-> Def(h[nn - 1], ii)]][n - 1],
                   i_1)]]

@!!END

@!!BEGIN
@!!type:obligation
@!!id:110
@!!loc:188:22:188:26
@!!status:trivial
@!!prover:tlapm
@!!already:false
@!!obl:ASSUME NEW CONSTANT Def(_, _),
       ASSUME NEW CONSTANT n \in Nat,
              NEW CONSTANT g,
              NEW CONSTANT h,
              \A i \in 0..n - 1 : g[i] = h[i] 
       PROVE  Def(g, n) = Def(h, n) ,
       NEW CONSTANT k \in Nat,
       NEW CONSTANT l \in 1..k + 1,
       NEW CONSTANT i \in 0..l - 1,
       NEW CONSTANT g,
       NEW CONSTANT h,
       g = [n \in 0..k + 1 |-> [i_1 \in 0..n - 1 |-> Def(g[n - 1], i_1)]] ,
       h = [n \in 0..l |-> [i_1 \in 0..n - 1 |-> Def(h[n - 1], i_1)]] ,
       ASSUME NEW CONSTANT nn \in 0..l - 1,
              NEW CONSTANT j \in 0..nn - 1
       PROVE  [nn_1 \in 0..l - 1 |->
                 [ii \in 0..nn_1 - 1 |-> Def(h[nn_1 - 1], ii)]][nn - 1]
              = h[nn - 1] 
PROVE  ASSUME NEW CONSTANT nn \in 0..l - 1,
              NEW CONSTANT j \in 0..nn - 1
       PROVE  [nn_1 \in 0..l - 1 |->
                 [ii \in 0..nn_1 - 1 |-> Def(h[nn_1 - 1], ii)]][nn - 1]
              = h[nn - 1]

@!!END

@!!BEGIN
@!!type:obligation
@!!id:111
@!!loc:188:28:188:33
@!!status:trivial
@!!prover:tlapm
@!!already:false
@!!obl:ASSUME NEW CONSTANT Def(_, _),
       ASSUME NEW CONSTANT n \in Nat,
              NEW CONSTANT g,
              NEW CONSTANT h,
              \A i \in 0..n - 1 : g[i] = h[i] 
       PROVE  Def(g, n) = Def(h, n) ,
       NEW CONSTANT k \in Nat,
       NEW CONSTANT l \in 1..k + 1,
       NEW CONSTANT i \in 0..l - 1,
       NEW CONSTANT g,
       NEW CONSTANT h,
       g = [n \in 0..k + 1 |-> [i_1 \in 0..n - 1 |-> Def(g[n - 1], i_1)]] ,
       h = [n \in 0..l |-> [i_1 \in 0..n - 1 |-> Def(h[n - 1], i_1)]] ,
       ASSUME NEW CONSTANT nn \in 0..l - 1,
              NEW CONSTANT j \in 0..nn - 1
       PROVE  [nn_1 \in 0..l - 1 |->
                 [ii \in 0..nn_1 - 1 |-> Def(h[nn_1 - 1], ii)]][nn - 1]
              = h[nn - 1] 
PROVE  TRUE

@!!END

@!!BEGIN
@!!type:obligation
@!!id:112
@!!loc:187:21:187:23
@!!status:normalized
@!!meth:time-limit: 5
@!!obl:ASSUME NEW CONSTANT Def(_, _),
       ASSUME NEW CONSTANT n \in Nat,
              NEW CONSTANT g,
              NEW CONSTANT h,
              \A i \in 0..n - 1 : g[i] = h[i] 
       PROVE  Def(g, n) = Def(h, n) ,
       NEW CONSTANT k \in Nat,
       NEW CONSTANT l \in 1..k + 1,
       NEW CONSTANT i \in 0..l - 1,
       NEW CONSTANT g,
       NEW CONSTANT h,
       P(g, k + 1) ,
       P(h, l) ,
       NEW CONSTANT nn \in 0..l - 1,
       NEW CONSTANT j \in 0..nn - 1,
       [nn_1 \in 0..l - 1 |-> [ii \in 0..nn_1 - 1 |-> Def(h[nn_1 - 1], ii)]][nn
                                                                    - 1]
       = [ii \in 0..nn - 2 |-> Def(h[nn - 2], ii)] ,
       h[nn - 1] = [ii \in 0..nn - 1 - 1 |-> Def(h[nn - 1 - 1], ii)] 
PROVE  [nn_1 \in 0..l - 1 |-> [ii \in 0..nn_1 - 1 |-> Def(h[nn_1 - 1], ii)]][nn
                                                                    - 1]
       = h[nn - 1]

@!!END

@!!BEGIN
@!!type:obligation
@!!id:112
@!!loc:187:21:187:23
@!!status:proved
@!!prover:smt
@!!meth:time-limit: 5; time-used: 0.0 (1%)
@!!already:false
@!!obl:
ASSUME NEW CONSTANT Def(_, _),
       ASSUME NEW CONSTANT n \in Nat,
              NEW CONSTANT g,
              NEW CONSTANT h,
              \A i \in 0..n - 1 : g[i] = h[i] 
       PROVE  Def(g, n) = Def(h, n) ,
       NEW CONSTANT k \in Nat,
       NEW CONSTANT l \in 1..k + 1,
       NEW CONSTANT i \in 0..l - 1,
       NEW CONSTANT g,
       NEW CONSTANT h,
       P(g, k + 1) ,
       P(h, l) ,
       NEW CONSTANT nn \in 0..l - 1,
       NEW CONSTANT j \in 0..nn - 1,
       [nn_1 \in 0..l - 1 |-> [ii \in 0..nn_1 - 1 |-> Def(h[nn_1 - 1], ii)]][nn
                                                                    - 1]
       = [ii \in 0..nn - 2 |-> Def(h[nn - 2], ii)] ,
       h[nn - 1] = [ii \in 0..nn - 1 - 1 |-> Def(h[nn - 1 - 1], ii)] 
PROVE  [nn_1 \in 0..l - 1 |-> [ii \in 0..nn_1 - 1 |-> Def(h[nn_1 - 1], ii)]][nn
                                                                    - 1]
       = h[nn - 1]

@!!END

@!!BEGIN
@!!type:obligation
@!!id:113
@!!loc:187:24:187:28
@!!status:trivial
@!!prover:tlapm
@!!already:false
@!!obl:ASSUME NEW CONSTANT Def(_, _),
       ASSUME NEW CONSTANT n \in Nat,
              NEW CONSTANT g,
              NEW CONSTANT h,
              \A i \in 0..n - 1 : g[i] = h[i] 
       PROVE  Def(g, n) = Def(h, n) ,
       NEW CONSTANT k \in Nat,
       NEW CONSTANT l \in 1..k + 1,
       NEW CONSTANT i \in 0..l - 1,
       NEW CONSTANT g,
       NEW CONSTANT h,
       P(g, k + 1) ,
       P(h, l) ,
       NEW CONSTANT nn \in 0..l - 1,
       NEW CONSTANT j \in 0..nn - 1,
       [nn_1 \in 0..l - 1 |-> [ii \in 0..nn_1 - 1 |-> Def(h[nn_1 - 1], ii)]][nn
                                                                    - 1]
       = [ii \in 0..nn - 2 |-> Def(h[nn - 2], ii)] 
PROVE  [nn_1 \in 0..l - 1 |-> [ii \in 0..nn_1 - 1 |-> Def(h[nn_1 - 1], ii)]][nn
                                                                    - 1]
       = [ii \in 0..nn - 2 |-> Def(h[nn - 2], ii)]

@!!END

@!!BEGIN
@!!type:obligation
@!!id:114
@!!loc:187:30:187:34
@!!status:trivial
@!!prover:tlapm
@!!already:false
@!!obl:ASSUME NEW CONSTANT Def(_, _),
       ASSUME NEW CONSTANT n \in Nat,
              NEW CONSTANT g,
              NEW CONSTANT h,
              \A i \in 0..n - 1 : g[i] = h[i] 
       PROVE  Def(g, n) = Def(h, n) ,
       NEW CONSTANT k \in Nat,
       NEW CONSTANT l \in 1..k + 1,
       NEW CONSTANT i \in 0..l - 1,
       NEW CONSTANT g,
       NEW CONSTANT h,
       P(g, k + 1) ,
       P(h, l) ,
       NEW CONSTANT nn \in 0..l - 1,
       NEW CONSTANT j \in 0..nn - 1,
       h[nn - 1] = [ii \in 0..nn - 1 - 1 |-> Def(h[nn - 1 - 1], ii)] ,
       [nn_1 \in 0..l - 1 |-> [ii \in 0..nn_1 - 1 |-> Def(h[nn_1 - 1], ii)]][nn
                                                                    - 1]
       = [ii \in 0..nn - 2 |-> Def(h[nn - 2], ii)] 
PROVE  h[nn - 1] = [ii \in 0..nn - 1 - 1 |-> Def(h[nn - 1 - 1], ii)]

@!!END

@!!BEGIN
@!!type:obligation
@!!id:115
@!!loc:184:13:184:20
@!!status:normalized
@!!meth:time-limit: 5
@!!obl:ASSUME NEW CONSTANT Def(_, _),
       ASSUME NEW CONSTANT n \in Nat,
              NEW CONSTANT g,
              NEW CONSTANT h,
              \A i \in 0..n - 1 : g[i] = h[i] 
       PROVE  Def(g, n) = Def(h, n) ,
       NEW CONSTANT k \in Nat,
       NEW CONSTANT l \in 1..k + 1,
       NEW CONSTANT i \in 0..l - 1,
       NEW CONSTANT g,
       NEW CONSTANT h,
       P(g, k + 1) ,
       P(h, l) ,
       NEW CONSTANT nn \in 0..l - 1,
       NEW CONSTANT j \in 0..nn - 1
PROVE  [nn_1 \in 0..l - 1 |-> [ii \in 0..nn_1 - 1 |-> Def(h[nn_1 - 1], ii)]][nn
                                                                    - 1]
       = [ii \in 0..nn - 2 |-> Def(h[nn - 2], ii)]

@!!END

@!!BEGIN
@!!type:obligation
@!!id:115
@!!loc:184:13:184:20
@!!status:proved
@!!prover:smt
@!!meth:time-limit: 5; time-used: 0.0 (1%)
@!!already:false
@!!obl:
ASSUME NEW CONSTANT Def(_, _),
       ASSUME NEW CONSTANT n \in Nat,
              NEW CONSTANT g,
              NEW CONSTANT h,
              \A i \in 0..n - 1 : g[i] = h[i] 
       PROVE  Def(g, n) = Def(h, n) ,
       NEW CONSTANT k \in Nat,
       NEW CONSTANT l \in 1..k + 1,
       NEW CONSTANT i \in 0..l - 1,
       NEW CONSTANT g,
       NEW CONSTANT h,
       P(g, k + 1) ,
       P(h, l) ,
       NEW CONSTANT nn \in 0..l - 1,
       NEW CONSTANT j \in 0..nn - 1
PROVE  [nn_1 \in 0..l - 1 |-> [ii \in 0..nn_1 - 1 |-> Def(h[nn_1 - 1], ii)]][nn
                                                                    - 1]
       = [ii \in 0..nn - 2 |-> Def(h[nn - 2], ii)]

@!!END

@!!BEGIN
@!!type:obligation
@!!id:116
@!!loc:186:13:186:15
@!!status:normalized
@!!meth:time-limit: 10
@!!obl:ASSUME NEW CONSTANT Def(_, _),
       ASSUME NEW CONSTANT n \in Nat,
              NEW CONSTANT g,
              NEW CONSTANT h,
              \A i \in 0..n - 1 : g[i] = h[i] 
       PROVE  Def(g, n) = Def(h, n) ,
       NEW CONSTANT k \in Nat,
       NEW CONSTANT l \in 1..k + 1,
       NEW CONSTANT i \in 0..l - 1,
       NEW CONSTANT g,
       NEW CONSTANT h,
       g = [n \in 0..k + 1 |-> [i_1 \in 0..n - 1 |-> Def(g[n - 1], i_1)]] ,
       h = [n \in 0..l |-> [i_1 \in 0..n - 1 |-> Def(h[n - 1], i_1)]] ,
       NEW CONSTANT nn \in 0..l - 1,
       NEW CONSTANT j \in 0..nn - 1,
       nn - 1 \in 0..l - 1 ,
       nn - 1 \in 0..l ,
       TRUE 
PROVE  h[nn - 1] = [ii \in 0..nn - 1 - 1 |-> Def(h[nn - 1 - 1], ii)]

@!!END

@!!BEGIN
@!!type:obligation
@!!id:116
@!!loc:186:13:186:15
@!!status:proved
@!!prover:zenon
@!!meth:time-limit: 10; time-used: 0.0 (0%)
@!!already:false
@!!obl:
ASSUME NEW CONSTANT Def(_, _),
       ASSUME NEW CONSTANT n \in Nat,
              NEW CONSTANT g,
              NEW CONSTANT h,
              \A i \in 0..n - 1 : g[i] = h[i] 
       PROVE  Def(g, n) = Def(h, n) ,
       NEW CONSTANT k \in Nat,
       NEW CONSTANT l \in 1..k + 1,
       NEW CONSTANT i \in 0..l - 1,
       NEW CONSTANT g,
       NEW CONSTANT h,
       g = [n \in 0..k + 1 |-> [i_1 \in 0..n - 1 |-> Def(g[n - 1], i_1)]] ,
       h = [n \in 0..l |-> [i_1 \in 0..n - 1 |-> Def(h[n - 1], i_1)]] ,
       NEW CONSTANT nn \in 0..l - 1,
       NEW CONSTANT j \in 0..nn - 1,
       nn - 1 \in 0..l - 1 ,
       nn - 1 \in 0..l ,
       TRUE 
PROVE  h[nn - 1] = [ii \in 0..nn - 1 - 1 |-> Def(h[nn - 1 - 1], ii)]

@!!END

@!!BEGIN
@!!type:obligation
@!!id:117
@!!loc:186:16:186:33
@!!status:normalized
@!!meth:time-limit: 5
@!!obl:ASSUME NEW CONSTANT Def(_, _),
       ASSUME NEW CONSTANT n \in Nat,
              NEW CONSTANT g,
              NEW CONSTANT h,
              \A i \in 0..n - 1 : g[i] = h[i] 
       PROVE  Def(g, n) = Def(h, n) ,
       NEW CONSTANT k \in Nat,
       NEW CONSTANT l \in 1..k + 1,
       NEW CONSTANT i \in 0..l - 1,
       NEW CONSTANT g,
       NEW CONSTANT h,
       g = [n \in 0..k + 1 |-> [i_1 \in 0..n - 1 |-> Def(g[n - 1], i_1)]] ,
       h = [n \in 0..l |-> [i_1 \in 0..n - 1 |-> Def(h[n - 1], i_1)]] ,
       NEW CONSTANT nn \in 0..l - 1,
       NEW CONSTANT j \in 0..nn - 1
PROVE  nn - 1 \in 0..l - 1

@!!END

@!!BEGIN
@!!type:obligation
@!!id:117
@!!loc:186:16:186:33
@!!status:proved
@!!prover:smt
@!!meth:time-limit: 5; time-used: 0.0 (1%)
@!!already:false
@!!obl:
ASSUME NEW CONSTANT Def(_, _),
       ASSUME NEW CONSTANT n \in Nat,
              NEW CONSTANT g,
              NEW CONSTANT h,
              \A i \in 0..n - 1 : g[i] = h[i] 
       PROVE  Def(g, n) = Def(h, n) ,
       NEW CONSTANT k \in Nat,
       NEW CONSTANT l \in 1..k + 1,
       NEW CONSTANT i \in 0..l - 1,
       NEW CONSTANT g,
       NEW CONSTANT h,
       g = [n \in 0..k + 1 |-> [i_1 \in 0..n - 1 |-> Def(g[n - 1], i_1)]] ,
       h = [n \in 0..l |-> [i_1 \in 0..n - 1 |-> Def(h[n - 1], i_1)]] ,
       NEW CONSTANT nn \in 0..l - 1,
       NEW CONSTANT j \in 0..nn - 1
PROVE  nn - 1 \in 0..l - 1

@!!END

@!!BEGIN
@!!type:obligation
@!!id:118
@!!loc:186:35:186:50
@!!status:normalized
@!!meth:time-limit: 5
@!!obl:ASSUME NEW CONSTANT Def(_, _),
       ASSUME NEW CONSTANT n \in Nat,
              NEW CONSTANT g,
              NEW CONSTANT h,
              \A i \in 0..n - 1 : g[i] = h[i] 
       PROVE  Def(g, n) = Def(h, n) ,
       NEW CONSTANT k \in Nat,
       NEW CONSTANT l \in 1..k + 1,
       NEW CONSTANT i \in 0..l - 1,
       NEW CONSTANT g,
       NEW CONSTANT h,
       g = [n \in 0..k + 1 |-> [i_1 \in 0..n - 1 |-> Def(g[n - 1], i_1)]] ,
       h = [n \in 0..l |-> [i_1 \in 0..n - 1 |-> Def(h[n - 1], i_1)]] ,
       NEW CONSTANT nn \in 0..l - 1,
       NEW CONSTANT j \in 0..nn - 1,
       nn - 1 \in 0..l - 1 
PROVE  nn - 1 \in 0..l

@!!END

@!!BEGIN
@!!type:obligation
@!!id:118
@!!loc:186:35:186:50
@!!status:proved
@!!prover:smt
@!!meth:time-limit: 5; time-used: 0.1 (1%)
@!!already:false
@!!obl:
ASSUME NEW CONSTANT Def(_, _),
       ASSUME NEW CONSTANT n \in Nat,
              NEW CONSTANT g,
              NEW CONSTANT h,
              \A i \in 0..n - 1 : g[i] = h[i] 
       PROVE  Def(g, n) = Def(h, n) ,
       NEW CONSTANT k \in Nat,
       NEW CONSTANT l \in 1..k + 1,
       NEW CONSTANT i \in 0..l - 1,
       NEW CONSTANT g,
       NEW CONSTANT h,
       g = [n \in 0..k + 1 |-> [i_1 \in 0..n - 1 |-> Def(g[n - 1], i_1)]] ,
       h = [n \in 0..l |-> [i_1 \in 0..n - 1 |-> Def(h[n - 1], i_1)]] ,
       NEW CONSTANT nn \in 0..l - 1,
       NEW CONSTANT j \in 0..nn - 1,
       nn - 1 \in 0..l - 1 
PROVE  nn - 1 \in 0..l

@!!END

@!!BEGIN
@!!type:obligation
@!!id:119
@!!loc:186:52:186:57
@!!status:trivial
@!!prover:tlapm
@!!already:false
@!!obl:ASSUME NEW CONSTANT Def(_, _),
       ASSUME NEW CONSTANT n \in Nat,
              NEW CONSTANT g,
              NEW CONSTANT h,
              \A i \in 0..n - 1 : g[i] = h[i] 
       PROVE  Def(g, n) = Def(h, n) ,
       NEW CONSTANT k \in Nat,
       NEW CONSTANT l \in 1..k + 1,
       NEW CONSTANT i \in 0..l - 1,
       NEW CONSTANT g,
       NEW CONSTANT h,
       g = [n \in 0..k + 1 |-> [i_1 \in 0..n - 1 |-> Def(g[n - 1], i_1)]] ,
       h = [n \in 0..l |-> [i_1 \in 0..n - 1 |-> Def(h[n - 1], i_1)]] ,
       NEW CONSTANT nn \in 0..l - 1,
       NEW CONSTANT j \in 0..nn - 1,
       nn - 1 \in 0..l - 1 ,
       nn - 1 \in 0..l 
PROVE  TRUE

@!!END

@!!BEGIN
@!!type:obligation
@!!id:120
@!!loc:192:19:192:21
@!!status:normalized
@!!meth:time-limit: 5
@!!obl:ASSUME NEW CONSTANT Def(_, _),
       ASSUME NEW CONSTANT n \in Nat,
              NEW CONSTANT g,
              NEW CONSTANT h,
              \A i \in 0..n - 1 : g[i] = h[i] 
       PROVE  Def(g, n) = Def(h, n) ,
       NEW CONSTANT k \in Nat,
       NEW CONSTANT l \in 1..k + 1,
       NEW CONSTANT i \in 0..l - 1,
       NEW CONSTANT g,
       NEW CONSTANT h,
       P(g, k + 1) ,
       P(h, l) ,
       NEW CONSTANT m \in 0..i - 1,
       \A l_1 \in 0..k :
          \A i_1 \in 0..l_1 - 1 :
             \A g_1, h_1 :
                P(g_1, k) /\ P(h_1, l_1) => g_1[l_1][i_1] = h_1[l_1][i_1] ,
       P(gg, k) ,
       P(hh, l - 1) ,
       l - 1 \in 0..k ,
       m \in 0..l - 1 - 1 
PROVE  gg[l - 1][m] = hh[l - 1][m]

@!!END

@!!BEGIN
@!!type:obligation
@!!id:120
@!!loc:192:19:192:21
@!!status:proved
@!!prover:smt
@!!meth:time-limit: 5; time-used: 0.0 (1%)
@!!already:false
@!!obl:
ASSUME NEW CONSTANT Def(_, _),
       ASSUME NEW CONSTANT n \in Nat,
              NEW CONSTANT g,
              NEW CONSTANT h,
              \A i \in 0..n - 1 : g[i] = h[i] 
       PROVE  Def(g, n) = Def(h, n) ,
       NEW CONSTANT k \in Nat,
       NEW CONSTANT l \in 1..k + 1,
       NEW CONSTANT i \in 0..l - 1,
       NEW CONSTANT g,
       NEW CONSTANT h,
       P(g, k + 1) ,
       P(h, l) ,
       NEW CONSTANT m \in 0..i - 1,
       \A l_1 \in 0..k :
          \A i_1 \in 0..l_1 - 1 :
             \A g_1, h_1 :
                P(g_1, k) /\ P(h_1, l_1) => g_1[l_1][i_1] = h_1[l_1][i_1] ,
       P(gg, k) ,
       P(hh, l - 1) ,
       l - 1 \in 0..k ,
       m \in 0..l - 1 - 1 
PROVE  gg[l - 1][m] = hh[l - 1][m]

@!!END

@!!BEGIN
@!!type:obligation
@!!id:121
@!!loc:192:22:192:26
@!!status:trivial
@!!prover:tlapm
@!!already:false
@!!obl:ASSUME NEW CONSTANT Def(_, _),
       ASSUME NEW CONSTANT n \in Nat,
              NEW CONSTANT g,
              NEW CONSTANT h,
              \A i \in 0..n - 1 : g[i] = h[i] 
       PROVE  Def(g, n) = Def(h, n) ,
       NEW CONSTANT k \in Nat,
       \A l \in 0..k :
          \A i \in 0..l - 1 :
             \A g, h : P(g, k) /\ P(h, l) => g[l][i] = h[l][i] ,
       NEW CONSTANT l \in 1..k + 1,
       NEW CONSTANT i \in 0..l - 1,
       NEW CONSTANT g,
       NEW CONSTANT h,
       P(g, k + 1) ,
       P(h, l) ,
       NEW CONSTANT m \in 0..i - 1
PROVE  \A l_1 \in 0..k :
          \A i_1 \in 0..l_1 - 1 :
             \A g_1, h_1 :
                P(g_1, k) /\ P(h_1, l_1) => g_1[l_1][i_1] = h_1[l_1][i_1]

@!!END

@!!BEGIN
@!!type:obligation
@!!id:122
@!!loc:192:28:192:32
@!!status:trivial
@!!prover:tlapm
@!!already:false
@!!obl:ASSUME NEW CONSTANT Def(_, _),
       ASSUME NEW CONSTANT n \in Nat,
              NEW CONSTANT g,
              NEW CONSTANT h,
              \A i \in 0..n - 1 : g[i] = h[i] 
       PROVE  Def(g, n) = Def(h, n) ,
       NEW CONSTANT k \in Nat,
       NEW CONSTANT l \in 1..k + 1,
       NEW CONSTANT i \in 0..l - 1,
       NEW CONSTANT g,
       NEW CONSTANT h,
       P(g, k + 1) ,
       P(h, l) ,
       P(gg, k) ,
       NEW CONSTANT m \in 0..i - 1,
       \A l_1 \in 0..k :
          \A i_1 \in 0..l_1 - 1 :
             \A g_1, h_1 :
                P(g_1, k) /\ P(h_1, l_1) => g_1[l_1][i_1] = h_1[l_1][i_1] 
PROVE  P(gg, k)

@!!END

@!!BEGIN
@!!type:obligation
@!!id:123
@!!loc:192:34:192:38
@!!status:trivial
@!!prover:tlapm
@!!already:false
@!!obl:ASSUME NEW CONSTANT Def(_, _),
       ASSUME NEW CONSTANT n \in Nat,
              NEW CONSTANT g,
              NEW CONSTANT h,
              \A i \in 0..n - 1 : g[i] = h[i] 
       PROVE  Def(g, n) = Def(h, n) ,
       NEW CONSTANT k \in Nat,
       NEW CONSTANT l \in 1..k + 1,
       NEW CONSTANT i \in 0..l - 1,
       NEW CONSTANT g,
       NEW CONSTANT h,
       P(g, k + 1) ,
       P(h, l) ,
       P(hh, l - 1) ,
       NEW CONSTANT m \in 0..i - 1,
       \A l_1 \in 0..k :
          \A i_1 \in 0..l_1 - 1 :
             \A g_1, h_1 :
                P(g_1, k) /\ P(h_1, l_1) => g_1[l_1][i_1] = h_1[l_1][i_1] ,
       P(gg, k) 
PROVE  P(hh, l - 1)

@!!END

@!!BEGIN
@!!type:obligation
@!!id:124
@!!loc:192:40:192:54
@!!status:normalized
@!!meth:time-limit: 5
@!!obl:ASSUME NEW CONSTANT Def(_, _),
       ASSUME NEW CONSTANT n \in Nat,
              NEW CONSTANT g,
              NEW CONSTANT h,
              \A i \in 0..n - 1 : g[i] = h[i] 
       PROVE  Def(g, n) = Def(h, n) ,
       NEW CONSTANT k \in Nat,
       NEW CONSTANT l \in 1..k + 1,
       NEW CONSTANT i \in 0..l - 1,
       NEW CONSTANT g,
       NEW CONSTANT h,
       P(g, k + 1) ,
       P(h, l) ,
       NEW CONSTANT m \in 0..i - 1,
       \A l_1 \in 0..k :
          \A i_1 \in 0..l_1 - 1 :
             \A g_1, h_1 :
                P(g_1, k) /\ P(h_1, l_1) => g_1[l_1][i_1] = h_1[l_1][i_1] ,
       P(gg, k) ,
       P(hh, l - 1) 
PROVE  l - 1 \in 0..k

@!!END

@!!BEGIN
@!!type:obligation
@!!id:124
@!!loc:192:40:192:54
@!!status:proved
@!!prover:smt
@!!meth:time-limit: 5; time-used: 0.1 (2%)
@!!already:false
@!!obl:
ASSUME NEW CONSTANT Def(_, _),
       ASSUME NEW CONSTANT n \in Nat,
              NEW CONSTANT g,
              NEW CONSTANT h,
              \A i \in 0..n - 1 : g[i] = h[i] 
       PROVE  Def(g, n) = Def(h, n) ,
       NEW CONSTANT k \in Nat,
       NEW CONSTANT l \in 1..k + 1,
       NEW CONSTANT i \in 0..l - 1,
       NEW CONSTANT g,
       NEW CONSTANT h,
       P(g, k + 1) ,
       P(h, l) ,
       NEW CONSTANT m \in 0..i - 1,
       \A l_1 \in 0..k :
          \A i_1 \in 0..l_1 - 1 :
             \A g_1, h_1 :
                P(g_1, k) /\ P(h_1, l_1) => g_1[l_1][i_1] = h_1[l_1][i_1] ,
       P(gg, k) ,
       P(hh, l - 1) 
PROVE  l - 1 \in 0..k

@!!END

@!!BEGIN
@!!type:obligation
@!!id:125
@!!loc:192:56:192:74
@!!status:normalized
@!!meth:time-limit: 5
@!!obl:ASSUME NEW CONSTANT Def(_, _),
       ASSUME NEW CONSTANT n \in Nat,
              NEW CONSTANT g,
              NEW CONSTANT h,
              \A i \in 0..n - 1 : g[i] = h[i] 
       PROVE  Def(g, n) = Def(h, n) ,
       NEW CONSTANT k \in Nat,
       NEW CONSTANT l \in 1..k + 1,
       NEW CONSTANT i \in 0..l - 1,
       NEW CONSTANT g,
       NEW CONSTANT h,
       P(g, k + 1) ,
       P(h, l) ,
       NEW CONSTANT m \in 0..i - 1,
       \A l_1 \in 0..k :
          \A i_1 \in 0..l_1 - 1 :
             \A g_1, h_1 :
                P(g_1, k) /\ P(h_1, l_1) => g_1[l_1][i_1] = h_1[l_1][i_1] ,
       P(gg, k) ,
       P(hh, l - 1) ,
       l - 1 \in 0..k 
PROVE  m \in 0..l - 1 - 1

@!!END

@!!BEGIN
@!!type:obligation
@!!id:125
@!!loc:192:56:192:74
@!!status:proved
@!!prover:smt
@!!meth:time-limit: 5; time-used: 0.1 (2%)
@!!already:false
@!!obl:
ASSUME NEW CONSTANT Def(_, _),
       ASSUME NEW CONSTANT n \in Nat,
              NEW CONSTANT g,
              NEW CONSTANT h,
              \A i \in 0..n - 1 : g[i] = h[i] 
       PROVE  Def(g, n) = Def(h, n) ,
       NEW CONSTANT k \in Nat,
       NEW CONSTANT l \in 1..k + 1,
       NEW CONSTANT i \in 0..l - 1,
       NEW CONSTANT g,
       NEW CONSTANT h,
       P(g, k + 1) ,
       P(h, l) ,
       NEW CONSTANT m \in 0..i - 1,
       \A l_1 \in 0..k :
          \A i_1 \in 0..l_1 - 1 :
             \A g_1, h_1 :
                P(g_1, k) /\ P(h_1, l_1) => g_1[l_1][i_1] = h_1[l_1][i_1] ,
       P(gg, k) ,
       P(hh, l - 1) ,
       l - 1 \in 0..k 
PROVE  m \in 0..l - 1 - 1

@!!END

@!!BEGIN
@!!type:obligation
@!!id:126
@!!loc:193:58:193:60
@!!status:normalized
@!!meth:time-limit: 5
@!!obl:ASSUME NEW CONSTANT Def(_, _),
       ASSUME NEW CONSTANT n \in Nat,
              NEW CONSTANT g,
              NEW CONSTANT h,
              \A i \in 0..n - 1 : g[i] = h[i] 
       PROVE  Def(g, n) = Def(h, n) ,
       NEW CONSTANT k \in Nat,
       NEW CONSTANT l \in 1..k + 1,
       NEW CONSTANT i \in 0..l - 1,
       NEW CONSTANT g,
       NEW CONSTANT h,
       P(g, k + 1) ,
       P(h, l) ,
       ASSUME NEW CONSTANT g_1,
              NEW CONSTANT k_1 \in Nat,
              P(g_1, k_1) ,
              NEW CONSTANT n \in 0..k_1,
              NEW CONSTANT i_1 \in 0..n - 1
       PROVE  g_1[n][i_1] = Def(g_1[n - 1], i_1) 
PROVE  \A m \in 0..i - 1 :
          g[l - 1][m]
          = [nn \in 0..k |-> [ii \in 0..nn - 1 |-> Def(g[nn - 1], ii)]][l - 1][m]

@!!END

@!!BEGIN
@!!type:obligation
@!!id:126
@!!loc:193:58:193:60
@!!status:proved
@!!prover:smt
@!!meth:time-limit: 5; time-used: 0.0 (1%)
@!!already:false
@!!obl:
ASSUME NEW CONSTANT Def(_, _),
       ASSUME NEW CONSTANT n \in Nat,
              NEW CONSTANT g,
              NEW CONSTANT h,
              \A i \in 0..n - 1 : g[i] = h[i] 
       PROVE  Def(g, n) = Def(h, n) ,
       NEW CONSTANT k \in Nat,
       NEW CONSTANT l \in 1..k + 1,
       NEW CONSTANT i \in 0..l - 1,
       NEW CONSTANT g,
       NEW CONSTANT h,
       P(g, k + 1) ,
       P(h, l) ,
       ASSUME NEW CONSTANT g_1,
              NEW CONSTANT k_1 \in Nat,
              P(g_1, k_1) ,
              NEW CONSTANT n \in 0..k_1,
              NEW CONSTANT i_1 \in 0..n - 1
       PROVE  g_1[n][i_1] = Def(g_1[n - 1], i_1) 
PROVE  \A m \in 0..i - 1 :
          g[l - 1][m]
          = [nn \in 0..k |-> [ii \in 0..nn - 1 |-> Def(g[nn - 1], ii)]][l - 1][m]

@!!END

@!!BEGIN
@!!type:obligation
@!!id:127
@!!loc:193:61:193:65
@!!status:trivial
@!!prover:tlapm
@!!already:false
@!!obl:ASSUME NEW CONSTANT Def(_, _),
       ASSUME NEW CONSTANT n \in Nat,
              NEW CONSTANT g,
              NEW CONSTANT h,
              \A i \in 0..n - 1 : g[i] = h[i] 
       PROVE  Def(g, n) = Def(h, n) ,
       ASSUME NEW CONSTANT g,
              NEW CONSTANT k \in Nat,
              P(g, k) ,
              NEW CONSTANT n \in 0..k,
              NEW CONSTANT i \in 0..n - 1
       PROVE  g[n][i] = Def(g[n - 1], i) ,
       NEW CONSTANT k \in Nat,
       NEW CONSTANT l \in 1..k + 1,
       NEW CONSTANT i \in 0..l - 1,
       NEW CONSTANT g,
       NEW CONSTANT h,
       P(g, k + 1) ,
       P(h, l) 
PROVE  ASSUME NEW CONSTANT g_1,
              NEW CONSTANT k_1 \in Nat,
              P(g_1, k_1) ,
              NEW CONSTANT n \in 0..k_1,
              NEW CONSTANT i_1 \in 0..n - 1
       PROVE  g_1[n][i_1] = Def(g_1[n - 1], i_1)

@!!END

@!!BEGIN
@!!type:obligation
@!!id:128
@!!loc:194:58:194:60
@!!status:normalized
@!!meth:time-limit: 5
@!!obl:ASSUME NEW CONSTANT Def(_, _),
       ASSUME NEW CONSTANT n \in Nat,
              NEW CONSTANT g,
              NEW CONSTANT h,
              \A i \in 0..n - 1 : g[i] = h[i] 
       PROVE  Def(g, n) = Def(h, n) ,
       NEW CONSTANT k \in Nat,
       NEW CONSTANT l \in 1..k + 1,
       NEW CONSTANT i \in 0..l - 1,
       NEW CONSTANT g,
       NEW CONSTANT h,
       P(g, k + 1) ,
       P(h, l) ,
       ASSUME NEW CONSTANT g_1,
              NEW CONSTANT k_1 \in Nat,
              P(g_1, k_1) ,
              NEW CONSTANT n \in 0..k_1,
              NEW CONSTANT i_1 \in 0..n - 1
       PROVE  g_1[n][i_1] = Def(g_1[n - 1], i_1) 
PROVE  \A m \in 0..i - 1 :
          h[l - 1][m]
          = [nn \in 0..l - 1 |-> [ii \in 0..nn - 1 |-> Def(h[nn - 1], ii)]][l
                                                                    - 1][m]

@!!END

@!!BEGIN
@!!type:obligation
@!!id:128
@!!loc:194:58:194:60
@!!status:proved
@!!prover:smt
@!!meth:time-limit: 5; time-used: 0.1 (2%)
@!!already:false
@!!obl:
ASSUME NEW CONSTANT Def(_, _),
       ASSUME NEW CONSTANT n \in Nat,
              NEW CONSTANT g,
              NEW CONSTANT h,
              \A i \in 0..n - 1 : g[i] = h[i] 
       PROVE  Def(g, n) = Def(h, n) ,
       NEW CONSTANT k \in Nat,
       NEW CONSTANT l \in 1..k + 1,
       NEW CONSTANT i \in 0..l - 1,
       NEW CONSTANT g,
       NEW CONSTANT h,
       P(g, k + 1) ,
       P(h, l) ,
       ASSUME NEW CONSTANT g_1,
              NEW CONSTANT k_1 \in Nat,
              P(g_1, k_1) ,
              NEW CONSTANT n \in 0..k_1,
              NEW CONSTANT i_1 \in 0..n - 1
       PROVE  g_1[n][i_1] = Def(g_1[n - 1], i_1) 
PROVE  \A m \in 0..i - 1 :
          h[l - 1][m]
          = [nn \in 0..l - 1 |-> [ii \in 0..nn - 1 |-> Def(h[nn - 1], ii)]][l
                                                                    - 1][m]

@!!END

@!!BEGIN
@!!type:obligation
@!!id:129
@!!loc:194:61:194:65
@!!status:trivial
@!!prover:tlapm
@!!already:false
@!!obl:ASSUME NEW CONSTANT Def(_, _),
       ASSUME NEW CONSTANT n \in Nat,
              NEW CONSTANT g,
              NEW CONSTANT h,
              \A i \in 0..n - 1 : g[i] = h[i] 
       PROVE  Def(g, n) = Def(h, n) ,
       ASSUME NEW CONSTANT g,
              NEW CONSTANT k \in Nat,
              P(g, k) ,
              NEW CONSTANT n \in 0..k,
              NEW CONSTANT i \in 0..n - 1
       PROVE  g[n][i] = Def(g[n - 1], i) ,
       NEW CONSTANT k \in Nat,
       NEW CONSTANT l \in 1..k + 1,
       NEW CONSTANT i \in 0..l - 1,
       NEW CONSTANT g,
       NEW CONSTANT h,
       P(g, k + 1) ,
       P(h, l) 
PROVE  ASSUME NEW CONSTANT g_1,
              NEW CONSTANT k_1 \in Nat,
              P(g_1, k_1) ,
              NEW CONSTANT n \in 0..k_1,
              NEW CONSTANT i_1 \in 0..n - 1
       PROVE  g_1[n][i_1] = Def(g_1[n - 1], i_1)

@!!END

@!!BEGIN
@!!type:obligation
@!!id:130
@!!loc:195:58:195:60
@!!status:normalized
@!!meth:time-limit: 10
@!!obl:ASSUME NEW CONSTANT Def(_, _),
       ASSUME NEW CONSTANT n \in Nat,
              NEW CONSTANT g,
              NEW CONSTANT h,
              \A i \in 0..n - 1 : g[i] = h[i] 
       PROVE  Def(g, n) = Def(h, n) ,
       NEW CONSTANT k \in Nat,
       NEW CONSTANT l \in 1..k + 1,
       NEW CONSTANT i \in 0..l - 1,
       NEW CONSTANT g,
       NEW CONSTANT h,
       P(g, k + 1) ,
       P(h, l) ,
       ASSUME NEW CONSTANT m \in 0..i - 1
       PROVE  [nn \in 0..k |-> [ii \in 0..nn - 1 |-> Def(g[nn - 1], ii)]][l
                                                                    - 1][m]
              = [nn \in 0..l - 1 |->
                   [ii \in 0..nn - 1 |-> Def(h[nn - 1], ii)]][l - 1][m] ,
       \A m \in 0..i - 1 :
          g[l - 1][m]
          = [nn \in 0..k |-> [ii \in 0..nn - 1 |-> Def(g[nn - 1], ii)]][l - 1][m] ,
       \A m \in 0..i - 1 :
          h[l - 1][m]
          = [nn \in 0..l - 1 |-> [ii \in 0..nn - 1 |-> Def(h[nn - 1], ii)]][l
                                                                    - 1][m] ,
       TRUE 
PROVE  \A m \in 0..i - 1 : g[l - 1][m] = h[l - 1][m]

@!!END

@!!BEGIN
@!!type:obligation
@!!id:1
@!!loc:30:1:30:3
@!!status:being proved
@!!prover:isabelle
@!!meth:(intro natInduct, auto); time-limit: 30
@!!obl:
ASSUME NEW CONSTANT P(_),
       P(0) ,
       \A n \in Nat : P(n) => P(n + 1) ,
       TRUE 
PROVE  \A n \in Nat : P(n)

@!!END

@!!BEGIN
@!!type:obligation
@!!id:3
@!!loc:45:11:45:13
@!!status:being proved
@!!prover:isabelle
@!!meth:auto; time-limit: 30
@!!obl:
ASSUME NEW CONSTANT P(_),
       NEW CONSTANT m \in Nat,
       P(m) ,
       \A n \in 1..m : P(n) => P(n - 1) ,
       \A n \in Nat : n =< m => P(m - n) ,
       TRUE 
PROVE  P(0)

@!!END

@!!BEGIN
@!!type:obligation
@!!id:10
@!!loc:44:28:44:30
@!!status:being proved
@!!prover:isabelle
@!!meth:auto; time-limit: 30
@!!obl:
ASSUME NEW CONSTANT P(_),
       NEW CONSTANT m \in Nat,
       P(m) ,
       \A n \in 1..m : P(n) => P(n - 1) ,
       0 =< m => P(m - 0) ,
       ASSUME NEW CONSTANT n \in Nat,
              n =< m => P(m - n) 
       PROVE  n + 1 =< m => P(m - (n + 1)) ,
       ASSUME NEW CONSTANT P_1(_),
              P_1(0) ,
              \A n \in Nat : P_1(n) => P_1(n + 1) 
       PROVE  \A n \in Nat : P_1(n) ,
       TRUE 
PROVE  \A n \in Nat : n =< m => P(m - n)

@!!END

@!!BEGIN
@!!type:obligation
@!!id:19
@!!loc:59:28:59:30
@!!status:being proved
@!!prover:isabelle
@!!meth:auto; time-limit: 30
@!!obl:
ASSUME NEW CONSTANT P(_),
       \A n \in Nat : (\A m \in 0..n - 1 : P(m)) => P(n) ,
       \A m \in 0..0 : P(m) ,
       \A n \in Nat : (\A m \in 0..n : P(m)) => (\A m \in 0..n + 1 : P(m)) ,
       ASSUME NEW CONSTANT P_1(_),
              P_1(0) ,
              \A n \in Nat : P_1(n) => P_1(n + 1) 
       PROVE  \A n \in Nat : P_1(n) ,
       TRUE 
PROVE  \A n \in Nat : \A m \in 0..n : P(m)

@!!END

@!!BEGIN
@!!type:obligation
@!!id:130
@!!loc:195:58:195:60
@!!status:proved
@!!prover:zenon
@!!meth:time-limit: 10; time-used: 0.6 (6%)
@!!already:false
@!!obl:
ASSUME NEW CONSTANT Def(_, _),
       ASSUME NEW CONSTANT n \in Nat,
              NEW CONSTANT g,
              NEW CONSTANT h,
              \A i \in 0..n - 1 : g[i] = h[i] 
       PROVE  Def(g, n) = Def(h, n) ,
       NEW CONSTANT k \in Nat,
       NEW CONSTANT l \in 1..k + 1,
       NEW CONSTANT i \in 0..l - 1,
       NEW CONSTANT g,
       NEW CONSTANT h,
       P(g, k + 1) ,
       P(h, l) ,
       ASSUME NEW CONSTANT m \in 0..i - 1
       PROVE  [nn \in 0..k |-> [ii \in 0..nn - 1 |-> Def(g[nn - 1], ii)]][l
                                                                    - 1][m]
              = [nn \in 0..l - 1 |->
                   [ii \in 0..nn - 1 |-> Def(h[nn - 1], ii)]][l - 1][m] ,
       \A m \in 0..i - 1 :
          g[l - 1][m]
          = [nn \in 0..k |-> [ii \in 0..nn - 1 |-> Def(g[nn - 1], ii)]][l - 1][m] ,
       \A m \in 0..i - 1 :
          h[l - 1][m]
          = [nn \in 0..l - 1 |-> [ii \in 0..nn - 1 |-> Def(h[nn - 1], ii)]][l
                                                                    - 1][m] ,
       TRUE 
PROVE  \A m \in 0..i - 1 : g[l - 1][m] = h[l - 1][m]

@!!END

@!!BEGIN
@!!type:obligation
@!!id:24
@!!loc:81:11:81:13
@!!status:being proved
@!!prover:isabelle
@!!meth:auto; time-limit: 30
@!!obl:
ASSUME NEW CONSTANT P(_),
       NEW CONSTANT n \in Nat,
       ASSUME NEW CONSTANT l \in Nat,
              \A k \in 0..l - 1 : Q(k) 
       PROVE  Q(l) ,
       ASSUME NEW CONSTANT P_1(_),
              \A n_1 \in Nat : (\A m \in 0..n_1 - 1 : P_1(m)) => P_1(n_1) 
       PROVE  \A n_1 \in Nat : P_1(n_1) ,
       TRUE 
PROVE  \A m \in Nat : Q(m)

@!!END

@!!BEGIN
@!!type:obligation
@!!id:131
@!!loc:195:61:195:65
@!!status:trivial
@!!prover:tlapm
@!!already:false
@!!obl:ASSUME NEW CONSTANT Def(_, _),
       ASSUME NEW CONSTANT n \in Nat,
              NEW CONSTANT g,
              NEW CONSTANT h,
              \A i \in 0..n - 1 : g[i] = h[i] 
       PROVE  Def(g, n) = Def(h, n) ,
       NEW CONSTANT k \in Nat,
       NEW CONSTANT l \in 1..k + 1,
       NEW CONSTANT i \in 0..l - 1,
       NEW CONSTANT g,
       NEW CONSTANT h,
       P(g, k + 1) ,
       P(h, l) ,
       ASSUME NEW CONSTANT m \in 0..i - 1
       PROVE  [nn \in 0..k |-> [ii \in 0..nn - 1 |-> Def(g[nn - 1], ii)]][l
                                                                    - 1][m]
              = [nn \in 0..l - 1 |->
                   [ii \in 0..nn - 1 |-> Def(h[nn - 1], ii)]][l - 1][m] 
PROVE  ASSUME NEW CONSTANT m \in 0..i - 1
       PROVE  [nn \in 0..k |-> [ii \in 0..nn - 1 |-> Def(g[nn - 1], ii)]][l
                                                                    - 1][m]
              = [nn \in 0..l - 1 |->
                   [ii \in 0..nn - 1 |-> Def(h[nn - 1], ii)]][l - 1][m]

@!!END

@!!BEGIN
@!!type:obligation
@!!id:132
@!!loc:195:67:195:71
@!!status:trivial
@!!prover:tlapm
@!!already:false
@!!obl:ASSUME NEW CONSTANT Def(_, _),
       ASSUME NEW CONSTANT n \in Nat,
              NEW CONSTANT g,
              NEW CONSTANT h,
              \A i \in 0..n - 1 : g[i] = h[i] 
       PROVE  Def(g, n) = Def(h, n) ,
       NEW CONSTANT k \in Nat,
       NEW CONSTANT l \in 1..k + 1,
       NEW CONSTANT i \in 0..l - 1,
       NEW CONSTANT g,
       NEW CONSTANT h,
       P(g, k + 1) ,
       P(h, l) ,
       \A m \in 0..i - 1 :
          g[l - 1][m]
          = [nn \in 0..k |-> [ii \in 0..nn - 1 |-> Def(g[nn - 1], ii)]][l - 1][m] ,
       ASSUME NEW CONSTANT m \in 0..i - 1
       PROVE  [nn \in 0..k |-> [ii \in 0..nn - 1 |-> Def(g[nn - 1], ii)]][l
                                                                    - 1][m]
              = [nn \in 0..l - 1 |->
                   [ii \in 0..nn - 1 |-> Def(h[nn - 1], ii)]][l - 1][m] 
PROVE  \A m \in 0..i - 1 :
          g[l - 1][m]
          = [nn \in 0..k |-> [ii \in 0..nn - 1 |-> Def(g[nn - 1], ii)]][l - 1][m]

@!!END

@!!BEGIN
@!!type:obligation
@!!id:133
@!!loc:195:73:195:77
@!!status:trivial
@!!prover:tlapm
@!!already:false
@!!obl:ASSUME NEW CONSTANT Def(_, _),
       ASSUME NEW CONSTANT n \in Nat,
              NEW CONSTANT g,
              NEW CONSTANT h,
              \A i \in 0..n - 1 : g[i] = h[i] 
       PROVE  Def(g, n) = Def(h, n) ,
       NEW CONSTANT k \in Nat,
       NEW CONSTANT l \in 1..k + 1,
       NEW CONSTANT i \in 0..l - 1,
       NEW CONSTANT g,
       NEW CONSTANT h,
       P(g, k + 1) ,
       P(h, l) ,
       \A m \in 0..i - 1 :
          h[l - 1][m]
          = [nn \in 0..l - 1 |-> [ii \in 0..nn - 1 |-> Def(h[nn - 1], ii)]][l
                                                                    - 1][m] ,
       ASSUME NEW CONSTANT m \in 0..i - 1
       PROVE  [nn \in 0..k |-> [ii \in 0..nn - 1 |-> Def(g[nn - 1], ii)]][l
                                                                    - 1][m]
              = [nn \in 0..l - 1 |->
                   [ii \in 0..nn - 1 |-> Def(h[nn - 1], ii)]][l - 1][m] ,
       \A m \in 0..i - 1 :
          g[l - 1][m]
          = [nn \in 0..k |-> [ii \in 0..nn - 1 |-> Def(g[nn - 1], ii)]][l - 1][m] 
PROVE  \A m \in 0..i - 1 :
          h[l - 1][m]
          = [nn \in 0..l - 1 |-> [ii \in 0..nn - 1 |-> Def(h[nn - 1], ii)]][l
                                                                    - 1][m]

@!!END

@!!BEGIN
@!!type:obligation
@!!id:134
@!!loc:195:79:195:84
@!!status:trivial
@!!prover:tlapm
@!!already:false
@!!obl:ASSUME NEW CONSTANT Def(_, _),
       ASSUME NEW CONSTANT n \in Nat,
              NEW CONSTANT g,
              NEW CONSTANT h,
              \A i \in 0..n - 1 : g[i] = h[i] 
       PROVE  Def(g, n) = Def(h, n) ,
       NEW CONSTANT k \in Nat,
       NEW CONSTANT l \in 1..k + 1,
       NEW CONSTANT i \in 0..l - 1,
       NEW CONSTANT g,
       NEW CONSTANT h,
       P(g, k + 1) ,
       P(h, l) ,
       ASSUME NEW CONSTANT m \in 0..i - 1
       PROVE  [nn \in 0..k |-> [ii \in 0..nn - 1 |-> Def(g[nn - 1], ii)]][l
                                                                    - 1][m]
              = [nn \in 0..l - 1 |->
                   [ii \in 0..nn - 1 |-> Def(h[nn - 1], ii)]][l - 1][m] ,
       \A m \in 0..i - 1 :
          g[l - 1][m]
          = [nn \in 0..k |-> [ii \in 0..nn - 1 |-> Def(g[nn - 1], ii)]][l - 1][m] ,
       \A m \in 0..i - 1 :
          h[l - 1][m]
          = [nn \in 0..l - 1 |-> [ii \in 0..nn - 1 |-> Def(h[nn - 1], ii)]][l
                                                                    - 1][m] 
PROVE  TRUE

@!!END

@!!BEGIN
@!!type:obligation
@!!id:135
@!!loc:196:58:196:60
@!!status:normalized
@!!meth:time-limit: 5
@!!obl:ASSUME NEW CONSTANT Def(_, _),
       ASSUME NEW CONSTANT n \in Nat,
              NEW CONSTANT g,
              NEW CONSTANT h,
              \A i \in 0..n - 1 : g[i] = h[i] 
       PROVE  Def(g, n) = Def(h, n) ,
       NEW CONSTANT k \in Nat,
       NEW CONSTANT l \in 1..k + 1,
       NEW CONSTANT i \in 0..l - 1,
       NEW CONSTANT g,
       NEW CONSTANT h,
       P(g, k + 1) ,
       P(h, l) ,
       \A m \in 0..i - 1 : g[l - 1][m] = h[l - 1][m] 
PROVE  Def(g[l - 1], i) = Def(h[l - 1], i)

@!!END

@!!BEGIN
@!!type:obligation
@!!id:48
@!!loc:151:15:151:17
@!!status:being proved
@!!prover:isabelle
@!!meth:blast; time-limit: 30
@!!obl:
ASSUME NEW CONSTANT Def(_, _),
       ASSUME NEW CONSTANT n \in Nat,
              NEW CONSTANT g,
              NEW CONSTANT h,
              \A i \in 0..n - 1 : g[i] = h[i] 
       PROVE  Def(g, n) = Def(h, n) ,
       Q(0) ,
       ASSUME NEW CONSTANT k \in Nat,
              Q(k) 
       PROVE  Q(k + 1) ,
       ASSUME NEW CONSTANT P(_),
              P(0) ,
              \A n \in Nat : P(n) => P(n + 1) 
       PROVE  \A n \in Nat : P(n) ,
       TRUE 
PROVE  \A k \in Nat : Q(k)

@!!END

@!!BEGIN
@!!type:obligation
@!!id:58
@!!loc:128:23:128:25
@!!status:being proved
@!!prover:isabelle
@!!meth:auto; time-limit: 30
@!!obl:
ASSUME NEW CONSTANT Def(_, _),
       ASSUME NEW CONSTANT n \in Nat,
              NEW CONSTANT g,
              NEW CONSTANT h,
              \A i \in 0..n - 1 : g[i] = h[i] 
       PROVE  Def(g, n) = Def(h, n) ,
       TRUE 
PROVE  [n \in {0} |-> [i \in {} |-> {}]]
       = [n \in 0..0 |->
            [i \in 0..n - 1 |->
               Def([n_1 \in {0} |-> [i_1 \in {} |-> {}]][n - 1], i)]]

@!!END

@!!BEGIN
@!!type:obligation
@!!id:67
@!!loc:135:9:135:11
@!!status:being proved
@!!prover:zenon
@!!meth:(10 s); time-limit: 10
@!!obl:
ASSUME NEW CONSTANT Def(_, _),
       ASSUME NEW CONSTANT n \in Nat,
              NEW CONSTANT g,
              NEW CONSTANT h,
              \A i \in 0..n - 1 : g[i] = h[i] 
       PROVE  Def(g, n) = Def(h, n) ,
       NEW CONSTANT k \in Nat,
       NEW CONSTANT g,
       NEW CONSTANT n \in 0..k,
       NEW CONSTANT i \in 0..n - 1,
       g = [n_1 \in 0..k |-> [i_1 \in 0..n_1 - 1 |-> Def(g[n_1 - 1], i_1)]] ,
       ASSUME NEW CONSTANT g_1,
              NEW CONSTANT k_1 \in Nat,
              g_1
              = [n_1 \in 0..k_1 |->
                   [i_1 \in 0..n_1 - 1 |-> Def(g_1[n_1 - 1], i_1)]] ,
              NEW CONSTANT n_1 \in 0..k_1,
              NEW CONSTANT i_1 \in 0..n_1 - 1
       PROVE  g_1[n_1][i_1] = Def(g_1[n_1 - 1], i_1) ,
       TRUE 
PROVE  g[n][i] = Def(g[n - 1], i)

@!!END

@!!BEGIN
@!!type:obligation
@!!id:135
@!!loc:196:58:196:60
@!!status:proved
@!!prover:smt
@!!meth:time-limit: 5; time-used: 0.2 (3%)
@!!already:false
@!!obl:
ASSUME NEW CONSTANT Def(_, _),
       ASSUME NEW CONSTANT n \in Nat,
              NEW CONSTANT g,
              NEW CONSTANT h,
              \A i \in 0..n - 1 : g[i] = h[i] 
       PROVE  Def(g, n) = Def(h, n) ,
       NEW CONSTANT k \in Nat,
       NEW CONSTANT l \in 1..k + 1,
       NEW CONSTANT i \in 0..l - 1,
       NEW CONSTANT g,
       NEW CONSTANT h,
       P(g, k + 1) ,
       P(h, l) ,
       \A m \in 0..i - 1 : g[l - 1][m] = h[l - 1][m] 
PROVE  Def(g[l - 1], i) = Def(h[l - 1], i)

@!!END

@!!BEGIN
@!!type:obligation
@!!id:136
@!!loc:196:61:196:65
@!!status:trivial
@!!prover:tlapm
@!!already:false
@!!obl:ASSUME NEW CONSTANT Def(_, _),
       ASSUME NEW CONSTANT n \in Nat,
              NEW CONSTANT g,
              NEW CONSTANT h,
              \A i \in 0..n - 1 : g[i] = h[i] 
       PROVE  Def(g, n) = Def(h, n) ,
       NEW CONSTANT k \in Nat,
       NEW CONSTANT l \in 1..k + 1,
       NEW CONSTANT i \in 0..l - 1,
       NEW CONSTANT g,
       NEW CONSTANT h,
       P(g, k + 1) ,
       P(h, l) ,
       \A m \in 0..i - 1 : g[l - 1][m] = h[l - 1][m] 
PROVE  \A m \in 0..i - 1 : g[l - 1][m] = h[l - 1][m]

@!!END

@!!BEGIN
@!!type:obligation
@!!id:137
@!!loc:211:15:211:17
@!!status:normalized
@!!meth:time-limit: 5
@!!obl:ASSUME NEW CONSTANT Def(_, _),
       ASSUME NEW CONSTANT n \in Nat,
              NEW CONSTANT g,
              NEW CONSTANT h,
              \A i \in 0..n - 1 : g[i] = h[i] 
       PROVE  Def(g, n) = Def(h, n) ,
       NEW CONSTANT k \in Nat,
       NEW CONSTANT i \in 0..k - 1,
       FF[k][i] = G(k)[k][i] ,
       G(k)[k][i] = Def(G(k)[k - 1], i) ,
       Def(G(k)[k - 1], i) = Def(FF[k - 1], i) 
PROVE  FF[k][i] = Def(FF[k - 1], i)

@!!END

@!!BEGIN
@!!type:obligation
@!!id:84
@!!loc:199:15:199:17
@!!status:being proved
@!!prover:isabelle
@!!meth:blast; time-limit: 30
@!!obl:
ASSUME NEW CONSTANT Def(_, _),
       ASSUME NEW CONSTANT n \in Nat,
              NEW CONSTANT g,
              NEW CONSTANT h,
              \A i \in 0..n - 1 : g[i] = h[i] 
       PROVE  Def(g, n) = Def(h, n) ,
       Q(0) ,
       ASSUME NEW CONSTANT k \in Nat,
              Q(k) 
       PROVE  Q(k + 1) ,
       ASSUME NEW CONSTANT P(_),
              P(0) ,
              \A n \in Nat : P(n) => P(n + 1) 
       PROVE  \A n \in Nat : P(n) ,
       TRUE 
PROVE  \A k \in Nat : Q(k)

@!!END

@!!BEGIN
@!!type:obligation
@!!id:137
@!!loc:211:15:211:17
@!!status:proved
@!!prover:smt
@!!meth:time-limit: 5; time-used: 0.1 (2%)
@!!already:false
@!!obl:
ASSUME NEW CONSTANT Def(_, _),
       ASSUME NEW CONSTANT n \in Nat,
              NEW CONSTANT g,
              NEW CONSTANT h,
              \A i \in 0..n - 1 : g[i] = h[i] 
       PROVE  Def(g, n) = Def(h, n) ,
       NEW CONSTANT k \in Nat,
       NEW CONSTANT i \in 0..k - 1,
       FF[k][i] = G(k)[k][i] ,
       G(k)[k][i] = Def(G(k)[k - 1], i) ,
       Def(G(k)[k - 1], i) = Def(FF[k - 1], i) 
PROVE  FF[k][i] = Def(FF[k - 1], i)

@!!END

@!!BEGIN
@!!type:obligation
@!!id:138
@!!loc:211:18:211:22
@!!status:trivial
@!!prover:tlapm
@!!already:false
@!!obl:ASSUME NEW CONSTANT Def(_, _),
       ASSUME NEW CONSTANT n \in Nat,
              NEW CONSTANT g,
              NEW CONSTANT h,
              \A i \in 0..n - 1 : g[i] = h[i] 
       PROVE  Def(g, n) = Def(h, n) ,
       NEW CONSTANT k \in Nat,
       NEW CONSTANT i \in 0..k - 1,
       FF[k][i] = G(k)[k][i] 
PROVE  FF[k][i] = G(k)[k][i]

@!!END

@!!BEGIN
@!!type:obligation
@!!id:139
@!!loc:211:24:211:28
@!!status:trivial
@!!prover:tlapm
@!!already:false
@!!obl:ASSUME NEW CONSTANT Def(_, _),
       ASSUME NEW CONSTANT n \in Nat,
              NEW CONSTANT g,
              NEW CONSTANT h,
              \A i \in 0..n - 1 : g[i] = h[i] 
       PROVE  Def(g, n) = Def(h, n) ,
       NEW CONSTANT k \in Nat,
       NEW CONSTANT i \in 0..k - 1,
       G(k)[k][i] = Def(G(k)[k - 1], i) ,
       FF[k][i] = G(k)[k][i] 
PROVE  G(k)[k][i] = Def(G(k)[k - 1], i)

@!!END

@!!BEGIN
@!!type:obligation
@!!id:140
@!!loc:211:30:211:34
@!!status:trivial
@!!prover:tlapm
@!!already:false
@!!obl:ASSUME NEW CONSTANT Def(_, _),
       ASSUME NEW CONSTANT n \in Nat,
              NEW CONSTANT g,
              NEW CONSTANT h,
              \A i \in 0..n - 1 : g[i] = h[i] 
       PROVE  Def(g, n) = Def(h, n) ,
       NEW CONSTANT k \in Nat,
       NEW CONSTANT i \in 0..k - 1,
       Def(G(k)[k - 1], i) = Def(FF[k - 1], i) ,
       FF[k][i] = G(k)[k][i] ,
       G(k)[k][i] = Def(G(k)[k - 1], i) 
PROVE  Def(G(k)[k - 1], i) = Def(FF[k - 1], i)

@!!END

@!!BEGIN
@!!type:obligation
@!!id:141
@!!loc:204:7:204:9
@!!status:normalized
@!!meth:time-limit: 10
@!!obl:ASSUME NEW CONSTANT Def(_, _),
       ASSUME NEW CONSTANT n \in Nat,
              NEW CONSTANT g,
              NEW CONSTANT h,
              \A i \in 0..n - 1 : g[i] = h[i] 
       PROVE  Def(g, n) = Def(h, n) ,
       ASSUME NEW CONSTANT k \in Nat,
              NEW CONSTANT i \in 0..k - 1
       PROVE  [n \in Nat |-> [i_1 \in 0..n - 1 |-> G(n)[n][i_1]]][k][i]
              = Def([n \in Nat |-> [i_1 \in 0..n - 1 |-> G(n)[n][i_1]]][k - 1],
                    i) ,
       TRUE 
PROVE  [n \in Nat |-> [i \in 0..n - 1 |-> G(n)[n][i]]]
       = [n \in Nat |->
            [i \in 0..n - 1 |->
               Def([n_1 \in Nat |->
                      [i_1 \in 0..n_1 - 1 |-> G(n_1)[n_1][i_1]]][n - 1],
                   i)]]

@!!END

@!!BEGIN
@!!type:obligation
@!!id:141
@!!loc:204:7:204:9
@!!status:proved
@!!prover:zenon
@!!meth:time-limit: 10; time-used: 0.3 (3%)
@!!already:false
@!!obl:
ASSUME NEW CONSTANT Def(_, _),
       ASSUME NEW CONSTANT n \in Nat,
              NEW CONSTANT g,
              NEW CONSTANT h,
              \A i \in 0..n - 1 : g[i] = h[i] 
       PROVE  Def(g, n) = Def(h, n) ,
       ASSUME NEW CONSTANT k \in Nat,
              NEW CONSTANT i \in 0..k - 1
       PROVE  [n \in Nat |-> [i_1 \in 0..n - 1 |-> G(n)[n][i_1]]][k][i]
              = Def([n \in Nat |-> [i_1 \in 0..n - 1 |-> G(n)[n][i_1]]][k - 1],
                    i) ,
       TRUE 
PROVE  [n \in Nat |-> [i \in 0..n - 1 |-> G(n)[n][i]]]
       = [n \in Nat |->
            [i \in 0..n - 1 |->
               Def([n_1 \in Nat |->
                      [i_1 \in 0..n_1 - 1 |-> G(n_1)[n_1][i_1]]][n - 1],
                   i)]]

@!!END

@!!BEGIN
@!!type:obligation
@!!id:142
@!!loc:204:10:204:15
@!!status:trivial
@!!prover:tlapm
@!!already:false
@!!obl:ASSUME NEW CONSTANT Def(_, _),
       ASSUME NEW CONSTANT n \in Nat,
              NEW CONSTANT g,
              NEW CONSTANT h,
              \A i \in 0..n - 1 : g[i] = h[i] 
       PROVE  Def(g, n) = Def(h, n) ,
       ASSUME NEW CONSTANT k \in Nat,
              NEW CONSTANT i \in 0..k - 1
       PROVE  [n \in Nat |-> [i_1 \in 0..n - 1 |-> G(n)[n][i_1]]][k][i]
              = Def([n \in Nat |-> [i_1 \in 0..n - 1 |-> G(n)[n][i_1]]][k - 1],
                    i) 
PROVE  TRUE

@!!END

@!!BEGIN
@!!type:obligation
@!!id:143
@!!loc:205:34:205:41
@!!status:normalized
@!!meth:time-limit: 5
@!!obl:ASSUME NEW CONSTANT Def(_, _),
       ASSUME NEW CONSTANT n \in Nat,
              NEW CONSTANT g,
              NEW CONSTANT h,
              \A i \in 0..n - 1 : g[i] = h[i] 
       PROVE  Def(g, n) = Def(h, n) ,
       NEW CONSTANT k \in Nat,
       NEW CONSTANT i \in 0..k - 1
PROVE  [n \in Nat |-> [i_1 \in 0..n - 1 |-> G(n)[n][i_1]]][k][i] = G(k)[k][i]

@!!END

@!!BEGIN
@!!type:obligation
@!!id:67
@!!loc:135:9:135:11
@!!status:proved
@!!prover:zenon
@!!meth:time-limit: 10; time-used: 3.7 (37%)
@!!already:false
@!!obl:
ASSUME NEW CONSTANT Def(_, _),
       ASSUME NEW CONSTANT n \in Nat,
              NEW CONSTANT g,
              NEW CONSTANT h,
              \A i \in 0..n - 1 : g[i] = h[i] 
       PROVE  Def(g, n) = Def(h, n) ,
       NEW CONSTANT k \in Nat,
       NEW CONSTANT g,
       NEW CONSTANT n \in 0..k,
       NEW CONSTANT i \in 0..n - 1,
       g = [n_1 \in 0..k |-> [i_1 \in 0..n_1 - 1 |-> Def(g[n_1 - 1], i_1)]] ,
       ASSUME NEW CONSTANT g_1,
              NEW CONSTANT k_1 \in Nat,
              g_1
              = [n_1 \in 0..k_1 |->
                   [i_1 \in 0..n_1 - 1 |-> Def(g_1[n_1 - 1], i_1)]] ,
              NEW CONSTANT n_1 \in 0..k_1,
              NEW CONSTANT i_1 \in 0..n_1 - 1
       PROVE  g_1[n_1][i_1] = Def(g_1[n_1 - 1], i_1) ,
       TRUE 
PROVE  g[n][i] = Def(g[n - 1], i)

@!!END

@!!BEGIN
@!!type:obligation
@!!id:144
@!!loc:206:43:206:45
@!!status:normalized
@!!meth:time-limit: 5
@!!obl:ASSUME NEW CONSTANT Def(_, _),
       ASSUME NEW CONSTANT n \in Nat,
              NEW CONSTANT g,
              NEW CONSTANT h,
              \A i \in 0..n - 1 : g[i] = h[i] 
       PROVE  Def(g, n) = Def(h, n) ,
       NEW CONSTANT k \in Nat,
       NEW CONSTANT i \in 0..k - 1,
       \A k_1 \in Nat :
          G(k_1)
          = [n \in 0..k_1 |-> [i_1 \in 0..n - 1 |-> Def(G(k_1)[n - 1], i_1)]] 
PROVE  G(k)[k][i] = Def(G(k)[k - 1], i)

@!!END

@!!BEGIN
@!!type:obligation
@!!id:143
@!!loc:205:34:205:41
@!!status:proved
@!!prover:smt
@!!meth:time-limit: 5; time-used: 0.1 (2%)
@!!already:false
@!!obl:
ASSUME NEW CONSTANT Def(_, _),
       ASSUME NEW CONSTANT n \in Nat,
              NEW CONSTANT g,
              NEW CONSTANT h,
              \A i \in 0..n - 1 : g[i] = h[i] 
       PROVE  Def(g, n) = Def(h, n) ,
       NEW CONSTANT k \in Nat,
       NEW CONSTANT i \in 0..k - 1
PROVE  [n \in Nat |-> [i_1 \in 0..n - 1 |-> G(n)[n][i_1]]][k][i] = G(k)[k][i]

@!!END

@!!BEGIN
@!!type:obligation
@!!id:145
@!!loc:206:46:206:50
@!!status:trivial
@!!prover:tlapm
@!!already:false
@!!obl:ASSUME NEW CONSTANT Def(_, _),
       ASSUME NEW CONSTANT n \in Nat,
              NEW CONSTANT g,
              NEW CONSTANT h,
              \A i \in 0..n - 1 : g[i] = h[i] 
       PROVE  Def(g, n) = Def(h, n) ,
       \A k \in Nat :
          G(k) = [n \in 0..k |-> [i \in 0..n - 1 |-> Def(G(k)[n - 1], i)]] ,
       NEW CONSTANT k \in Nat,
       NEW CONSTANT i \in 0..k - 1
PROVE  \A k_1 \in Nat :
          G(k_1)
          = [n \in 0..k_1 |-> [i_1 \in 0..n - 1 |-> Def(G(k_1)[n - 1], i_1)]]

@!!END

@!!BEGIN
@!!type:obligation
@!!id:146
@!!loc:208:58:208:60
@!!status:normalized
@!!meth:time-limit: 5
@!!obl:ASSUME NEW CONSTANT Def(_, _),
       ASSUME NEW CONSTANT n \in Nat,
              NEW CONSTANT g,
              NEW CONSTANT h,
              \A i \in 0..n - 1 : g[i] = h[i] 
       PROVE  Def(g, n) = Def(h, n) ,
       NEW CONSTANT k \in Nat,
       NEW CONSTANT i \in 0..k - 1,
       \A k_1 \in Nat : P(CHOOSE g : P(g, k_1), k_1) ,
       \A k_1 \in Nat :
          \A l \in 0..k_1 :
             \A i_1 \in 0..l - 1 :
                \A g, h : P(g, k_1) /\ P(h, l) => g[l][i_1] = h[l][i_1] 
PROVE  \A j \in 0..i - 1 :
          (CHOOSE g : P(g, k))[k - 1][j]
          = [n \in Nat |->
               [i_1 \in 0..n - 1 |-> (CHOOSE g : P(g, n))[n][i_1]]][k - 1][j]

@!!END

@!!BEGIN
@!!type:obligation
@!!id:146
@!!loc:208:58:208:60
@!!status:proved
@!!prover:smt
@!!meth:time-limit: 5; time-used: 0.2 (3%)
@!!already:false
@!!obl:
ASSUME NEW CONSTANT Def(_, _),
       ASSUME NEW CONSTANT n \in Nat,
              NEW CONSTANT g,
              NEW CONSTANT h,
              \A i \in 0..n - 1 : g[i] = h[i] 
       PROVE  Def(g, n) = Def(h, n) ,
       NEW CONSTANT k \in Nat,
       NEW CONSTANT i \in 0..k - 1,
       \A k_1 \in Nat : P(CHOOSE g : P(g, k_1), k_1) ,
       \A k_1 \in Nat :
          \A l \in 0..k_1 :
             \A i_1 \in 0..l - 1 :
                \A g, h : P(g, k_1) /\ P(h, l) => g[l][i_1] = h[l][i_1] 
PROVE  \A j \in 0..i - 1 :
          (CHOOSE g : P(g, k))[k - 1][j]
          = [n \in Nat |->
               [i_1 \in 0..n - 1 |-> (CHOOSE g : P(g, n))[n][i_1]]][k - 1][j]

@!!END

@!!BEGIN
@!!type:obligation
@!!id:147
@!!loc:208:61:208:65
@!!status:trivial
@!!prover:tlapm
@!!already:false
@!!obl:ASSUME NEW CONSTANT Def(_, _),
       ASSUME NEW CONSTANT n \in Nat,
              NEW CONSTANT g,
              NEW CONSTANT h,
              \A i \in 0..n - 1 : g[i] = h[i] 
       PROVE  Def(g, n) = Def(h, n) ,
       \A k \in Nat : P(CHOOSE g : P(g, k), k) ,
       NEW CONSTANT k \in Nat,
       NEW CONSTANT i \in 0..k - 1
PROVE  \A k_1 \in Nat : P(CHOOSE g : P(g, k_1), k_1)

@!!END

@!!BEGIN
@!!type:obligation
@!!id:148
@!!loc:208:67:208:71
@!!status:trivial
@!!prover:tlapm
@!!already:false
@!!obl:ASSUME NEW CONSTANT Def(_, _),
       ASSUME NEW CONSTANT n \in Nat,
              NEW CONSTANT g,
              NEW CONSTANT h,
              \A i \in 0..n - 1 : g[i] = h[i] 
       PROVE  Def(g, n) = Def(h, n) ,
       \A k \in Nat :
          \A l \in 0..k :
             \A i \in 0..l - 1 :
                \A g, h : P(g, k) /\ P(h, l) => g[l][i] = h[l][i] ,
       NEW CONSTANT k \in Nat,
       NEW CONSTANT i \in 0..k - 1,
       \A k_1 \in Nat : P(CHOOSE g : P(g, k_1), k_1) 
PROVE  \A k_1 \in Nat :
          \A l \in 0..k_1 :
             \A i_1 \in 0..l - 1 :
                \A g, h : P(g, k_1) /\ P(h, l) => g[l][i_1] = h[l][i_1]

@!!END

@!!BEGIN
@!!type:obligation
@!!id:149
@!!loc:210:48:210:50
@!!status:normalized
@!!meth:time-limit: 5
@!!obl:ASSUME NEW CONSTANT Def(_, _),
       ASSUME NEW CONSTANT n \in Nat,
              NEW CONSTANT g,
              NEW CONSTANT h,
              \A i \in 0..n - 1 : g[i] = h[i] 
       PROVE  Def(g, n) = Def(h, n) ,
       NEW CONSTANT k \in Nat,
       NEW CONSTANT i \in 0..k - 1,
       \A j \in 0..i - 1 : G(k)[k - 1][j] = FF[k - 1][j] 
PROVE  Def(G(k)[k - 1], i) = Def(FF[k - 1], i)

@!!END

@!!BEGIN
@!!type:obligation
@!!id:144
@!!loc:206:43:206:45
@!!status:proved
@!!prover:smt
@!!meth:time-limit: 5; time-used: 0.2 (4%)
@!!already:false
@!!obl:
ASSUME NEW CONSTANT Def(_, _),
       ASSUME NEW CONSTANT n \in Nat,
              NEW CONSTANT g,
              NEW CONSTANT h,
              \A i \in 0..n - 1 : g[i] = h[i] 
       PROVE  Def(g, n) = Def(h, n) ,
       NEW CONSTANT k \in Nat,
       NEW CONSTANT i \in 0..k - 1,
       \A k_1 \in Nat :
          G(k_1)
          = [n \in 0..k_1 |-> [i_1 \in 0..n - 1 |-> Def(G(k_1)[n - 1], i_1)]] 
PROVE  G(k)[k][i] = Def(G(k)[k - 1], i)

@!!END

@!!BEGIN
@!!type:obligation
@!!id:150
@!!loc:210:51:210:55
@!!status:trivial
@!!prover:tlapm
@!!already:false
@!!obl:ASSUME NEW CONSTANT Def(_, _),
       ASSUME NEW CONSTANT n \in Nat,
              NEW CONSTANT g,
              NEW CONSTANT h,
              \A i \in 0..n - 1 : g[i] = h[i] 
       PROVE  Def(g, n) = Def(h, n) ,
       NEW CONSTANT k \in Nat,
       NEW CONSTANT i \in 0..k - 1,
       \A j \in 0..i - 1 : G(k)[k - 1][j] = FF[k - 1][j] 
PROVE  \A j \in 0..i - 1 : G(k)[k - 1][j] = FF[k - 1][j]

@!!END

@!!BEGIN
@!!type:obligation
@!!id:151
@!!loc:225:13:225:15
@!!status:normalized
@!!meth:time-limit: 10
@!!obl:ASSUME NEW CONSTANT Def(_, _),
       ASSUME NEW CONSTANT n \in Nat,
              NEW CONSTANT g,
              NEW CONSTANT h,
              \A i \in 0..n - 1 : g[i] = h[i] 
       PROVE  Def(g, n) = Def(h, n) ,
       NEW CONSTANT n \in Nat,
       NEW CONSTANT i \in 0..n - 1,
       [m \in Nat |-> [j \in 0..m - 1 |-> Def(F[m - 1], j)]][n][i]
       = Def(F[n - 1], i) ,
       F = [m \in Nat |-> [j \in 0..m - 1 |-> Def(F[m - 1], j)]] ,
       TRUE 
PROVE  F[n][i] = Def(F[n - 1], i)

@!!END

@!!BEGIN
@!!type:obligation
@!!id:151
@!!loc:225:13:225:15
@!!status:proved
@!!prover:zenon
@!!meth:time-limit: 10; time-used: 0.0 (0%)
@!!already:false
@!!obl:
ASSUME NEW CONSTANT Def(_, _),
       ASSUME NEW CONSTANT n \in Nat,
              NEW CONSTANT g,
              NEW CONSTANT h,
              \A i \in 0..n - 1 : g[i] = h[i] 
       PROVE  Def(g, n) = Def(h, n) ,
       NEW CONSTANT n \in Nat,
       NEW CONSTANT i \in 0..n - 1,
       [m \in Nat |-> [j \in 0..m - 1 |-> Def(F[m - 1], j)]][n][i]
       = Def(F[n - 1], i) ,
       F = [m \in Nat |-> [j \in 0..m - 1 |-> Def(F[m - 1], j)]] ,
       TRUE 
PROVE  F[n][i] = Def(F[n - 1], i)

@!!END

@!!BEGIN
@!!type:obligation
@!!id:152
@!!loc:225:16:225:20
@!!status:trivial
@!!prover:tlapm
@!!already:false
@!!obl:ASSUME NEW CONSTANT Def(_, _),
       ASSUME NEW CONSTANT n \in Nat,
              NEW CONSTANT g,
              NEW CONSTANT h,
              \A i \in 0..n - 1 : g[i] = h[i] 
       PROVE  Def(g, n) = Def(h, n) ,
       NEW CONSTANT n \in Nat,
       NEW CONSTANT i \in 0..n - 1,
       [m \in Nat |-> [j \in 0..m - 1 |-> Def(F[m - 1], j)]][n][i]
       = Def(F[n - 1], i) 
PROVE  [m \in Nat |-> [j \in 0..m - 1 |-> Def(F[m - 1], j)]][n][i]
       = Def(F[n - 1], i)

@!!END

@!!BEGIN
@!!type:obligation
@!!id:153
@!!loc:225:22:225:26
@!!status:trivial
@!!prover:tlapm
@!!already:false
@!!obl:ASSUME NEW CONSTANT Def(_, _),
       ASSUME NEW CONSTANT n \in Nat,
              NEW CONSTANT g,
              NEW CONSTANT h,
              \A i \in 0..n - 1 : g[i] = h[i] 
       PROVE  Def(g, n) = Def(h, n) ,
       NEW CONSTANT n \in Nat,
       NEW CONSTANT i \in 0..n - 1,
       F = [m \in Nat |-> [j \in 0..m - 1 |-> Def(F[m - 1], j)]] ,
       [m \in Nat |-> [j \in 0..m - 1 |-> Def(F[m - 1], j)]][n][i]
       = Def(F[n - 1], i) 
PROVE  F = [m \in Nat |-> [j \in 0..m - 1 |-> Def(F[m - 1], j)]]

@!!END

@!!BEGIN
@!!type:obligation
@!!id:154
@!!loc:225:28:225:33
@!!status:trivial
@!!prover:tlapm
@!!already:false
@!!obl:ASSUME NEW CONSTANT Def(_, _),
       ASSUME NEW CONSTANT n \in Nat,
              NEW CONSTANT g,
              NEW CONSTANT h,
              \A i \in 0..n - 1 : g[i] = h[i] 
       PROVE  Def(g, n) = Def(h, n) ,
       NEW CONSTANT n \in Nat,
       NEW CONSTANT i \in 0..n - 1,
       [m \in Nat |-> [j \in 0..m - 1 |-> Def(F[m - 1], j)]][n][i]
       = Def(F[n - 1], i) ,
       F = [m \in Nat |-> [j \in 0..m - 1 |-> Def(F[m - 1], j)]] 
PROVE  TRUE

@!!END

@!!BEGIN
@!!type:obligation
@!!id:155
@!!loc:223:34:223:41
@!!status:normalized
@!!meth:time-limit: 5
@!!obl:ASSUME NEW CONSTANT Def(_, _),
       ASSUME NEW CONSTANT n \in Nat,
              NEW CONSTANT g,
              NEW CONSTANT h,
              \A i \in 0..n - 1 : g[i] = h[i] 
       PROVE  Def(g, n) = Def(h, n) ,
       NEW CONSTANT n \in Nat,
       NEW CONSTANT i \in 0..n - 1
PROVE  [m \in Nat |-> [j \in 0..m - 1 |-> Def(F[m - 1], j)]][n][i]
       = Def(F[n - 1], i)

@!!END

@!!BEGIN
@!!type:obligation
@!!id:149
@!!loc:210:48:210:50
@!!status:proved
@!!prover:smt
@!!meth:time-limit: 5; time-used: 0.1 (2%)
@!!already:false
@!!obl:
ASSUME NEW CONSTANT Def(_, _),
       ASSUME NEW CONSTANT n \in Nat,
              NEW CONSTANT g,
              NEW CONSTANT h,
              \A i \in 0..n - 1 : g[i] = h[i] 
       PROVE  Def(g, n) = Def(h, n) ,
       NEW CONSTANT k \in Nat,
       NEW CONSTANT i \in 0..k - 1,
       \A j \in 0..i - 1 : G(k)[k - 1][j] = FF[k - 1][j] 
PROVE  Def(G(k)[k - 1], i) = Def(FF[k - 1], i)

@!!END

@!!BEGIN
@!!type:obligation
@!!id:156
@!!loc:224:16:224:18
@!!status:normalized
@!!meth:time-limit: 10
@!!obl:ASSUME NEW CONSTANT Def(_, _),
       ASSUME NEW CONSTANT n \in Nat,
              NEW CONSTANT g,
              NEW CONSTANT h,
              \A i \in 0..n - 1 : g[i] = h[i] 
       PROVE  Def(g, n) = Def(h, n) ,
       NEW CONSTANT n \in Nat,
       NEW CONSTANT i \in 0..n - 1,
       F = [n_1 \in Nat |-> [i_1 \in 0..n_1 - 1 |-> Def(F[n_1 - 1], i_1)]] ,
       TRUE 
PROVE  F = [m \in Nat |-> [j \in 0..m - 1 |-> Def(F[m - 1], j)]]

@!!END

@!!BEGIN
@!!type:obligation
@!!id:156
@!!loc:224:16:224:18
@!!status:proved
@!!prover:zenon
@!!meth:time-limit: 10; time-used: 0.1 (1%)
@!!already:false
@!!obl:
ASSUME NEW CONSTANT Def(_, _),
       ASSUME NEW CONSTANT n \in Nat,
              NEW CONSTANT g,
              NEW CONSTANT h,
              \A i \in 0..n - 1 : g[i] = h[i] 
       PROVE  Def(g, n) = Def(h, n) ,
       NEW CONSTANT n \in Nat,
       NEW CONSTANT i \in 0..n - 1,
       F = [n_1 \in Nat |-> [i_1 \in 0..n_1 - 1 |-> Def(F[n_1 - 1], i_1)]] ,
       TRUE 
PROVE  F = [m \in Nat |-> [j \in 0..m - 1 |-> Def(F[m - 1], j)]]

@!!END

@!!BEGIN
@!!type:obligation
@!!id:157
@!!loc:224:19:224:23
@!!status:trivial
@!!prover:tlapm
@!!already:false
@!!obl:ASSUME NEW CONSTANT Def(_, _),
       ASSUME NEW CONSTANT n \in Nat,
              NEW CONSTANT g,
              NEW CONSTANT h,
              \A i \in 0..n - 1 : g[i] = h[i] 
       PROVE  Def(g, n) = Def(h, n) ,
       F = [n \in Nat |-> [i \in 0..n - 1 |-> Def(F[n - 1], i)]] ,
       NEW CONSTANT n \in Nat,
       NEW CONSTANT i \in 0..n - 1
PROVE  F = [n_1 \in Nat |-> [i_1 \in 0..n_1 - 1 |-> Def(F[n_1 - 1], i_1)]]

@!!END

@!!BEGIN
@!!type:obligation
@!!id:158
@!!loc:224:25:224:30
@!!status:trivial
@!!prover:tlapm
@!!already:false
@!!obl:ASSUME NEW CONSTANT Def(_, _),
       ASSUME NEW CONSTANT n \in Nat,
              NEW CONSTANT g,
              NEW CONSTANT h,
              \A i \in 0..n - 1 : g[i] = h[i] 
       PROVE  Def(g, n) = Def(h, n) ,
       NEW CONSTANT n \in Nat,
       NEW CONSTANT i \in 0..n - 1,
       F = [n_1 \in Nat |-> [i_1 \in 0..n_1 - 1 |-> Def(F[n_1 - 1], i_1)]] 
PROVE  TRUE

@!!END

@!!BEGIN
@!!type:obligation
@!!id:159
@!!loc:248:13:248:15
@!!status:normalized
@!!meth:time-limit: 30
@!!obl:ASSUME NEW CONSTANT Def(_, _),
       ASSUME NEW CONSTANT n \in Nat,
              NEW CONSTANT g,
              NEW CONSTANT h,
              \A i \in 0..n - 1 : g[i] = h[i] 
       PROVE  Def(g, n) = Def(h, n) ,
       ASSUME NEW CONSTANT n \in Nat,
              \A k \in 0..n - 1 : P(k) 
       PROVE  P(n) ,
       ASSUME NEW CONSTANT P_1(_),
              \A n \in Nat : (\A m \in 0..n - 1 : P_1(m)) => P_1(n) 
       PROVE  \A n \in Nat : P_1(n) ,
       TRUE 
PROVE  \A n \in Nat : P(n)

@!!END

@!!BEGIN
@!!type:obligation
@!!id:155
@!!loc:223:34:223:41
@!!status:proved
@!!prover:smt
@!!meth:time-limit: 5; time-used: 0.1 (2%)
@!!already:false
@!!obl:
ASSUME NEW CONSTANT Def(_, _),
       ASSUME NEW CONSTANT n \in Nat,
              NEW CONSTANT g,
              NEW CONSTANT h,
              \A i \in 0..n - 1 : g[i] = h[i] 
       PROVE  Def(g, n) = Def(h, n) ,
       NEW CONSTANT n \in Nat,
       NEW CONSTANT i \in 0..n - 1
PROVE  [m \in Nat |-> [j \in 0..m - 1 |-> Def(F[m - 1], j)]][n][i]
       = Def(F[n - 1], i)

@!!END

@!!BEGIN
@!!type:obligation
@!!id:160
@!!loc:248:16:248:20
@!!status:trivial
@!!prover:tlapm
@!!already:false
@!!obl:ASSUME NEW CONSTANT Def(_, _),
       ASSUME NEW CONSTANT n \in Nat,
              NEW CONSTANT g,
              NEW CONSTANT h,
              \A i \in 0..n - 1 : g[i] = h[i] 
       PROVE  Def(g, n) = Def(h, n) ,
       ASSUME NEW CONSTANT n \in Nat,
              \A k \in 0..n - 1 : P(k) 
       PROVE  P(n) 
PROVE  ASSUME NEW CONSTANT n \in Nat,
              \A k \in 0..n - 1 : P(k) 
       PROVE  P(n)

@!!END

@!!BEGIN
@!!type:obligation
@!!id:161
@!!loc:248:22:248:41
@!!status:trivial
@!!prover:tlapm
@!!already:false
@!!obl:ASSUME ASSUME NEW CONSTANT P(_),
              \A n \in Nat : (\A m \in 0..n - 1 : P(m)) => P(n) 
       PROVE  \A n \in Nat : P(n) ,
       NEW CONSTANT Def(_, _),
       ASSUME NEW CONSTANT n \in Nat,
              NEW CONSTANT g,
              NEW CONSTANT h,
              \A i \in 0..n - 1 : g[i] = h[i] 
       PROVE  Def(g, n) = Def(h, n) ,
       ASSUME NEW CONSTANT n \in Nat,
              \A k \in 0..n - 1 : P(k) 
       PROVE  P(n) 
PROVE  ASSUME NEW CONSTANT P_1(_),
              \A n \in Nat : (\A m \in 0..n - 1 : P_1(m)) => P_1(n) 
       PROVE  \A n \in Nat : P_1(n)

@!!END

@!!BEGIN
@!!type:obligation
@!!id:162
@!!loc:248:43:248:48
@!!status:trivial
@!!prover:tlapm
@!!already:false
@!!obl:ASSUME NEW CONSTANT Def(_, _),
       ASSUME NEW CONSTANT n \in Nat,
              NEW CONSTANT g,
              NEW CONSTANT h,
              \A i \in 0..n - 1 : g[i] = h[i] 
       PROVE  Def(g, n) = Def(h, n) ,
       ASSUME NEW CONSTANT n \in Nat,
              \A k \in 0..n - 1 : P(k) 
       PROVE  P(n) ,
       ASSUME NEW CONSTANT P_1(_),
              \A n \in Nat : (\A m \in 0..n - 1 : P_1(m)) => P_1(n) 
       PROVE  \A n \in Nat : P_1(n) 
PROVE  TRUE

@!!END

@!!BEGIN
@!!type:obligation
@!!id:163
@!!loc:246:15:246:17
@!!status:normalized
@!!meth:time-limit: 5
@!!obl:ASSUME NEW CONSTANT Def(_, _),
       ASSUME NEW CONSTANT n \in Nat,
              NEW CONSTANT g,
              NEW CONSTANT h,
              \A i \in 0..n - 1 : g[i] = h[i] 
       PROVE  Def(g, n) = Def(h, n) ,
       NEW CONSTANT n \in Nat,
       NEW CONSTANT m \in 0..n,
       NEW CONSTANT i \in 0..m - 1,
       ASSUME m = n 
       PROVE  F[n][i] = F[m][i] ,
       ASSUME n = 0 
       PROVE  F[n][i] = F[m][i] ,
       ASSUME 0 < n /\ m \in 0..n - 1 
       PROVE  F[n][i] = F[m][i] ,
       TRUE 
PROVE  F[n][i] = F[m][i]

@!!END

@!!BEGIN
@!!type:obligation
@!!id:163
@!!loc:246:15:246:17
@!!status:proved
@!!prover:smt
@!!meth:time-limit: 5; time-used: 0.1 (3%)
@!!already:false
@!!obl:
ASSUME NEW CONSTANT Def(_, _),
       ASSUME NEW CONSTANT n \in Nat,
              NEW CONSTANT g,
              NEW CONSTANT h,
              \A i \in 0..n - 1 : g[i] = h[i] 
       PROVE  Def(g, n) = Def(h, n) ,
       NEW CONSTANT n \in Nat,
       NEW CONSTANT m \in 0..n,
       NEW CONSTANT i \in 0..m - 1,
       ASSUME m = n 
       PROVE  F[n][i] = F[m][i] ,
       ASSUME n = 0 
       PROVE  F[n][i] = F[m][i] ,
       ASSUME 0 < n /\ m \in 0..n - 1 
       PROVE  F[n][i] = F[m][i] ,
       TRUE 
PROVE  F[n][i] = F[m][i]

@!!END

@!!BEGIN
@!!type:obligation
@!!id:164
@!!loc:246:18:246:22
@!!status:trivial
@!!prover:tlapm
@!!already:false
@!!obl:ASSUME NEW CONSTANT Def(_, _),
       ASSUME NEW CONSTANT n \in Nat,
              NEW CONSTANT g,
              NEW CONSTANT h,
              \A i \in 0..n - 1 : g[i] = h[i] 
       PROVE  Def(g, n) = Def(h, n) ,
       NEW CONSTANT n \in Nat,
       NEW CONSTANT m \in 0..n,
       NEW CONSTANT i \in 0..m - 1,
       ASSUME m = n 
       PROVE  F[n][i] = F[m][i] 
PROVE  ASSUME m = n 
       PROVE  F[n][i] = F[m][i]

@!!END

@!!BEGIN
@!!type:obligation
@!!id:165
@!!loc:246:24:246:28
@!!status:trivial
@!!prover:tlapm
@!!already:false
@!!obl:ASSUME NEW CONSTANT Def(_, _),
       ASSUME NEW CONSTANT n \in Nat,
              NEW CONSTANT g,
              NEW CONSTANT h,
              \A i \in 0..n - 1 : g[i] = h[i] 
       PROVE  Def(g, n) = Def(h, n) ,
       NEW CONSTANT n \in Nat,
       NEW CONSTANT m \in 0..n,
       NEW CONSTANT i \in 0..m - 1,
       ASSUME n = 0 
       PROVE  F[n][i] = F[m][i] ,
       ASSUME m = n 
       PROVE  F[n][i] = F[m][i] 
PROVE  ASSUME n = 0 
       PROVE  F[n][i] = F[m][i]

@!!END

@!!BEGIN
@!!type:obligation
@!!id:166
@!!loc:246:30:246:34
@!!status:trivial
@!!prover:tlapm
@!!already:false
@!!obl:ASSUME NEW CONSTANT Def(_, _),
       ASSUME NEW CONSTANT n \in Nat,
              NEW CONSTANT g,
              NEW CONSTANT h,
              \A i \in 0..n - 1 : g[i] = h[i] 
       PROVE  Def(g, n) = Def(h, n) ,
       NEW CONSTANT n \in Nat,
       NEW CONSTANT m \in 0..n,
       NEW CONSTANT i \in 0..m - 1,
       ASSUME 0 < n /\ m \in 0..n - 1 
       PROVE  F[n][i] = F[m][i] ,
       ASSUME m = n 
       PROVE  F[n][i] = F[m][i] ,
       ASSUME n = 0 
       PROVE  F[n][i] = F[m][i] 
PROVE  ASSUME 0 < n /\ m \in 0..n - 1 
       PROVE  F[n][i] = F[m][i]

@!!END

@!!BEGIN
@!!type:obligation
@!!id:167
@!!loc:246:36:246:39
@!!status:trivial
@!!prover:tlapm
@!!already:false
@!!obl:ASSUME NEW CONSTANT Def(_, _),
       ASSUME NEW CONSTANT n \in Nat,
              NEW CONSTANT g,
              NEW CONSTANT h,
              \A i \in 0..n - 1 : g[i] = h[i] 
       PROVE  Def(g, n) = Def(h, n) ,
       NEW CONSTANT n \in Nat,
       NEW CONSTANT m \in 0..n,
       NEW CONSTANT i \in 0..m - 1,
       ASSUME m = n 
       PROVE  F[n][i] = F[m][i] ,
       ASSUME n = 0 
       PROVE  F[n][i] = F[m][i] ,
       ASSUME 0 < n /\ m \in 0..n - 1 
       PROVE  F[n][i] = F[m][i] 
PROVE  TRUE

@!!END

@!!BEGIN
@!!type:obligation
@!!id:168
@!!loc:237:7:237:14
@!!status:normalized
@!!meth:time-limit: 5
@!!obl:ASSUME NEW CONSTANT Def(_, _),
       ASSUME NEW CONSTANT n \in Nat,
              NEW CONSTANT g,
              NEW CONSTANT h,
              \A i \in 0..n - 1 : g[i] = h[i] 
       PROVE  Def(g, n) = Def(h, n) ,
       NEW CONSTANT n \in Nat,
       ASSUME NEW CONSTANT m \in 0..n,
              NEW CONSTANT i \in 0..m - 1
       PROVE  F[n][i] = F[m][i] 
PROVE  \A m \in 0..n : \A i \in 0..m - 1 : F[n][i] = F[m][i]

@!!END

@!!BEGIN
@!!type:obligation
@!!id:168
@!!loc:237:7:237:14
@!!status:proved
@!!prover:smt
@!!meth:time-limit: 5; time-used: 0.2 (3%)
@!!already:false
@!!obl:
ASSUME NEW CONSTANT Def(_, _),
       ASSUME NEW CONSTANT n \in Nat,
              NEW CONSTANT g,
              NEW CONSTANT h,
              \A i \in 0..n - 1 : g[i] = h[i] 
       PROVE  Def(g, n) = Def(h, n) ,
       NEW CONSTANT n \in Nat,
       ASSUME NEW CONSTANT m \in 0..n,
              NEW CONSTANT i \in 0..m - 1
       PROVE  F[n][i] = F[m][i] 
PROVE  \A m \in 0..n : \A i \in 0..m - 1 : F[n][i] = F[m][i]

@!!END

@!!BEGIN
@!!type:obligation
@!!id:169
@!!loc:238:23:238:25
@!!status:normalized
@!!meth:time-limit: 5
@!!obl:ASSUME NEW CONSTANT Def(_, _),
       ASSUME NEW CONSTANT n \in Nat,
              NEW CONSTANT g,
              NEW CONSTANT h,
              \A i \in 0..n - 1 : g[i] = h[i] 
       PROVE  Def(g, n) = Def(h, n) ,
       NEW CONSTANT n \in Nat,
       NEW CONSTANT m \in 0..n,
       NEW CONSTANT i \in 0..m - 1,
       m = n 
PROVE  F[n][i] = F[m][i]

@!!END

@!!BEGIN
@!!type:obligation
@!!id:169
@!!loc:238:23:238:25
@!!status:proved
@!!prover:smt
@!!meth:time-limit: 5; time-used: 0.1 (3%)
@!!already:false
@!!obl:
ASSUME NEW CONSTANT Def(_, _),
       ASSUME NEW CONSTANT n \in Nat,
              NEW CONSTANT g,
              NEW CONSTANT h,
              \A i \in 0..n - 1 : g[i] = h[i] 
       PROVE  Def(g, n) = Def(h, n) ,
       NEW CONSTANT n \in Nat,
       NEW CONSTANT m \in 0..n,
       NEW CONSTANT i \in 0..m - 1,
       m = n 
PROVE  F[n][i] = F[m][i]

@!!END

@!!BEGIN
@!!type:obligation
@!!id:170
@!!loc:238:26:238:30
@!!status:trivial
@!!prover:tlapm
@!!already:false
@!!obl:ASSUME NEW CONSTANT Def(_, _),
       ASSUME NEW CONSTANT n \in Nat,
              NEW CONSTANT g,
              NEW CONSTANT h,
              \A i \in 0..n - 1 : g[i] = h[i] 
       PROVE  Def(g, n) = Def(h, n) ,
       NEW CONSTANT n \in Nat,
       NEW CONSTANT m \in 0..n,
       NEW CONSTANT i \in 0..m - 1,
       m = n 
PROVE  m = n

@!!END

@!!BEGIN
@!!type:obligation
@!!id:171
@!!loc:239:23:239:25
@!!status:normalized
@!!meth:time-limit: 5
@!!obl:ASSUME NEW CONSTANT Def(_, _),
       ASSUME NEW CONSTANT n \in Nat,
              NEW CONSTANT g,
              NEW CONSTANT h,
              \A i \in 0..n - 1 : g[i] = h[i] 
       PROVE  Def(g, n) = Def(h, n) ,
       NEW CONSTANT n \in Nat,
       NEW CONSTANT m \in 0..n,
       NEW CONSTANT i \in 0..m - 1,
       n = 0 ,
       TRUE 
PROVE  F[n][i] = F[m][i]

@!!END

@!!BEGIN
@!!type:obligation
@!!id:171
@!!loc:239:23:239:25
@!!status:proved
@!!prover:smt
@!!meth:time-limit: 5; time-used: 0.1 (3%)
@!!already:false
@!!obl:
ASSUME NEW CONSTANT Def(_, _),
       ASSUME NEW CONSTANT n \in Nat,
              NEW CONSTANT g,
              NEW CONSTANT h,
              \A i \in 0..n - 1 : g[i] = h[i] 
       PROVE  Def(g, n) = Def(h, n) ,
       NEW CONSTANT n \in Nat,
       NEW CONSTANT m \in 0..n,
       NEW CONSTANT i \in 0..m - 1,
       n = 0 ,
       TRUE 
PROVE  F[n][i] = F[m][i]

@!!END

@!!BEGIN
@!!type:obligation
@!!id:172
@!!loc:239:26:239:30
@!!status:trivial
@!!prover:tlapm
@!!already:false
@!!obl:ASSUME NEW CONSTANT Def(_, _),
       ASSUME NEW CONSTANT n \in Nat,
              NEW CONSTANT g,
              NEW CONSTANT h,
              \A i \in 0..n - 1 : g[i] = h[i] 
       PROVE  Def(g, n) = Def(h, n) ,
       NEW CONSTANT n \in Nat,
       NEW CONSTANT m \in 0..n,
       NEW CONSTANT i \in 0..m - 1,
       n = 0 
PROVE  n = 0

@!!END

@!!BEGIN
@!!type:obligation
@!!id:173
@!!loc:239:32:239:35
@!!status:trivial
@!!prover:tlapm
@!!already:false
@!!obl:ASSUME NEW CONSTANT Def(_, _),
       ASSUME NEW CONSTANT n \in Nat,
              NEW CONSTANT g,
              NEW CONSTANT h,
              \A i \in 0..n - 1 : g[i] = h[i] 
       PROVE  Def(g, n) = Def(h, n) ,
       NEW CONSTANT n \in Nat,
       NEW CONSTANT m \in 0..n,
       NEW CONSTANT i \in 0..m - 1,
       n = 0 
PROVE  TRUE

@!!END

@!!BEGIN
@!!type:obligation
@!!id:174
@!!loc:245:17:245:19
@!!status:normalized
@!!meth:time-limit: 5
@!!obl:ASSUME NEW CONSTANT Def(_, _),
       ASSUME NEW CONSTANT n \in Nat,
              NEW CONSTANT g,
              NEW CONSTANT h,
              \A i \in 0..n - 1 : g[i] = h[i] 
       PROVE  Def(g, n) = Def(h, n) ,
       NEW CONSTANT n \in Nat,
       NEW CONSTANT m \in 0..n,
       NEW CONSTANT i \in 0..m - 1,
       F[n][i] = Def(F[n - 1], i) ,
       Def(F[n - 1], i) = Def(F[m - 1], i) ,
       Def(F[m - 1], i) = F[m][i] 
PROVE  F[n][i] = F[m][i]

@!!END

@!!BEGIN
@!!type:obligation
@!!id:174
@!!loc:245:17:245:19
@!!status:proved
@!!prover:smt
@!!meth:time-limit: 5; time-used: 0.0 (1%)
@!!already:false
@!!obl:
ASSUME NEW CONSTANT Def(_, _),
       ASSUME NEW CONSTANT n \in Nat,
              NEW CONSTANT g,
              NEW CONSTANT h,
              \A i \in 0..n - 1 : g[i] = h[i] 
       PROVE  Def(g, n) = Def(h, n) ,
       NEW CONSTANT n \in Nat,
       NEW CONSTANT m \in 0..n,
       NEW CONSTANT i \in 0..m - 1,
       F[n][i] = Def(F[n - 1], i) ,
       Def(F[n - 1], i) = Def(F[m - 1], i) ,
       Def(F[m - 1], i) = F[m][i] 
PROVE  F[n][i] = F[m][i]

@!!END

@!!BEGIN
@!!type:obligation
@!!id:175
@!!loc:245:20:245:24
@!!status:trivial
@!!prover:tlapm
@!!already:false
@!!obl:ASSUME NEW CONSTANT Def(_, _),
       ASSUME NEW CONSTANT n \in Nat,
              NEW CONSTANT g,
              NEW CONSTANT h,
              \A i \in 0..n - 1 : g[i] = h[i] 
       PROVE  Def(g, n) = Def(h, n) ,
       NEW CONSTANT n \in Nat,
       NEW CONSTANT m \in 0..n,
       NEW CONSTANT i \in 0..m - 1,
       F[n][i] = Def(F[n - 1], i) 
PROVE  F[n][i] = Def(F[n - 1], i)

@!!END

@!!BEGIN
@!!type:obligation
@!!id:176
@!!loc:245:26:245:30
@!!status:trivial
@!!prover:tlapm
@!!already:false
@!!obl:ASSUME NEW CONSTANT Def(_, _),
       ASSUME NEW CONSTANT n \in Nat,
              NEW CONSTANT g,
              NEW CONSTANT h,
              \A i \in 0..n - 1 : g[i] = h[i] 
       PROVE  Def(g, n) = Def(h, n) ,
       NEW CONSTANT n \in Nat,
       NEW CONSTANT m \in 0..n,
       NEW CONSTANT i \in 0..m - 1,
       Def(F[n - 1], i) = Def(F[m - 1], i) ,
       F[n][i] = Def(F[n - 1], i) 
PROVE  Def(F[n - 1], i) = Def(F[m - 1], i)

@!!END

@!!BEGIN
@!!type:obligation
@!!id:177
@!!loc:245:32:245:36
@!!status:trivial
@!!prover:tlapm
@!!already:false
@!!obl:ASSUME NEW CONSTANT Def(_, _),
       ASSUME NEW CONSTANT n \in Nat,
              NEW CONSTANT g,
              NEW CONSTANT h,
              \A i \in 0..n - 1 : g[i] = h[i] 
       PROVE  Def(g, n) = Def(h, n) ,
       NEW CONSTANT n \in Nat,
       NEW CONSTANT m \in 0..n,
       NEW CONSTANT i \in 0..m - 1,
       Def(F[m - 1], i) = F[m][i] ,
       F[n][i] = Def(F[n - 1], i) ,
       Def(F[n - 1], i) = Def(F[m - 1], i) 
PROVE  Def(F[m - 1], i) = F[m][i]

@!!END

@!!BEGIN
@!!type:obligation
@!!id:178
@!!loc:241:38:241:40
@!!status:normalized
@!!meth:time-limit: 5
@!!obl:ASSUME NEW CONSTANT Def(_, _),
       ASSUME NEW CONSTANT n \in Nat,
              NEW CONSTANT g,
              NEW CONSTANT h,
              \A i \in 0..n - 1 : g[i] = h[i] 
       PROVE  Def(g, n) = Def(h, n) ,
       NEW CONSTANT n \in Nat,
       NEW CONSTANT m \in 0..n,
       NEW CONSTANT i \in 0..m - 1,
       ASSUME NEW CONSTANT n_1 \in Nat,
              NEW CONSTANT i_1 \in 0..n_1 - 1
       PROVE  F[n_1][i_1] = Def(F[n_1 - 1], i_1) 
PROVE  F[n][i] = Def(F[n - 1], i)

@!!END

@!!BEGIN
@!!type:obligation
@!!id:178
@!!loc:241:38:241:40
@!!status:proved
@!!prover:smt
@!!meth:time-limit: 5; time-used: 0.1 (1%)
@!!already:false
@!!obl:
ASSUME NEW CONSTANT Def(_, _),
       ASSUME NEW CONSTANT n \in Nat,
              NEW CONSTANT g,
              NEW CONSTANT h,
              \A i \in 0..n - 1 : g[i] = h[i] 
       PROVE  Def(g, n) = Def(h, n) ,
       NEW CONSTANT n \in Nat,
       NEW CONSTANT m \in 0..n,
       NEW CONSTANT i \in 0..m - 1,
       ASSUME NEW CONSTANT n_1 \in Nat,
              NEW CONSTANT i_1 \in 0..n_1 - 1
       PROVE  F[n_1][i_1] = Def(F[n_1 - 1], i_1) 
PROVE  F[n][i] = Def(F[n - 1], i)

@!!END

@!!BEGIN
@!!type:obligation
@!!id:179
@!!loc:241:41:241:45
@!!status:trivial
@!!prover:tlapm
@!!already:false
@!!obl:ASSUME NEW CONSTANT Def(_, _),
       ASSUME NEW CONSTANT n \in Nat,
              NEW CONSTANT g,
              NEW CONSTANT h,
              \A i \in 0..n - 1 : g[i] = h[i] 
       PROVE  Def(g, n) = Def(h, n) ,
       ASSUME NEW CONSTANT n \in Nat,
              NEW CONSTANT i \in 0..n - 1
       PROVE  F[n][i] = Def(F[n - 1], i) ,
       NEW CONSTANT n \in Nat,
       NEW CONSTANT m \in 0..n,
       NEW CONSTANT i \in 0..m - 1
PROVE  ASSUME NEW CONSTANT n_1 \in Nat,
              NEW CONSTANT i_1 \in 0..n_1 - 1
       PROVE  F[n_1][i_1] = Def(F[n_1 - 1], i_1)

@!!END

@!!BEGIN
@!!type:obligation
@!!id:180
@!!loc:242:56:242:58
@!!status:normalized
@!!meth:time-limit: 5
@!!obl:ASSUME NEW CONSTANT Def(_, _),
       ASSUME NEW CONSTANT n \in Nat,
              NEW CONSTANT g,
              NEW CONSTANT h,
              \A i \in 0..n - 1 : g[i] = h[i] 
       PROVE  Def(g, n) = Def(h, n) ,
       NEW CONSTANT n \in Nat,
       NEW CONSTANT m \in 0..n,
       NEW CONSTANT i \in 0..m - 1,
       \A k \in 0..n - 1 :
          \A m_1 \in 0..k : \A i_1 \in 0..m_1 - 1 : F[k][i_1] = F[m_1][i_1] ,
       0 < n /\ m \in 0..n - 1 
PROVE  \A j \in 0..i - 1 : F[n - 1][j] = F[m - 1][j]

@!!END

@!!BEGIN
@!!type:obligation
@!!id:180
@!!loc:242:56:242:58
@!!status:proved
@!!prover:smt
@!!meth:time-limit: 5; time-used: 0.2 (3%)
@!!already:false
@!!obl:
ASSUME NEW CONSTANT Def(_, _),
       ASSUME NEW CONSTANT n \in Nat,
              NEW CONSTANT g,
              NEW CONSTANT h,
              \A i \in 0..n - 1 : g[i] = h[i] 
       PROVE  Def(g, n) = Def(h, n) ,
       NEW CONSTANT n \in Nat,
       NEW CONSTANT m \in 0..n,
       NEW CONSTANT i \in 0..m - 1,
       \A k \in 0..n - 1 :
          \A m_1 \in 0..k : \A i_1 \in 0..m_1 - 1 : F[k][i_1] = F[m_1][i_1] ,
       0 < n /\ m \in 0..n - 1 
PROVE  \A j \in 0..i - 1 : F[n - 1][j] = F[m - 1][j]

@!!END

@!!BEGIN
@!!type:obligation
@!!id:1
@!!loc:30:1:30:3
@!!status:proved
@!!prover:isabelle
@!!meth:(intro natInduct, auto); time-limit: 30; time-used: 5.3 (18%)
@!!already:false
@!!obl:
ASSUME NEW CONSTANT P(_),
       P(0) ,
       \A n \in Nat : P(n) => P(n + 1) ,
       TRUE 
PROVE  \A n \in Nat : P(n)

@!!END

@!!BEGIN
@!!type:obligation
@!!id:181
@!!loc:242:59:242:63
@!!status:trivial
@!!prover:tlapm
@!!already:false
@!!obl:ASSUME NEW CONSTANT Def(_, _),
       ASSUME NEW CONSTANT n \in Nat,
              NEW CONSTANT g,
              NEW CONSTANT h,
              \A i \in 0..n - 1 : g[i] = h[i] 
       PROVE  Def(g, n) = Def(h, n) ,
       NEW CONSTANT n \in Nat,
       \A k \in 0..n - 1 :
          \A m \in 0..k : \A i \in 0..m - 1 : F[k][i] = F[m][i] ,
       NEW CONSTANT m \in 0..n,
       NEW CONSTANT i \in 0..m - 1
PROVE  \A k \in 0..n - 1 :
          \A m_1 \in 0..k : \A i_1 \in 0..m_1 - 1 : F[k][i_1] = F[m_1][i_1]

@!!END

@!!BEGIN
@!!type:obligation
@!!id:182
@!!loc:242:65:242:69
@!!status:trivial
@!!prover:tlapm
@!!already:false
@!!obl:ASSUME NEW CONSTANT Def(_, _),
       ASSUME NEW CONSTANT n \in Nat,
              NEW CONSTANT g,
              NEW CONSTANT h,
              \A i \in 0..n - 1 : g[i] = h[i] 
       PROVE  Def(g, n) = Def(h, n) ,
       NEW CONSTANT n \in Nat,
       NEW CONSTANT m \in 0..n,
       NEW CONSTANT i \in 0..m - 1,
       0 < n /\ m \in 0..n - 1 ,
       \A k \in 0..n - 1 :
          \A m_1 \in 0..k : \A i_1 \in 0..m_1 - 1 : F[k][i_1] = F[m_1][i_1] 
PROVE  0 < n /\ m \in 0..n - 1

@!!END

@!!BEGIN
@!!type:obligation
@!!id:183
@!!loc:243:44:243:46
@!!status:normalized
@!!meth:time-limit: 5
@!!obl:ASSUME NEW CONSTANT Def(_, _),
       ASSUME NEW CONSTANT n \in Nat,
              NEW CONSTANT g,
              NEW CONSTANT h,
              \A i \in 0..n - 1 : g[i] = h[i] 
       PROVE  Def(g, n) = Def(h, n) ,
       NEW CONSTANT n \in Nat,
       NEW CONSTANT m \in 0..n,
       NEW CONSTANT i \in 0..m - 1,
       \A j \in 0..i - 1 : F[n - 1][j] = F[m - 1][j] 
PROVE  Def(F[n - 1], i) = Def(F[m - 1], i)

@!!END

@!!BEGIN
@!!type:obligation
@!!id:184
@!!loc:243:47:243:51
@!!status:trivial
@!!prover:tlapm
@!!already:false
@!!obl:ASSUME NEW CONSTANT Def(_, _),
       ASSUME NEW CONSTANT n \in Nat,
              NEW CONSTANT g,
              NEW CONSTANT h,
              \A i \in 0..n - 1 : g[i] = h[i] 
       PROVE  Def(g, n) = Def(h, n) ,
       NEW CONSTANT n \in Nat,
       NEW CONSTANT m \in 0..n,
       NEW CONSTANT i \in 0..m - 1,
       \A j \in 0..i - 1 : F[n - 1][j] = F[m - 1][j] 
PROVE  \A j \in 0..i - 1 : F[n - 1][j] = F[m - 1][j]

@!!END

@!!BEGIN
@!!type:obligation
@!!id:185
@!!loc:244:38:244:40
@!!status:normalized
@!!meth:time-limit: 5
@!!obl:ASSUME NEW CONSTANT Def(_, _),
       ASSUME NEW CONSTANT n \in Nat,
              NEW CONSTANT g,
              NEW CONSTANT h,
              \A i \in 0..n - 1 : g[i] = h[i] 
       PROVE  Def(g, n) = Def(h, n) ,
       NEW CONSTANT n \in Nat,
       NEW CONSTANT m \in 0..n,
       NEW CONSTANT i \in 0..m - 1,
       ASSUME NEW CONSTANT n_1 \in Nat,
              NEW CONSTANT i_1 \in 0..n_1 - 1
       PROVE  F[n_1][i_1] = Def(F[n_1 - 1], i_1) 
PROVE  Def(F[m - 1], i) = F[m][i]

@!!END

@!!BEGIN
@!!type:obligation
@!!id:183
@!!loc:243:44:243:46
@!!status:proved
@!!prover:smt
@!!meth:time-limit: 5; time-used: 0.0 (1%)
@!!already:false
@!!obl:
ASSUME NEW CONSTANT Def(_, _),
       ASSUME NEW CONSTANT n \in Nat,
              NEW CONSTANT g,
              NEW CONSTANT h,
              \A i \in 0..n - 1 : g[i] = h[i] 
       PROVE  Def(g, n) = Def(h, n) ,
       NEW CONSTANT n \in Nat,
       NEW CONSTANT m \in 0..n,
       NEW CONSTANT i \in 0..m - 1,
       \A j \in 0..i - 1 : F[n - 1][j] = F[m - 1][j] 
PROVE  Def(F[n - 1], i) = Def(F[m - 1], i)

@!!END

@!!BEGIN
@!!type:obligation
@!!id:186
@!!loc:244:41:244:45
@!!status:trivial
@!!prover:tlapm
@!!already:false
@!!obl:ASSUME NEW CONSTANT Def(_, _),
       ASSUME NEW CONSTANT n \in Nat,
              NEW CONSTANT g,
              NEW CONSTANT h,
              \A i \in 0..n - 1 : g[i] = h[i] 
       PROVE  Def(g, n) = Def(h, n) ,
       ASSUME NEW CONSTANT n \in Nat,
              NEW CONSTANT i \in 0..n - 1
       PROVE  F[n][i] = Def(F[n - 1], i) ,
       NEW CONSTANT n \in Nat,
       NEW CONSTANT m \in 0..n,
       NEW CONSTANT i \in 0..m - 1
PROVE  ASSUME NEW CONSTANT n_1 \in Nat,
              NEW CONSTANT i_1 \in 0..n_1 - 1
       PROVE  F[n_1][i_1] = Def(F[n_1 - 1], i_1)

@!!END

@!!BEGIN
@!!type:obligation
@!!id:187
@!!loc:260:13:260:15
@!!status:normalized
@!!meth:time-limit: 5
@!!obl:ASSUME NEW CONSTANT Def(_, _),
       ASSUME NEW CONSTANT n \in Nat,
              NEW CONSTANT g,
              NEW CONSTANT h,
              \A i \in 0..n - 1 : g[i] = h[i] 
       PROVE  Def(g, n) = Def(h, n) ,
       NEW CONSTANT n \in Nat,
       [n_1 \in Nat |-> F[n_1 + 1][n_1]][n] = Def(F[n], n) ,
       Def(F[n], n) = Def([n_1 \in Nat |-> F[n_1 + 1][n_1]], n) 
PROVE  [n_1 \in Nat |-> F[n_1 + 1][n_1]][n]
       = Def([n_1 \in Nat |-> F[n_1 + 1][n_1]], n)

@!!END

@!!BEGIN
@!!type:obligation
@!!id:187
@!!loc:260:13:260:15
@!!status:proved
@!!prover:smt
@!!meth:time-limit: 5; time-used: 0.1 (1%)
@!!already:false
@!!obl:
ASSUME NEW CONSTANT Def(_, _),
       ASSUME NEW CONSTANT n \in Nat,
              NEW CONSTANT g,
              NEW CONSTANT h,
              \A i \in 0..n - 1 : g[i] = h[i] 
       PROVE  Def(g, n) = Def(h, n) ,
       NEW CONSTANT n \in Nat,
       [n_1 \in Nat |-> F[n_1 + 1][n_1]][n] = Def(F[n], n) ,
       Def(F[n], n) = Def([n_1 \in Nat |-> F[n_1 + 1][n_1]], n) 
PROVE  [n_1 \in Nat |-> F[n_1 + 1][n_1]][n]
       = Def([n_1 \in Nat |-> F[n_1 + 1][n_1]], n)

@!!END

@!!BEGIN
@!!type:obligation
@!!id:185
@!!loc:244:38:244:40
@!!status:proved
@!!prover:smt
@!!meth:time-limit: 5; time-used: 0.1 (2%)
@!!already:false
@!!obl:
ASSUME NEW CONSTANT Def(_, _),
       ASSUME NEW CONSTANT n \in Nat,
              NEW CONSTANT g,
              NEW CONSTANT h,
              \A i \in 0..n - 1 : g[i] = h[i] 
       PROVE  Def(g, n) = Def(h, n) ,
       NEW CONSTANT n \in Nat,
       NEW CONSTANT m \in 0..n,
       NEW CONSTANT i \in 0..m - 1,
       ASSUME NEW CONSTANT n_1 \in Nat,
              NEW CONSTANT i_1 \in 0..n_1 - 1
       PROVE  F[n_1][i_1] = Def(F[n_1 - 1], i_1) 
PROVE  Def(F[m - 1], i) = F[m][i]

@!!END

@!!BEGIN
@!!type:obligation
@!!id:188
@!!loc:260:16:260:20
@!!status:trivial
@!!prover:tlapm
@!!already:false
@!!obl:ASSUME NEW CONSTANT Def(_, _),
       ASSUME NEW CONSTANT n \in Nat,
              NEW CONSTANT g,
              NEW CONSTANT h,
              \A i \in 0..n - 1 : g[i] = h[i] 
       PROVE  Def(g, n) = Def(h, n) ,
       NEW CONSTANT n \in Nat,
       [n_1 \in Nat |-> F[n_1 + 1][n_1]][n] = Def(F[n], n) 
PROVE  [n_1 \in Nat |-> F[n_1 + 1][n_1]][n] = Def(F[n], n)

@!!END

@!!BEGIN
@!!type:obligation
@!!id:189
@!!loc:260:22:260:26
@!!status:trivial
@!!prover:tlapm
@!!already:false
@!!obl:ASSUME NEW CONSTANT Def(_, _),
       ASSUME NEW CONSTANT n \in Nat,
              NEW CONSTANT g,
              NEW CONSTANT h,
              \A i \in 0..n - 1 : g[i] = h[i] 
       PROVE  Def(g, n) = Def(h, n) ,
       NEW CONSTANT n \in Nat,
       Def(F[n], n) = Def([n_1 \in Nat |-> F[n_1 + 1][n_1]], n) ,
       [n_1 \in Nat |-> F[n_1 + 1][n_1]][n] = Def(F[n], n) 
PROVE  Def(F[n], n) = Def([n_1 \in Nat |-> F[n_1 + 1][n_1]], n)

@!!END

@!!BEGIN
@!!type:obligation
@!!id:190
@!!loc:256:5:256:7
@!!status:normalized
@!!meth:time-limit: 10
@!!obl:ASSUME NEW CONSTANT Def(_, _),
       ASSUME NEW CONSTANT n \in Nat,
              NEW CONSTANT g,
              NEW CONSTANT h,
              \A i \in 0..n - 1 : g[i] = h[i] 
       PROVE  Def(g, n) = Def(h, n) ,
       ASSUME NEW CONSTANT n \in Nat
       PROVE  [n_1 \in Nat |-> F[n_1 + 1][n_1]][n]
              = Def([n_1 \in Nat |-> F[n_1 + 1][n_1]], n) ,
       TRUE 
PROVE  [n \in Nat |-> F[n + 1][n]]
       = [n \in Nat |-> Def([n_1 \in Nat |-> F[n_1 + 1][n_1]], n)]

@!!END

@!!BEGIN
@!!type:obligation
@!!id:191
@!!loc:256:8:256:13
@!!status:trivial
@!!prover:tlapm
@!!already:false
@!!obl:ASSUME NEW CONSTANT Def(_, _),
       ASSUME NEW CONSTANT n \in Nat,
              NEW CONSTANT g,
              NEW CONSTANT h,
              \A i \in 0..n - 1 : g[i] = h[i] 
       PROVE  Def(g, n) = Def(h, n) ,
       ASSUME NEW CONSTANT n \in Nat
       PROVE  [n_1 \in Nat |-> F[n_1 + 1][n_1]][n]
              = Def([n_1 \in Nat |-> F[n_1 + 1][n_1]], n) 
PROVE  TRUE

@!!END

@!!BEGIN
@!!type:obligation
@!!id:192
@!!loc:257:30:257:32
@!!status:normalized
@!!meth:time-limit: 5
@!!obl:ASSUME NEW CONSTANT Def(_, _),
       ASSUME NEW CONSTANT n \in Nat,
              NEW CONSTANT g,
              NEW CONSTANT h,
              \A i \in 0..n - 1 : g[i] = h[i] 
       PROVE  Def(g, n) = Def(h, n) ,
       NEW CONSTANT n \in Nat,
       ASSUME NEW CONSTANT n_1 \in Nat,
              NEW CONSTANT i \in 0..n_1 - 1
       PROVE  F[n_1][i] = Def(F[n_1 - 1], i) 
PROVE  [n_1 \in Nat |-> F[n_1 + 1][n_1]][n] = Def(F[n], n)

@!!END

@!!BEGIN
@!!type:obligation
@!!id:3
@!!loc:45:11:45:13
@!!status:proved
@!!prover:isabelle
@!!meth:auto; time-limit: 30; time-used: 5.5 (18%)
@!!already:false
@!!obl:
ASSUME NEW CONSTANT P(_),
       NEW CONSTANT m \in Nat,
       P(m) ,
       \A n \in 1..m : P(n) => P(n - 1) ,
       \A n \in Nat : n =< m => P(m - n) ,
       TRUE 
PROVE  P(0)

@!!END

@!!BEGIN
@!!type:obligation
@!!id:193
@!!loc:257:33:257:37
@!!status:trivial
@!!prover:tlapm
@!!already:false
@!!obl:ASSUME NEW CONSTANT Def(_, _),
       ASSUME NEW CONSTANT n \in Nat,
              NEW CONSTANT g,
              NEW CONSTANT h,
              \A i \in 0..n - 1 : g[i] = h[i] 
       PROVE  Def(g, n) = Def(h, n) ,
       ASSUME NEW CONSTANT n \in Nat,
              NEW CONSTANT i \in 0..n - 1
       PROVE  F[n][i] = Def(F[n - 1], i) ,
       NEW CONSTANT n \in Nat
PROVE  ASSUME NEW CONSTANT n_1 \in Nat,
              NEW CONSTANT i \in 0..n_1 - 1
       PROVE  F[n_1][i] = Def(F[n_1 - 1], i)

@!!END

@!!BEGIN
@!!type:obligation
@!!id:194
@!!loc:258:45:258:47
@!!status:normalized
@!!meth:time-limit: 5
@!!obl:ASSUME NEW CONSTANT Def(_, _),
       ASSUME NEW CONSTANT n \in Nat,
              NEW CONSTANT g,
              NEW CONSTANT h,
              \A i \in 0..n - 1 : g[i] = h[i] 
       PROVE  Def(g, n) = Def(h, n) ,
       NEW CONSTANT n \in Nat,
       \A n_1 \in Nat :
          \A m \in 0..n_1 : \A i \in 0..m - 1 : F[n_1][i] = F[m][i] 
PROVE  \A i \in 0..n - 1 : F[n][i] = [n_1 \in Nat |-> F[n_1 + 1][n_1]][i]

@!!END

@!!BEGIN
@!!type:obligation
@!!id:190
@!!loc:256:5:256:7
@!!status:proved
@!!prover:zenon
@!!meth:time-limit: 10; time-used: 0.1 (1%)
@!!already:false
@!!obl:
ASSUME NEW CONSTANT Def(_, _),
       ASSUME NEW CONSTANT n \in Nat,
              NEW CONSTANT g,
              NEW CONSTANT h,
              \A i \in 0..n - 1 : g[i] = h[i] 
       PROVE  Def(g, n) = Def(h, n) ,
       ASSUME NEW CONSTANT n \in Nat
       PROVE  [n_1 \in Nat |-> F[n_1 + 1][n_1]][n]
              = Def([n_1 \in Nat |-> F[n_1 + 1][n_1]], n) ,
       TRUE 
PROVE  [n \in Nat |-> F[n + 1][n]]
       = [n \in Nat |-> Def([n_1 \in Nat |-> F[n_1 + 1][n_1]], n)]

@!!END

@!!BEGIN
@!!type:obligation
@!!id:195
@!!loc:258:48:258:52
@!!status:trivial
@!!prover:tlapm
@!!already:false
@!!obl:ASSUME NEW CONSTANT Def(_, _),
       ASSUME NEW CONSTANT n \in Nat,
              NEW CONSTANT g,
              NEW CONSTANT h,
              \A i \in 0..n - 1 : g[i] = h[i] 
       PROVE  Def(g, n) = Def(h, n) ,
       \A n \in Nat : \A m \in 0..n : \A i \in 0..m - 1 : F[n][i] = F[m][i] ,
       NEW CONSTANT n \in Nat
PROVE  \A n_1 \in Nat :
          \A m \in 0..n_1 : \A i \in 0..m - 1 : F[n_1][i] = F[m][i]

@!!END

@!!BEGIN
@!!type:obligation
@!!id:196
@!!loc:259:33:259:35
@!!status:normalized
@!!meth:time-limit: 10
@!!obl:ASSUME NEW CONSTANT Def(_, _),
       ASSUME NEW CONSTANT n \in Nat,
              NEW CONSTANT g,
              NEW CONSTANT h,
              \A i \in 0..n - 1 : g[i] = h[i] 
       PROVE  Def(g, n) = Def(h, n) ,
       NEW CONSTANT n \in Nat,
       \A i \in 0..n - 1 : F[n][i] = [n_1 \in Nat |-> F[n_1 + 1][n_1]][i] ,
       TRUE 
PROVE  Def(F[n], n) = Def([n_1 \in Nat |-> F[n_1 + 1][n_1]], n)

@!!END

@!!BEGIN
@!!type:obligation
@!!id:19
@!!loc:59:28:59:30
@!!status:proved
@!!prover:isabelle
@!!meth:auto; time-limit: 30; time-used: 5.5 (18%)
@!!already:false
@!!obl:
ASSUME NEW CONSTANT P(_),
       \A n \in Nat : (\A m \in 0..n - 1 : P(m)) => P(n) ,
       \A m \in 0..0 : P(m) ,
       \A n \in Nat : (\A m \in 0..n : P(m)) => (\A m \in 0..n + 1 : P(m)) ,
       ASSUME NEW CONSTANT P_1(_),
              P_1(0) ,
              \A n \in Nat : P_1(n) => P_1(n + 1) 
       PROVE  \A n \in Nat : P_1(n) ,
       TRUE 
PROVE  \A n \in Nat : \A m \in 0..n : P(m)

@!!END

@!!BEGIN
@!!type:obligation
@!!id:197
@!!loc:259:36:259:40
@!!status:trivial
@!!prover:tlapm
@!!already:false
@!!obl:ASSUME NEW CONSTANT Def(_, _),
       ASSUME NEW CONSTANT n \in Nat,
              NEW CONSTANT g,
              NEW CONSTANT h,
              \A i \in 0..n - 1 : g[i] = h[i] 
       PROVE  Def(g, n) = Def(h, n) ,
       NEW CONSTANT n \in Nat,
       \A i \in 0..n - 1 : F[n][i] = [n_1 \in Nat |-> F[n_1 + 1][n_1]][i] 
PROVE  \A i \in 0..n - 1 : F[n][i] = [n_1 \in Nat |-> F[n_1 + 1][n_1]][i]

@!!END

@!!BEGIN
@!!type:obligation
@!!id:198
@!!loc:259:42:259:47
@!!status:trivial
@!!prover:tlapm
@!!already:false
@!!obl:ASSUME NEW CONSTANT Def(_, _),
       ASSUME NEW CONSTANT n \in Nat,
              NEW CONSTANT g,
              NEW CONSTANT h,
              \A i \in 0..n - 1 : g[i] = h[i] 
       PROVE  Def(g, n) = Def(h, n) ,
       NEW CONSTANT n \in Nat,
       \A i \in 0..n - 1 : F[n][i] = [n_1 \in Nat |-> F[n_1 + 1][n_1]][i] 
PROVE  TRUE

@!!END

@!!BEGIN
@!!type:obligation
@!!id:199
@!!loc:289:11:289:13
@!!status:normalized
@!!meth:time-limit: 5
@!!obl:ASSUME NEW CONSTANT Def(_, _),
       NEW CONSTANT f,
       NEW CONSTANT f0,
       NatInductiveDefHypothesis(f, f0, Def) ,
       ff = [n \in Nat |-> IF n = 0 THEN f0 ELSE Def(ff[n - 1], n)] ,
       ff = f 
PROVE  f = [i \in Nat |-> IF i = 0 THEN f0 ELSE Def(f[i - 1], i)]

@!!END

@!!BEGIN
@!!type:obligation
@!!id:192
@!!loc:257:30:257:32
@!!status:proved
@!!prover:smt
@!!meth:time-limit: 5; time-used: 0.2 (3%)
@!!already:false
@!!obl:
ASSUME NEW CONSTANT Def(_, _),
       ASSUME NEW CONSTANT n \in Nat,
              NEW CONSTANT g,
              NEW CONSTANT h,
              \A i \in 0..n - 1 : g[i] = h[i] 
       PROVE  Def(g, n) = Def(h, n) ,
       NEW CONSTANT n \in Nat,
       ASSUME NEW CONSTANT n_1 \in Nat,
              NEW CONSTANT i \in 0..n_1 - 1
       PROVE  F[n_1][i] = Def(F[n_1 - 1], i) 
PROVE  [n_1 \in Nat |-> F[n_1 + 1][n_1]][n] = Def(F[n], n)

@!!END

@!!BEGIN
@!!type:obligation
@!!id:200
@!!loc:289:14:289:18
@!!status:trivial
@!!prover:tlapm
@!!already:false
@!!obl:ASSUME NEW CONSTANT Def(_, _),
       NEW CONSTANT f,
       NEW CONSTANT f0,
       NatInductiveDefHypothesis(f, f0, Def) ,
       ff = [n \in Nat |-> IF n = 0 THEN f0 ELSE Def(ff[n - 1], n)] 
PROVE  ff = [n \in Nat |-> IF n = 0 THEN f0 ELSE Def(ff[n - 1], n)]

@!!END

@!!BEGIN
@!!type:obligation
@!!id:201
@!!loc:289:20:289:24
@!!status:trivial
@!!prover:tlapm
@!!already:false
@!!obl:ASSUME NEW CONSTANT Def(_, _),
       NEW CONSTANT f,
       NEW CONSTANT f0,
       NatInductiveDefHypothesis(f, f0, Def) ,
       ff = f ,
       ff = [n \in Nat |-> IF n = 0 THEN f0 ELSE Def(ff[n - 1], n)] 
PROVE  ff = f

@!!END

@!!BEGIN
@!!type:obligation
@!!id:202
@!!loc:283:3:283:5
@!!status:normalized
@!!meth:time-limit: 5
@!!obl:ASSUME NEW CONSTANT Def(_, _),
       NEW CONSTANT f,
       NEW CONSTANT f0,
       NatInductiveDefHypothesis(f, f0, Def) ,
       NEW CONSTANT n \in Nat,
       NEW CONSTANT g,
       NEW CONSTANT h,
       \A i \in 0..n - 1 : g[i] = h[i] ,
       TRUE 
PROVE  (IF n = 0 THEN f0 ELSE Def(g[n - 1], n))
       = (IF n = 0 THEN f0 ELSE Def(h[n - 1], n))

@!!END

@!!BEGIN
@!!type:obligation
@!!id:199
@!!loc:289:11:289:13
@!!status:proved
@!!prover:smt
@!!meth:time-limit: 5; time-used: 0.1 (3%)
@!!already:false
@!!obl:
ASSUME NEW CONSTANT Def(_, _),
       NEW CONSTANT f,
       NEW CONSTANT f0,
       NatInductiveDefHypothesis(f, f0, Def) ,
       ff = [n \in Nat |-> IF n = 0 THEN f0 ELSE Def(ff[n - 1], n)] ,
       ff = f 
PROVE  f = [i \in Nat |-> IF i = 0 THEN f0 ELSE Def(f[i - 1], i)]

@!!END

@!!BEGIN
@!!type:obligation
@!!id:196
@!!loc:259:33:259:35
@!!status:proved
@!!prover:zenon
@!!meth:time-limit: 10; time-used: 0.1 (1%)
@!!already:false
@!!obl:
ASSUME NEW CONSTANT Def(_, _),
       ASSUME NEW CONSTANT n \in Nat,
              NEW CONSTANT g,
              NEW CONSTANT h,
              \A i \in 0..n - 1 : g[i] = h[i] 
       PROVE  Def(g, n) = Def(h, n) ,
       NEW CONSTANT n \in Nat,
       \A i \in 0..n - 1 : F[n][i] = [n_1 \in Nat |-> F[n_1 + 1][n_1]][i] ,
       TRUE 
PROVE  Def(F[n], n) = Def([n_1 \in Nat |-> F[n_1 + 1][n_1]], n)

@!!END

@!!BEGIN
@!!type:obligation
@!!id:194
@!!loc:258:45:258:47
@!!status:proved
@!!prover:smt
@!!meth:time-limit: 5; time-used: 0.2 (4%)
@!!already:false
@!!obl:
ASSUME NEW CONSTANT Def(_, _),
       ASSUME NEW CONSTANT n \in Nat,
              NEW CONSTANT g,
              NEW CONSTANT h,
              \A i \in 0..n - 1 : g[i] = h[i] 
       PROVE  Def(g, n) = Def(h, n) ,
       NEW CONSTANT n \in Nat,
       \A n_1 \in Nat :
          \A m \in 0..n_1 : \A i \in 0..m - 1 : F[n_1][i] = F[m][i] 
PROVE  \A i \in 0..n - 1 : F[n][i] = [n_1 \in Nat |-> F[n_1 + 1][n_1]][i]

@!!END

@!!BEGIN
@!!type:obligation
@!!id:24
@!!loc:81:11:81:13
@!!status:proved
@!!prover:isabelle
@!!meth:auto; time-limit: 30; time-used: 5.7 (19%)
@!!already:false
@!!obl:
ASSUME NEW CONSTANT P(_),
       NEW CONSTANT n \in Nat,
       ASSUME NEW CONSTANT l \in Nat,
              \A k \in 0..l - 1 : Q(k) 
       PROVE  Q(l) ,
       ASSUME NEW CONSTANT P_1(_),
              \A n_1 \in Nat : (\A m \in 0..n_1 - 1 : P_1(m)) => P_1(n_1) 
       PROVE  \A n_1 \in Nat : P_1(n_1) ,
       TRUE 
PROVE  \A m \in Nat : Q(m)

@!!END

@!!BEGIN
@!!type:obligation
@!!id:203
@!!loc:283:6:283:10
@!!status:trivial
@!!prover:tlapm
@!!already:false
@!!obl:ASSUME NEW CONSTANT Def(_, _),
       NEW CONSTANT f,
       NEW CONSTANT f0,
       NatInductiveDefHypothesis(f, f0, Def) ,
       NEW CONSTANT n \in Nat,
       NEW CONSTANT g,
       NEW CONSTANT h,
       \A i \in 0..n - 1 : g[i] = h[i] 
PROVE  \A i \in 0..n - 1 : g[i] = h[i]

@!!END

@!!BEGIN
@!!type:obligation
@!!id:204
@!!loc:283:12:283:14
@!!status:trivial
@!!prover:tlapm
@!!already:false
@!!obl:ASSUME NEW CONSTANT Def(_, _),
       NEW CONSTANT f,
       NEW CONSTANT f0,
       NatInductiveDefHypothesis(f, f0, Def) ,
       NEW CONSTANT n \in Nat,
       NEW CONSTANT g,
       NEW CONSTANT h,
       \A i \in 0..n - 1 : g[i] = h[i] 
PROVE  TRUE

@!!END

@!!BEGIN
@!!type:obligation
@!!id:205
@!!loc:285:41:285:43
@!!status:normalized
@!!meth:time-limit: 30
@!!obl:ASSUME NEW CONSTANT Def(_, _),
       NEW CONSTANT f,
       NEW CONSTANT f0,
       NatInductiveDefHypothesis(f, f0, Def) ,
       ASSUME NEW CONSTANT n \in Nat,
              NEW CONSTANT g,
              NEW CONSTANT h,
              \A i \in 0..n - 1 : g[i] = h[i] 
       PROVE  PRDef(g, n) = PRDef(h, n) ,
       ASSUME NEW CONSTANT Def_1(_, _),
              ASSUME NEW CONSTANT n \in Nat,
                     NEW CONSTANT g,
                     NEW CONSTANT h,
                     \A i \in 0..n - 1 : g[i] = h[i] 
              PROVE  Def_1(g, n) = Def_1(h, n) 
       PROVE  (CHOOSE f_1 : f_1 = [n \in Nat |-> Def_1(f_1, n)])
              = [n \in Nat |->
                   Def_1(CHOOSE f_1 : f_1 = [n_1 \in Nat |-> Def_1(f_1, n_1)],
                         n)] ,
       TRUE 
PROVE  (CHOOSE ff : ff = [n \in Nat |-> PRDef(ff, n)])
       = [n \in Nat |->
            PRDef(CHOOSE ff : ff = [n_1 \in Nat |-> PRDef(ff, n_1)], n)]

@!!END

@!!BEGIN
@!!type:obligation
@!!id:206
@!!loc:285:44:285:48
@!!status:trivial
@!!prover:tlapm
@!!already:false
@!!obl:ASSUME NEW CONSTANT Def(_, _),
       NEW CONSTANT f,
       NEW CONSTANT f0,
       NatInductiveDefHypothesis(f, f0, Def) ,
       ASSUME NEW CONSTANT n \in Nat,
              NEW CONSTANT g,
              NEW CONSTANT h,
              \A i \in 0..n - 1 : g[i] = h[i] 
       PROVE  PRDef(g, n) = PRDef(h, n) 
PROVE  ASSUME NEW CONSTANT n \in Nat,
              NEW CONSTANT g,
              NEW CONSTANT h,
              \A i \in 0..n - 1 : g[i] = h[i] 
       PROVE  PRDef(g, n) = PRDef(h, n)

@!!END

@!!BEGIN
@!!type:obligation
@!!id:207
@!!loc:285:50:285:67
@!!status:trivial
@!!prover:tlapm
@!!already:false
@!!obl:ASSUME ASSUME NEW CONSTANT Def(_, _),
              ASSUME NEW CONSTANT n \in Nat,
                     NEW CONSTANT g,
                     NEW CONSTANT h,
                     \A i \in 0..n - 1 : g[i] = h[i] 
              PROVE  Def(g, n) = Def(h, n) 
       PROVE  (CHOOSE f : f = [n \in Nat |-> Def(f, n)])
              = [n \in Nat |->
                   Def(CHOOSE f : f = [n_1 \in Nat |-> Def(f, n_1)], n)] ,
       NEW CONSTANT Def(_, _),
       NEW CONSTANT f,
       NEW CONSTANT f0,
       NatInductiveDefHypothesis(f, f0, Def) ,
       ASSUME NEW CONSTANT n \in Nat,
              NEW CONSTANT g,
              NEW CONSTANT h,
              \A i \in 0..n - 1 : g[i] = h[i] 
       PROVE  PRDef(g, n) = PRDef(h, n) 
PROVE  ASSUME NEW CONSTANT Def_1(_, _),
              ASSUME NEW CONSTANT n \in Nat,
                     NEW CONSTANT g,
                     NEW CONSTANT h,
                     \A i \in 0..n - 1 : g[i] = h[i] 
              PROVE  Def_1(g, n) = Def_1(h, n) 
       PROVE  (CHOOSE f_1 : f_1 = [n \in Nat |-> Def_1(f_1, n)])
              = [n \in Nat |->
                   Def_1(CHOOSE f_1 : f_1 = [n_1 \in Nat |-> Def_1(f_1, n_1)],
                         n)]

@!!END

@!!BEGIN
@!!type:obligation
@!!id:208
@!!loc:285:69:285:72
@!!status:trivial
@!!prover:tlapm
@!!already:false
@!!obl:ASSUME NEW CONSTANT Def(_, _),
       NEW CONSTANT f,
       NEW CONSTANT f0,
       NatInductiveDefHypothesis(f, f0, Def) ,
       ASSUME NEW CONSTANT n \in Nat,
              NEW CONSTANT g,
              NEW CONSTANT h,
              \A i \in 0..n - 1 : g[i] = h[i] 
       PROVE  PRDef(g, n) = PRDef(h, n) ,
       ASSUME NEW CONSTANT Def_1(_, _),
              ASSUME NEW CONSTANT n \in Nat,
                     NEW CONSTANT g,
                     NEW CONSTANT h,
                     \A i \in 0..n - 1 : g[i] = h[i] 
              PROVE  Def_1(g, n) = Def_1(h, n) 
       PROVE  (CHOOSE f_1 : f_1 = [n \in Nat |-> Def_1(f_1, n)])
              = [n \in Nat |->
                   Def_1(CHOOSE f_1 : f_1 = [n_1 \in Nat |-> Def_1(f_1, n_1)],
                         n)] 
PROVE  TRUE

@!!END

@!!BEGIN
@!!type:obligation
@!!id:209
@!!loc:287:15:287:17
@!!status:normalized
@!!meth:time-limit: 5
@!!obl:ASSUME NEW CONSTANT Def(_, _),
       NEW CONSTANT f,
       NEW CONSTANT f0,
       f
       = (CHOOSE g :
            g = [i \in Nat |-> IF i = 0 THEN f0 ELSE Def(g[i - 1], i)]) 
PROVE  (CHOOSE ff :
          ff = [n \in Nat |-> IF n = 0 THEN f0 ELSE Def(ff[n - 1], n)])
       = f

@!!END

@!!BEGIN
@!!type:obligation
@!!id:210
@!!loc:305:11:305:13
@!!status:normalized
@!!meth:time-limit: 30
@!!obl:ASSUME NEW CONSTANT f,
       NEW CONSTANT S,
       NEW CONSTANT Def(_, _),
       f = [n \in Nat |-> Def(f, n)] ,
       ASSUME NEW CONSTANT n \in Nat,
              NEW CONSTANT g,
              \A i \in 0..n - 1 : g[i] \in S 
       PROVE  Def(g, n) \in S ,
       ASSUME NEW CONSTANT n \in Nat,
              \A i \in 0..n - 1 : f[i] \in S 
       PROVE  f[n] \in S ,
       ASSUME NEW CONSTANT P(_),
              \A n \in Nat : (\A m \in 0..n - 1 : P(m)) => P(n) 
       PROVE  \A n \in Nat : P(n) ,
       TRUE 
PROVE  \A n \in Nat : f[n] \in S

@!!END

@!!BEGIN
@!!type:obligation
@!!id:211
@!!loc:305:14:305:18
@!!status:trivial
@!!prover:tlapm
@!!already:false
@!!obl:ASSUME NEW CONSTANT f,
       NEW CONSTANT S,
       NEW CONSTANT Def(_, _),
       f = [n \in Nat |-> Def(f, n)] ,
       ASSUME NEW CONSTANT n \in Nat,
              NEW CONSTANT g,
              \A i \in 0..n - 1 : g[i] \in S 
       PROVE  Def(g, n) \in S ,
       ASSUME NEW CONSTANT n \in Nat,
              \A i \in 0..n - 1 : f[i] \in S 
       PROVE  f[n] \in S 
PROVE  ASSUME NEW CONSTANT n \in Nat,
              \A i \in 0..n - 1 : f[i] \in S 
       PROVE  f[n] \in S

@!!END

@!!BEGIN
@!!type:obligation
@!!id:212
@!!loc:305:20:305:39
@!!status:trivial
@!!prover:tlapm
@!!already:false
@!!obl:ASSUME ASSUME NEW CONSTANT P(_),
              \A n \in Nat : (\A m \in 0..n - 1 : P(m)) => P(n) 
       PROVE  \A n \in Nat : P(n) ,
       NEW CONSTANT f,
       NEW CONSTANT S,
       NEW CONSTANT Def(_, _),
       f = [n \in Nat |-> Def(f, n)] ,
       ASSUME NEW CONSTANT n \in Nat,
              NEW CONSTANT g,
              \A i \in 0..n - 1 : g[i] \in S 
       PROVE  Def(g, n) \in S ,
       ASSUME NEW CONSTANT n \in Nat,
              \A i \in 0..n - 1 : f[i] \in S 
       PROVE  f[n] \in S 
PROVE  ASSUME NEW CONSTANT P(_),
              \A n \in Nat : (\A m \in 0..n - 1 : P(m)) => P(n) 
       PROVE  \A n \in Nat : P(n)

@!!END

@!!BEGIN
@!!type:obligation
@!!id:213
@!!loc:305:41:305:44
@!!status:trivial
@!!prover:tlapm
@!!already:false
@!!obl:ASSUME NEW CONSTANT f,
       NEW CONSTANT S,
       NEW CONSTANT Def(_, _),
       f = [n \in Nat |-> Def(f, n)] ,
       ASSUME NEW CONSTANT n \in Nat,
              NEW CONSTANT g,
              \A i \in 0..n - 1 : g[i] \in S 
       PROVE  Def(g, n) \in S ,
       ASSUME NEW CONSTANT n \in Nat,
              \A i \in 0..n - 1 : f[i] \in S 
       PROVE  f[n] \in S ,
       ASSUME NEW CONSTANT P(_),
              \A n \in Nat : (\A m \in 0..n - 1 : P(m)) => P(n) 
       PROVE  \A n \in Nat : P(n) 
PROVE  TRUE

@!!END

@!!BEGIN
@!!type:obligation
@!!id:214
@!!loc:301:3:301:10
@!!status:normalized
@!!meth:time-limit: 5
@!!obl:ASSUME NEW CONSTANT f,
       NEW CONSTANT S,
       NEW CONSTANT Def(_, _),
       f = [n \in Nat |-> Def(f, n)] ,
       ASSUME NEW CONSTANT n \in Nat,
              NEW CONSTANT g,
              \A i \in 0..n - 1 : g[i] \in S 
       PROVE  Def(g, n) \in S ,
       \A n \in Nat : f[n] \in S 
PROVE  f \in [Nat -> S]

@!!END

@!!BEGIN
@!!type:obligation
@!!id:202
@!!loc:283:3:283:5
@!!status:proved
@!!prover:z3
@!!meth:time-limit: 5; time-used: 0.1 (1%)
@!!already:false
@!!obl:
ASSUME NEW CONSTANT Def(_, _),
       NEW CONSTANT f,
       NEW CONSTANT f0,
       NatInductiveDefHypothesis(f, f0, Def) ,
       NEW CONSTANT n \in Nat,
       NEW CONSTANT g,
       NEW CONSTANT h,
       \A i \in 0..n - 1 : g[i] = h[i] ,
       TRUE 
PROVE  (IF n = 0 THEN f0 ELSE Def(g[n - 1], n))
       = (IF n = 0 THEN f0 ELSE Def(h[n - 1], n))

@!!END

@!!BEGIN
@!!type:obligation
@!!id:10
@!!loc:44:28:44:30
@!!status:proved
@!!prover:isabelle
@!!meth:auto; time-limit: 30; time-used: 5.7 (19%)
@!!already:false
@!!obl:
ASSUME NEW CONSTANT P(_),
       NEW CONSTANT m \in Nat,
       P(m) ,
       \A n \in 1..m : P(n) => P(n - 1) ,
       0 =< m => P(m - 0) ,
       ASSUME NEW CONSTANT n \in Nat,
              n =< m => P(m - n) 
       PROVE  n + 1 =< m => P(m - (n + 1)) ,
       ASSUME NEW CONSTANT P_1(_),
              P_1(0) ,
              \A n \in Nat : P_1(n) => P_1(n + 1) 
       PROVE  \A n \in Nat : P_1(n) ,
       TRUE 
PROVE  \A n \in Nat : n =< m => P(m - n)

@!!END

@!!BEGIN
@!!type:obligation
@!!id:215
@!!loc:304:3:304:5
@!!status:normalized
@!!meth:time-limit: 10
@!!obl:ASSUME NEW CONSTANT f,
       NEW CONSTANT S,
       NEW CONSTANT Def(_, _),
       f = [n \in Nat |-> Def(f, n)] ,
       ASSUME NEW CONSTANT n \in Nat,
              NEW CONSTANT g,
              \A i \in 0..n - 1 : g[i] \in S 
       PROVE  Def(g, n) \in S ,
       NEW CONSTANT n \in Nat,
       \A i \in 0..n - 1 : f[i] \in S ,
       TRUE 
PROVE  f[n] \in S

@!!END

@!!BEGIN
@!!type:obligation
@!!id:216
@!!loc:304:6:304:10
@!!status:trivial
@!!prover:tlapm
@!!already:false
@!!obl:ASSUME NEW CONSTANT f,
       NEW CONSTANT S,
       NEW CONSTANT Def(_, _),
       f = [n \in Nat |-> Def(f, n)] ,
       ASSUME NEW CONSTANT n \in Nat,
              NEW CONSTANT g,
              \A i \in 0..n - 1 : g[i] \in S 
       PROVE  Def(g, n) \in S ,
       NEW CONSTANT n \in Nat,
       \A i \in 0..n - 1 : f[i] \in S 
PROVE  \A i \in 0..n - 1 : f[i] \in S

@!!END

@!!BEGIN
@!!type:obligation
@!!id:217
@!!loc:304:12:304:17
@!!status:trivial
@!!prover:tlapm
@!!already:false
@!!obl:ASSUME NEW CONSTANT f,
       NEW CONSTANT S,
       NEW CONSTANT Def(_, _),
       f = [n \in Nat |-> Def(f, n)] ,
       ASSUME NEW CONSTANT n \in Nat,
              NEW CONSTANT g,
              \A i \in 0..n - 1 : g[i] \in S 
       PROVE  Def(g, n) \in S ,
       NEW CONSTANT n \in Nat,
       \A i \in 0..n - 1 : f[i] \in S 
PROVE  TRUE

@!!END

@!!BEGIN
@!!type:obligation
@!!id:218
@!!loc:323:11:323:13
@!!status:normalized
@!!meth:time-limit: 30
@!!obl:ASSUME NEW CONSTANT Def(_, _),
       NEW CONSTANT S,
       NEW CONSTANT f,
       NEW CONSTANT f0 \in S,
       f = [i \in Nat |-> IF i = 0 THEN f0 ELSE Def(f[i - 1], i)] ,
       f0 \in S ,
       \A v \in S, n \in Nat \ {0} : Def(v, n) \in S ,
       f[0] \in S ,
       ASSUME NEW CONSTANT n \in Nat,
              f[n] \in S 
       PROVE  f[n + 1] \in S ,
       ASSUME NEW CONSTANT P(_),
              P(0) ,
              \A n \in Nat : P(n) => P(n + 1) 
       PROVE  \A n \in Nat : P(n) ,
       TRUE 
PROVE  \A n \in Nat : f[n] \in S

@!!END

@!!BEGIN
@!!type:obligation
@!!id:215
@!!loc:304:3:304:5
@!!status:proved
@!!prover:zenon
@!!meth:time-limit: 10; time-used: 0.0 (0%)
@!!already:false
@!!obl:
ASSUME NEW CONSTANT f,
       NEW CONSTANT S,
       NEW CONSTANT Def(_, _),
       f = [n \in Nat |-> Def(f, n)] ,
       ASSUME NEW CONSTANT n \in Nat,
              NEW CONSTANT g,
              \A i \in 0..n - 1 : g[i] \in S 
       PROVE  Def(g, n) \in S ,
       NEW CONSTANT n \in Nat,
       \A i \in 0..n - 1 : f[i] \in S ,
       TRUE 
PROVE  f[n] \in S

@!!END

@!!BEGIN
@!!type:obligation
@!!id:214
@!!loc:301:3:301:10
@!!status:proved
@!!prover:smt
@!!meth:time-limit: 5; time-used: 0.0 (1%)
@!!already:false
@!!obl:
ASSUME NEW CONSTANT f,
       NEW CONSTANT S,
       NEW CONSTANT Def(_, _),
       f = [n \in Nat |-> Def(f, n)] ,
       ASSUME NEW CONSTANT n \in Nat,
              NEW CONSTANT g,
              \A i \in 0..n - 1 : g[i] \in S 
       PROVE  Def(g, n) \in S ,
       \A n \in Nat : f[n] \in S 
PROVE  f \in [Nat -> S]

@!!END

@!!BEGIN
@!!type:obligation
@!!id:219
@!!loc:323:14:323:18
@!!status:trivial
@!!prover:tlapm
@!!already:false
@!!obl:ASSUME NEW CONSTANT Def(_, _),
       NEW CONSTANT S,
       NEW CONSTANT f,
       NEW CONSTANT f0 \in S,
       f = [i \in Nat |-> IF i = 0 THEN f0 ELSE Def(f[i - 1], i)] ,
       f0 \in S ,
       \A v \in S, n \in Nat \ {0} : Def(v, n) \in S ,
       f[0] \in S 
PROVE  f[0] \in S

@!!END

@!!BEGIN
@!!type:obligation
@!!id:220
@!!loc:323:20:323:24
@!!status:trivial
@!!prover:tlapm
@!!already:false
@!!obl:ASSUME NEW CONSTANT Def(_, _),
       NEW CONSTANT S,
       NEW CONSTANT f,
       NEW CONSTANT f0 \in S,
       f = [i \in Nat |-> IF i = 0 THEN f0 ELSE Def(f[i - 1], i)] ,
       f0 \in S ,
       \A v \in S, n \in Nat \ {0} : Def(v, n) \in S ,
       ASSUME NEW CONSTANT n \in Nat,
              f[n] \in S 
       PROVE  f[n + 1] \in S ,
       f[0] \in S 
PROVE  ASSUME NEW CONSTANT n \in Nat,
              f[n] \in S 
       PROVE  f[n + 1] \in S

@!!END

@!!BEGIN
@!!type:obligation
@!!id:221
@!!loc:323:26:323:38
@!!status:trivial
@!!prover:tlapm
@!!already:false
@!!obl:ASSUME ASSUME NEW CONSTANT P(_),
              P(0) ,
              \A n \in Nat : P(n) => P(n + 1) 
       PROVE  \A n \in Nat : P(n) ,
       NEW CONSTANT Def(_, _),
       NEW CONSTANT S,
       NEW CONSTANT f,
       NEW CONSTANT f0 \in S,
       f = [i \in Nat |-> IF i = 0 THEN f0 ELSE Def(f[i - 1], i)] ,
       f0 \in S ,
       \A v \in S, n \in Nat \ {0} : Def(v, n) \in S ,
       f[0] \in S ,
       ASSUME NEW CONSTANT n \in Nat,
              f[n] \in S 
       PROVE  f[n + 1] \in S 
PROVE  ASSUME NEW CONSTANT P(_),
              P(0) ,
              \A n \in Nat : P(n) => P(n + 1) 
       PROVE  \A n \in Nat : P(n)

@!!END

@!!BEGIN
@!!type:obligation
@!!id:222
@!!loc:323:40:323:43
@!!status:trivial
@!!prover:tlapm
@!!already:false
@!!obl:ASSUME NEW CONSTANT Def(_, _),
       NEW CONSTANT S,
       NEW CONSTANT f,
       NEW CONSTANT f0 \in S,
       f = [i \in Nat |-> IF i = 0 THEN f0 ELSE Def(f[i - 1], i)] ,
       f0 \in S ,
       \A v \in S, n \in Nat \ {0} : Def(v, n) \in S ,
       f[0] \in S ,
       ASSUME NEW CONSTANT n \in Nat,
              f[n] \in S 
       PROVE  f[n + 1] \in S ,
       ASSUME NEW CONSTANT P(_),
              P(0) ,
              \A n \in Nat : P(n) => P(n + 1) 
       PROVE  \A n \in Nat : P(n) 
PROVE  TRUE

@!!END

@!!BEGIN
@!!type:obligation
@!!id:223
@!!loc:315:3:315:10
@!!status:normalized
@!!meth:time-limit: 5
@!!obl:ASSUME NEW CONSTANT Def(_, _),
       NEW CONSTANT S,
       NEW CONSTANT f,
       NEW CONSTANT f0 \in S,
       f = [i \in Nat |-> IF i = 0 THEN f0 ELSE Def(f[i - 1], i)] ,
       f0 \in S ,
       \A v \in S, n \in Nat \ {0} : Def(v, n) \in S ,
       \A n \in Nat : f[n] \in S 
PROVE  f \in [Nat -> S]

@!!END

@!!BEGIN
@!!type:obligation
@!!id:224
@!!loc:316:19:316:26
@!!status:normalized
@!!meth:time-limit: 5
@!!obl:ASSUME NEW CONSTANT Def(_, _),
       NEW CONSTANT S,
       NEW CONSTANT f,
       NEW CONSTANT f0 \in S,
       f = [i \in Nat |-> IF i = 0 THEN f0 ELSE Def(f[i - 1], i)] ,
       f0 \in S ,
       \A v \in S, n \in Nat \ {0} : Def(v, n) \in S 
PROVE  f[0] \in S

@!!END

@!!BEGIN
@!!type:obligation
@!!id:223
@!!loc:315:3:315:10
@!!status:proved
@!!prover:smt
@!!meth:time-limit: 5; time-used: 0.0 (1%)
@!!already:false
@!!obl:
ASSUME NEW CONSTANT Def(_, _),
       NEW CONSTANT S,
       NEW CONSTANT f,
       NEW CONSTANT f0 \in S,
       f = [i \in Nat |-> IF i = 0 THEN f0 ELSE Def(f[i - 1], i)] ,
       f0 \in S ,
       \A v \in S, n \in Nat \ {0} : Def(v, n) \in S ,
       \A n \in Nat : f[n] \in S 
PROVE  f \in [Nat -> S]

@!!END

@!!BEGIN
@!!type:obligation
@!!id:225
@!!loc:322:13:322:15
@!!status:normalized
@!!meth:time-limit: 5
@!!obl:ASSUME NEW CONSTANT Def(_, _),
       NEW CONSTANT S,
       NEW CONSTANT f,
       NEW CONSTANT f0 \in S,
       f = [i \in Nat |-> IF i = 0 THEN f0 ELSE Def(f[i - 1], i)] ,
       f0 \in S ,
       \A v \in S, n \in Nat \ {0} : Def(v, n) \in S ,
       NEW CONSTANT n \in Nat,
       /\ n + 1 \in Nat \ {0}
       /\ (n + 1) - 1 = n ,
       f[n] \in S 
PROVE  f[n + 1] \in S

@!!END

@!!BEGIN
@!!type:obligation
@!!id:224
@!!loc:316:19:316:26
@!!status:proved
@!!prover:smt
@!!meth:time-limit: 5; time-used: 0.0 (1%)
@!!already:false
@!!obl:
ASSUME NEW CONSTANT Def(_, _),
       NEW CONSTANT S,
       NEW CONSTANT f,
       NEW CONSTANT f0 \in S,
       f = [i \in Nat |-> IF i = 0 THEN f0 ELSE Def(f[i - 1], i)] ,
       f0 \in S ,
       \A v \in S, n \in Nat \ {0} : Def(v, n) \in S 
PROVE  f[0] \in S

@!!END

@!!BEGIN
@!!type:obligation
@!!id:226
@!!loc:322:16:322:20
@!!status:trivial
@!!prover:tlapm
@!!already:false
@!!obl:ASSUME NEW CONSTANT Def(_, _),
       NEW CONSTANT S,
       NEW CONSTANT f,
       NEW CONSTANT f0 \in S,
       f = [i \in Nat |-> IF i = 0 THEN f0 ELSE Def(f[i - 1], i)] ,
       f0 \in S ,
       \A v \in S, n \in Nat \ {0} : Def(v, n) \in S ,
       NEW CONSTANT n \in Nat,
       /\ n + 1 \in Nat \ {0}
       /\ (n + 1) - 1 = n 
PROVE  /\ n + 1 \in Nat \ {0}
       /\ (n + 1) - 1 = n

@!!END

@!!BEGIN
@!!type:obligation
@!!id:227
@!!loc:322:22:322:26
@!!status:trivial
@!!prover:tlapm
@!!already:false
@!!obl:ASSUME NEW CONSTANT Def(_, _),
       NEW CONSTANT S,
       NEW CONSTANT f,
       NEW CONSTANT f0 \in S,
       f = [i \in Nat |-> IF i = 0 THEN f0 ELSE Def(f[i - 1], i)] ,
       f0 \in S ,
       \A v \in S, n \in Nat \ {0} : Def(v, n) \in S ,
       NEW CONSTANT n \in Nat,
       f[n] \in S ,
       /\ n + 1 \in Nat \ {0}
       /\ (n + 1) - 1 = n 
PROVE  f[n] \in S

@!!END

@!!BEGIN
@!!type:obligation
@!!id:228
@!!loc:321:4:321:11
@!!status:normalized
@!!meth:time-limit: 5
@!!obl:ASSUME NEW CONSTANT Def(_, _),
       NEW CONSTANT S,
       NEW CONSTANT f,
       NEW CONSTANT f0 \in S,
       f = [i \in Nat |-> IF i = 0 THEN f0 ELSE Def(f[i - 1], i)] ,
       f0 \in S ,
       \A v \in S, n \in Nat \ {0} : Def(v, n) \in S ,
       NEW CONSTANT n \in Nat
PROVE  /\ n + 1 \in Nat \ {0}
       /\ (n + 1) - 1 = n

@!!END

@!!BEGIN
@!!type:obligation
@!!id:225
@!!loc:322:13:322:15
@!!status:proved
@!!prover:smt
@!!meth:time-limit: 5; time-used: 0.0 (1%)
@!!already:false
@!!obl:
ASSUME NEW CONSTANT Def(_, _),
       NEW CONSTANT S,
       NEW CONSTANT f,
       NEW CONSTANT f0 \in S,
       f = [i \in Nat |-> IF i = 0 THEN f0 ELSE Def(f[i - 1], i)] ,
       f0 \in S ,
       \A v \in S, n \in Nat \ {0} : Def(v, n) \in S ,
       NEW CONSTANT n \in Nat,
       /\ n + 1 \in Nat \ {0}
       /\ (n + 1) - 1 = n ,
       f[n] \in S 
PROVE  f[n + 1] \in S

@!!END

@!!BEGIN
@!!type:obligation
@!!id:229
@!!loc:344:3:344:5
@!!status:normalized
@!!meth:time-limit: 30
@!!obl:ASSUME NEW CONSTANT Def(_, _),
       NEW CONSTANT f,
       NEW CONSTANT g,
       f = [n \in Nat |-> Def(f, n)] ,
       g = [n \in Nat |-> Def(g, n)] ,
       ASSUME NEW CONSTANT n \in Nat,
              NEW CONSTANT ff,
              NEW CONSTANT gg,
              \A i \in 0..n - 1 : ff[i] = gg[i] 
       PROVE  Def(ff, n) = Def(gg, n) ,
       ASSUME NEW CONSTANT n \in Nat,
              \A i \in 0..n - 1 : f[i] = g[i] 
       PROVE  f[n] = g[n] ,
       ASSUME NEW CONSTANT P(_),
              \A n \in Nat : (\A m \in 0..n - 1 : P(m)) => P(n) 
       PROVE  \A n \in Nat : P(n) ,
       TRUE 
PROVE  \A n \in Nat : f[n] = g[n]

@!!END

@!!BEGIN
@!!type:obligation
@!!id:228
@!!loc:321:4:321:11
@!!status:proved
@!!prover:smt
@!!meth:time-limit: 5; time-used: 0.0 (1%)
@!!already:false
@!!obl:
ASSUME NEW CONSTANT Def(_, _),
       NEW CONSTANT S,
       NEW CONSTANT f,
       NEW CONSTANT f0 \in S,
       f = [i \in Nat |-> IF i = 0 THEN f0 ELSE Def(f[i - 1], i)] ,
       f0 \in S ,
       \A v \in S, n \in Nat \ {0} : Def(v, n) \in S ,
       NEW CONSTANT n \in Nat
PROVE  /\ n + 1 \in Nat \ {0}
       /\ (n + 1) - 1 = n

@!!END

@!!BEGIN
@!!type:obligation
@!!id:230
@!!loc:344:6:344:10
@!!status:trivial
@!!prover:tlapm
@!!already:false
@!!obl:ASSUME NEW CONSTANT Def(_, _),
       NEW CONSTANT f,
       NEW CONSTANT g,
       f = [n \in Nat |-> Def(f, n)] ,
       g = [n \in Nat |-> Def(g, n)] ,
       ASSUME NEW CONSTANT n \in Nat,
              NEW CONSTANT ff,
              NEW CONSTANT gg,
              \A i \in 0..n - 1 : ff[i] = gg[i] 
       PROVE  Def(ff, n) = Def(gg, n) ,
       ASSUME NEW CONSTANT n \in Nat,
              \A i \in 0..n - 1 : f[i] = g[i] 
       PROVE  f[n] = g[n] 
PROVE  ASSUME NEW CONSTANT n \in Nat,
              \A i \in 0..n - 1 : f[i] = g[i] 
       PROVE  f[n] = g[n]

@!!END

@!!BEGIN
@!!type:obligation
@!!id:231
@!!loc:344:12:344:31
@!!status:trivial
@!!prover:tlapm
@!!already:false
@!!obl:ASSUME ASSUME NEW CONSTANT P(_),
              \A n \in Nat : (\A m \in 0..n - 1 : P(m)) => P(n) 
       PROVE  \A n \in Nat : P(n) ,
       NEW CONSTANT Def(_, _),
       NEW CONSTANT f,
       NEW CONSTANT g,
       f = [n \in Nat |-> Def(f, n)] ,
       g = [n \in Nat |-> Def(g, n)] ,
       ASSUME NEW CONSTANT n \in Nat,
              NEW CONSTANT ff,
              NEW CONSTANT gg,
              \A i \in 0..n - 1 : ff[i] = gg[i] 
       PROVE  Def(ff, n) = Def(gg, n) ,
       ASSUME NEW CONSTANT n \in Nat,
              \A i \in 0..n - 1 : f[i] = g[i] 
       PROVE  f[n] = g[n] 
PROVE  ASSUME NEW CONSTANT P(_),
              \A n \in Nat : (\A m \in 0..n - 1 : P(m)) => P(n) 
       PROVE  \A n \in Nat : P(n)

@!!END

@!!BEGIN
@!!type:obligation
@!!id:232
@!!loc:344:33:344:36
@!!status:trivial
@!!prover:tlapm
@!!already:false
@!!obl:ASSUME NEW CONSTANT Def(_, _),
       NEW CONSTANT f,
       NEW CONSTANT g,
       f = [n \in Nat |-> Def(f, n)] ,
       g = [n \in Nat |-> Def(g, n)] ,
       ASSUME NEW CONSTANT n \in Nat,
              NEW CONSTANT ff,
              NEW CONSTANT gg,
              \A i \in 0..n - 1 : ff[i] = gg[i] 
       PROVE  Def(ff, n) = Def(gg, n) ,
       ASSUME NEW CONSTANT n \in Nat,
              \A i \in 0..n - 1 : f[i] = g[i] 
       PROVE  f[n] = g[n] ,
       ASSUME NEW CONSTANT P(_),
              \A n \in Nat : (\A m \in 0..n - 1 : P(m)) => P(n) 
       PROVE  \A n \in Nat : P(n) 
PROVE  TRUE

@!!END

@!!BEGIN
@!!type:obligation
@!!id:233
@!!loc:338:3:338:10
@!!status:normalized
@!!meth:time-limit: 5
@!!obl:ASSUME NEW CONSTANT Def(_, _),
       NEW CONSTANT f,
       NEW CONSTANT g,
       f = [n \in Nat |-> Def(f, n)] ,
       g = [n \in Nat |-> Def(g, n)] ,
       ASSUME NEW CONSTANT n \in Nat,
              NEW CONSTANT ff,
              NEW CONSTANT gg,
              \A i \in 0..n - 1 : ff[i] = gg[i] 
       PROVE  Def(ff, n) = Def(gg, n) ,
       \A n \in Nat : f[n] = g[n] 
PROVE  f = g

@!!END

@!!BEGIN
@!!type:obligation
@!!id:233
@!!loc:338:3:338:10
@!!status:proved
@!!prover:smt
@!!meth:time-limit: 5; time-used: 0.0 (1%)
@!!already:false
@!!obl:
ASSUME NEW CONSTANT Def(_, _),
       NEW CONSTANT f,
       NEW CONSTANT g,
       f = [n \in Nat |-> Def(f, n)] ,
       g = [n \in Nat |-> Def(g, n)] ,
       ASSUME NEW CONSTANT n \in Nat,
              NEW CONSTANT ff,
              NEW CONSTANT gg,
              \A i \in 0..n - 1 : ff[i] = gg[i] 
       PROVE  Def(ff, n) = Def(gg, n) ,
       \A n \in Nat : f[n] = g[n] 
PROVE  f = g

@!!END

@!!BEGIN
@!!type:obligation
@!!id:234
@!!loc:342:13:342:15
@!!status:normalized
@!!meth:time-limit: 10
@!!obl:ASSUME NEW CONSTANT Def(_, _),
       NEW CONSTANT f,
       NEW CONSTANT g,
       f = [n \in Nat |-> Def(f, n)] ,
       g = [n \in Nat |-> Def(g, n)] ,
       ASSUME NEW CONSTANT n \in Nat,
              NEW CONSTANT ff,
              NEW CONSTANT gg,
              \A i \in 0..n - 1 : ff[i] = gg[i] 
       PROVE  Def(ff, n) = Def(gg, n) ,
       NEW CONSTANT n \in Nat,
       Def(f, n) = Def(g, n) ,
       TRUE 
PROVE  f[n] = g[n]

@!!END

@!!BEGIN
@!!type:obligation
@!!id:48
@!!loc:151:15:151:17
@!!status:proved
@!!prover:isabelle
@!!meth:blast; time-limit: 30; time-used: 5.9 (20%)
@!!already:false
@!!obl:
ASSUME NEW CONSTANT Def(_, _),
       ASSUME NEW CONSTANT n \in Nat,
              NEW CONSTANT g,
              NEW CONSTANT h,
              \A i \in 0..n - 1 : g[i] = h[i] 
       PROVE  Def(g, n) = Def(h, n) ,
       Q(0) ,
       ASSUME NEW CONSTANT k \in Nat,
              Q(k) 
       PROVE  Q(k + 1) ,
       ASSUME NEW CONSTANT P(_),
              P(0) ,
              \A n \in Nat : P(n) => P(n + 1) 
       PROVE  \A n \in Nat : P(n) ,
       TRUE 
PROVE  \A k \in Nat : Q(k)

@!!END

@!!BEGIN
@!!type:obligation
@!!id:235
@!!loc:342:16:342:20
@!!status:trivial
@!!prover:tlapm
@!!already:false
@!!obl:ASSUME NEW CONSTANT Def(_, _),
       NEW CONSTANT f,
       NEW CONSTANT g,
       f = [n \in Nat |-> Def(f, n)] ,
       g = [n \in Nat |-> Def(g, n)] ,
       ASSUME NEW CONSTANT n \in Nat,
              NEW CONSTANT ff,
              NEW CONSTANT gg,
              \A i \in 0..n - 1 : ff[i] = gg[i] 
       PROVE  Def(ff, n) = Def(gg, n) ,
       NEW CONSTANT n \in Nat,
       Def(f, n) = Def(g, n) 
PROVE  Def(f, n) = Def(g, n)

@!!END

@!!BEGIN
@!!type:obligation
@!!id:236
@!!loc:342:22:342:27
@!!status:trivial
@!!prover:tlapm
@!!already:false
@!!obl:ASSUME NEW CONSTANT Def(_, _),
       NEW CONSTANT f,
       NEW CONSTANT g,
       f = [n \in Nat |-> Def(f, n)] ,
       g = [n \in Nat |-> Def(g, n)] ,
       ASSUME NEW CONSTANT n \in Nat,
              NEW CONSTANT ff,
              NEW CONSTANT gg,
              \A i \in 0..n - 1 : ff[i] = gg[i] 
       PROVE  Def(ff, n) = Def(gg, n) ,
       NEW CONSTANT n \in Nat,
       Def(f, n) = Def(g, n) 
PROVE  TRUE

@!!END

@!!BEGIN
@!!type:obligation
@!!id:237
@!!loc:341:30:341:32
@!!status:normalized
@!!meth:time-limit: 5
@!!obl:ASSUME NEW CONSTANT Def(_, _),
       NEW CONSTANT f,
       NEW CONSTANT g,
       f = [n \in Nat |-> Def(f, n)] ,
       g = [n \in Nat |-> Def(g, n)] ,
       ASSUME NEW CONSTANT n \in Nat,
              NEW CONSTANT ff,
              NEW CONSTANT gg,
              \A i \in 0..n - 1 : ff[i] = gg[i] 
       PROVE  Def(ff, n) = Def(gg, n) ,
       NEW CONSTANT n \in Nat,
       \A i \in 0..n - 1 : f[i] = g[i] 
PROVE  Def(f, n) = Def(g, n)

@!!END

@!!BEGIN
@!!type:obligation
@!!id:237
@!!loc:341:30:341:32
@!!status:proved
@!!prover:smt
@!!meth:time-limit: 5; time-used: 0.0 (1%)
@!!already:false
@!!obl:
ASSUME NEW CONSTANT Def(_, _),
       NEW CONSTANT f,
       NEW CONSTANT g,
       f = [n \in Nat |-> Def(f, n)] ,
       g = [n \in Nat |-> Def(g, n)] ,
       ASSUME NEW CONSTANT n \in Nat,
              NEW CONSTANT ff,
              NEW CONSTANT gg,
              \A i \in 0..n - 1 : ff[i] = gg[i] 
       PROVE  Def(ff, n) = Def(gg, n) ,
       NEW CONSTANT n \in Nat,
       \A i \in 0..n - 1 : f[i] = g[i] 
PROVE  Def(f, n) = Def(g, n)

@!!END

@!!BEGIN
@!!type:obligation
@!!id:238
@!!loc:341:33:341:37
@!!status:trivial
@!!prover:tlapm
@!!already:false
@!!obl:ASSUME NEW CONSTANT Def(_, _),
       NEW CONSTANT f,
       NEW CONSTANT g,
       f = [n \in Nat |-> Def(f, n)] ,
       g = [n \in Nat |-> Def(g, n)] ,
       ASSUME NEW CONSTANT n \in Nat,
              NEW CONSTANT ff,
              NEW CONSTANT gg,
              \A i \in 0..n - 1 : ff[i] = gg[i] 
       PROVE  Def(ff, n) = Def(gg, n) ,
       NEW CONSTANT n \in Nat,
       \A i \in 0..n - 1 : f[i] = g[i] 
PROVE  \A i \in 0..n - 1 : f[i] = g[i]

@!!END

@!!BEGIN
@!!type:obligation
@!!id:239
@!!loc:359:3:359:5
@!!status:normalized
@!!meth:time-limit: 30
@!!obl:ASSUME NEW CONSTANT Def(_, _),
       NEW CONSTANT f,
       NEW CONSTANT g,
       NEW CONSTANT f0,
       f = [i \in Nat |-> IF i = 0 THEN f0 ELSE Def(f[i - 1], i)] ,
       g = [i \in Nat |-> IF i = 0 THEN f0 ELSE Def(g[i - 1], i)] ,
       f[0] = g[0] ,
       ASSUME NEW CONSTANT n \in Nat,
              f[n] = g[n] 
       PROVE  f[n + 1] = g[n + 1] ,
       ASSUME NEW CONSTANT P(_),
              P(0) ,
              \A n \in Nat : P(n) => P(n + 1) 
       PROVE  \A n \in Nat : P(n) ,
       TRUE 
PROVE  \A n \in Nat : f[n] = g[n]

@!!END

@!!BEGIN
@!!type:obligation
@!!id:58
@!!loc:128:23:128:25
@!!status:proved
@!!prover:isabelle
@!!meth:auto; time-limit: 30; time-used: 6.0 (20%)
@!!already:false
@!!obl:
ASSUME NEW CONSTANT Def(_, _),
       ASSUME NEW CONSTANT n \in Nat,
              NEW CONSTANT g,
              NEW CONSTANT h,
              \A i \in 0..n - 1 : g[i] = h[i] 
       PROVE  Def(g, n) = Def(h, n) ,
       TRUE 
PROVE  [n \in {0} |-> [i \in {} |-> {}]]
       = [n \in 0..0 |->
            [i \in 0..n - 1 |->
               Def([n_1 \in {0} |-> [i_1 \in {} |-> {}]][n - 1], i)]]

@!!END

@!!BEGIN
@!!type:obligation
@!!id:240
@!!loc:359:6:359:10
@!!status:trivial
@!!prover:tlapm
@!!already:false
@!!obl:ASSUME NEW CONSTANT Def(_, _),
       NEW CONSTANT f,
       NEW CONSTANT g,
       NEW CONSTANT f0,
       f = [i \in Nat |-> IF i = 0 THEN f0 ELSE Def(f[i - 1], i)] ,
       g = [i \in Nat |-> IF i = 0 THEN f0 ELSE Def(g[i - 1], i)] ,
       f[0] = g[0] 
PROVE  f[0] = g[0]

@!!END

@!!BEGIN
@!!type:obligation
@!!id:241
@!!loc:359:12:359:16
@!!status:trivial
@!!prover:tlapm
@!!already:false
@!!obl:ASSUME NEW CONSTANT Def(_, _),
       NEW CONSTANT f,
       NEW CONSTANT g,
       NEW CONSTANT f0,
       f = [i \in Nat |-> IF i = 0 THEN f0 ELSE Def(f[i - 1], i)] ,
       g = [i \in Nat |-> IF i = 0 THEN f0 ELSE Def(g[i - 1], i)] ,
       ASSUME NEW CONSTANT n \in Nat,
              f[n] = g[n] 
       PROVE  f[n + 1] = g[n + 1] ,
       f[0] = g[0] 
PROVE  ASSUME NEW CONSTANT n \in Nat,
              f[n] = g[n] 
       PROVE  f[n + 1] = g[n + 1]

@!!END

@!!BEGIN
@!!type:obligation
@!!id:242
@!!loc:359:18:359:30
@!!status:trivial
@!!prover:tlapm
@!!already:false
@!!obl:ASSUME ASSUME NEW CONSTANT P(_),
              P(0) ,
              \A n \in Nat : P(n) => P(n + 1) 
       PROVE  \A n \in Nat : P(n) ,
       NEW CONSTANT Def(_, _),
       NEW CONSTANT f,
       NEW CONSTANT g,
       NEW CONSTANT f0,
       f = [i \in Nat |-> IF i = 0 THEN f0 ELSE Def(f[i - 1], i)] ,
       g = [i \in Nat |-> IF i = 0 THEN f0 ELSE Def(g[i - 1], i)] ,
       f[0] = g[0] ,
       ASSUME NEW CONSTANT n \in Nat,
              f[n] = g[n] 
       PROVE  f[n + 1] = g[n + 1] 
PROVE  ASSUME NEW CONSTANT P(_),
              P(0) ,
              \A n \in Nat : P(n) => P(n + 1) 
       PROVE  \A n \in Nat : P(n)

@!!END

@!!BEGIN
@!!type:obligation
@!!id:243
@!!loc:359:32:359:35
@!!status:trivial
@!!prover:tlapm
@!!already:false
@!!obl:ASSUME NEW CONSTANT Def(_, _),
       NEW CONSTANT f,
       NEW CONSTANT g,
       NEW CONSTANT f0,
       f = [i \in Nat |-> IF i = 0 THEN f0 ELSE Def(f[i - 1], i)] ,
       g = [i \in Nat |-> IF i = 0 THEN f0 ELSE Def(g[i - 1], i)] ,
       f[0] = g[0] ,
       ASSUME NEW CONSTANT n \in Nat,
              f[n] = g[n] 
       PROVE  f[n + 1] = g[n + 1] ,
       ASSUME NEW CONSTANT P(_),
              P(0) ,
              \A n \in Nat : P(n) => P(n + 1) 
       PROVE  \A n \in Nat : P(n) 
PROVE  TRUE

@!!END

@!!BEGIN
@!!type:obligation
@!!id:244
@!!loc:353:3:353:10
@!!status:normalized
@!!meth:time-limit: 5
@!!obl:ASSUME NEW CONSTANT Def(_, _),
       NEW CONSTANT f,
       NEW CONSTANT g,
       NEW CONSTANT f0,
       f = [i \in Nat |-> IF i = 0 THEN f0 ELSE Def(f[i - 1], i)] ,
       g = [i \in Nat |-> IF i = 0 THEN f0 ELSE Def(g[i - 1], i)] ,
       \A n \in Nat : f[n] = g[n] 
PROVE  f = g

@!!END

@!!BEGIN
@!!type:obligation
@!!id:234
@!!loc:342:13:342:15
@!!status:proved
@!!prover:zenon
@!!meth:time-limit: 10; time-used: 0.1 (1%)
@!!already:false
@!!obl:
ASSUME NEW CONSTANT Def(_, _),
       NEW CONSTANT f,
       NEW CONSTANT g,
       f = [n \in Nat |-> Def(f, n)] ,
       g = [n \in Nat |-> Def(g, n)] ,
       ASSUME NEW CONSTANT n \in Nat,
              NEW CONSTANT ff,
              NEW CONSTANT gg,
              \A i \in 0..n - 1 : ff[i] = gg[i] 
       PROVE  Def(ff, n) = Def(gg, n) ,
       NEW CONSTANT n \in Nat,
       Def(f, n) = Def(g, n) ,
       TRUE 
PROVE  f[n] = g[n]

@!!END

@!!BEGIN
@!!type:obligation
@!!id:245
@!!loc:354:20:354:27
@!!status:normalized
@!!meth:time-limit: 5
@!!obl:ASSUME NEW CONSTANT Def(_, _),
       NEW CONSTANT f,
       NEW CONSTANT g,
       NEW CONSTANT f0,
       f = [i \in Nat |-> IF i = 0 THEN f0 ELSE Def(f[i - 1], i)] ,
       g = [i \in Nat |-> IF i = 0 THEN f0 ELSE Def(g[i - 1], i)] 
PROVE  f[0] = g[0]

@!!END

@!!BEGIN
@!!type:obligation
@!!id:244
@!!loc:353:3:353:10
@!!status:proved
@!!prover:smt
@!!meth:time-limit: 5; time-used: 0.1 (1%)
@!!already:false
@!!obl:
ASSUME NEW CONSTANT Def(_, _),
       NEW CONSTANT f,
       NEW CONSTANT g,
       NEW CONSTANT f0,
       f = [i \in Nat |-> IF i = 0 THEN f0 ELSE Def(f[i - 1], i)] ,
       g = [i \in Nat |-> IF i = 0 THEN f0 ELSE Def(g[i - 1], i)] ,
       \A n \in Nat : f[n] = g[n] 
PROVE  f = g

@!!END

@!!BEGIN
@!!type:obligation
@!!id:246
@!!loc:357:3:357:5
@!!status:normalized
@!!meth:time-limit: 5
@!!obl:ASSUME NEW CONSTANT Def(_, _),
       NEW CONSTANT f,
       NEW CONSTANT g,
       NEW CONSTANT f0,
       f = [i \in Nat |-> IF i = 0 THEN f0 ELSE Def(f[i - 1], i)] ,
       g = [i \in Nat |-> IF i = 0 THEN f0 ELSE Def(g[i - 1], i)] ,
       NEW CONSTANT n \in Nat,
       f[n] = g[n] 
PROVE  f[n + 1] = g[n + 1]

@!!END

@!!BEGIN
@!!type:obligation
@!!id:84
@!!loc:199:15:199:17
@!!status:proved
@!!prover:isabelle
@!!meth:blast; time-limit: 30; time-used: 5.8 (19%)
@!!already:false
@!!obl:
ASSUME NEW CONSTANT Def(_, _),
       ASSUME NEW CONSTANT n \in Nat,
              NEW CONSTANT g,
              NEW CONSTANT h,
              \A i \in 0..n - 1 : g[i] = h[i] 
       PROVE  Def(g, n) = Def(h, n) ,
       Q(0) ,
       ASSUME NEW CONSTANT k \in Nat,
              Q(k) 
       PROVE  Q(k + 1) ,
       ASSUME NEW CONSTANT P(_),
              P(0) ,
              \A n \in Nat : P(n) => P(n + 1) 
       PROVE  \A n \in Nat : P(n) ,
       TRUE 
PROVE  \A k \in Nat : Q(k)

@!!END

@!!BEGIN
@!!type:obligation
@!!id:247
@!!loc:357:6:357:10
@!!status:trivial
@!!prover:tlapm
@!!already:false
@!!obl:ASSUME NEW CONSTANT Def(_, _),
       NEW CONSTANT f,
       NEW CONSTANT g,
       NEW CONSTANT f0,
       f = [i \in Nat |-> IF i = 0 THEN f0 ELSE Def(f[i - 1], i)] ,
       g = [i \in Nat |-> IF i = 0 THEN f0 ELSE Def(g[i - 1], i)] ,
       NEW CONSTANT n \in Nat,
       f[n] = g[n] 
PROVE  f[n] = g[n]

@!!END

@!!BEGIN
@!!type:obligation
@!!id:248
@!!loc:391:3:391:5
@!!status:normalized
@!!meth:time-limit: 10
@!!obl:ASSUME NEW CONSTANT Def(_, _),
       NEW CONSTANT f,
       NEW CONSTANT c,
       NEW CONSTANT m \in Nat,
       NEW CONSTANT n \in Nat,
       f
       = (CHOOSE g :
            g = [i \in m..n |-> IF i = m THEN c ELSE Def(g[i - 1], i)]) ,
       gg = [i \in m..n |-> IF i = m THEN c ELSE Def(gg[i - 1], i)] ,
       TRUE 
PROVE  f = [i \in m..n |-> IF i = m THEN c ELSE Def(f[i - 1], i)]

@!!END

@!!BEGIN
@!!type:obligation
@!!id:245
@!!loc:354:20:354:27
@!!status:proved
@!!prover:smt
@!!meth:time-limit: 5; time-used: 0.0 (1%)
@!!already:false
@!!obl:
ASSUME NEW CONSTANT Def(_, _),
       NEW CONSTANT f,
       NEW CONSTANT g,
       NEW CONSTANT f0,
       f = [i \in Nat |-> IF i = 0 THEN f0 ELSE Def(f[i - 1], i)] ,
       g = [i \in Nat |-> IF i = 0 THEN f0 ELSE Def(g[i - 1], i)] 
PROVE  f[0] = g[0]

@!!END

@!!BEGIN
@!!type:obligation
@!!id:249
@!!loc:391:6:391:10
@!!status:trivial
@!!prover:tlapm
@!!already:false
@!!obl:ASSUME NEW CONSTANT Def(_, _),
       NEW CONSTANT f,
       NEW CONSTANT c,
       NEW CONSTANT m \in Nat,
       NEW CONSTANT n \in Nat,
       f
       = (CHOOSE g :
            g = [i \in m..n |-> IF i = m THEN c ELSE Def(g[i - 1], i)]) ,
       gg = [i \in m..n |-> IF i = m THEN c ELSE Def(gg[i - 1], i)] 
PROVE  gg = [i \in m..n |-> IF i = m THEN c ELSE Def(gg[i - 1], i)]

@!!END

@!!BEGIN
@!!type:obligation
@!!id:250
@!!loc:391:12:391:17
@!!status:trivial
@!!prover:tlapm
@!!already:false
@!!obl:ASSUME NEW CONSTANT Def(_, _),
       NEW CONSTANT f,
       NEW CONSTANT c,
       NEW CONSTANT m \in Nat,
       NEW CONSTANT n \in Nat,
       f
       = (CHOOSE g :
            g = [i \in m..n |-> IF i = m THEN c ELSE Def(g[i - 1], i)]) ,
       gg = [i \in m..n |-> IF i = m THEN c ELSE Def(gg[i - 1], i)] 
PROVE  TRUE

@!!END

@!!BEGIN
@!!type:obligation
@!!id:251
@!!loc:381:3:381:5
@!!status:normalized
@!!meth:time-limit: 5
@!!obl:ASSUME NEW CONSTANT Def(_, _),
       NEW CONSTANT f,
       NEW CONSTANT c,
       NEW CONSTANT m \in Nat,
       NEW CONSTANT n \in Nat,
       FiniteNatInductiveDefHypothesis(f, c, Def, m, n) ,
       NEW CONSTANT i \in Nat,
       NEW CONSTANT g,
       NEW CONSTANT h,
       \A j \in 0..i - 1 : g[j] = h[j] ,
       TRUE 
PROVE  (IF i =< m THEN c ELSE Def(g[i - 1], i))
       = (IF i =< m THEN c ELSE Def(h[i - 1], i))

@!!END

@!!BEGIN
@!!type:obligation
@!!id:246
@!!loc:357:3:357:5
@!!status:proved
@!!prover:smt
@!!meth:time-limit: 5; time-used: 0.0 (1%)
@!!already:false
@!!obl:
ASSUME NEW CONSTANT Def(_, _),
       NEW CONSTANT f,
       NEW CONSTANT g,
       NEW CONSTANT f0,
       f = [i \in Nat |-> IF i = 0 THEN f0 ELSE Def(f[i - 1], i)] ,
       g = [i \in Nat |-> IF i = 0 THEN f0 ELSE Def(g[i - 1], i)] ,
       NEW CONSTANT n \in Nat,
       f[n] = g[n] 
PROVE  f[n + 1] = g[n + 1]

@!!END

@!!BEGIN
@!!type:obligation
@!!id:252
@!!loc:381:6:381:10
@!!status:trivial
@!!prover:tlapm
@!!already:false
@!!obl:ASSUME NEW CONSTANT Def(_, _),
       NEW CONSTANT f,
       NEW CONSTANT c,
       NEW CONSTANT m \in Nat,
       NEW CONSTANT n \in Nat,
       FiniteNatInductiveDefHypothesis(f, c, Def, m, n) ,
       NEW CONSTANT i \in Nat,
       NEW CONSTANT g,
       NEW CONSTANT h,
       \A j \in 0..i - 1 : g[j] = h[j] 
PROVE  \A j \in 0..i - 1 : g[j] = h[j]

@!!END

@!!BEGIN
@!!type:obligation
@!!id:253
@!!loc:381:12:381:14
@!!status:trivial
@!!prover:tlapm
@!!already:false
@!!obl:ASSUME NEW CONSTANT Def(_, _),
       NEW CONSTANT f,
       NEW CONSTANT c,
       NEW CONSTANT m \in Nat,
       NEW CONSTANT n \in Nat,
       FiniteNatInductiveDefHypothesis(f, c, Def, m, n) ,
       NEW CONSTANT i \in Nat,
       NEW CONSTANT g,
       NEW CONSTANT h,
       \A j \in 0..i - 1 : g[j] = h[j] 
PROVE  TRUE

@!!END

@!!BEGIN
@!!type:obligation
@!!id:254
@!!loc:384:3:384:5
@!!status:normalized
@!!meth:time-limit: 30
@!!obl:ASSUME NEW CONSTANT Def(_, _),
       NEW CONSTANT f,
       NEW CONSTANT c,
       NEW CONSTANT m \in Nat,
       NEW CONSTANT n \in Nat,
       FiniteNatInductiveDefHypothesis(f, c, Def, m, n) ,
       ASSUME NEW CONSTANT i \in Nat,
              NEW CONSTANT g,
              NEW CONSTANT h,
              \A j \in 0..i - 1 : g[j] = h[j] 
       PROVE  PRDef(g, i) = PRDef(h, i) ,
       ASSUME NEW CONSTANT Def_1(_, _),
              ASSUME NEW CONSTANT n_1 \in Nat,
                     NEW CONSTANT g,
                     NEW CONSTANT h,
                     \A i \in 0..n_1 - 1 : g[i] = h[i] 
              PROVE  Def_1(g, n_1) = Def_1(h, n_1) 
       PROVE  (CHOOSE f_1 : f_1 = [n_1 \in Nat |-> Def_1(f_1, n_1)])
              = [n_1 \in Nat |->
                   Def_1(CHOOSE f_1 : f_1 = [n_2 \in Nat |-> Def_1(f_1, n_2)],
                         n_1)] ,
       TRUE 
PROVE  (CHOOSE ff : ff = [i \in Nat |-> PRDef(ff, i)])
       = [i \in Nat |->
            PRDef(CHOOSE ff : ff = [i_1 \in Nat |-> PRDef(ff, i_1)], i)]

@!!END

@!!BEGIN
@!!type:obligation
@!!id:251
@!!loc:381:3:381:5
@!!status:proved
@!!prover:z3
@!!meth:time-limit: 5; time-used: 0.0 (1%)
@!!already:false
@!!obl:
ASSUME NEW CONSTANT Def(_, _),
       NEW CONSTANT f,
       NEW CONSTANT c,
       NEW CONSTANT m \in Nat,
       NEW CONSTANT n \in Nat,
       FiniteNatInductiveDefHypothesis(f, c, Def, m, n) ,
       NEW CONSTANT i \in Nat,
       NEW CONSTANT g,
       NEW CONSTANT h,
       \A j \in 0..i - 1 : g[j] = h[j] ,
       TRUE 
PROVE  (IF i =< m THEN c ELSE Def(g[i - 1], i))
       = (IF i =< m THEN c ELSE Def(h[i - 1], i))

@!!END

@!!BEGIN
@!!type:obligation
@!!id:255
@!!loc:384:6:384:10
@!!status:trivial
@!!prover:tlapm
@!!already:false
@!!obl:ASSUME NEW CONSTANT Def(_, _),
       NEW CONSTANT f,
       NEW CONSTANT c,
       NEW CONSTANT m \in Nat,
       NEW CONSTANT n \in Nat,
       FiniteNatInductiveDefHypothesis(f, c, Def, m, n) ,
       ASSUME NEW CONSTANT i \in Nat,
              NEW CONSTANT g,
              NEW CONSTANT h,
              \A j \in 0..i - 1 : g[j] = h[j] 
       PROVE  PRDef(g, i) = PRDef(h, i) 
PROVE  ASSUME NEW CONSTANT i \in Nat,
              NEW CONSTANT g,
              NEW CONSTANT h,
              \A j \in 0..i - 1 : g[j] = h[j] 
       PROVE  PRDef(g, i) = PRDef(h, i)

@!!END

@!!BEGIN
@!!type:obligation
@!!id:256
@!!loc:384:12:384:29
@!!status:trivial
@!!prover:tlapm
@!!already:false
@!!obl:ASSUME ASSUME NEW CONSTANT Def(_, _),
              ASSUME NEW CONSTANT n \in Nat,
                     NEW CONSTANT g,
                     NEW CONSTANT h,
                     \A i \in 0..n - 1 : g[i] = h[i] 
              PROVE  Def(g, n) = Def(h, n) 
       PROVE  (CHOOSE f : f = [n \in Nat |-> Def(f, n)])
              = [n \in Nat |->
                   Def(CHOOSE f : f = [n_1 \in Nat |-> Def(f, n_1)], n)] ,
       NEW CONSTANT Def(_, _),
       NEW CONSTANT f,
       NEW CONSTANT c,
       NEW CONSTANT m \in Nat,
       NEW CONSTANT n \in Nat,
       FiniteNatInductiveDefHypothesis(f, c, Def, m, n) ,
       ASSUME NEW CONSTANT i \in Nat,
              NEW CONSTANT g,
              NEW CONSTANT h,
              \A j \in 0..i - 1 : g[j] = h[j] 
       PROVE  PRDef(g, i) = PRDef(h, i) 
PROVE  ASSUME NEW CONSTANT Def_1(_, _),
              ASSUME NEW CONSTANT n_1 \in Nat,
                     NEW CONSTANT g,
                     NEW CONSTANT h,
                     \A i \in 0..n_1 - 1 : g[i] = h[i] 
              PROVE  Def_1(g, n_1) = Def_1(h, n_1) 
       PROVE  (CHOOSE f_1 : f_1 = [n_1 \in Nat |-> Def_1(f_1, n_1)])
              = [n_1 \in Nat |->
                   Def_1(CHOOSE f_1 : f_1 = [n_2 \in Nat |-> Def_1(f_1, n_2)],
                         n_1)]

@!!END

@!!BEGIN
@!!type:obligation
@!!id:257
@!!loc:384:31:384:34
@!!status:trivial
@!!prover:tlapm
@!!already:false
@!!obl:ASSUME NEW CONSTANT Def(_, _),
       NEW CONSTANT f,
       NEW CONSTANT c,
       NEW CONSTANT m \in Nat,
       NEW CONSTANT n \in Nat,
       FiniteNatInductiveDefHypothesis(f, c, Def, m, n) ,
       ASSUME NEW CONSTANT i \in Nat,
              NEW CONSTANT g,
              NEW CONSTANT h,
              \A j \in 0..i - 1 : g[j] = h[j] 
       PROVE  PRDef(g, i) = PRDef(h, i) ,
       ASSUME NEW CONSTANT Def_1(_, _),
              ASSUME NEW CONSTANT n_1 \in Nat,
                     NEW CONSTANT g,
                     NEW CONSTANT h,
                     \A i \in 0..n_1 - 1 : g[i] = h[i] 
              PROVE  Def_1(g, n_1) = Def_1(h, n_1) 
       PROVE  (CHOOSE f_1 : f_1 = [n_1 \in Nat |-> Def_1(f_1, n_1)])
              = [n_1 \in Nat |->
                   Def_1(CHOOSE f_1 : f_1 = [n_2 \in Nat |-> Def_1(f_1, n_2)],
                         n_1)] 
PROVE  TRUE

@!!END

@!!BEGIN
@!!type:obligation
@!!id:258
@!!loc:388:3:388:5
@!!status:normalized
@!!meth:time-limit: 5
@!!obl:ASSUME NEW CONSTANT Def(_, _),
       NEW CONSTANT f,
       NEW CONSTANT c,
       NEW CONSTANT m \in Nat,
       NEW CONSTANT n \in Nat,
       FiniteNatInductiveDefHypothesis(f, c, Def, m, n) ,
       ff = [i \in Nat |-> IF i =< m THEN c ELSE Def(ff[i - 1], i)] ,
       TRUE 
PROVE  [i \in m..n |-> ff[i]]
       = [i \in m..n |->
            IF i = m THEN c ELSE Def([i_1 \in m..n |-> ff[i_1]][i - 1], i)]

@!!END

@!!BEGIN
@!!type:obligation
@!!id:248
@!!loc:391:3:391:5
@!!status:proved
@!!prover:zenon
@!!meth:time-limit: 10; time-used: 0.1 (1%)
@!!already:false
@!!obl:
ASSUME NEW CONSTANT Def(_, _),
       NEW CONSTANT f,
       NEW CONSTANT c,
       NEW CONSTANT m \in Nat,
       NEW CONSTANT n \in Nat,
       f
       = (CHOOSE g :
            g = [i \in m..n |-> IF i = m THEN c ELSE Def(g[i - 1], i)]) ,
       gg = [i \in m..n |-> IF i = m THEN c ELSE Def(gg[i - 1], i)] ,
       TRUE 
PROVE  f = [i \in m..n |-> IF i = m THEN c ELSE Def(f[i - 1], i)]

@!!END

@!!BEGIN
@!!type:obligation
@!!id:259
@!!loc:388:6:388:10
@!!status:trivial
@!!prover:tlapm
@!!already:false
@!!obl:ASSUME NEW CONSTANT Def(_, _),
       NEW CONSTANT f,
       NEW CONSTANT c,
       NEW CONSTANT m \in Nat,
       NEW CONSTANT n \in Nat,
       FiniteNatInductiveDefHypothesis(f, c, Def, m, n) ,
       ff = [i \in Nat |-> IF i =< m THEN c ELSE Def(ff[i - 1], i)] 
PROVE  ff = [i \in Nat |-> IF i =< m THEN c ELSE Def(ff[i - 1], i)]

@!!END

@!!BEGIN
@!!type:obligation
@!!id:260
@!!loc:388:12:388:14
@!!status:trivial
@!!prover:tlapm
@!!already:false
@!!obl:ASSUME NEW CONSTANT Def(_, _),
       NEW CONSTANT f,
       NEW CONSTANT c,
       NEW CONSTANT m \in Nat,
       NEW CONSTANT n \in Nat,
       FiniteNatInductiveDefHypothesis(f, c, Def, m, n) ,
       ff = [i \in Nat |-> IF i =< m THEN c ELSE Def(ff[i - 1], i)] 
PROVE  TRUE

@!!END

@!!BEGIN
@!!type:obligation
@!!id:261
@!!loc:408:3:408:5
@!!status:normalized
@!!meth:time-limit: 30
@!!obl:ASSUME NEW CONSTANT S,
       NEW CONSTANT Def(_, _),
       NEW CONSTANT f,
       NEW CONSTANT c \in S,
       NEW CONSTANT m \in Nat,
       NEW CONSTANT n \in Nat,
       f = [i \in m..n |-> IF i = m THEN c ELSE Def(f[i - 1], i)] ,
       \A v \in S, i \in m + 1..n : Def(v, i) \in S ,
       0 \in m..n => f[0] \in S ,
       ASSUME NEW CONSTANT i \in Nat,
              i \in m..n => f[i] \in S 
       PROVE  i + 1 \in m..n => f[i + 1] \in S ,
       ASSUME NEW CONSTANT P(_),
              P(0) ,
              \A n_1 \in Nat : P(n_1) => P(n_1 + 1) 
       PROVE  \A n_1 \in Nat : P(n_1) ,
       TRUE 
PROVE  \A i \in Nat : i \in m..n => f[i] \in S

@!!END

@!!BEGIN
@!!type:obligation
@!!id:258
@!!loc:388:3:388:5
@!!status:proved
@!!prover:z3
@!!meth:time-limit: 5; time-used: 0.0 (1%)
@!!already:false
@!!obl:
ASSUME NEW CONSTANT Def(_, _),
       NEW CONSTANT f,
       NEW CONSTANT c,
       NEW CONSTANT m \in Nat,
       NEW CONSTANT n \in Nat,
       FiniteNatInductiveDefHypothesis(f, c, Def, m, n) ,
       ff = [i \in Nat |-> IF i =< m THEN c ELSE Def(ff[i - 1], i)] ,
       TRUE 
PROVE  [i \in m..n |-> ff[i]]
       = [i \in m..n |->
            IF i = m THEN c ELSE Def([i_1 \in m..n |-> ff[i_1]][i - 1], i)]

@!!END

@!!BEGIN
@!!type:obligation
@!!id:262
@!!loc:408:6:408:10
@!!status:trivial
@!!prover:tlapm
@!!already:false
@!!obl:ASSUME NEW CONSTANT S,
       NEW CONSTANT Def(_, _),
       NEW CONSTANT f,
       NEW CONSTANT c \in S,
       NEW CONSTANT m \in Nat,
       NEW CONSTANT n \in Nat,
       f = [i \in m..n |-> IF i = m THEN c ELSE Def(f[i - 1], i)] ,
       \A v \in S, i \in m + 1..n : Def(v, i) \in S ,
       0 \in m..n => f[0] \in S 
PROVE  0 \in m..n => f[0] \in S

@!!END

@!!BEGIN
@!!type:obligation
@!!id:263
@!!loc:408:12:408:16
@!!status:trivial
@!!prover:tlapm
@!!already:false
@!!obl:ASSUME NEW CONSTANT S,
       NEW CONSTANT Def(_, _),
       NEW CONSTANT f,
       NEW CONSTANT c \in S,
       NEW CONSTANT m \in Nat,
       NEW CONSTANT n \in Nat,
       f = [i \in m..n |-> IF i = m THEN c ELSE Def(f[i - 1], i)] ,
       \A v \in S, i \in m + 1..n : Def(v, i) \in S ,
       ASSUME NEW CONSTANT i \in Nat,
              i \in m..n => f[i] \in S 
       PROVE  i + 1 \in m..n => f[i + 1] \in S ,
       0 \in m..n => f[0] \in S 
PROVE  ASSUME NEW CONSTANT i \in Nat,
              i \in m..n => f[i] \in S 
       PROVE  i + 1 \in m..n => f[i + 1] \in S

@!!END

@!!BEGIN
@!!type:obligation
@!!id:264
@!!loc:408:18:408:30
@!!status:trivial
@!!prover:tlapm
@!!already:false
@!!obl:ASSUME ASSUME NEW CONSTANT P(_),
              P(0) ,
              \A n \in Nat : P(n) => P(n + 1) 
       PROVE  \A n \in Nat : P(n) ,
       NEW CONSTANT S,
       NEW CONSTANT Def(_, _),
       NEW CONSTANT f,
       NEW CONSTANT c \in S,
       NEW CONSTANT m \in Nat,
       NEW CONSTANT n \in Nat,
       f = [i \in m..n |-> IF i = m THEN c ELSE Def(f[i - 1], i)] ,
       \A v \in S, i \in m + 1..n : Def(v, i) \in S ,
       0 \in m..n => f[0] \in S ,
       ASSUME NEW CONSTANT i \in Nat,
              i \in m..n => f[i] \in S 
       PROVE  i + 1 \in m..n => f[i + 1] \in S 
PROVE  ASSUME NEW CONSTANT P(_),
              P(0) ,
              \A n_1 \in Nat : P(n_1) => P(n_1 + 1) 
       PROVE  \A n_1 \in Nat : P(n_1)

@!!END

@!!BEGIN
@!!type:obligation
@!!id:265
@!!loc:408:32:408:35
@!!status:trivial
@!!prover:tlapm
@!!already:false
@!!obl:ASSUME NEW CONSTANT S,
       NEW CONSTANT Def(_, _),
       NEW CONSTANT f,
       NEW CONSTANT c \in S,
       NEW CONSTANT m \in Nat,
       NEW CONSTANT n \in Nat,
       f = [i \in m..n |-> IF i = m THEN c ELSE Def(f[i - 1], i)] ,
       \A v \in S, i \in m + 1..n : Def(v, i) \in S ,
       0 \in m..n => f[0] \in S ,
       ASSUME NEW CONSTANT i \in Nat,
              i \in m..n => f[i] \in S 
       PROVE  i + 1 \in m..n => f[i + 1] \in S ,
       ASSUME NEW CONSTANT P(_),
              P(0) ,
              \A n_1 \in Nat : P(n_1) => P(n_1 + 1) 
       PROVE  \A n_1 \in Nat : P(n_1) 
PROVE  TRUE

@!!END

@!!BEGIN
@!!type:obligation
@!!id:266
@!!loc:401:3:401:10
@!!status:normalized
@!!meth:time-limit: 5
@!!obl:ASSUME NEW CONSTANT S,
       NEW CONSTANT Def(_, _),
       NEW CONSTANT f,
       NEW CONSTANT c \in S,
       NEW CONSTANT m \in Nat,
       NEW CONSTANT n \in Nat,
       f = [i \in m..n |-> IF i = m THEN c ELSE Def(f[i - 1], i)] ,
       \A v \in S, i \in m + 1..n : Def(v, i) \in S ,
       \A i \in Nat : i \in m..n => f[i] \in S 
PROVE  f \in [m..n -> S]

@!!END

@!!BEGIN
@!!type:obligation
@!!id:266
@!!loc:401:3:401:10
@!!status:proved
@!!prover:smt
@!!meth:time-limit: 5; time-used: 0.0 (1%)
@!!already:false
@!!obl:
ASSUME NEW CONSTANT S,
       NEW CONSTANT Def(_, _),
       NEW CONSTANT f,
       NEW CONSTANT c \in S,
       NEW CONSTANT m \in Nat,
       NEW CONSTANT n \in Nat,
       f = [i \in m..n |-> IF i = m THEN c ELSE Def(f[i - 1], i)] ,
       \A v \in S, i \in m + 1..n : Def(v, i) \in S ,
       \A i \in Nat : i \in m..n => f[i] \in S 
PROVE  f \in [m..n -> S]

@!!END

@!!BEGIN
@!!type:obligation
@!!id:267
@!!loc:403:3:403:10
@!!status:normalized
@!!meth:time-limit: 5
@!!obl:ASSUME NEW CONSTANT S,
       NEW CONSTANT Def(_, _),
       NEW CONSTANT f,
       NEW CONSTANT c \in S,
       NEW CONSTANT m \in Nat,
       NEW CONSTANT n \in Nat,
       f = [i \in m..n |-> IF i = m THEN c ELSE Def(f[i - 1], i)] ,
       \A v \in S, i \in m + 1..n : Def(v, i) \in S 
PROVE  0 \in m..n => f[0] \in S

@!!END

@!!BEGIN
@!!type:obligation
@!!id:267
@!!loc:403:3:403:10
@!!status:proved
@!!prover:smt
@!!meth:time-limit: 5; time-used: 0.1 (1%)
@!!already:false
@!!obl:
ASSUME NEW CONSTANT S,
       NEW CONSTANT Def(_, _),
       NEW CONSTANT f,
       NEW CONSTANT c \in S,
       NEW CONSTANT m \in Nat,
       NEW CONSTANT n \in Nat,
       f = [i \in m..n |-> IF i = m THEN c ELSE Def(f[i - 1], i)] ,
       \A v \in S, i \in m + 1..n : Def(v, i) \in S 
PROVE  0 \in m..n => f[0] \in S

@!!END

@!!BEGIN
@!!type:obligation
@!!id:268
@!!loc:406:3:406:5
@!!status:normalized
@!!meth:time-limit: 5
@!!obl:ASSUME NEW CONSTANT S,
       NEW CONSTANT Def(_, _),
       NEW CONSTANT f,
       NEW CONSTANT c \in S,
       NEW CONSTANT m \in Nat,
       NEW CONSTANT n \in Nat,
       f = [i \in m..n |-> IF i = m THEN c ELSE Def(f[i - 1], i)] ,
       \A v \in S, i \in m + 1..n : Def(v, i) \in S ,
       NEW CONSTANT i \in Nat,
       i \in m..n => f[i] \in S 
PROVE  i + 1 \in m..n => f[i + 1] \in S

@!!END

@!!BEGIN
@!!type:obligation
@!!id:268
@!!loc:406:3:406:5
@!!status:proved
@!!prover:smt
@!!meth:time-limit: 5; time-used: 0.1 (1%)
@!!already:false
@!!obl:
ASSUME NEW CONSTANT S,
       NEW CONSTANT Def(_, _),
       NEW CONSTANT f,
       NEW CONSTANT c \in S,
       NEW CONSTANT m \in Nat,
       NEW CONSTANT n \in Nat,
       f = [i \in m..n |-> IF i = m THEN c ELSE Def(f[i - 1], i)] ,
       \A v \in S, i \in m + 1..n : Def(v, i) \in S ,
       NEW CONSTANT i \in Nat,
       i \in m..n => f[i] \in S 
PROVE  i + 1 \in m..n => f[i + 1] \in S

@!!END

@!!BEGIN
@!!type:obligation
@!!id:269
@!!loc:406:6:406:10
@!!status:trivial
@!!prover:tlapm
@!!already:false
@!!obl:ASSUME NEW CONSTANT S,
       NEW CONSTANT Def(_, _),
       NEW CONSTANT f,
       NEW CONSTANT c \in S,
       NEW CONSTANT m \in Nat,
       NEW CONSTANT n \in Nat,
       f = [i \in m..n |-> IF i = m THEN c ELSE Def(f[i - 1], i)] ,
       \A v \in S, i \in m + 1..n : Def(v, i) \in S ,
       NEW CONSTANT i \in Nat,
       i \in m..n => f[i] \in S 
PROVE  i \in m..n => f[i] \in S

@!!END

@!!BEGIN
@!!type:obligation
@!!id:270
@!!loc:425:3:425:5
@!!status:normalized
@!!meth:time-limit: 30
@!!obl:ASSUME NEW CONSTANT Def(_, _),
       NEW CONSTANT f,
       NEW CONSTANT g,
       NEW CONSTANT c,
       NEW CONSTANT m \in Nat,
       NEW CONSTANT n \in Nat,
       f = [i \in m..n |-> IF i = m THEN c ELSE Def(f[i - 1], i)] ,
       g = [i \in m..n |-> IF i = m THEN c ELSE Def(g[i - 1], i)] ,
       0 \in m..n => f[0] = g[0] ,
       ASSUME NEW CONSTANT i \in Nat,
              i \in m..n => f[i] = g[i] 
       PROVE  i + 1 \in m..n => f[i + 1] = g[i + 1] ,
       ASSUME NEW CONSTANT P(_),
              P(0) ,
              \A n_1 \in Nat : P(n_1) => P(n_1 + 1) 
       PROVE  \A n_1 \in Nat : P(n_1) ,
       TRUE 
PROVE  \A i \in Nat : i \in m..n => f[i] = g[i]

@!!END

@!!BEGIN
@!!type:obligation
@!!id:159
@!!loc:248:13:248:15
@!!status:being proved
@!!prover:isabelle
@!!meth:blast; time-limit: 30
@!!obl:
ASSUME NEW CONSTANT Def(_, _),
       ASSUME NEW CONSTANT n \in Nat,
              NEW CONSTANT g,
              NEW CONSTANT h,
              \A i \in 0..n - 1 : g[i] = h[i] 
       PROVE  Def(g, n) = Def(h, n) ,
       ASSUME NEW CONSTANT n \in Nat,
              \A k \in 0..n - 1 : P(k) 
       PROVE  P(n) ,
       ASSUME NEW CONSTANT P_1(_),
              \A n \in Nat : (\A m \in 0..n - 1 : P_1(m)) => P_1(n) 
       PROVE  \A n \in Nat : P_1(n) ,
       TRUE 
PROVE  \A n \in Nat : P(n)

@!!END

@!!BEGIN
@!!type:obligation
@!!id:209
@!!loc:287:15:287:17
@!!status:being proved
@!!prover:smt
@!!meth:time-limit: 5
@!!obl:
ASSUME NEW CONSTANT Def(_, _),
       NEW CONSTANT f,
       NEW CONSTANT f0,
       f
       = (CHOOSE g :
            g = [i \in Nat |-> IF i = 0 THEN f0 ELSE Def(g[i - 1], i)]) 
PROVE  (CHOOSE ff :
          ff = [n \in Nat |-> IF n = 0 THEN f0 ELSE Def(ff[n - 1], n)])
       = f

@!!END

@!!BEGIN
@!!type:obligation
@!!id:205
@!!loc:285:41:285:43
@!!status:being proved
@!!prover:isabelle
@!!meth:auto; time-limit: 30
@!!obl:
ASSUME NEW CONSTANT Def(_, _),
       NEW CONSTANT f,
       NEW CONSTANT f0,
       NatInductiveDefHypothesis(f, f0, Def) ,
       ASSUME NEW CONSTANT n \in Nat,
              NEW CONSTANT g,
              NEW CONSTANT h,
              \A i \in 0..n - 1 : g[i] = h[i] 
       PROVE  PRDef(g, n) = PRDef(h, n) ,
       ASSUME NEW CONSTANT Def_1(_, _),
              ASSUME NEW CONSTANT n \in Nat,
                     NEW CONSTANT g,
                     NEW CONSTANT h,
                     \A i \in 0..n - 1 : g[i] = h[i] 
              PROVE  Def_1(g, n) = Def_1(h, n) 
       PROVE  (CHOOSE f_1 : f_1 = [n \in Nat |-> Def_1(f_1, n)])
              = [n \in Nat |->
                   Def_1(CHOOSE f_1 : f_1 = [n_1 \in Nat |-> Def_1(f_1, n_1)],
                         n)] ,
       TRUE 
PROVE  (CHOOSE ff : ff = [n \in Nat |-> PRDef(ff, n)])
       = [n \in Nat |->
            PRDef(CHOOSE ff : ff = [n_1 \in Nat |-> PRDef(ff, n_1)], n)]

@!!END

@!!BEGIN
@!!type:obligation
@!!id:210
@!!loc:305:11:305:13
@!!status:being proved
@!!prover:isabelle
@!!meth:auto; time-limit: 30
@!!obl:
ASSUME NEW CONSTANT f,
       NEW CONSTANT S,
       NEW CONSTANT Def(_, _),
       f = [n \in Nat |-> Def(f, n)] ,
       ASSUME NEW CONSTANT n \in Nat,
              NEW CONSTANT g,
              \A i \in 0..n - 1 : g[i] \in S 
       PROVE  Def(g, n) \in S ,
       ASSUME NEW CONSTANT n \in Nat,
              \A i \in 0..n - 1 : f[i] \in S 
       PROVE  f[n] \in S ,
       ASSUME NEW CONSTANT P(_),
              \A n \in Nat : (\A m \in 0..n - 1 : P(m)) => P(n) 
       PROVE  \A n \in Nat : P(n) ,
       TRUE 
PROVE  \A n \in Nat : f[n] \in S

@!!END

@!!BEGIN
@!!type:obligation
@!!id:218
@!!loc:323:11:323:13
@!!status:being proved
@!!prover:isabelle
@!!meth:auto; time-limit: 30
@!!obl:
ASSUME NEW CONSTANT Def(_, _),
       NEW CONSTANT S,
       NEW CONSTANT f,
       NEW CONSTANT f0 \in S,
       f = [i \in Nat |-> IF i = 0 THEN f0 ELSE Def(f[i - 1], i)] ,
       f0 \in S ,
       \A v \in S, n \in Nat \ {0} : Def(v, n) \in S ,
       f[0] \in S ,
       ASSUME NEW CONSTANT n \in Nat,
              f[n] \in S 
       PROVE  f[n + 1] \in S ,
       ASSUME NEW CONSTANT P(_),
              P(0) ,
              \A n \in Nat : P(n) => P(n + 1) 
       PROVE  \A n \in Nat : P(n) ,
       TRUE 
PROVE  \A n \in Nat : f[n] \in S

@!!END

@!!BEGIN
@!!type:obligation
@!!id:229
@!!loc:344:3:344:5
@!!status:being proved
@!!prover:isabelle
@!!meth:auto; time-limit: 30
@!!obl:
ASSUME NEW CONSTANT Def(_, _),
       NEW CONSTANT f,
       NEW CONSTANT g,
       f = [n \in Nat |-> Def(f, n)] ,
       g = [n \in Nat |-> Def(g, n)] ,
       ASSUME NEW CONSTANT n \in Nat,
              NEW CONSTANT ff,
              NEW CONSTANT gg,
              \A i \in 0..n - 1 : ff[i] = gg[i] 
       PROVE  Def(ff, n) = Def(gg, n) ,
       ASSUME NEW CONSTANT n \in Nat,
              \A i \in 0..n - 1 : f[i] = g[i] 
       PROVE  f[n] = g[n] ,
       ASSUME NEW CONSTANT P(_),
              \A n \in Nat : (\A m \in 0..n - 1 : P(m)) => P(n) 
       PROVE  \A n \in Nat : P(n) ,
       TRUE 
PROVE  \A n \in Nat : f[n] = g[n]

@!!END

@!!BEGIN
@!!type:obligation
@!!id:239
@!!loc:359:3:359:5
@!!status:being proved
@!!prover:isabelle
@!!meth:auto; time-limit: 30
@!!obl:
ASSUME NEW CONSTANT Def(_, _),
       NEW CONSTANT f,
       NEW CONSTANT g,
       NEW CONSTANT f0,
       f = [i \in Nat |-> IF i = 0 THEN f0 ELSE Def(f[i - 1], i)] ,
       g = [i \in Nat |-> IF i = 0 THEN f0 ELSE Def(g[i - 1], i)] ,
       f[0] = g[0] ,
       ASSUME NEW CONSTANT n \in Nat,
              f[n] = g[n] 
       PROVE  f[n + 1] = g[n + 1] ,
       ASSUME NEW CONSTANT P(_),
              P(0) ,
              \A n \in Nat : P(n) => P(n + 1) 
       PROVE  \A n \in Nat : P(n) ,
       TRUE 
PROVE  \A n \in Nat : f[n] = g[n]

@!!END

@!!BEGIN
@!!type:obligation
@!!id:254
@!!loc:384:3:384:5
@!!status:being proved
@!!prover:isabelle
@!!meth:auto; time-limit: 30
@!!obl:
ASSUME NEW CONSTANT Def(_, _),
       NEW CONSTANT f,
       NEW CONSTANT c,
       NEW CONSTANT m \in Nat,
       NEW CONSTANT n \in Nat,
       FiniteNatInductiveDefHypothesis(f, c, Def, m, n) ,
       ASSUME NEW CONSTANT i \in Nat,
              NEW CONSTANT g,
              NEW CONSTANT h,
              \A j \in 0..i - 1 : g[j] = h[j] 
       PROVE  PRDef(g, i) = PRDef(h, i) ,
       ASSUME NEW CONSTANT Def_1(_, _),
              ASSUME NEW CONSTANT n_1 \in Nat,
                     NEW CONSTANT g,
                     NEW CONSTANT h,
                     \A i \in 0..n_1 - 1 : g[i] = h[i] 
              PROVE  Def_1(g, n_1) = Def_1(h, n_1) 
       PROVE  (CHOOSE f_1 : f_1 = [n_1 \in Nat |-> Def_1(f_1, n_1)])
              = [n_1 \in Nat |->
                   Def_1(CHOOSE f_1 : f_1 = [n_2 \in Nat |-> Def_1(f_1, n_2)],
                         n_1)] ,
       TRUE 
PROVE  (CHOOSE ff : ff = [i \in Nat |-> PRDef(ff, i)])
       = [i \in Nat |->
            PRDef(CHOOSE ff : ff = [i_1 \in Nat |-> PRDef(ff, i_1)], i)]

@!!END

@!!BEGIN
@!!type:obligation
@!!id:261
@!!loc:408:3:408:5
@!!status:being proved
@!!prover:isabelle
@!!meth:auto; time-limit: 30
@!!obl:
ASSUME NEW CONSTANT S,
       NEW CONSTANT Def(_, _),
       NEW CONSTANT f,
       NEW CONSTANT c \in S,
       NEW CONSTANT m \in Nat,
       NEW CONSTANT n \in Nat,
       f = [i \in m..n |-> IF i = m THEN c ELSE Def(f[i - 1], i)] ,
       \A v \in S, i \in m + 1..n : Def(v, i) \in S ,
       0 \in m..n => f[0] \in S ,
       ASSUME NEW CONSTANT i \in Nat,
              i \in m..n => f[i] \in S 
       PROVE  i + 1 \in m..n => f[i + 1] \in S ,
       ASSUME NEW CONSTANT P(_),
              P(0) ,
              \A n_1 \in Nat : P(n_1) => P(n_1 + 1) 
       PROVE  \A n_1 \in Nat : P(n_1) ,
       TRUE 
PROVE  \A i \in Nat : i \in m..n => f[i] \in S

@!!END

@!!BEGIN
@!!type:obligation
@!!id:270
@!!loc:425:3:425:5
@!!status:being proved
@!!prover:isabelle
@!!meth:auto; time-limit: 30
@!!obl:
ASSUME NEW CONSTANT Def(_, _),
       NEW CONSTANT f,
       NEW CONSTANT g,
       NEW CONSTANT c,
       NEW CONSTANT m \in Nat,
       NEW CONSTANT n \in Nat,
       f = [i \in m..n |-> IF i = m THEN c ELSE Def(f[i - 1], i)] ,
       g = [i \in m..n |-> IF i = m THEN c ELSE Def(g[i - 1], i)] ,
       0 \in m..n => f[0] = g[0] ,
       ASSUME NEW CONSTANT i \in Nat,
              i \in m..n => f[i] = g[i] 
       PROVE  i + 1 \in m..n => f[i + 1] = g[i + 1] ,
       ASSUME NEW CONSTANT P(_),
              P(0) ,
              \A n_1 \in Nat : P(n_1) => P(n_1 + 1) 
       PROVE  \A n_1 \in Nat : P(n_1) ,
       TRUE 
PROVE  \A i \in Nat : i \in m..n => f[i] = g[i]

@!!END

@!!BEGIN
@!!type:obligation
@!!id:159
@!!loc:248:13:248:15
@!!status:proved
@!!prover:isabelle
@!!meth:blast; time-limit: 30; time-used: 5.6 (19%)
@!!already:false
@!!obl:
ASSUME NEW CONSTANT Def(_, _),
       ASSUME NEW CONSTANT n \in Nat,
              NEW CONSTANT g,
              NEW CONSTANT h,
              \A i \in 0..n - 1 : g[i] = h[i] 
       PROVE  Def(g, n) = Def(h, n) ,
       ASSUME NEW CONSTANT n \in Nat,
              \A k \in 0..n - 1 : P(k) 
       PROVE  P(n) ,
       ASSUME NEW CONSTANT P_1(_),
              \A n \in Nat : (\A m \in 0..n - 1 : P_1(m)) => P_1(n) 
       PROVE  \A n \in Nat : P_1(n) ,
       TRUE 
PROVE  \A n \in Nat : P(n)

@!!END

@!!BEGIN
@!!type:obligation
@!!id:271
@!!loc:425:6:425:10
@!!status:trivial
@!!prover:tlapm
@!!already:false
@!!obl:ASSUME NEW CONSTANT Def(_, _),
       NEW CONSTANT f,
       NEW CONSTANT g,
       NEW CONSTANT c,
       NEW CONSTANT m \in Nat,
       NEW CONSTANT n \in Nat,
       f = [i \in m..n |-> IF i = m THEN c ELSE Def(f[i - 1], i)] ,
       g = [i \in m..n |-> IF i = m THEN c ELSE Def(g[i - 1], i)] ,
       0 \in m..n => f[0] = g[0] 
PROVE  0 \in m..n => f[0] = g[0]

@!!END

@!!BEGIN
@!!type:obligation
@!!id:272
@!!loc:425:12:425:16
@!!status:trivial
@!!prover:tlapm
@!!already:false
@!!obl:ASSUME NEW CONSTANT Def(_, _),
       NEW CONSTANT f,
       NEW CONSTANT g,
       NEW CONSTANT c,
       NEW CONSTANT m \in Nat,
       NEW CONSTANT n \in Nat,
       f = [i \in m..n |-> IF i = m THEN c ELSE Def(f[i - 1], i)] ,
       g = [i \in m..n |-> IF i = m THEN c ELSE Def(g[i - 1], i)] ,
       ASSUME NEW CONSTANT i \in Nat,
              i \in m..n => f[i] = g[i] 
       PROVE  i + 1 \in m..n => f[i + 1] = g[i + 1] ,
       0 \in m..n => f[0] = g[0] 
PROVE  ASSUME NEW CONSTANT i \in Nat,
              i \in m..n => f[i] = g[i] 
       PROVE  i + 1 \in m..n => f[i + 1] = g[i + 1]

@!!END

@!!BEGIN
@!!type:obligation
@!!id:273
@!!loc:425:18:425:30
@!!status:trivial
@!!prover:tlapm
@!!already:false
@!!obl:ASSUME ASSUME NEW CONSTANT P(_),
              P(0) ,
              \A n \in Nat : P(n) => P(n + 1) 
       PROVE  \A n \in Nat : P(n) ,
       NEW CONSTANT Def(_, _),
       NEW CONSTANT f,
       NEW CONSTANT g,
       NEW CONSTANT c,
       NEW CONSTANT m \in Nat,
       NEW CONSTANT n \in Nat,
       f = [i \in m..n |-> IF i = m THEN c ELSE Def(f[i - 1], i)] ,
       g = [i \in m..n |-> IF i = m THEN c ELSE Def(g[i - 1], i)] ,
       0 \in m..n => f[0] = g[0] ,
       ASSUME NEW CONSTANT i \in Nat,
              i \in m..n => f[i] = g[i] 
       PROVE  i + 1 \in m..n => f[i + 1] = g[i + 1] 
PROVE  ASSUME NEW CONSTANT P(_),
              P(0) ,
              \A n_1 \in Nat : P(n_1) => P(n_1 + 1) 
       PROVE  \A n_1 \in Nat : P(n_1)

@!!END

@!!BEGIN
@!!type:obligation
@!!id:274
@!!loc:425:32:425:35
@!!status:trivial
@!!prover:tlapm
@!!already:false
@!!obl:ASSUME NEW CONSTANT Def(_, _),
       NEW CONSTANT f,
       NEW CONSTANT g,
       NEW CONSTANT c,
       NEW CONSTANT m \in Nat,
       NEW CONSTANT n \in Nat,
       f = [i \in m..n |-> IF i = m THEN c ELSE Def(f[i - 1], i)] ,
       g = [i \in m..n |-> IF i = m THEN c ELSE Def(g[i - 1], i)] ,
       0 \in m..n => f[0] = g[0] ,
       ASSUME NEW CONSTANT i \in Nat,
              i \in m..n => f[i] = g[i] 
       PROVE  i + 1 \in m..n => f[i + 1] = g[i + 1] ,
       ASSUME NEW CONSTANT P(_),
              P(0) ,
              \A n_1 \in Nat : P(n_1) => P(n_1 + 1) 
       PROVE  \A n_1 \in Nat : P(n_1) 
PROVE  TRUE

@!!END

@!!BEGIN
@!!type:obligation
@!!id:275
@!!loc:418:3:418:5
@!!status:normalized
@!!meth:time-limit: 5
@!!obl:ASSUME NEW CONSTANT Def(_, _),
       NEW CONSTANT f,
       NEW CONSTANT g,
       NEW CONSTANT c,
       NEW CONSTANT m \in Nat,
       NEW CONSTANT n \in Nat,
       f = [i \in m..n |-> IF i = m THEN c ELSE Def(f[i - 1], i)] ,
       g = [i \in m..n |-> IF i = m THEN c ELSE Def(g[i - 1], i)] ,
       \A i \in Nat : i \in m..n => f[i] = g[i] ,
       m..n \subseteq Nat 
PROVE  f = g

@!!END

@!!BEGIN
@!!type:obligation
@!!id:275
@!!loc:418:3:418:5
@!!status:proved
@!!prover:smt
@!!meth:time-limit: 5; time-used: 0.1 (2%)
@!!already:false
@!!obl:
ASSUME NEW CONSTANT Def(_, _),
       NEW CONSTANT f,
       NEW CONSTANT g,
       NEW CONSTANT c,
       NEW CONSTANT m \in Nat,
       NEW CONSTANT n \in Nat,
       f = [i \in m..n |-> IF i = m THEN c ELSE Def(f[i - 1], i)] ,
       g = [i \in m..n |-> IF i = m THEN c ELSE Def(g[i - 1], i)] ,
       \A i \in Nat : i \in m..n => f[i] = g[i] ,
       m..n \subseteq Nat 
PROVE  f = g

@!!END

@!!BEGIN
@!!type:obligation
@!!id:276
@!!loc:418:6:418:24
@!!status:normalized
@!!meth:time-limit: 5
@!!obl:ASSUME NEW CONSTANT Def(_, _),
       NEW CONSTANT f,
       NEW CONSTANT g,
       NEW CONSTANT c,
       NEW CONSTANT m \in Nat,
       NEW CONSTANT n \in Nat,
       f = [i \in m..n |-> IF i = m THEN c ELSE Def(f[i - 1], i)] ,
       g = [i \in m..n |-> IF i = m THEN c ELSE Def(g[i - 1], i)] ,
       \A i \in Nat : i \in m..n => f[i] = g[i] 
PROVE  m..n \subseteq Nat

@!!END

@!!BEGIN
@!!type:obligation
@!!id:276
@!!loc:418:6:418:24
@!!status:proved
@!!prover:smt
@!!meth:time-limit: 5; time-used: 0.0 (1%)
@!!already:false
@!!obl:
ASSUME NEW CONSTANT Def(_, _),
       NEW CONSTANT f,
       NEW CONSTANT g,
       NEW CONSTANT c,
       NEW CONSTANT m \in Nat,
       NEW CONSTANT n \in Nat,
       f = [i \in m..n |-> IF i = m THEN c ELSE Def(f[i - 1], i)] ,
       g = [i \in m..n |-> IF i = m THEN c ELSE Def(g[i - 1], i)] ,
       \A i \in Nat : i \in m..n => f[i] = g[i] 
PROVE  m..n \subseteq Nat

@!!END

@!!BEGIN
@!!type:obligation
@!!id:277
@!!loc:420:3:420:10
@!!status:normalized
@!!meth:time-limit: 5
@!!obl:ASSUME NEW CONSTANT Def(_, _),
       NEW CONSTANT f,
       NEW CONSTANT g,
       NEW CONSTANT c,
       NEW CONSTANT m \in Nat,
       NEW CONSTANT n \in Nat,
       f = [i \in m..n |-> IF i = m THEN c ELSE Def(f[i - 1], i)] ,
       g = [i \in m..n |-> IF i = m THEN c ELSE Def(g[i - 1], i)] 
PROVE  0 \in m..n => f[0] = g[0]

@!!END

@!!BEGIN
@!!type:obligation
@!!id:277
@!!loc:420:3:420:10
@!!status:proved
@!!prover:smt
@!!meth:time-limit: 5; time-used: 0.1 (1%)
@!!already:false
@!!obl:
ASSUME NEW CONSTANT Def(_, _),
       NEW CONSTANT f,
       NEW CONSTANT g,
       NEW CONSTANT c,
       NEW CONSTANT m \in Nat,
       NEW CONSTANT n \in Nat,
       f = [i \in m..n |-> IF i = m THEN c ELSE Def(f[i - 1], i)] ,
       g = [i \in m..n |-> IF i = m THEN c ELSE Def(g[i - 1], i)] 
PROVE  0 \in m..n => f[0] = g[0]

@!!END

@!!BEGIN
@!!type:obligation
@!!id:278
@!!loc:423:3:423:5
@!!status:normalized
@!!meth:time-limit: 5
@!!obl:ASSUME NEW CONSTANT Def(_, _),
       NEW CONSTANT f,
       NEW CONSTANT g,
       NEW CONSTANT c,
       NEW CONSTANT m \in Nat,
       NEW CONSTANT n \in Nat,
       f = [i \in m..n |-> IF i = m THEN c ELSE Def(f[i - 1], i)] ,
       g = [i \in m..n |-> IF i = m THEN c ELSE Def(g[i - 1], i)] ,
       NEW CONSTANT i \in Nat,
       i \in m..n => f[i] = g[i] 
PROVE  i + 1 \in m..n => f[i + 1] = g[i + 1]

@!!END

@!!BEGIN
@!!type:obligation
@!!id:278
@!!loc:423:3:423:5
@!!status:proved
@!!prover:smt
@!!meth:time-limit: 5; time-used: 0.2 (3%)
@!!already:false
@!!obl:
ASSUME NEW CONSTANT Def(_, _),
       NEW CONSTANT f,
       NEW CONSTANT g,
       NEW CONSTANT c,
       NEW CONSTANT m \in Nat,
       NEW CONSTANT n \in Nat,
       f = [i \in m..n |-> IF i = m THEN c ELSE Def(f[i - 1], i)] ,
       g = [i \in m..n |-> IF i = m THEN c ELSE Def(g[i - 1], i)] ,
       NEW CONSTANT i \in Nat,
       i \in m..n => f[i] = g[i] 
PROVE  i + 1 \in m..n => f[i + 1] = g[i + 1]

@!!END

@!!BEGIN
@!!type:obligation
@!!id:279
@!!loc:423:6:423:10
@!!status:trivial
@!!prover:tlapm
@!!already:false
@!!obl:ASSUME NEW CONSTANT Def(_, _),
       NEW CONSTANT f,
       NEW CONSTANT g,
       NEW CONSTANT c,
       NEW CONSTANT m \in Nat,
       NEW CONSTANT n \in Nat,
       f = [i \in m..n |-> IF i = m THEN c ELSE Def(f[i - 1], i)] ,
       g = [i \in m..n |-> IF i = m THEN c ELSE Def(g[i - 1], i)] ,
       NEW CONSTANT i \in Nat,
       i \in m..n => f[i] = g[i] 
PROVE  i \in m..n => f[i] = g[i]

@!!END

@!!BEGIN
@!!type:obligation
@!!id:209
@!!loc:287:15:287:17
@!!status:failed
@!!prover:smt
@!!meth:time-limit: 5; time-used: 5.0 (100%)
@!!reason:timeout
@!!already:false
@!!obl:
ASSUME NEW CONSTANT Def(_, _),
       NEW CONSTANT f,
       NEW CONSTANT f0,
       f
       = (CHOOSE g :
            g = [i \in Nat |-> IF i = 0 THEN f0 ELSE Def(g[i - 1], i)]) 
PROVE  (CHOOSE ff :
          ff = [n \in Nat |-> IF n = 0 THEN f0 ELSE Def(ff[n - 1], n)])
       = f

@!!END

@!!BEGIN
@!!type:obligation
@!!id:209
@!!loc:287:15:287:17
@!!status:normalized
@!!meth:time-limit: 10
@!!obl:ASSUME NEW CONSTANT Def(_, _),
       NEW CONSTANT f,
       NEW CONSTANT f0,
       f
       = (CHOOSE g :
            g = [i \in Nat |-> IF i = 0 THEN f0 ELSE Def(g[i - 1], i)]) 
PROVE  (CHOOSE ff :
          ff = [n \in Nat |-> IF n = 0 THEN f0 ELSE Def(ff[n - 1], n)])
       = f

@!!END

@!!BEGIN
@!!type:obligation
@!!id:209
@!!loc:287:15:287:17
@!!status:proved
@!!prover:zenon
@!!meth:time-limit: 10; time-used: 0.1 (1%)
@!!already:false
@!!obl:
ASSUME NEW CONSTANT Def(_, _),
       NEW CONSTANT f,
       NEW CONSTANT f0,
       f
       = (CHOOSE g :
            g = [i \in Nat |-> IF i = 0 THEN f0 ELSE Def(g[i - 1], i)]) 
PROVE  (CHOOSE ff :
          ff = [n \in Nat |-> IF n = 0 THEN f0 ELSE Def(ff[n - 1], n)])
       = f

@!!END

@!!BEGIN
@!!type:obligation
@!!id:205
@!!loc:285:41:285:43
@!!status:proved
@!!prover:isabelle
@!!meth:auto; time-limit: 30; time-used: 5.5 (18%)
@!!already:false
@!!obl:
ASSUME NEW CONSTANT Def(_, _),
       NEW CONSTANT f,
       NEW CONSTANT f0,
       NatInductiveDefHypothesis(f, f0, Def) ,
       ASSUME NEW CONSTANT n \in Nat,
              NEW CONSTANT g,
              NEW CONSTANT h,
              \A i \in 0..n - 1 : g[i] = h[i] 
       PROVE  PRDef(g, n) = PRDef(h, n) ,
       ASSUME NEW CONSTANT Def_1(_, _),
              ASSUME NEW CONSTANT n \in Nat,
                     NEW CONSTANT g,
                     NEW CONSTANT h,
                     \A i \in 0..n - 1 : g[i] = h[i] 
              PROVE  Def_1(g, n) = Def_1(h, n) 
       PROVE  (CHOOSE f_1 : f_1 = [n \in Nat |-> Def_1(f_1, n)])
              = [n \in Nat |->
                   Def_1(CHOOSE f_1 : f_1 = [n_1 \in Nat |-> Def_1(f_1, n_1)],
                         n)] ,
       TRUE 
PROVE  (CHOOSE ff : ff = [n \in Nat |-> PRDef(ff, n)])
       = [n \in Nat |->
            PRDef(CHOOSE ff : ff = [n_1 \in Nat |-> PRDef(ff, n_1)], n)]

@!!END

@!!BEGIN
@!!type:obligation
@!!id:229
@!!loc:344:3:344:5
@!!status:proved
@!!prover:isabelle
@!!meth:auto; time-limit: 30; time-used: 6.0 (20%)
@!!already:false
@!!obl:
ASSUME NEW CONSTANT Def(_, _),
       NEW CONSTANT f,
       NEW CONSTANT g,
       f = [n \in Nat |-> Def(f, n)] ,
       g = [n \in Nat |-> Def(g, n)] ,
       ASSUME NEW CONSTANT n \in Nat,
              NEW CONSTANT ff,
              NEW CONSTANT gg,
              \A i \in 0..n - 1 : ff[i] = gg[i] 
       PROVE  Def(ff, n) = Def(gg, n) ,
       ASSUME NEW CONSTANT n \in Nat,
              \A i \in 0..n - 1 : f[i] = g[i] 
       PROVE  f[n] = g[n] ,
       ASSUME NEW CONSTANT P(_),
              \A n \in Nat : (\A m \in 0..n - 1 : P(m)) => P(n) 
       PROVE  \A n \in Nat : P(n) ,
       TRUE 
PROVE  \A n \in Nat : f[n] = g[n]

@!!END

@!!BEGIN
@!!type:obligation
@!!id:218
@!!loc:323:11:323:13
@!!status:proved
@!!prover:isabelle
@!!meth:auto; time-limit: 30; time-used: 6.1 (20%)
@!!already:false
@!!obl:
ASSUME NEW CONSTANT Def(_, _),
       NEW CONSTANT S,
       NEW CONSTANT f,
       NEW CONSTANT f0 \in S,
       f = [i \in Nat |-> IF i = 0 THEN f0 ELSE Def(f[i - 1], i)] ,
       f0 \in S ,
       \A v \in S, n \in Nat \ {0} : Def(v, n) \in S ,
       f[0] \in S ,
       ASSUME NEW CONSTANT n \in Nat,
              f[n] \in S 
       PROVE  f[n + 1] \in S ,
       ASSUME NEW CONSTANT P(_),
              P(0) ,
              \A n \in Nat : P(n) => P(n + 1) 
       PROVE  \A n \in Nat : P(n) ,
       TRUE 
PROVE  \A n \in Nat : f[n] \in S

@!!END

@!!BEGIN
@!!type:obligation
@!!id:210
@!!loc:305:11:305:13
@!!status:proved
@!!prover:isabelle
@!!meth:auto; time-limit: 30; time-used: 6.2 (21%)
@!!already:false
@!!obl:
ASSUME NEW CONSTANT f,
       NEW CONSTANT S,
       NEW CONSTANT Def(_, _),
       f = [n \in Nat |-> Def(f, n)] ,
       ASSUME NEW CONSTANT n \in Nat,
              NEW CONSTANT g,
              \A i \in 0..n - 1 : g[i] \in S 
       PROVE  Def(g, n) \in S ,
       ASSUME NEW CONSTANT n \in Nat,
              \A i \in 0..n - 1 : f[i] \in S 
       PROVE  f[n] \in S ,
       ASSUME NEW CONSTANT P(_),
              \A n \in Nat : (\A m \in 0..n - 1 : P(m)) => P(n) 
       PROVE  \A n \in Nat : P(n) ,
       TRUE 
PROVE  \A n \in Nat : f[n] \in S

@!!END

@!!BEGIN
@!!type:obligation
@!!id:239
@!!loc:359:3:359:5
@!!status:proved
@!!prover:isabelle
@!!meth:auto; time-limit: 30; time-used: 5.9 (20%)
@!!already:false
@!!obl:
ASSUME NEW CONSTANT Def(_, _),
       NEW CONSTANT f,
       NEW CONSTANT g,
       NEW CONSTANT f0,
       f = [i \in Nat |-> IF i = 0 THEN f0 ELSE Def(f[i - 1], i)] ,
       g = [i \in Nat |-> IF i = 0 THEN f0 ELSE Def(g[i - 1], i)] ,
       f[0] = g[0] ,
       ASSUME NEW CONSTANT n \in Nat,
              f[n] = g[n] 
       PROVE  f[n + 1] = g[n + 1] ,
       ASSUME NEW CONSTANT P(_),
              P(0) ,
              \A n \in Nat : P(n) => P(n + 1) 
       PROVE  \A n \in Nat : P(n) ,
       TRUE 
PROVE  \A n \in Nat : f[n] = g[n]

@!!END

@!!BEGIN
@!!type:obligation
@!!id:261
@!!loc:408:3:408:5
@!!status:proved
@!!prover:isabelle
@!!meth:auto; time-limit: 30; time-used: 5.8 (19%)
@!!already:false
@!!obl:
ASSUME NEW CONSTANT S,
       NEW CONSTANT Def(_, _),
       NEW CONSTANT f,
       NEW CONSTANT c \in S,
       NEW CONSTANT m \in Nat,
       NEW CONSTANT n \in Nat,
       f = [i \in m..n |-> IF i = m THEN c ELSE Def(f[i - 1], i)] ,
       \A v \in S, i \in m + 1..n : Def(v, i) \in S ,
       0 \in m..n => f[0] \in S ,
       ASSUME NEW CONSTANT i \in Nat,
              i \in m..n => f[i] \in S 
       PROVE  i + 1 \in m..n => f[i + 1] \in S ,
       ASSUME NEW CONSTANT P(_),
              P(0) ,
              \A n_1 \in Nat : P(n_1) => P(n_1 + 1) 
       PROVE  \A n_1 \in Nat : P(n_1) ,
       TRUE 
PROVE  \A i \in Nat : i \in m..n => f[i] \in S

@!!END

@!!BEGIN
@!!type:obligation
@!!id:254
@!!loc:384:3:384:5
@!!status:proved
@!!prover:isabelle
@!!meth:auto; time-limit: 30; time-used: 5.9 (20%)
@!!already:false
@!!obl:
ASSUME NEW CONSTANT Def(_, _),
       NEW CONSTANT f,
       NEW CONSTANT c,
       NEW CONSTANT m \in Nat,
       NEW CONSTANT n \in Nat,
       FiniteNatInductiveDefHypothesis(f, c, Def, m, n) ,
       ASSUME NEW CONSTANT i \in Nat,
              NEW CONSTANT g,
              NEW CONSTANT h,
              \A j \in 0..i - 1 : g[j] = h[j] 
       PROVE  PRDef(g, i) = PRDef(h, i) ,
       ASSUME NEW CONSTANT Def_1(_, _),
              ASSUME NEW CONSTANT n_1 \in Nat,
                     NEW CONSTANT g,
                     NEW CONSTANT h,
                     \A i \in 0..n_1 - 1 : g[i] = h[i] 
              PROVE  Def_1(g, n_1) = Def_1(h, n_1) 
       PROVE  (CHOOSE f_1 : f_1 = [n_1 \in Nat |-> Def_1(f_1, n_1)])
              = [n_1 \in Nat |->
                   Def_1(CHOOSE f_1 : f_1 = [n_2 \in Nat |-> Def_1(f_1, n_2)],
                         n_1)] ,
       TRUE 
PROVE  (CHOOSE ff : ff = [i \in Nat |-> PRDef(ff, i)])
       = [i \in Nat |->
            PRDef(CHOOSE ff : ff = [i_1 \in Nat |-> PRDef(ff, i_1)], i)]

@!!END

@!!BEGIN
@!!type:obligation
@!!id:270
@!!loc:425:3:425:5
@!!status:proved
@!!prover:isabelle
@!!meth:auto; time-limit: 30; time-used: 5.7 (19%)
@!!already:false
@!!obl:
ASSUME NEW CONSTANT Def(_, _),
       NEW CONSTANT f,
       NEW CONSTANT g,
       NEW CONSTANT c,
       NEW CONSTANT m \in Nat,
       NEW CONSTANT n \in Nat,
       f = [i \in m..n |-> IF i = m THEN c ELSE Def(f[i - 1], i)] ,
       g = [i \in m..n |-> IF i = m THEN c ELSE Def(g[i - 1], i)] ,
       0 \in m..n => f[0] = g[0] ,
       ASSUME NEW CONSTANT i \in Nat,
              i \in m..n => f[i] = g[i] 
       PROVE  i + 1 \in m..n => f[i + 1] = g[i + 1] ,
       ASSUME NEW CONSTANT P(_),
              P(0) ,
              \A n_1 \in Nat : P(n_1) => P(n_1 + 1) 
       PROVE  \A n_1 \in Nat : P(n_1) ,
       TRUE 
PROVE  \A i \in Nat : i \in m..n => f[i] = g[i]

@!!END

(* created new ".tlacache/NaturalsInduction_proofs.tlaps/NaturalsInduction_proofs.thy" *)
(* fingerprints written in ".tlacache/NaturalsInduction_proofs.tlaps/fingerprints" *)
File "./NaturalsInduction_proofs.tla", line 1, character 1 to line 427, character 77:
[INFO]: All 278 obligations proved.
